[*] Seeds loaded from data/crawled_alive_gov_bd_sites.txt.

🚀 Starting Domain-by-Domain Spider...

==================================================
[*] STARTING NEW DOMAIN: https://madhabpurup.moulvibazar.gov.bd
==================================================
[+] Domain exhausted. Finishing up: https://madhabpurup.moulvibazar.gov.bd
==================================================
[*] STARTING NEW DOMAIN: https://brdb.nasirnagar.brahmanbaria.gov.bd
==================================================
[+] Domain exhausted. Finishing up: https://brdb.nasirnagar.brahmanbaria.gov.bd
==================================================
[*] STARTING NEW DOMAIN: https://ansarvdp.sharsha.jessore.gov.bd
==================================================
[+] Domain exhausted. Finishing up: https://ansarvdp.sharsha.jessore.gov.bd
==================================================
[*] STARTING NEW DOMAIN: https://hatia.noakhali.gov.bd
==================================================
[+] Domain exhausted. Finishing up: https://hatia.noakhali.gov.bd
==================================================
[*] STARTING NEW DOMAIN: https://deb110900.dhakaeducationboard.gov.bd
==================================================
[+] Domain exhausted. Finishing up: https://deb110900.dhakaeducationboard.gov.bd
==================================================
[*] STARTING NEW DOMAIN: https://113525.ebmeb.gov.bd
==================================================
[+] Domain exhausted. Finishing up: https://113525.ebmeb.gov.bd
==================================================
[*] STARTING NEW DOMAIN: https://deb112562.dhakaeducationboard.gov.bd
==================================================
[+] Domain exhausted. Finishing up: https://deb112562.dhakaeducationboard.gov.bd
==================================================
[*] STARTING NEW DOMAIN: https://eed.wazirpur.barisal.gov.bd
==================================================
[+] Domain exhausted. Finishing up: https://eed.wazirpur.barisal.gov.bd
==================================================
[*] STARTING NEW DOMAIN: https://battaliup.comilla.gov.bd
==================================================
[+] Domain exhausted. Finishing up: https://battaliup.comilla.gov.bd
==================================================
[*] STARTING NEW DOMAIN: https://acl.kishorganj.nilphamari.gov.bd
==================================================
[+] Domain exhausted. Finishing up: https://acl.kishorganj.nilphamari.gov.bd
==================================================
[*] STARTING NEW DOMAIN: https://cooperative.sujanagar.pabna.gov.bd
==================================================
[+] Domain exhausted. Finishing up: https://cooperative.sujanagar.pabna.gov.bd
==================================================
[*] STARTING NEW DOMAIN: https://dr.dhaka.gov.bd
==================================================
[+] Domain exhausted. Finishing up: https://dr.dhaka.gov.bd
==================================================
[*] STARTING NEW DOMAIN: https://brtcdepot.sonapur.noakhali.gov.bd
==================================================
[+] Domain exhausted. Finishing up: https://brtcdepot.sonapur.noakhali.gov.bd
==================================================
[*] STARTING NEW DOMAIN: https://dphe.fatikchhari.chittagong.gov.bd
==================================================
[+] Domain exhausted. Finishing up: https://dphe.fatikchhari.chittagong.gov.bd
==================================================
[*] STARTING NEW DOMAIN: https://brdb.ramgarh.khagrachhari.gov.bd
==================================================
[+] Domain exhausted. Finishing up: https://brdb.ramgarh.khagrachhari.gov.bd
==================================================
[*] STARTING NEW DOMAIN: https://post.fultola.khulna.gov.bd
==================================================
[+] Domain exhausted. Finishing up: https://post.fultola.khulna.gov.bd
==================================================
[*] STARTING NEW DOMAIN: https://sammilaniinstitution.jessoreboard.gov.bd
==================================================
[+] Domain exhausted. Finishing up: https://sammilaniinstitution.jessoreboard.gov.bd
==================================================
[*] STARTING NEW DOMAIN: https://doict.panchagarhsadar.panchagarh.gov.bd
==================================================
[+] Domain exhausted. Finishing up: https://doict.panchagarhsadar.panchagarh.gov.bd
==================================================
[*] STARTING NEW DOMAIN: https://bishnupurhamidpursecondaryschool.jessoreboard.gov.bd
==================================================
[+] Domain exhausted. Finishing up: https://bishnupurhamidpursecondaryschool.jessoreboard.gov.bd
==================================================
[*] STARTING NEW DOMAIN: https://bprnjuniorgirlshighschool.jessoreboard.gov.bd
==================================================
[+] Domain exhausted. Finishing up: https://bprnjuniorgirlshighschool.jessoreboard.gov.bd
==================================================
[*] STARTING NEW DOMAIN: https://deb108368.dhakaeducationboard.gov.bd
==================================================
[+] Domain exhausted. Finishing up: https://deb108368.dhakaeducationboard.gov.bd
==================================================
[*] STARTING NEW DOMAIN: https://dao.mujibnagar.meherpur.gov.bd
==================================================
[+] Domain exhausted. Finishing up: https://dao.mujibnagar.meherpur.gov.bd
==================================================
[*] STARTING NEW DOMAIN: https://dao.sadar.shariatpur.gov.bd
==================================================
[+] Domain exhausted. Finishing up: https://dao.sadar.shariatpur.gov.bd
==================================================
[*] STARTING NEW DOMAIN: https://deb112334.dhakaeducationboard.gov.bd
==================================================
[+] Domain exhausted. Finishing up: https://deb112334.dhakaeducationboard.gov.bd
==================================================
[*] STARTING NEW DOMAIN: https://police.teknaf.coxsbazar.gov.bd
==================================================
[+] Domain exhausted. Finishing up: https://police.teknaf.coxsbazar.gov.bd
==================================================
[*] STARTING NEW DOMAIN: https://deb140335.dhakaeducationboard.gov.bd
==================================================
[+] Domain exhausted. Finishing up: https://deb140335.dhakaeducationboard.gov.bd
==================================================
[*] STARTING NEW DOMAIN: https://totthoapa.muksudpur.gopalganj.gov.bd
==================================================
[+] Domain exhausted. Finishing up: https://totthoapa.muksudpur.gopalganj.gov.bd
==================================================
[*] STARTING NEW DOMAIN: https://btvlive.gov.bd
==================================================
[+] Domain exhausted. Finishing up: https://btvlive.gov.bd
==================================================
[*] STARTING NEW DOMAIN: https://urc.ramu.coxsbazar.gov.bd
==================================================
[+] Domain exhausted. Finishing up: https://urc.ramu.coxsbazar.gov.bd
==================================================
[*] STARTING NEW DOMAIN: https://pdb.chandpur.gov.bd
==================================================
[+] Domain exhausted. Finishing up: https://pdb.chandpur.gov.bd
==================================================
[*] STARTING NEW DOMAIN: https://deb131849.dhakaeducationboard.gov.bd
==================================================
[+] Domain exhausted. Finishing up: https://deb131849.dhakaeducationboard.gov.bd
==================================================
[*] STARTING NEW DOMAIN: https://pbs.gajaria.munshiganj.gov.bd
==================================================
[+] Domain exhausted. Finishing up: https://pbs.gajaria.munshiganj.gov.bd
==================================================
[*] STARTING NEW DOMAIN: https://fid.gov.bd
==================================================
[+] Domain exhausted. Finishing up: https://fid.gov.bd
==================================================
[*] STARTING NEW DOMAIN: https://pbs.melandah.jamalpur.gov.bd
==================================================
[+] Domain exhausted. Finishing up: https://pbs.melandah.jamalpur.gov.bd
==================================================
[*] STARTING NEW DOMAIN: https://pdbf.atghoria.pabna.gov.bd
==================================================
[+] Domain exhausted. Finishing up: https://pdbf.atghoria.pabna.gov.bd
==================================================
[*] STARTING NEW DOMAIN: https://pdb.dighinala.khagrachhari.gov.bd
==================================================
[+] Domain exhausted. Finishing up: https://pdb.dighinala.khagrachhari.gov.bd
==================================================
[*] STARTING NEW DOMAIN: https://deb138635.dhakaeducationboard.gov.bd
==================================================
[+] Domain exhausted. Finishing up: https://deb138635.dhakaeducationboard.gov.bd
==================================================
[*] STARTING NEW DOMAIN: https://pdbf.mollahat.bagerhat.gov.bd
==================================================
[+] Domain exhausted. Finishing up: https://pdbf.mollahat.bagerhat.gov.bd
==================================================
[*] STARTING NEW DOMAIN: https://pdbf.sadar.lalmonirhat.gov.bd
==================================================
[+] Domain exhausted. Finishing up: https://pdbf.sadar.lalmonirhat.gov.bd
==================================================
[*] STARTING NEW DOMAIN: https://pio.agailjhara.barisal.gov.bd
==================================================
[+] Domain exhausted. Finishing up: https://pio.agailjhara.barisal.gov.bd
==================================================
[*] STARTING NEW DOMAIN: https://pio.akkelpur.joypurhat.gov.bd
==================================================
[+] Domain exhausted. Finishing up: https://pio.akkelpur.joypurhat.gov.bd
==================================================
[*] STARTING NEW DOMAIN: https://pdbf.companiganj.noakhali.gov.bd
==================================================
[+] Domain exhausted. Finishing up: https://pdbf.companiganj.noakhali.gov.bd
==================================================
[*] STARTING NEW DOMAIN: https://ec.narayanganjsadar.narayanganj.gov.bd
==================================================
[+] Domain exhausted. Finishing up: https://ec.narayanganjsadar.narayanganj.gov.bd
==================================================
[*] STARTING NEW DOMAIN: https://frc.gov.bd
==================================================
[+] Domain exhausted. Finishing up: https://frc.gov.bd
==================================================
[*] STARTING NEW DOMAIN: https://seo.fultola.khulna.gov.bd
==================================================
[+] Domain exhausted. Finishing up: https://seo.fultola.khulna.gov.bd
==================================================
[*] STARTING NEW DOMAIN: https://kandiidealsecondaryschool.jessoreboard.gov.bd
==================================================
[+] Domain exhausted. Finishing up: https://kandiidealsecondaryschool.jessoreboard.gov.bd
==================================================
[*] STARTING NEW DOMAIN: https://sadabarihighschool.jessoreboard.gov.bd
==================================================
[+] Domain exhausted. Finishing up: https://sadabarihighschool.jessoreboard.gov.bd
==================================================
[*] STARTING NEW DOMAIN: https://health.bhuapur.tangail.gov.bd
==================================================
[+] Domain exhausted. Finishing up: https://health.bhuapur.tangail.gov.bd
==================================================
[*] STARTING NEW DOMAIN: https://seo.delduar.tangail.gov.bd
==================================================
[+] Domain exhausted. Finishing up: https://seo.delduar.tangail.gov.bd
==================================================
[*] STARTING NEW DOMAIN: https://eed.kalia.narail.gov.bd
==================================================
[+] Domain exhausted. Finishing up: https://eed.kalia.narail.gov.bd
==================================================
[*] STARTING NEW DOMAIN: https://fisheries.dakshinsurma.sylhet.gov.bd
==================================================
[+] Domain exhausted. Finishing up: https://fisheries.dakshinsurma.sylhet.gov.bd
==================================================
[*] STARTING NEW DOMAIN: https://vobanipurup.mymensingh.gov.bd
==================================================
[+] Domain exhausted. Finishing up: https://vobanipurup.mymensingh.gov.bd
==================================================
[*] STARTING NEW DOMAIN: https://fisheries.gaibandhasadar.gaibandha.gov.bd
==================================================
[+] Domain exhausted. Finishing up: https://fisheries.gaibandhasadar.gaibandha.gov.bd
==================================================
[*] STARTING NEW DOMAIN: https://khulna.icb.gov.bd
==================================================
[+] Domain exhausted. Finishing up: https://khulna.icb.gov.bd
==================================================
[*] STARTING NEW DOMAIN: https://golbuniasecondaryschool.jessoreboard.gov.bd
==================================================
[+] Domain exhausted. Finishing up: https://golbuniasecondaryschool.jessoreboard.gov.bd
==================================================
[*] STARTING NEW DOMAIN: https://irbadc.narail.gov.bd
==================================================
[+] Domain exhausted. Finishing up: https://irbadc.narail.gov.bd
==================================================
[*] STARTING NEW DOMAIN: https://youth.chauhali.sirajganj.gov.bd
==================================================
[+] Domain exhausted. Finishing up: https://youth.chauhali.sirajganj.gov.bd
==================================================
[*] STARTING NEW DOMAIN: https://pdb.kaliganj.lalmonirhat.gov.bd
==================================================
[+] Domain exhausted. Finishing up: https://pdb.kaliganj.lalmonirhat.gov.bd
==================================================
[*] STARTING NEW DOMAIN: https://nilkamalup.chandpur.gov.bd
==================================================
[+] Domain exhausted. Finishing up: https://nilkamalup.chandpur.gov.bd
==================================================
[*] STARTING NEW DOMAIN: https://urc.nalitabari.sherpur.gov.bd
==================================================
[+] Domain exhausted. Finishing up: https://urc.nalitabari.sherpur.gov.bd
==================================================
[*] STARTING NEW DOMAIN: https://motijhelgmsjuniorhighschool.jessoreboard.gov.bd
==================================================
[+] Domain exhausted. Finishing up: https://motijhelgmsjuniorhighschool.jessoreboard.gov.bd
==================================================
[*] STARTING NEW DOMAIN: https://urc.goalanda.rajbari.gov.bd
==================================================
[+] Domain exhausted. Finishing up: https://urc.goalanda.rajbari.gov.bd
==================================================
[*] STARTING NEW DOMAIN: https://pio.kaliakair.gazipur.gov.bd
==================================================
[+] Domain exhausted. Finishing up: https://pio.kaliakair.gazipur.gov.bd
==================================================
[*] STARTING NEW DOMAIN: https://pio.kathalia.jhalakathi.gov.bd
==================================================
[+] Domain exhausted. Finishing up: https://pio.kathalia.jhalakathi.gov.bd
==================================================
[*] STARTING NEW DOMAIN: https://parbatiaghatasecondarygirlsschool.jessoreboard.gov.bd
==================================================
[+] Domain exhausted. Finishing up: https://parbatiaghatasecondarygirlsschool.jessoreboard.gov.bd
==================================================
[*] STARTING NEW DOMAIN: https://alhajmollajalaluddincollege.jessoreboard.gov.bd
==================================================
[+] Domain exhausted. Finishing up: https://alhajmollajalaluddincollege.jessoreboard.gov.bd
==================================================
[*] STARTING NEW DOMAIN: https://sr.palashbari.gaibandha.gov.bd
==================================================
[+] Domain exhausted. Finishing up: https://sr.palashbari.gaibandha.gov.bd
==================================================
[*] STARTING NEW DOMAIN: https://dwa.tarail.kishoreganj.gov.bd
==================================================
[+] Domain exhausted. Finishing up: https://dwa.tarail.kishoreganj.gov.bd
==================================================
[*] STARTING NEW DOMAIN: https://psosk.madhupur.tangail.gov.bd
==================================================
[+] Domain exhausted. Finishing up: https://psosk.madhupur.tangail.gov.bd
==================================================
[*] STARTING NEW DOMAIN: https://borobighaiup.patuakhali.gov.bd
==================================================
[+] Domain exhausted. Finishing up: https://borobighaiup.patuakhali.gov.bd
==================================================
[*] STARTING NEW DOMAIN: https://safehome.bagerhat.gov.bd
==================================================
[+] Domain exhausted. Finishing up: https://safehome.bagerhat.gov.bd
==================================================
[*] STARTING NEW DOMAIN: https://babucharaup.khagrachhari.gov.bd
==================================================
[+] Domain exhausted. Finishing up: https://babucharaup.khagrachhari.gov.bd
==================================================
[*] STARTING NEW DOMAIN: https://shishutalaasimkumarsecondaryschool.jessoreboard.gov.bd
==================================================
[+] Domain exhausted. Finishing up: https://shishutalaasimkumarsecondaryschool.jessoreboard.gov.bd
==================================================
[*] STARTING NEW DOMAIN: https://deb111692.dhakaeducationboard.gov.bd
==================================================
[+] Domain exhausted. Finishing up: https://deb111692.dhakaeducationboard.gov.bd
==================================================
[*] STARTING NEW DOMAIN: https://salangaup.sirajganj.gov.bd
==================================================
[+] Domain exhausted. Finishing up: https://salangaup.sirajganj.gov.bd
==================================================
[*] STARTING NEW DOMAIN: https://dae.badargonj.rangpur.gov.bd
==================================================
[+] Domain exhausted. Finishing up: https://dae.badargonj.rangpur.gov.bd
==================================================
[*] STARTING NEW DOMAIN: https://deb113082.dhakaeducationboard.gov.bd
==================================================
[+] Domain exhausted. Finishing up: https://deb113082.dhakaeducationboard.gov.bd
==================================================
[*] STARTING NEW DOMAIN: https://deb108300.dhakaeducationboard.gov.bd
==================================================
[+] Domain exhausted. Finishing up: https://deb108300.dhakaeducationboard.gov.bd
==================================================
[*] STARTING NEW DOMAIN: https://kushtiaadarshacollegemohinimills.jessoreboard.gov.bd
==================================================
[+] Domain exhausted. Finishing up: https://kushtiaadarshacollegemohinimills.jessoreboard.gov.bd
==================================================
[*] STARTING NEW DOMAIN: https://battaliup.chittagong.gov.bd
==================================================
[+] Domain exhausted. Finishing up: https://battaliup.chittagong.gov.bd
==================================================
[*] STARTING NEW DOMAIN: https://shishuacademy.dhaka.gov.bd
==================================================
[+] Domain exhausted. Finishing up: https://shishuacademy.dhaka.gov.bd
==================================================
[*] STARTING NEW DOMAIN: https://lib.bim.gov.bd
==================================================
[+] Domain exhausted. Finishing up: https://lib.bim.gov.bd
==================================================
[*] STARTING NEW DOMAIN: https://deb113106.dhakaeducationboard.gov.bd
==================================================
[+] Domain exhausted. Finishing up: https://deb113106.dhakaeducationboard.gov.bd
==================================================
[*] STARTING NEW DOMAIN: https://deb113222.dhakaeducationboard.gov.bd
==================================================
[+] Domain exhausted. Finishing up: https://deb113222.dhakaeducationboard.gov.bd
==================================================
[*] STARTING NEW DOMAIN: https://prison.rajshahi.gov.bd
==================================================
[+] Domain exhausted. Finishing up: https://prison.rajshahi.gov.bd
==================================================
[*] STARTING NEW DOMAIN: https://ssoh.kishoreganj.gov.bd
==================================================
[+] Domain exhausted. Finishing up: https://ssoh.kishoreganj.gov.bd
==================================================
[*] STARTING NEW DOMAIN: https://ramgatitsc.lakshmipur.gov.bd
==================================================
[+] Domain exhausted. Finishing up: https://ramgatitsc.lakshmipur.gov.bd
==================================================
[*] STARTING NEW DOMAIN: https://dam.tangail.gov.bd
==================================================
[+] Domain exhausted. Finishing up: https://dam.tangail.gov.bd
==================================================
[*] STARTING NEW DOMAIN: https://pwd.sunamganj.gov.bd
==================================================
[+] Domain exhausted. Finishing up: https://pwd.sunamganj.gov.bd
==================================================
[*] STARTING NEW DOMAIN: https://parameshwardiup.faridpur.gov.bd
==================================================
[+] Domain exhausted. Finishing up: https://parameshwardiup.faridpur.gov.bd
==================================================
[*] STARTING NEW DOMAIN: http://deb112012.dhakaeducationboard.gov.bd
==================================================
[+] Domain exhausted. Finishing up: http://deb112012.dhakaeducationboard.gov.bd
==================================================
[*] STARTING NEW DOMAIN: https://pwd.bandarban.gov.bd
==================================================
[+] Domain exhausted. Finishing up: https://pwd.bandarban.gov.bd
==================================================
[*] STARTING NEW DOMAIN: https://govtlkbkdegremahilacollege.jessoreboard.gov.bd
==================================================
[+] Domain exhausted. Finishing up: https://govtlkbkdegremahilacollege.jessoreboard.gov.bd
==================================================
[*] STARTING NEW DOMAIN: https://jadunandiup.faridpur.gov.bd
==================================================
[+] Domain exhausted. Finishing up: https://jadunandiup.faridpur.gov.bd
==================================================
[*] STARTING NEW DOMAIN: https://deb113686.dhakaeducationboard.gov.bd
==================================================
[+] Domain exhausted. Finishing up: https://deb113686.dhakaeducationboard.gov.bd
==================================================
[*] STARTING NEW DOMAIN: https://shishuacademy.moulvibazar.gov.bd
==================================================
[+] Domain exhausted. Finishing up: https://shishuacademy.moulvibazar.gov.bd
==================================================
[*] STARTING NEW DOMAIN: https://publiclibrary.lalmonirhat.gov.bd
==================================================
[+] Domain exhausted. Finishing up: https://publiclibrary.lalmonirhat.gov.bd
==================================================
[*] STARTING NEW DOMAIN: https://deb110076.dhakaeducationboard.gov.bd
==================================================
[+] Domain exhausted. Finishing up: https://deb110076.dhakaeducationboard.gov.bd
==================================================
[*] STARTING NEW DOMAIN: https://pti.chapainawabganj.gov.bd
==================================================
[+] Domain exhausted. Finishing up: https://pti.chapainawabganj.gov.bd
==================================================
[*] STARTING NEW DOMAIN: https://ballartopsecondaryschool.jessoreboard.gov.bd
==================================================
[+] Domain exhausted. Finishing up: https://ballartopsecondaryschool.jessoreboard.gov.bd
==================================================
[*] STARTING NEW DOMAIN: https://sakuaiup.mymensingh.gov.bd
==================================================
[+] Domain exhausted. Finishing up: https://sakuaiup.mymensingh.gov.bd
==================================================
[*] STARTING NEW DOMAIN: https://deb113418.dhakaeducationboard.gov.bd
==================================================
[+] Domain exhausted. Finishing up: https://deb113418.dhakaeducationboard.gov.bd
==================================================
[*] STARTING NEW DOMAIN: https://regicorr.comillaboard.gov.bd
==================================================
[+] Domain exhausted. Finishing up: https://regicorr.comillaboard.gov.bd
==================================================
[*] STARTING NEW DOMAIN: https://da.feni.gov.bd
==================================================
[+] Domain exhausted. Finishing up: https://da.feni.gov.bd
==================================================
[*] STARTING NEW DOMAIN: https://rpatcdhaka.portal.gov.bd
==================================================
[+] Domain exhausted. Finishing up: https://rpatcdhaka.portal.gov.bd
==================================================
[*] STARTING NEW DOMAIN: https://bmet.rajshahidiv.gov.bd
==================================================
[+] Domain exhausted. Finishing up: https://bmet.rajshahidiv.gov.bd
==================================================
[*] STARTING NEW DOMAIN: http://deb110459.dhakaeducationboard.gov.bd
==================================================
[+] Domain exhausted. Finishing up: http://deb110459.dhakaeducationboard.gov.bd
==================================================
[*] STARTING NEW DOMAIN: https://shilpakala.manikganj.gov.bd
==================================================
[+] Domain exhausted. Finishing up: https://shilpakala.manikganj.gov.bd
==================================================
[*] STARTING NEW DOMAIN: https://dae.mathbaria.pirojpur.gov.bd
==================================================
[+] Domain exhausted. Finishing up: https://dae.mathbaria.pirojpur.gov.bd
==================================================
[*] STARTING NEW DOMAIN: https://sammilanimohilacollege.jessoreboard.gov.bd
==================================================
[+] Domain exhausted. Finishing up: https://sammilanimohilacollege.jessoreboard.gov.bd
==================================================
[*] STARTING NEW DOMAIN: https://pio.companiganj.sylhet.gov.bd
==================================================
[+] Domain exhausted. Finishing up: https://pio.companiganj.sylhet.gov.bd
==================================================
[*] STARTING NEW DOMAIN: https://annodanagarup.rangpur.gov.bd
==================================================
[+] Domain exhausted. Finishing up: https://annodanagarup.rangpur.gov.bd
==================================================
[*] STARTING NEW DOMAIN: https://bosowajuniorschool.jessoreboard.gov.bd
==================================================
[+] Domain exhausted. Finishing up: https://bosowajuniorschool.jessoreboard.gov.bd
==================================================
[*] STARTING NEW DOMAIN: https://eed.companiganj.sylhet.gov.bd
==================================================
[+] Domain exhausted. Finishing up: https://eed.companiganj.sylhet.gov.bd
==================================================
[*] STARTING NEW DOMAIN: https://post.thakurgaon.gov.bd
==================================================
[+] Domain exhausted. Finishing up: https://post.thakurgaon.gov.bd
==================================================
[*] STARTING NEW DOMAIN: https://dnc.gov.bd
==================================================
[+] Domain exhausted. Finishing up: https://dnc.gov.bd
==================================================
[*] STARTING NEW DOMAIN: https://deb113149.dhakaeducationboard.gov.bd
==================================================
[+] Domain exhausted. Finishing up: https://deb113149.dhakaeducationboard.gov.bd
==================================================
[*] STARTING NEW DOMAIN: https://shilmariaup.rajshahi.gov.bd
==================================================
[+] Domain exhausted. Finishing up: https://shilmariaup.rajshahi.gov.bd
==================================================
[*] STARTING NEW DOMAIN: https://dae.chougachha.jessore.gov.bd
==================================================
[+] Domain exhausted. Finishing up: https://dae.chougachha.jessore.gov.bd
==================================================
[*] STARTING NEW DOMAIN: https://baraliaup.chittagong.gov.bd
==================================================
[+] Domain exhausted. Finishing up: https://baraliaup.chittagong.gov.bd
==================================================
[*] STARTING NEW DOMAIN: https://pdbf.sreemangal.moulvibazar.gov.bd
==================================================
[+] Domain exhausted. Finishing up: https://pdbf.sreemangal.moulvibazar.gov.bd
==================================================
[*] STARTING NEW DOMAIN: https://health.lakhai.habiganj.gov.bd
==================================================
[+] Domain exhausted. Finishing up: https://health.lakhai.habiganj.gov.bd
==================================================
[*] STARTING NEW DOMAIN: https://cooparative.sadar.coxsbazar.gov.bd
==================================================
[+] Domain exhausted. Finishing up: https://cooparative.sadar.coxsbazar.gov.bd
==================================================
[*] STARTING NEW DOMAIN: https://parpalitappncsecondaryschool.jessoreboard.gov.bd
==================================================
[+] Domain exhausted. Finishing up: https://parpalitappncsecondaryschool.jessoreboard.gov.bd
==================================================
[*] STARTING NEW DOMAIN: https://tsc.portal.gov.bd
==================================================
[+] Domain exhausted. Finishing up: https://tsc.portal.gov.bd
==================================================
[*] STARTING NEW DOMAIN: https://ansarvdp.mollahat.bagerhat.gov.bd
==================================================
[+] Domain exhausted. Finishing up: https://ansarvdp.mollahat.bagerhat.gov.bd
==================================================
[*] STARTING NEW DOMAIN: https://deb111091.dhakaeducationboard.gov.bd
==================================================
[+] Domain exhausted. Finishing up: https://deb111091.dhakaeducationboard.gov.bd
==================================================
[*] STARTING NEW DOMAIN: https://acl.barhatta.netrokona.gov.bd
==================================================
[+] Domain exhausted. Finishing up: https://acl.barhatta.netrokona.gov.bd
==================================================
[*] STARTING NEW DOMAIN: https://dae.debiganj.panchagarh.gov.bd
==================================================
[+] Domain exhausted. Finishing up: https://dae.debiganj.panchagarh.gov.bd
==================================================
[*] STARTING NEW DOMAIN: https://pdbf.langadu.rangamati.gov.bd
==================================================
[+] Domain exhausted. Finishing up: https://pdbf.langadu.rangamati.gov.bd
==================================================
[*] STARTING NEW DOMAIN: https://hospital.meherpur.gov.bd
==================================================
[+] Domain exhausted. Finishing up: https://hospital.meherpur.gov.bd
==================================================
[*] STARTING NEW DOMAIN: https://bisaliup.narail.gov.bd
==================================================
[+] Domain exhausted. Finishing up: https://bisaliup.narail.gov.bd
==================================================
[*] STARTING NEW DOMAIN: https://ec.akkelpur.joypurhat.gov.bd
==================================================
[+] Domain exhausted. Finishing up: https://ec.akkelpur.joypurhat.gov.bd
==================================================
[*] STARTING NEW DOMAIN: https://cooperative.aditmari.lalmonirhat.gov.bd
==================================================
[+] Domain exhausted. Finishing up: https://cooperative.aditmari.lalmonirhat.gov.bd
==================================================
[*] STARTING NEW DOMAIN: https://doict.moheshpur.jhenaidah.gov.bd
==================================================
[+] Domain exhausted. Finishing up: https://doict.moheshpur.jhenaidah.gov.bd
==================================================
[*] STARTING NEW DOMAIN: https://deb108573.dhakaeducationboard.gov.bd
==================================================
[+] Domain exhausted. Finishing up: https://deb108573.dhakaeducationboard.gov.bd
==================================================
[*] STARTING NEW DOMAIN: https://philipnagarsecondaryschool.jessoreboard.gov.bd
==================================================
[+] Domain exhausted. Finishing up: https://philipnagarsecondaryschool.jessoreboard.gov.bd
==================================================
[*] STARTING NEW DOMAIN: https://customsbond.chittagongdiv.gov.bd
==================================================
[+] Domain exhausted. Finishing up: https://customsbond.chittagongdiv.gov.bd
==================================================
[*] STARTING NEW DOMAIN: https://epb-exporttracker.gov.bd
==================================================
[+] Domain exhausted. Finishing up: https://epb-exporttracker.gov.bd
==================================================
[*] STARTING NEW DOMAIN: https://police.dowarabazar.sunamganj.gov.bd
==================================================
[+] Domain exhausted. Finishing up: https://police.dowarabazar.sunamganj.gov.bd
==================================================
[*] STARTING NEW DOMAIN: https://cs.netrokona.gov.bd
==================================================
[+] Domain exhausted. Finishing up: https://cs.netrokona.gov.bd
==================================================
[*] STARTING NEW DOMAIN: https://dao.rampal.bagerhat.gov.bd
==================================================
[+] Domain exhausted. Finishing up: https://dao.rampal.bagerhat.gov.bd
==================================================
[*] STARTING NEW DOMAIN: https://eed.bhanga.faridpur.gov.bd
==================================================
[+] Domain exhausted. Finishing up: https://eed.bhanga.faridpur.gov.bd
==================================================
[*] STARTING NEW DOMAIN: https://dadsheeup.rajbari.gov.bd
==================================================
[+] Domain exhausted. Finishing up: https://dadsheeup.rajbari.gov.bd
==================================================
[*] STARTING NEW DOMAIN: https://deb110756.dhakaeducationboard.gov.bd
==================================================
[+] Domain exhausted. Finishing up: https://deb110756.dhakaeducationboard.gov.bd
==================================================
[*] STARTING NEW DOMAIN: https://pdb.manikchari.khagrachhari.gov.bd
==================================================
[+] Domain exhausted. Finishing up: https://pdb.manikchari.khagrachhari.gov.bd
==================================================
[*] STARTING NEW DOMAIN: https://css.nilphamari.gov.bd
==================================================
[+] Domain exhausted. Finishing up: https://css.nilphamari.gov.bd
==================================================
[*] STARTING NEW DOMAIN: https://deb108515.dhakaeducationboard.gov.bd
==================================================
[+] Domain exhausted. Finishing up: https://deb108515.dhakaeducationboard.gov.bd
==================================================
[*] STARTING NEW DOMAIN: https://pallisanchaybank.kanaighat.sylhet.gov.bd
==================================================
[+] Domain exhausted. Finishing up: https://pallisanchaybank.kanaighat.sylhet.gov.bd
==================================================
[*] STARTING NEW DOMAIN: https://sr.gopalpur.tangail.gov.bd
==================================================
[+] Domain exhausted. Finishing up: https://sr.gopalpur.tangail.gov.bd
==================================================
[*] STARTING NEW DOMAIN: https://dae.ramganj.lakshmipur.gov.bd
==================================================
[+] Domain exhausted. Finishing up: https://dae.ramganj.lakshmipur.gov.bd
==================================================
[*] STARTING NEW DOMAIN: https://patiabandhasuklasaraiyikagirlshighschool.jessoreboard.gov.bd
==================================================
[+] Domain exhausted. Finishing up: https://patiabandhasuklasaraiyikagirlshighschool.jessoreboard.gov.bd
==================================================
[*] STARTING NEW DOMAIN: http://harualchariup.chittagong.gov.bd
==================================================
[+] Domain exhausted. Finishing up: http://harualchariup.chittagong.gov.bd
==================================================
[*] STARTING NEW DOMAIN: https://dao.jagannathpur.sunamganj.gov.bd
==================================================
[+] Domain exhausted. Finishing up: https://dao.jagannathpur.sunamganj.gov.bd
==================================================
[*] STARTING NEW DOMAIN: https://deb112968.dhakaeducationboard.gov.bd
==================================================
[+] Domain exhausted. Finishing up: https://deb112968.dhakaeducationboard.gov.bd
==================================================
[*] STARTING NEW DOMAIN: https://austomircharup.kurigram.gov.bd
==================================================
[+] Domain exhausted. Finishing up: https://austomircharup.kurigram.gov.bd
==================================================
[*] STARTING NEW DOMAIN: https://info.gaibandha.gov.bd
==================================================
[+] Domain exhausted. Finishing up: https://info.gaibandha.gov.bd
==================================================
[*] STARTING NEW DOMAIN: https://brta.rangpurdiv.gov.bd
==================================================
[+] Domain exhausted. Finishing up: https://brta.rangpurdiv.gov.bd
==================================================
[*] STARTING NEW DOMAIN: https://fpo.harinakundu.jhenaidah.gov.bd
==================================================
[+] Domain exhausted. Finishing up: https://fpo.harinakundu.jhenaidah.gov.bd
==================================================
[*] STARTING NEW DOMAIN: https://dao.borhanuddin.bhola.gov.bd
==================================================
[+] Domain exhausted. Finishing up: https://dao.borhanuddin.bhola.gov.bd
==================================================
[*] STARTING NEW DOMAIN: https://deb111242.dhakaeducationboard.gov.bd
==================================================
[+] Domain exhausted. Finishing up: https://deb111242.dhakaeducationboard.gov.bd
==================================================
[*] STARTING NEW DOMAIN: http://abdulwadudshahcollege.jessoreboard.gov.bd
==================================================
[+] Domain exhausted. Finishing up: http://abdulwadudshahcollege.jessoreboard.gov.bd
==================================================
[*] STARTING NEW DOMAIN: https://dakshinbanglacollege.jessoreboard.gov.bd
==================================================
[+] Domain exhausted. Finishing up: https://dakshinbanglacollege.jessoreboard.gov.bd
==================================================
[*] STARTING NEW DOMAIN: https://police.nilphamarisadar.nilphamari.gov.bd
==================================================
[+] Domain exhausted. Finishing up: https://police.nilphamarisadar.nilphamari.gov.bd
==================================================
[*] STARTING NEW DOMAIN: https://bscicfireservice.gajaria.munshiganj.gov.bd
==================================================
[+] Domain exhausted. Finishing up: https://bscicfireservice.gajaria.munshiganj.gov.bd
==================================================
[*] STARTING NEW DOMAIN: https://hospital.bandarban.gov.bd
==================================================
[+] Domain exhausted. Finishing up: https://hospital.bandarban.gov.bd
==================================================
[*] STARTING NEW DOMAIN: https://bnfe.natore.gov.bd
==================================================
[+] Domain exhausted. Finishing up: https://bnfe.natore.gov.bd
==================================================
[*] STARTING NEW DOMAIN: https://deb113513.dhakaeducationboard.gov.bd
==================================================
[+] Domain exhausted. Finishing up: https://deb113513.dhakaeducationboard.gov.bd
==================================================
[*] STARTING NEW DOMAIN: https://al-heraislamiinstitute.jessoreboard.gov.bd
==================================================
[+] Domain exhausted. Finishing up: https://al-heraislamiinstitute.jessoreboard.gov.bd
==================================================
[*] STARTING NEW DOMAIN: https://dae.rupganj.narayanganj.gov.bd
==================================================
[+] Domain exhausted. Finishing up: https://dae.rupganj.narayanganj.gov.bd
==================================================
[*] STARTING NEW DOMAIN: https://dbhwd.kishoreganj.gov.bd
==================================================
[+] Domain exhausted. Finishing up: https://dbhwd.kishoreganj.gov.bd
==================================================
[*] STARTING NEW DOMAIN: https://deb113928.dhakaeducationboard.gov.bd
==================================================
[+] Domain exhausted. Finishing up: https://deb113928.dhakaeducationboard.gov.bd
==================================================
[*] STARTING NEW DOMAIN: https://cooparative.sadarsouth.comilla.gov.bd
==================================================
[+] Domain exhausted. Finishing up: https://cooparative.sadarsouth.comilla.gov.bd
==================================================
[*] STARTING NEW DOMAIN: https://dwa.bagha.rajshahi.gov.bd
==================================================
[+] Domain exhausted. Finishing up: https://dwa.bagha.rajshahi.gov.bd
==================================================
[*] STARTING NEW DOMAIN: https://pbs1.pabna.gov.bd
==================================================
[+] Domain exhausted. Finishing up: https://pbs1.pabna.gov.bd
==================================================
[*] STARTING NEW DOMAIN: https://gazipurup.netrokona.gov.bd
==================================================
[+] Domain exhausted. Finishing up: https://gazipurup.netrokona.gov.bd
==================================================
[*] STARTING NEW DOMAIN: https://deb111394.dhakaeducationboard.gov.bd
==================================================
[+] Domain exhausted. Finishing up: https://deb111394.dhakaeducationboard.gov.bd
==================================================
[*] STARTING NEW DOMAIN: https://shilmurisouthup.comilla.gov.bd
==================================================
[+] Domain exhausted. Finishing up: https://shilmurisouthup.comilla.gov.bd
==================================================
[*] STARTING NEW DOMAIN: https://cooperative.faridpur.pabna.gov.bd
==================================================
[+] Domain exhausted. Finishing up: https://cooperative.faridpur.pabna.gov.bd
==================================================
[*] STARTING NEW DOMAIN: https://doict.morrelganj.bagerhat.gov.bd
==================================================
[+] Domain exhausted. Finishing up: https://doict.morrelganj.bagerhat.gov.bd
==================================================
[*] STARTING NEW DOMAIN: https://chithaliaup.kushtia.gov.bd
==================================================
[+] Domain exhausted. Finishing up: https://chithaliaup.kushtia.gov.bd
==================================================
[*] STARTING NEW DOMAIN: https://dao.bagerhat.gov.bd
==================================================
[+] Domain exhausted. Finishing up: https://dao.bagerhat.gov.bd
==================================================
[*] STARTING NEW DOMAIN: https://brdb.nachol.chapainawabganj.gov.bd
==================================================
[+] Domain exhausted. Finishing up: https://brdb.nachol.chapainawabganj.gov.bd
==================================================
[*] STARTING NEW DOMAIN: https://dvh.jamalpur.gov.bd
==================================================
[+] Domain exhausted. Finishing up: https://dvh.jamalpur.gov.bd
==================================================
[*] STARTING NEW DOMAIN: https://bbspahartali.chittagong.gov.bd
==================================================
[+] Domain exhausted. Finishing up: https://bbspahartali.chittagong.gov.bd
==================================================
[*] STARTING NEW DOMAIN: https://deb111690.dhakaeducationboard.gov.bd
==================================================
[+] Domain exhausted. Finishing up: https://deb111690.dhakaeducationboard.gov.bd
==================================================
[*] STARTING NEW DOMAIN: https://deb136295.dhakaeducationboard.gov.bd
==================================================
[+] Domain exhausted. Finishing up: https://deb136295.dhakaeducationboard.gov.bd
==================================================
[*] STARTING NEW DOMAIN: https://deo.doulatkhan.bhola.gov.bd
==================================================
[+] Domain exhausted. Finishing up: https://deo.doulatkhan.bhola.gov.bd
==================================================
[*] STARTING NEW DOMAIN: https://deb137177.dhakaeducationboard.gov.bd
==================================================
[+] Domain exhausted. Finishing up: https://deb137177.dhakaeducationboard.gov.bd
==================================================
[*] STARTING NEW DOMAIN: https://dia.portal.gov.bd
==================================================
[+] Domain exhausted. Finishing up: https://dia.portal.gov.bd
==================================================
[*] STARTING NEW DOMAIN: https://deb134587.dhakaeducationboard.gov.bd
==================================================
[+] Domain exhausted. Finishing up: https://deb134587.dhakaeducationboard.gov.bd
==================================================
[*] STARTING NEW DOMAIN: https://doict.bhedarganj.shariatpur.gov.bd
==================================================
[+] Domain exhausted. Finishing up: https://doict.bhedarganj.shariatpur.gov.bd
==================================================
[*] STARTING NEW DOMAIN: https://edlms.gov.bd
==================================================
[+] Domain exhausted. Finishing up: https://edlms.gov.bd
==================================================
[*] STARTING NEW DOMAIN: https://deb190157.dhakaeducationboard.gov.bd
==================================================
[+] Domain exhausted. Finishing up: https://deb190157.dhakaeducationboard.gov.bd
==================================================
[*] STARTING NEW DOMAIN: https://bsti.portal.gov.bd
==================================================
[+] Domain exhausted. Finishing up: https://bsti.portal.gov.bd
==================================================
[*] STARTING NEW DOMAIN: https://deb113877.dhakaeducationboard.gov.bd
==================================================
[+] Domain exhausted. Finishing up: https://deb113877.dhakaeducationboard.gov.bd
==================================================
[*] STARTING NEW DOMAIN: https://info.khagrachhari.gov.bd
==================================================
[+] Domain exhausted. Finishing up: https://info.khagrachhari.gov.bd
==================================================
[*] STARTING NEW DOMAIN: https://dls.hajiganj.chandpur.gov.bd
==================================================
[+] Domain exhausted. Finishing up: https://dls.hajiganj.chandpur.gov.bd
==================================================
[*] STARTING NEW DOMAIN: https://bstft.gov.bd
==================================================
[+] Domain exhausted. Finishing up: https://bstft.gov.bd
==================================================
[*] STARTING NEW DOMAIN: https://forest.pirgacha.rangpur.gov.bd
==================================================
[+] Domain exhausted. Finishing up: https://forest.pirgacha.rangpur.gov.bd
==================================================
[*] STARTING NEW DOMAIN: https://dls.pirojpur.gov.bd
==================================================
[+] Domain exhausted. Finishing up: https://dls.pirojpur.gov.bd
==================================================
[*] STARTING NEW DOMAIN: https://dls.shailkupa.jhenaidah.gov.bd
==================================================
[+] Domain exhausted. Finishing up: https://dls.shailkupa.jhenaidah.gov.bd
==================================================
[*] STARTING NEW DOMAIN: https://deb113046.dhakaeducationboard.gov.bd
==================================================
[+] Domain exhausted. Finishing up: https://deb113046.dhakaeducationboard.gov.bd
==================================================
[*] STARTING NEW DOMAIN: https://dls.sonagazi.feni.gov.bd
==================================================
[+] Domain exhausted. Finishing up: https://dls.sonagazi.feni.gov.bd
==================================================
[*] STARTING NEW DOMAIN: https://acc.comilla.gov.bd
==================================================
[+] Domain exhausted. Finishing up: https://acc.comilla.gov.bd
==================================================
[*] STARTING NEW DOMAIN: https://po.bhola.gov.bd
==================================================
[+] Domain exhausted. Finishing up: https://po.bhola.gov.bd
==================================================
[*] STARTING NEW DOMAIN: https://dhopadangaup.gaibandha.gov.bd
==================================================
[+] Domain exhausted. Finishing up: https://dhopadangaup.gaibandha.gov.bd
==================================================
[*] STARTING NEW DOMAIN: https://bscic.munshiganj.gov.bd
==================================================
[+] Domain exhausted. Finishing up: https://bscic.munshiganj.gov.bd
==================================================
[*] STARTING NEW DOMAIN: https://tvi.coxsbazar.gov.bd
==================================================
[+] Domain exhausted. Finishing up: https://tvi.coxsbazar.gov.bd
==================================================
[*] STARTING NEW DOMAIN: https://deb131963.dhakaeducationboard.gov.bd
==================================================
[+] Domain exhausted. Finishing up: https://deb131963.dhakaeducationboard.gov.bd
==================================================
[*] STARTING NEW DOMAIN: https://doict.bagatipara.natore.gov.bd
==================================================
[+] Domain exhausted. Finishing up: https://doict.bagatipara.natore.gov.bd
==================================================
[*] STARTING NEW DOMAIN: https://dpe.moulvibazar.gov.bd
==================================================
[+] Domain exhausted. Finishing up: https://dpe.moulvibazar.gov.bd
==================================================
[*] STARTING NEW DOMAIN: https://deo.sadar.barguna.gov.bd
==================================================
[+] Domain exhausted. Finishing up: https://deo.sadar.barguna.gov.bd
==================================================
[*] STARTING NEW DOMAIN: https://dls.kaliakair.gazipur.gov.bd
==================================================
[+] Domain exhausted. Finishing up: https://dls.kaliakair.gazipur.gov.bd
==================================================
[*] STARTING NEW DOMAIN: https://bgb.jamalpur.gov.bd
==================================================
[+] Domain exhausted. Finishing up: https://bgb.jamalpur.gov.bd
==================================================
[*] STARTING NEW DOMAIN: https://forest.sunamganj.gov.bd
==================================================
[+] Domain exhausted. Finishing up: https://forest.sunamganj.gov.bd
==================================================
[*] STARTING NEW DOMAIN: https://deb133707.dhakaeducationboard.gov.bd
==================================================
[+] Domain exhausted. Finishing up: https://deb133707.dhakaeducationboard.gov.bd
==================================================
[*] STARTING NEW DOMAIN: https://forest.sadar.bhola.gov.bd
==================================================
[+] Domain exhausted. Finishing up: https://forest.sadar.bhola.gov.bd
==================================================
[*] STARTING NEW DOMAIN: https://police.chatkhil.noakhali.gov.bd
==================================================
[+] Domain exhausted. Finishing up: https://police.chatkhil.noakhali.gov.bd
==================================================
[*] STARTING NEW DOMAIN: https://dls.lama.bandarban.gov.bd
==================================================
[+] Domain exhausted. Finishing up: https://dls.lama.bandarban.gov.bd
==================================================
[*] STARTING NEW DOMAIN: https://deb135250.dhakaeducationboard.gov.bd
==================================================
[+] Domain exhausted. Finishing up: https://deb135250.dhakaeducationboard.gov.bd
==================================================
[*] STARTING NEW DOMAIN: https://kundarcharup.shariatpur.gov.bd
==================================================
[+] Domain exhausted. Finishing up: https://kundarcharup.shariatpur.gov.bd
==================================================
[*] STARTING NEW DOMAIN: https://dgda.sunamganj.gov.bd
==================================================
[+] Domain exhausted. Finishing up: https://dgda.sunamganj.gov.bd
==================================================
[*] STARTING NEW DOMAIN: https://dr.manikganj.gov.bd
==================================================
[+] Domain exhausted. Finishing up: https://dr.manikganj.gov.bd
==================================================
[*] STARTING NEW DOMAIN: https://dwa.dashmina.patuakhali.gov.bd
==================================================
[+] Domain exhausted. Finishing up: https://dwa.dashmina.patuakhali.gov.bd
==================================================
[*] STARTING NEW DOMAIN: https://raorangamati.krishibank.gov.bd
==================================================
[+] Domain exhausted. Finishing up: https://raorangamati.krishibank.gov.bd
==================================================
[*] STARTING NEW DOMAIN: https://doe.kishoreganj.gov.bd
==================================================
[+] Domain exhausted. Finishing up: https://doe.kishoreganj.gov.bd
==================================================
[*] STARTING NEW DOMAIN: https://airport.coxsbazar.gov.bd
==================================================
[+] Domain exhausted. Finishing up: https://airport.coxsbazar.gov.bd
==================================================
[*] STARTING NEW DOMAIN: https://deb139631.dhakaeducationboard.gov.bd
==================================================
[+] Domain exhausted. Finishing up: https://deb139631.dhakaeducationboard.gov.bd
==================================================
[*] STARTING NEW DOMAIN: https://deb133985.dhakaeducationboard.gov.bd
==================================================
[+] Domain exhausted. Finishing up: https://deb133985.dhakaeducationboard.gov.bd
==================================================
[*] STARTING NEW DOMAIN: https://brdb.thakurgaon.gov.bd
==================================================
[+] Domain exhausted. Finishing up: https://brdb.thakurgaon.gov.bd
==================================================
[*] STARTING NEW DOMAIN: https://deb113861.dhakaeducationboard.gov.bd
==================================================
[+] Domain exhausted. Finishing up: https://deb113861.dhakaeducationboard.gov.bd
==================================================
[*] STARTING NEW DOMAIN: https://dls.satkhira.gov.bd
==================================================
[+] Domain exhausted. Finishing up: https://dls.satkhira.gov.bd
==================================================
[*] STARTING NEW DOMAIN: https://deb131343.dhakaeducationboard.gov.bd
==================================================
[+] Domain exhausted. Finishing up: https://deb131343.dhakaeducationboard.gov.bd
==================================================
[*] STARTING NEW DOMAIN: https://deb113541.dhakaeducationboard.gov.bd
==================================================
[+] Domain exhausted. Finishing up: https://deb113541.dhakaeducationboard.gov.bd
==================================================
[*] STARTING NEW DOMAIN: https://dncrp.khulna.gov.bd
==================================================
[+] Domain exhausted. Finishing up: https://dncrp.khulna.gov.bd
==================================================
[*] STARTING NEW DOMAIN: https://bsti.narail.gov.bd
==================================================
[+] Domain exhausted. Finishing up: https://bsti.narail.gov.bd
==================================================
[*] STARTING NEW DOMAIN: https://pio.thakurgaonsadar.thakurgaon.gov.bd
==================================================
[+] Domain exhausted. Finishing up: https://pio.thakurgaonsadar.thakurgaon.gov.bd
==================================================
[*] STARTING NEW DOMAIN: https://doict.kalai.joypurhat.gov.bd
==================================================
[+] Domain exhausted. Finishing up: https://doict.kalai.joypurhat.gov.bd
==================================================
[*] STARTING NEW DOMAIN: https://deb138681.dhakaeducationboard.gov.bd
==================================================
[+] Domain exhausted. Finishing up: https://deb138681.dhakaeducationboard.gov.bd
==================================================
[*] STARTING NEW DOMAIN: https://askorpurup.dinajpur.gov.bd
==================================================
[+] Domain exhausted. Finishing up: https://askorpurup.dinajpur.gov.bd
==================================================
[*] STARTING NEW DOMAIN: https://deb137457.dhakaeducationboard.gov.bd
==================================================
[+] Domain exhausted. Finishing up: https://deb137457.dhakaeducationboard.gov.bd
==================================================
[*] STARTING NEW DOMAIN: https://deo.charbhadrasan.faridpur.gov.bd
==================================================
[+] Domain exhausted. Finishing up: https://deo.charbhadrasan.faridpur.gov.bd
==================================================
[*] STARTING NEW DOMAIN: https://sr.nesarabad.pirojpur.gov.bd
==================================================
[+] Domain exhausted. Finishing up: https://sr.nesarabad.pirojpur.gov.bd
==================================================
[*] STARTING NEW DOMAIN: https://barnisairabadsecondaryschool.jessoreboard.gov.bd
==================================================
[+] Domain exhausted. Finishing up: https://barnisairabadsecondaryschool.jessoreboard.gov.bd
==================================================
[*] STARTING NEW DOMAIN: https://dls.bhaluka.mymensingh.gov.bd
==================================================
[+] Domain exhausted. Finishing up: https://dls.bhaluka.mymensingh.gov.bd
==================================================
[*] STARTING NEW DOMAIN: https://fardabadup.brahmanbaria.gov.bd
==================================================
[+] Domain exhausted. Finishing up: https://fardabadup.brahmanbaria.gov.bd
==================================================
[*] STARTING NEW DOMAIN: https://pdbf.hossainpur.kishoreganj.gov.bd
==================================================
[+] Domain exhausted. Finishing up: https://pdbf.hossainpur.kishoreganj.gov.bd
==================================================
[*] STARTING NEW DOMAIN: https://deo.terokhada.khulna.gov.bd
==================================================
[+] Domain exhausted. Finishing up: https://deo.terokhada.khulna.gov.bd
==================================================
[*] STARTING NEW DOMAIN: https://acl.gomostapur.chapainawabganj.gov.bd
==================================================
[+] Domain exhausted. Finishing up: https://acl.gomostapur.chapainawabganj.gov.bd
==================================================
[*] STARTING NEW DOMAIN: https://deb113514.dhakaeducationboard.gov.bd
==================================================
[+] Domain exhausted. Finishing up: https://deb113514.dhakaeducationboard.gov.bd
==================================================
[*] STARTING NEW DOMAIN: https://deo.madaripur.gov.bd
==================================================
[+] Domain exhausted. Finishing up: https://deo.madaripur.gov.bd
==================================================
[*] STARTING NEW DOMAIN: https://dinajpursadar.dinajpur.gov.bd
==================================================
[+] Domain exhausted. Finishing up: https://dinajpursadar.dinajpur.gov.bd
==================================================
[*] STARTING NEW DOMAIN: https://seo.homna.comilla.gov.bd
==================================================
[+] Domain exhausted. Finishing up: https://seo.homna.comilla.gov.bd
==================================================
[*] STARTING NEW DOMAIN: https://deb108962.dhakaeducationboard.gov.bd
==================================================
[+] Domain exhausted. Finishing up: https://deb108962.dhakaeducationboard.gov.bd
==================================================
[*] STARTING NEW DOMAIN: https://dls.dohar.dhaka.gov.bd
==================================================
[+] Domain exhausted. Finishing up: https://dls.dohar.dhaka.gov.bd
==================================================
[*] STARTING NEW DOMAIN: https://fireservice.matlabsouth.chandpur.gov.bd
==================================================
[+] Domain exhausted. Finishing up: https://fireservice.matlabsouth.chandpur.gov.bd
==================================================
[*] STARTING NEW DOMAIN: https://debhatabbmpsecondaryschool.jessoreboard.gov.bd
==================================================
[+] Domain exhausted. Finishing up: https://debhatabbmpsecondaryschool.jessoreboard.gov.bd
==================================================
[*] STARTING NEW DOMAIN: https://dpe.gournadi.barisal.gov.bd
==================================================
[+] Domain exhausted. Finishing up: https://dpe.gournadi.barisal.gov.bd
==================================================
[*] STARTING NEW DOMAIN: https://dphe.bheramara.kushtia.gov.bd
==================================================
[+] Domain exhausted. Finishing up: https://dphe.bheramara.kushtia.gov.bd
==================================================
[*] STARTING NEW DOMAIN: https://pbs.nondigram.bogra.gov.bd
==================================================
[+] Domain exhausted. Finishing up: https://pbs.nondigram.bogra.gov.bd
==================================================
[*] STARTING NEW DOMAIN: https://dls.joypurhat.gov.bd
==================================================
[+] Domain exhausted. Finishing up: https://dls.joypurhat.gov.bd
==================================================
[*] STARTING NEW DOMAIN: https://acl.mohonpur.rajshahi.gov.bd
==================================================
[+] Domain exhausted. Finishing up: https://acl.mohonpur.rajshahi.gov.bd
==================================================
[*] STARTING NEW DOMAIN: https://deb113042.dhakaeducationboard.gov.bd
==================================================
[+] Domain exhausted. Finishing up: https://deb113042.dhakaeducationboard.gov.bd
==================================================
[*] STARTING NEW DOMAIN: https://deb140518.dhakaeducationboard.gov.bd
==================================================
[+] Domain exhausted. Finishing up: https://deb140518.dhakaeducationboard.gov.bd
==================================================
[*] STARTING NEW DOMAIN: https://dhanpotamashkataunitedsecondaryschool.jessoreboard.gov.bd
==================================================
[+] Domain exhausted. Finishing up: https://dhanpotamashkataunitedsecondaryschool.jessoreboard.gov.bd
==================================================
[*] STARTING NEW DOMAIN: https://domarup.nilphamari.gov.bd
==================================================
[+] Domain exhausted. Finishing up: https://domarup.nilphamari.gov.bd
==================================================
[*] STARTING NEW DOMAIN: https://deo.sirajganjsadar.sirajganj.gov.bd
==================================================
[+] Domain exhausted. Finishing up: https://deo.sirajganjsadar.sirajganj.gov.bd
==================================================
[*] STARTING NEW DOMAIN: http://rempa.nwpgcl.gov.bd
==================================================
[+] Domain exhausted. Finishing up: http://rempa.nwpgcl.gov.bd
==================================================
[*] STARTING NEW DOMAIN: https://cdb.jessore.gov.bd
==================================================
[+] Domain exhausted. Finishing up: https://cdb.jessore.gov.bd
==================================================
[*] STARTING NEW DOMAIN: https://acl.bandar.narayanganj.gov.bd
==================================================
[+] Domain exhausted. Finishing up: https://acl.bandar.narayanganj.gov.bd
==================================================
[*] STARTING NEW DOMAIN: https://bfsa.sunamganj.gov.bd
==================================================
[+] Domain exhausted. Finishing up: https://bfsa.sunamganj.gov.bd
==================================================
[*] STARTING NEW DOMAIN: https://shahapurshirajuddingazismiritysecondaryschool.jessoreboard.gov.bd
==================================================
[+] Domain exhausted. Finishing up: https://shahapurshirajuddingazismiritysecondaryschool.jessoreboard.gov.bd
==================================================
[*] STARTING NEW DOMAIN: https://elahabadup.comilla.gov.bd
==================================================
[+] Domain exhausted. Finishing up: https://elahabadup.comilla.gov.bd
==================================================
[*] STARTING NEW DOMAIN: https://deb137110.dhakaeducationboard.gov.bd
==================================================
[+] Domain exhausted. Finishing up: https://deb137110.dhakaeducationboard.gov.bd
==================================================
[*] STARTING NEW DOMAIN: https://cooparative.kalkini.madaripur.gov.bd
==================================================
[+] Domain exhausted. Finishing up: https://cooparative.kalkini.madaripur.gov.bd
==================================================
[*] STARTING NEW DOMAIN: https://deb113694.dhakaeducationboard.gov.bd
==================================================
[+] Domain exhausted. Finishing up: https://deb113694.dhakaeducationboard.gov.bd
==================================================
[*] STARTING NEW DOMAIN: https://deo.sirajdikhan.munshiganj.gov.bd
==================================================
[+] Domain exhausted. Finishing up: https://deo.sirajdikhan.munshiganj.gov.bd
==================================================
[*] STARTING NEW DOMAIN: https://cooparative.sakhipur.tangail.gov.bd
==================================================
[+] Domain exhausted. Finishing up: https://cooparative.sakhipur.tangail.gov.bd
==================================================
[*] STARTING NEW DOMAIN: https://mla.portal.gov.bd
==================================================
[+] Domain exhausted. Finishing up: https://mla.portal.gov.bd
==================================================
[*] STARTING NEW DOMAIN: https://doict.bhandaria.pirojpur.gov.bd
==================================================
[+] Domain exhausted. Finishing up: https://doict.bhandaria.pirojpur.gov.bd
==================================================
[*] STARTING NEW DOMAIN: https://deb108040.dhakaeducationboard.gov.bd
==================================================
[+] Domain exhausted. Finishing up: https://deb108040.dhakaeducationboard.gov.bd
==================================================
[*] STARTING NEW DOMAIN: https://shohorgramup.dinajpur.gov.bd
==================================================
[+] Domain exhausted. Finishing up: https://shohorgramup.dinajpur.gov.bd
==================================================
[*] STARTING NEW DOMAIN: https://cdb.moulvibazar.gov.bd
==================================================
[+] Domain exhausted. Finishing up: https://cdb.moulvibazar.gov.bd
==================================================
[*] STARTING NEW DOMAIN: https://dpe.fulgazi.feni.gov.bd
==================================================
[+] Domain exhausted. Finishing up: https://dpe.fulgazi.feni.gov.bd
==================================================
[*] STARTING NEW DOMAIN: https://doict.kachua.chandpur.gov.bd
==================================================
[+] Domain exhausted. Finishing up: https://doict.kachua.chandpur.gov.bd
==================================================
[*] STARTING NEW DOMAIN: https://btcl.rajshahidiv.gov.bd
==================================================
[+] Domain exhausted. Finishing up: https://btcl.rajshahidiv.gov.bd
==================================================
[*] STARTING NEW DOMAIN: https://brdb.rupganj.narayanganj.gov.bd
==================================================
[+] Domain exhausted. Finishing up: https://brdb.rupganj.narayanganj.gov.bd
==================================================
[*] STARTING NEW DOMAIN: https://bnfe.kurigram.gov.bd
==================================================
[+] Domain exhausted. Finishing up: https://bnfe.kurigram.gov.bd
==================================================
[*] STARTING NEW DOMAIN: https://cdb.meherpur.gov.bd
==================================================
[+] Domain exhausted. Finishing up: https://cdb.meherpur.gov.bd
==================================================
[*] STARTING NEW DOMAIN: https://btcl.sirajganj.gov.bd
==================================================
[+] Domain exhausted. Finishing up: https://btcl.sirajganj.gov.bd
==================================================
[*] STARTING NEW DOMAIN: https://brtcdepotjatrabari.dhaka.gov.bd
==================================================
[+] Domain exhausted. Finishing up: https://brtcdepotjatrabari.dhaka.gov.bd
==================================================
[*] STARTING NEW DOMAIN: https://deb109322.dhakaeducationboard.gov.bd
==================================================
[+] Domain exhausted. Finishing up: https://deb109322.dhakaeducationboard.gov.bd
==================================================
[*] STARTING NEW DOMAIN: https://doict.haripur.thakurgaon.gov.bd
==================================================
[+] Domain exhausted. Finishing up: https://doict.haripur.thakurgaon.gov.bd
==================================================
[*] STARTING NEW DOMAIN: https://cbc.gov.bd
==================================================
[+] Domain exhausted. Finishing up: https://cbc.gov.bd
==================================================
[*] STARTING NEW DOMAIN: https://hcnarankhaiya.khagrachhari.gov.bd
==================================================
[+] Domain exhausted. Finishing up: https://hcnarankhaiya.khagrachhari.gov.bd
==================================================
[*] STARTING NEW DOMAIN: https://kazipursecondaryschoolgangni.jessoreboard.gov.bd
==================================================
[+] Domain exhausted. Finishing up: https://kazipursecondaryschoolgangni.jessoreboard.gov.bd
==================================================
[*] STARTING NEW DOMAIN: https://deb108632.dhakaeducationboard.gov.bd
==================================================
[+] Domain exhausted. Finishing up: https://deb108632.dhakaeducationboard.gov.bd
==================================================
[*] STARTING NEW DOMAIN: https://deb109750.dhakaeducationboard.gov.bd
==================================================
[+] Domain exhausted. Finishing up: https://deb109750.dhakaeducationboard.gov.bd
==================================================
[*] STARTING NEW DOMAIN: https://brdb.jagannathpur.sunamganj.gov.bd
==================================================
[+] Domain exhausted. Finishing up: https://brdb.jagannathpur.sunamganj.gov.bd
==================================================
[*] STARTING NEW DOMAIN: https://deb108922.dhakaeducationboard.gov.bd
==================================================
[+] Domain exhausted. Finishing up: https://deb108922.dhakaeducationboard.gov.bd
==================================================
[*] STARTING NEW DOMAIN: https://maoboalia.rajshahi.gov.bd
==================================================
[+] Domain exhausted. Finishing up: https://maoboalia.rajshahi.gov.bd
==================================================
[*] STARTING NEW DOMAIN: https://chandraup.faridpur.gov.bd
==================================================
[+] Domain exhausted. Finishing up: https://chandraup.faridpur.gov.bd
==================================================
[*] STARTING NEW DOMAIN: https://gopalpursecondaryschool.jessoreboard.gov.bd
==================================================
[+] Domain exhausted. Finishing up: https://gopalpursecondaryschool.jessoreboard.gov.bd
==================================================
[*] STARTING NEW DOMAIN: https://deb110546.dhakaeducationboard.gov.bd
==================================================
[+] Domain exhausted. Finishing up: https://deb110546.dhakaeducationboard.gov.bd
==================================================
[*] STARTING NEW DOMAIN: https://bbs.kalia.narail.gov.bd
==================================================
[+] Domain exhausted. Finishing up: https://bbs.kalia.narail.gov.bd
==================================================
[*] STARTING NEW DOMAIN: https://deb108646.dhakaeducationboard.gov.bd
==================================================
[+] Domain exhausted. Finishing up: https://deb108646.dhakaeducationboard.gov.bd
==================================================
[*] STARTING NEW DOMAIN: https://deb111201.dhakaeducationboard.gov.bd
==================================================
[+] Domain exhausted. Finishing up: https://deb111201.dhakaeducationboard.gov.bd
==================================================
[*] STARTING NEW DOMAIN: https://deb110849.dhakaeducationboard.gov.bd
==================================================
[+] Domain exhausted. Finishing up: https://deb110849.dhakaeducationboard.gov.bd
==================================================
[*] STARTING NEW DOMAIN: https://deb110328.dhakaeducationboard.gov.bd
==================================================
[+] Domain exhausted. Finishing up: https://deb110328.dhakaeducationboard.gov.bd
==================================================
[*] STARTING NEW DOMAIN: https://bnfe.brahmanbaria.gov.bd
==================================================
[+] Domain exhausted. Finishing up: https://bnfe.brahmanbaria.gov.bd
==================================================
[*] STARTING NEW DOMAIN: https://deb109936.dhakaeducationboard.gov.bd
==================================================
[+] Domain exhausted. Finishing up: https://deb109936.dhakaeducationboard.gov.bd
==================================================
[*] STARTING NEW DOMAIN: https://bkkb.rangpurdiv.gov.bd
==================================================
[+] Domain exhausted. Finishing up: https://bkkb.rangpurdiv.gov.bd
==================================================
[*] STARTING NEW DOMAIN: https://deb108414.dhakaeducationboard.gov.bd
==================================================
[+] Domain exhausted. Finishing up: https://deb108414.dhakaeducationboard.gov.bd
==================================================
[*] STARTING NEW DOMAIN: https://deb111427.dhakaeducationboard.gov.bd
==================================================
[+] Domain exhausted. Finishing up: https://deb111427.dhakaeducationboard.gov.bd
==================================================
[*] STARTING NEW DOMAIN: https://burirdangasecondaryschool.jessoreboard.gov.bd
==================================================
[+] Domain exhausted. Finishing up: https://burirdangasecondaryschool.jessoreboard.gov.bd
==================================================
[*] STARTING NEW DOMAIN: https://habiganj.gov.bd
==================================================
[+] Domain exhausted. Finishing up: https://habiganj.gov.bd
==================================================
[*] STARTING NEW DOMAIN: https://dpe.pirgacha.rangpur.gov.bd
==================================================
[+] Domain exhausted. Finishing up: https://dpe.pirgacha.rangpur.gov.bd
==================================================
[*] STARTING NEW DOMAIN: https://ebek.sarail.brahmanbaria.gov.bd
==================================================
[+] Domain exhausted. Finishing up: https://ebek.sarail.brahmanbaria.gov.bd
==================================================
[*] STARTING NEW DOMAIN: https://gorparasecondaryschool.jessoreboard.gov.bd
==================================================
[+] Domain exhausted. Finishing up: https://gorparasecondaryschool.jessoreboard.gov.bd
==================================================
[*] STARTING NEW DOMAIN: https://deb110036.dhakaeducationboard.gov.bd
==================================================
[+] Domain exhausted. Finishing up: https://deb110036.dhakaeducationboard.gov.bd
==================================================
[*] STARTING NEW DOMAIN: https://dss.jhikargacha.jessore.gov.bd
==================================================
[+] Domain exhausted. Finishing up: https://dss.jhikargacha.jessore.gov.bd
==================================================
[*] STARTING NEW DOMAIN: https://khalishkhalishaibagirlsschool.jessoreboard.gov.bd
==================================================
[+] Domain exhausted. Finishing up: https://khalishkhalishaibagirlsschool.jessoreboard.gov.bd
==================================================
[*] STARTING NEW DOMAIN: https://deb110115.dhakaeducationboard.gov.bd
==================================================
[+] Domain exhausted. Finishing up: https://deb110115.dhakaeducationboard.gov.bd
==================================================
[*] STARTING NEW DOMAIN: https://dr.mymensingh.gov.bd
==================================================
[+] Domain exhausted. Finishing up: https://dr.mymensingh.gov.bd
==================================================
[*] STARTING NEW DOMAIN: https://erp.dos.gov.bd
==================================================
[+] Domain exhausted. Finishing up: https://erp.dos.gov.bd
==================================================
[*] STARTING NEW DOMAIN: https://publiclibrary.gazipur.gov.bd
==================================================
[+] Domain exhausted. Finishing up: https://publiclibrary.gazipur.gov.bd
==================================================
[*] STARTING NEW DOMAIN: https://dphe.bagatipara.natore.gov.bd
==================================================
[+] Domain exhausted. Finishing up: https://dphe.bagatipara.natore.gov.bd
==================================================
[*] STARTING NEW DOMAIN: https://ec.saturia.manikganj.gov.bd
==================================================
[+] Domain exhausted. Finishing up: https://ec.saturia.manikganj.gov.bd
==================================================
[*] STARTING NEW DOMAIN: https://health.sandwip.chittagong.gov.bd
==================================================
[+] Domain exhausted. Finishing up: https://health.sandwip.chittagong.gov.bd
==================================================
[*] STARTING NEW DOMAIN: https://deb111569.dhakaeducationboard.gov.bd
==================================================
[+] Domain exhausted. Finishing up: https://deb111569.dhakaeducationboard.gov.bd
==================================================
[*] STARTING NEW DOMAIN: https://dwa.bagerhat.gov.bd
==================================================
[+] Domain exhausted. Finishing up: https://dwa.bagerhat.gov.bd
==================================================
[*] STARTING NEW DOMAIN: https://seo.sirajdikhan.munshiganj.gov.bd
==================================================
[+] Domain exhausted. Finishing up: https://seo.sirajdikhan.munshiganj.gov.bd
==================================================
[*] STARTING NEW DOMAIN: https://chaprailsecondaryschool.jessoreboard.gov.bd
==================================================
[+] Domain exhausted. Finishing up: https://chaprailsecondaryschool.jessoreboard.gov.bd
==================================================
[*] STARTING NEW DOMAIN: https://bbs.atwari.panchagarh.gov.bd
==================================================
[+] Domain exhausted. Finishing up: https://bbs.atwari.panchagarh.gov.bd
==================================================
[*] STARTING NEW DOMAIN: https://brdb.tangailsadar.tangail.gov.bd
==================================================
[+] Domain exhausted. Finishing up: https://brdb.tangailsadar.tangail.gov.bd
==================================================
[*] STARTING NEW DOMAIN: https://css.rangpur.gov.bd
==================================================
[+] Domain exhausted. Finishing up: https://css.rangpur.gov.bd
==================================================
[*] STARTING NEW DOMAIN: https://deb109226.dhakaeducationboard.gov.bd
==================================================
[+] Domain exhausted. Finishing up: https://deb109226.dhakaeducationboard.gov.bd
==================================================
[*] STARTING NEW DOMAIN: https://chalishiahighschool.jessoreboard.gov.bd
==================================================
[+] Domain exhausted. Finishing up: https://chalishiahighschool.jessoreboard.gov.bd
==================================================
[*] STARTING NEW DOMAIN: https://ansarvdp.bhaluka.mymensingh.gov.bd
==================================================
[+] Domain exhausted. Finishing up: https://ansarvdp.bhaluka.mymensingh.gov.bd
==================================================
[*] STARTING NEW DOMAIN: https://deb108509.dhakaeducationboard.gov.bd
==================================================
[+] Domain exhausted. Finishing up: https://deb108509.dhakaeducationboard.gov.bd
==================================================
[*] STARTING NEW DOMAIN: https://fisheries.atrai.naogaon.gov.bd
==================================================
[+] Domain exhausted. Finishing up: https://fisheries.atrai.naogaon.gov.bd
==================================================
[*] STARTING NEW DOMAIN: https://fisheries.kachua.bagerhat.gov.bd
==================================================
[+] Domain exhausted. Finishing up: https://fisheries.kachua.bagerhat.gov.bd
==================================================
[*] STARTING NEW DOMAIN: https://hariadahmohishakolajuniorschool.jessoreboard.gov.bd
==================================================
[+] Domain exhausted. Finishing up: https://hariadahmohishakolajuniorschool.jessoreboard.gov.bd
==================================================
[*] STARTING NEW DOMAIN: https://deb111013.dhakaeducationboard.gov.bd
==================================================
[+] Domain exhausted. Finishing up: https://deb111013.dhakaeducationboard.gov.bd
==================================================
[*] STARTING NEW DOMAIN: https://fireservice.dhanbari.tangail.gov.bd
==================================================
[+] Domain exhausted. Finishing up: https://fireservice.dhanbari.tangail.gov.bd
==================================================
[*] STARTING NEW DOMAIN: https://police.dighinala.khagrachhari.gov.bd
==================================================
[+] Domain exhausted. Finishing up: https://police.dighinala.khagrachhari.gov.bd
==================================================
[*] STARTING NEW DOMAIN: https://deb110242.dhakaeducationboard.gov.bd
==================================================
[+] Domain exhausted. Finishing up: https://deb110242.dhakaeducationboard.gov.bd
==================================================
[*] STARTING NEW DOMAIN: https://fisheries.sadar.shariatpur.gov.bd
==================================================
[+] Domain exhausted. Finishing up: https://fisheries.sadar.shariatpur.gov.bd
==================================================
[*] STARTING NEW DOMAIN: https://fsmf.barisalsadar.barisal.gov.bd
==================================================
[+] Domain exhausted. Finishing up: https://fsmf.barisalsadar.barisal.gov.bd
==================================================
[*] STARTING NEW DOMAIN: https://post.kendua.netrokona.gov.bd
==================================================
[+] Domain exhausted. Finishing up: https://post.kendua.netrokona.gov.bd
==================================================
[*] STARTING NEW DOMAIN: https://food.gazipur.gov.bd
==================================================
[+] Domain exhausted. Finishing up: https://food.gazipur.gov.bd
==================================================
[*] STARTING NEW DOMAIN: https://bbs.damurhuda.chuadanga.gov.bd
==================================================
[+] Domain exhausted. Finishing up: https://bbs.damurhuda.chuadanga.gov.bd
==================================================
[*] STARTING NEW DOMAIN: https://fpo.dumuria.khulna.gov.bd
==================================================
[+] Domain exhausted. Finishing up: https://fpo.dumuria.khulna.gov.bd
==================================================
[*] STARTING NEW DOMAIN: https://fpo.dgf.gov.bd
==================================================
[+] Domain exhausted. Finishing up: https://fpo.dgf.gov.bd
==================================================
[*] STARTING NEW DOMAIN: https://ansarvdp.meherpur.gov.bd
==================================================
[+] Domain exhausted. Finishing up: https://ansarvdp.meherpur.gov.bd
==================================================
[*] STARTING NEW DOMAIN: https://health.southsunamganj.sunamganj.gov.bd
==================================================
[+] Domain exhausted. Finishing up: https://health.southsunamganj.sunamganj.gov.bd
==================================================
[*] STARTING NEW DOMAIN: https://mail.tmed.gov.bd
==================================================
[+] Domain exhausted. Finishing up: https://mail.tmed.gov.bd
==================================================
[*] STARTING NEW DOMAIN: https://dwa.moulvibazarsadar.moulvibazar.gov.bd
==================================================
[+] Domain exhausted. Finishing up: https://dwa.moulvibazarsadar.moulvibazar.gov.bd
==================================================
[*] STARTING NEW DOMAIN: https://dao.sonagazi.feni.gov.bd
==================================================
[+] Domain exhausted. Finishing up: https://dao.sonagazi.feni.gov.bd
==================================================
[*] STARTING NEW DOMAIN: https://rome.mofa.gov.bd
==================================================
[+] Domain exhausted. Finishing up: https://rome.mofa.gov.bd
==================================================
[*] STARTING NEW DOMAIN: https://fisheries.sherpur.bogra.gov.bd
==================================================
[+] Domain exhausted. Finishing up: https://fisheries.sherpur.bogra.gov.bd
==================================================
[*] STARTING NEW DOMAIN: https://forest.kaharol.dinajpur.gov.bd
==================================================
[+] Domain exhausted. Finishing up: https://forest.kaharol.dinajpur.gov.bd
==================================================
[*] STARTING NEW DOMAIN: https://puranapailup.joypurhat.gov.bd
==================================================
[+] Domain exhausted. Finishing up: https://puranapailup.joypurhat.gov.bd
==================================================
[*] STARTING NEW DOMAIN: https://deb111171.dhakaeducationboard.gov.bd
==================================================
[+] Domain exhausted. Finishing up: https://deb111171.dhakaeducationboard.gov.bd
==================================================
[*] STARTING NEW DOMAIN: https://ansarvdp.narayanganjsadar.narayanganj.gov.bd
==================================================
[+] Domain exhausted. Finishing up: https://ansarvdp.narayanganjsadar.narayanganj.gov.bd
==================================================
[*] STARTING NEW DOMAIN: https://ramchandrapurup.gaibandha.gov.bd
==================================================
[+] Domain exhausted. Finishing up: https://ramchandrapurup.gaibandha.gov.bd
==================================================
[*] STARTING NEW DOMAIN: https://bushancharaup.rangamati.gov.bd
==================================================
[+] Domain exhausted. Finishing up: https://bushancharaup.rangamati.gov.bd
==================================================
[*] STARTING NEW DOMAIN: https://dsca.netrokona.gov.bd
==================================================
[+] Domain exhausted. Finishing up: https://dsca.netrokona.gov.bd
==================================================
[*] STARTING NEW DOMAIN: https://deb109242.dhakaeducationboard.gov.bd
==================================================
[+] Domain exhausted. Finishing up: https://deb109242.dhakaeducationboard.gov.bd
==================================================
[*] STARTING NEW DOMAIN: https://fisheries.narayanganj.gov.bd
==================================================
[+] Domain exhausted. Finishing up: https://fisheries.narayanganj.gov.bd
==================================================
[*] STARTING NEW DOMAIN: https://brdb.bancharampur.brahmanbaria.gov.bd
==================================================
[+] Domain exhausted. Finishing up: https://brdb.bancharampur.brahmanbaria.gov.bd
==================================================
[*] STARTING NEW DOMAIN: https://health.akkelpur.joypurhat.gov.bd
==================================================
[+] Domain exhausted. Finishing up: https://health.akkelpur.joypurhat.gov.bd
==================================================
[*] STARTING NEW DOMAIN: https://deb111199.dhakaeducationboard.gov.bd
==================================================
[+] Domain exhausted. Finishing up: https://deb111199.dhakaeducationboard.gov.bd
==================================================
[*] STARTING NEW DOMAIN: https://deb113338.dhakaeducationboard.gov.bd
==================================================
[+] Domain exhausted. Finishing up: https://deb113338.dhakaeducationboard.gov.bd
==================================================
[*] STARTING NEW DOMAIN: https://acl.nandail.mymensingh.gov.bd
==================================================
[+] Domain exhausted. Finishing up: https://acl.nandail.mymensingh.gov.bd
==================================================
[*] STARTING NEW DOMAIN: https://ansarvdp.mohammadpur.magura.gov.bd
==================================================
[+] Domain exhausted. Finishing up: https://ansarvdp.mohammadpur.magura.gov.bd
==================================================
[*] STARTING NEW DOMAIN: https://forest.sreebordi.sherpur.gov.bd
==================================================
[+] Domain exhausted. Finishing up: https://forest.sreebordi.sherpur.gov.bd
==================================================
[*] STARTING NEW DOMAIN: https://deb108468.dhakaeducationboard.gov.bd
==================================================
[+] Domain exhausted. Finishing up: https://deb108468.dhakaeducationboard.gov.bd
==================================================
[*] STARTING NEW DOMAIN: https://kharagodasecondaryschool.jessoreboard.gov.bd
==================================================
[+] Domain exhausted. Finishing up: https://kharagodasecondaryschool.jessoreboard.gov.bd
==================================================
[*] STARTING NEW DOMAIN: https://fireservice.dupchanchia.bogra.gov.bd
==================================================
[+] Domain exhausted. Finishing up: https://fireservice.dupchanchia.bogra.gov.bd
==================================================
[*] STARTING NEW DOMAIN: https://ansarvdp.fultola.khulna.gov.bd
==================================================
[+] Domain exhausted. Finishing up: https://ansarvdp.fultola.khulna.gov.bd
==================================================
[*] STARTING NEW DOMAIN: https://deb111238.dhakaeducationboard.gov.bd
==================================================
[+] Domain exhausted. Finishing up: https://deb111238.dhakaeducationboard.gov.bd
==================================================
[*] STARTING NEW DOMAIN: https://fireservice.bhuapur.tangail.gov.bd
==================================================
[+] Domain exhausted. Finishing up: https://fireservice.bhuapur.tangail.gov.bd
==================================================
[*] STARTING NEW DOMAIN: https://baintalaunionsecondaryschool.jessoreboard.gov.bd
==================================================
[+] Domain exhausted. Finishing up: https://baintalaunionsecondaryschool.jessoreboard.gov.bd
==================================================
[*] STARTING NEW DOMAIN: https://psb.abhaynagar.jessore.gov.bd
==================================================
[+] Domain exhausted. Finishing up: https://psb.abhaynagar.jessore.gov.bd
==================================================
[*] STARTING NEW DOMAIN: https://bcksecondaryschool.jessoreboard.gov.bd
==================================================
[+] Domain exhausted. Finishing up: https://bcksecondaryschool.jessoreboard.gov.bd
==================================================
[*] STARTING NEW DOMAIN: https://fpo.joypurhatsadar.joypurhat.gov.bd
==================================================
[+] Domain exhausted. Finishing up: https://fpo.joypurhatsadar.joypurhat.gov.bd
==================================================
[*] STARTING NEW DOMAIN: https://borderguardpublicschoolkhulna.jessoreboard.gov.bd
==================================================
[+] Domain exhausted. Finishing up: https://borderguardpublicschoolkhulna.jessoreboard.gov.bd
==================================================
[*] STARTING NEW DOMAIN: https://deb113748.dhakaeducationboard.gov.bd
==================================================
[+] Domain exhausted. Finishing up: https://deb113748.dhakaeducationboard.gov.bd
==================================================
[*] STARTING NEW DOMAIN: https://fisheries.gafargaon.mymensingh.gov.bd
==================================================
[+] Domain exhausted. Finishing up: https://fisheries.gafargaon.mymensingh.gov.bd
==================================================
[*] STARTING NEW DOMAIN: https://dpe.madhukhali.faridpur.gov.bd
==================================================
[+] Domain exhausted. Finishing up: https://dpe.madhukhali.faridpur.gov.bd
==================================================
[*] STARTING NEW DOMAIN: https://ec.amtali.barguna.gov.bd
==================================================
[+] Domain exhausted. Finishing up: https://ec.amtali.barguna.gov.bd
==================================================
[*] STARTING NEW DOMAIN: https://kalapaniaup.chittagong.gov.bd
==================================================
[+] Domain exhausted. Finishing up: https://kalapaniaup.chittagong.gov.bd
==================================================
[*] STARTING NEW DOMAIN: https://fisheries.khetlal.joypurhat.gov.bd
==================================================
[+] Domain exhausted. Finishing up: https://fisheries.khetlal.joypurhat.gov.bd
==================================================
[*] STARTING NEW DOMAIN: https://deb111374.dhakaeducationboard.gov.bd
==================================================
[+] Domain exhausted. Finishing up: https://deb111374.dhakaeducationboard.gov.bd
==================================================
[*] STARTING NEW DOMAIN: https://food.kotalipara.gopalganj.gov.bd
==================================================
[+] Domain exhausted. Finishing up: https://food.kotalipara.gopalganj.gov.bd
==================================================
[*] STARTING NEW DOMAIN: https://pio.sundarganj.gaibandha.gov.bd
==================================================
[+] Domain exhausted. Finishing up: https://pio.sundarganj.gaibandha.gov.bd
==================================================
[*] STARTING NEW DOMAIN: https://dwa.lohagara.narail.gov.bd
==================================================
[+] Domain exhausted. Finishing up: https://dwa.lohagara.narail.gov.bd
==================================================
[*] STARTING NEW DOMAIN: https://brdb.pangsa.rajbari.gov.bd
==================================================
[+] Domain exhausted. Finishing up: https://brdb.pangsa.rajbari.gov.bd
==================================================
[*] STARTING NEW DOMAIN: https://ebek.pirgacha.rangpur.gov.bd
==================================================
[+] Domain exhausted. Finishing up: https://ebek.pirgacha.rangpur.gov.bd
==================================================
[*] STARTING NEW DOMAIN: https://salbahan.uniontax.gov.bd
==================================================
[+] Domain exhausted. Finishing up: https://salbahan.uniontax.gov.bd
==================================================
[*] STARTING NEW DOMAIN: https://bbs.sarankhola.bagerhat.gov.bd
==================================================
[+] Domain exhausted. Finishing up: https://bbs.sarankhola.bagerhat.gov.bd
==================================================
[*] STARTING NEW DOMAIN: https://fisheries.sirajganjsadar.sirajganj.gov.bd
==================================================
[+] Domain exhausted. Finishing up: https://fisheries.sirajganjsadar.sirajganj.gov.bd
==================================================
[*] STARTING NEW DOMAIN: https://dphe.lalpur.natore.gov.bd
==================================================
[+] Domain exhausted. Finishing up: https://dphe.lalpur.natore.gov.bd
==================================================
[*] STARTING NEW DOMAIN: https://burrirdanggaup.bagerhat.gov.bd
==================================================
[+] Domain exhausted. Finishing up: https://burrirdanggaup.bagerhat.gov.bd
==================================================
[*] STARTING NEW DOMAIN: https://food.badargonj.rangpur.gov.bd
==================================================
[+] Domain exhausted. Finishing up: https://food.badargonj.rangpur.gov.bd
==================================================
[*] STARTING NEW DOMAIN: https://dphe.austagram.kishoreganj.gov.bd
==================================================
[+] Domain exhausted. Finishing up: https://dphe.austagram.kishoreganj.gov.bd
==================================================
[*] STARTING NEW DOMAIN: https://ec.sadar.barguna.gov.bd
==================================================
[+] Domain exhausted. Finishing up: https://ec.sadar.barguna.gov.bd
==================================================
[*] STARTING NEW DOMAIN: https://shemantosecondaryschool.jessoreboard.gov.bd
==================================================
[+] Domain exhausted. Finishing up: https://shemantosecondaryschool.jessoreboard.gov.bd
==================================================
[*] STARTING NEW DOMAIN: https://brtctitejgaon.dhaka.gov.bd
==================================================
[+] Domain exhausted. Finishing up: https://brtctitejgaon.dhaka.gov.bd
==================================================
[*] STARTING NEW DOMAIN: https://chandipursecondaryschoolbagharpara.jessoreboard.gov.bd
==================================================
[+] Domain exhausted. Finishing up: https://chandipursecondaryschoolbagharpara.jessoreboard.gov.bd
==================================================
[*] STARTING NEW DOMAIN: https://baharchharaup.chittagong.gov.bd
==================================================
[+] Domain exhausted. Finishing up: https://baharchharaup.chittagong.gov.bd
==================================================
[*] STARTING NEW DOMAIN: https://dphe.moulvibazar.gov.bd
==================================================
[+] Domain exhausted. Finishing up: https://dphe.moulvibazar.gov.bd
==================================================
[*] STARTING NEW DOMAIN: https://eed.dinajpur.gov.bd
==================================================
[+] Domain exhausted. Finishing up: https://eed.dinajpur.gov.bd
==================================================
[*] STARTING NEW DOMAIN: https://fpo.muradnagar.comilla.gov.bd
==================================================
[+] Domain exhausted. Finishing up: https://fpo.muradnagar.comilla.gov.bd
==================================================
[*] STARTING NEW DOMAIN: https://dphe.shibaloy.manikganj.gov.bd
==================================================
[+] Domain exhausted. Finishing up: https://dphe.shibaloy.manikganj.gov.bd
==================================================
[*] STARTING NEW DOMAIN: https://eed.muksudpur.gopalganj.gov.bd
==================================================
[+] Domain exhausted. Finishing up: https://eed.muksudpur.gopalganj.gov.bd
==================================================
[*] STARTING NEW DOMAIN: https://fireservice.nilphamarisadar.nilphamari.gov.bd
==================================================
[+] Domain exhausted. Finishing up: https://fireservice.nilphamarisadar.nilphamari.gov.bd
==================================================
[*] STARTING NEW DOMAIN: https://mirzapurup.bogra.gov.bd
==================================================
[+] Domain exhausted. Finishing up: https://mirzapurup.bogra.gov.bd
==================================================
[*] STARTING NEW DOMAIN: https://deb112852.dhakaeducationboard.gov.bd
==================================================
[+] Domain exhausted. Finishing up: https://deb112852.dhakaeducationboard.gov.bd
==================================================
[*] STARTING NEW DOMAIN: https://bscichosiery.narayanganjsadar.narayanganj.gov.bd
==================================================
[+] Domain exhausted. Finishing up: https://bscichosiery.narayanganjsadar.narayanganj.gov.bd
==================================================
[*] STARTING NEW DOMAIN: https://food.madhukhali.faridpur.gov.bd
==================================================
[+] Domain exhausted. Finishing up: https://food.madhukhali.faridpur.gov.bd
==================================================
[*] STARTING NEW DOMAIN: https://kazialauddincollege.jessoreboard.gov.bd
==================================================
[+] Domain exhausted. Finishing up: https://kazialauddincollege.jessoreboard.gov.bd
==================================================
[*] STARTING NEW DOMAIN: https://deb113224.dhakaeducationboard.gov.bd
==================================================
[+] Domain exhausted. Finishing up: https://deb113224.dhakaeducationboard.gov.bd
==================================================
[*] STARTING NEW DOMAIN: https://kopilmuniup.khulna.gov.bd
==================================================
[+] Domain exhausted. Finishing up: https://kopilmuniup.khulna.gov.bd
==================================================
[*] STARTING NEW DOMAIN: https://brdb.delduar.tangail.gov.bd
==================================================
[+] Domain exhausted. Finishing up: https://brdb.delduar.tangail.gov.bd
==================================================
[*] STARTING NEW DOMAIN: https://kalaroabetrobotiadarshahighschool.jessoreboard.gov.bd
==================================================
[+] Domain exhausted. Finishing up: https://kalaroabetrobotiadarshahighschool.jessoreboard.gov.bd
==================================================
[*] STARTING NEW DOMAIN: https://deb114618.dhakaeducationboard.gov.bd
==================================================
[+] Domain exhausted. Finishing up: https://deb114618.dhakaeducationboard.gov.bd
==================================================
[*] STARTING NEW DOMAIN: https://deb133892.dhakaeducationboard.gov.bd
==================================================
[+] Domain exhausted. Finishing up: https://deb133892.dhakaeducationboard.gov.bd
==================================================
[*] STARTING NEW DOMAIN: https://kaphuriaup.natore.gov.bd
==================================================
[+] Domain exhausted. Finishing up: https://kaphuriaup.natore.gov.bd
==================================================
[*] STARTING NEW DOMAIN: https://deb134511.dhakaeducationboard.gov.bd
==================================================
[+] Domain exhausted. Finishing up: https://deb134511.dhakaeducationboard.gov.bd
==================================================
[*] STARTING NEW DOMAIN: https://dshe.nilphamari.gov.bd
==================================================
[+] Domain exhausted. Finishing up: https://dshe.nilphamari.gov.bd
==================================================
[*] STARTING NEW DOMAIN: https://deb113488.dhakaeducationboard.gov.bd
==================================================
[+] Domain exhausted. Finishing up: https://deb113488.dhakaeducationboard.gov.bd
==================================================
[*] STARTING NEW DOMAIN: https://deb135270.dhakaeducationboard.gov.bd
==================================================
[+] Domain exhausted. Finishing up: https://deb135270.dhakaeducationboard.gov.bd
==================================================
[*] STARTING NEW DOMAIN: https://dtrcdnc.khulnadiv.gov.bd
==================================================
[+] Domain exhausted. Finishing up: https://dtrcdnc.khulnadiv.gov.bd
==================================================
[*] STARTING NEW DOMAIN: https://pscom.portal.gov.bd
==================================================
[+] Domain exhausted. Finishing up: https://pscom.portal.gov.bd
==================================================
[*] STARTING NEW DOMAIN: https://deb134717.dhakaeducationboard.gov.bd
==================================================
[+] Domain exhausted. Finishing up: https://deb134717.dhakaeducationboard.gov.bd
==================================================
[*] STARTING NEW DOMAIN: https://ec.dohar.dhaka.gov.bd
==================================================
[+] Domain exhausted. Finishing up: https://ec.dohar.dhaka.gov.bd
==================================================
[*] STARTING NEW DOMAIN: https://deb112453.dhakaeducationboard.gov.bd
==================================================
[+] Domain exhausted. Finishing up: https://deb112453.dhakaeducationboard.gov.bd
==================================================
[*] STARTING NEW DOMAIN: https://taxcircle11.parbatipur.dinajpur.gov.bd
==================================================
[+] Domain exhausted. Finishing up: https://taxcircle11.parbatipur.dinajpur.gov.bd
==================================================
[*] STARTING NEW DOMAIN: https://uao.chitalmari.bagerhat.gov.bd
==================================================
[+] Domain exhausted. Finishing up: https://uao.chitalmari.bagerhat.gov.bd
==================================================
[*] STARTING NEW DOMAIN: https://natain.brahmanbaria.gov.bd
==================================================
[+] Domain exhausted. Finishing up: https://natain.brahmanbaria.gov.bd
==================================================
[*] STARTING NEW DOMAIN: https://deb114200.dhakaeducationboard.gov.bd
==================================================
[+] Domain exhausted. Finishing up: https://deb114200.dhakaeducationboard.gov.bd
==================================================
[*] STARTING NEW DOMAIN: https://deb138336.dhakaeducationboard.gov.bd
==================================================
[+] Domain exhausted. Finishing up: https://deb138336.dhakaeducationboard.gov.bd
==================================================
[*] STARTING NEW DOMAIN: https://pio.muradnagar.comilla.gov.bd
==================================================
[+] Domain exhausted. Finishing up: https://pio.muradnagar.comilla.gov.bd
==================================================
[*] STARTING NEW DOMAIN: https://kdrksecondaryschool.jessoreboard.gov.bd
==================================================
[+] Domain exhausted. Finishing up: https://kdrksecondaryschool.jessoreboard.gov.bd
==================================================
[*] STARTING NEW DOMAIN: https://deb137909.dhakaeducationboard.gov.bd
==================================================
[+] Domain exhausted. Finishing up: https://deb137909.dhakaeducationboard.gov.bd
==================================================
[*] STARTING NEW DOMAIN: https://dgdp.portal.gov.bd
==================================================
[+] Domain exhausted. Finishing up: https://dgdp.portal.gov.bd
==================================================
[*] STARTING NEW DOMAIN: https://deb113717.dhakaeducationboard.gov.bd
==================================================
[+] Domain exhausted. Finishing up: https://deb113717.dhakaeducationboard.gov.bd
==================================================
[*] STARTING NEW DOMAIN: https://deo.bagatipara.natore.gov.bd
==================================================
[+] Domain exhausted. Finishing up: https://deo.bagatipara.natore.gov.bd
==================================================
[*] STARTING NEW DOMAIN: https://dphe.bhanga.faridpur.gov.bd
==================================================
[+] Domain exhausted. Finishing up: https://dphe.bhanga.faridpur.gov.bd
==================================================
[*] STARTING NEW DOMAIN: https://machihata.brahmanbaria.gov.bd
==================================================
[+] Domain exhausted. Finishing up: https://machihata.brahmanbaria.gov.bd
==================================================
[*] STARTING NEW DOMAIN: https://deo.kushtia.gov.bd
==================================================
[+] Domain exhausted. Finishing up: https://deo.kushtia.gov.bd
==================================================
[*] STARTING NEW DOMAIN: https://dss.babuganj.barisal.gov.bd
==================================================
[+] Domain exhausted. Finishing up: https://dss.babuganj.barisal.gov.bd
==================================================
[*] STARTING NEW DOMAIN: https://deb113123.dhakaeducationboard.gov.bd
==================================================
[+] Domain exhausted. Finishing up: https://deb113123.dhakaeducationboard.gov.bd
==================================================
[*] STARTING NEW DOMAIN: https://deb136798.dhakaeducationboard.gov.bd
==================================================
[+] Domain exhausted. Finishing up: https://deb136798.dhakaeducationboard.gov.bd
==================================================
[*] STARTING NEW DOMAIN: https://irbadc.sadullapur.gaibandha.gov.bd
==================================================
[+] Domain exhausted. Finishing up: https://irbadc.sadullapur.gaibandha.gov.bd
==================================================
[*] STARTING NEW DOMAIN: https://deb112344.dhakaeducationboard.gov.bd
==================================================
[+] Domain exhausted. Finishing up: https://deb112344.dhakaeducationboard.gov.bd
==================================================
[*] STARTING NEW DOMAIN: https://rayendaup.bagerhat.gov.bd
==================================================
[+] Domain exhausted. Finishing up: https://rayendaup.bagerhat.gov.bd
==================================================
[*] STARTING NEW DOMAIN: https://dhis2training.dghs.gov.bd
==================================================
[+] Domain exhausted. Finishing up: https://dhis2training.dghs.gov.bd
==================================================
[*] STARTING NEW DOMAIN: https://mehariup.brahmanbaria.gov.bd
==================================================
[+] Domain exhausted. Finishing up: https://mehariup.brahmanbaria.gov.bd
==================================================
[*] STARTING NEW DOMAIN: https://deb114460.dhakaeducationboard.gov.bd
==================================================
[+] Domain exhausted. Finishing up: https://deb114460.dhakaeducationboard.gov.bd
==================================================
[*] STARTING NEW DOMAIN: https://deb190113.dhakaeducationboard.gov.bd
==================================================
[+] Domain exhausted. Finishing up: https://deb190113.dhakaeducationboard.gov.bd
==================================================
[*] STARTING NEW DOMAIN: https://sandikonaup.netrokona.gov.bd
==================================================
[+] Domain exhausted. Finishing up: https://sandikonaup.netrokona.gov.bd
==================================================
[*] STARTING NEW DOMAIN: https://deb113577.dhakaeducationboard.gov.bd
==================================================
[+] Domain exhausted. Finishing up: https://deb113577.dhakaeducationboard.gov.bd
==================================================
[*] STARTING NEW DOMAIN: https://nohataranipatitapabanisecondaryschool.jessoreboard.gov.bd
==================================================
[+] Domain exhausted. Finishing up: https://nohataranipatitapabanisecondaryschool.jessoreboard.gov.bd
==================================================
[*] STARTING NEW DOMAIN: https://dls.dhamrai.dhaka.gov.bd
==================================================
[+] Domain exhausted. Finishing up: https://dls.dhamrai.dhaka.gov.bd
==================================================
[*] STARTING NEW DOMAIN: https://deb113946.dhakaeducationboard.gov.bd
==================================================
[+] Domain exhausted. Finishing up: https://deb113946.dhakaeducationboard.gov.bd
==================================================
[*] STARTING NEW DOMAIN: https://deb138945.dhakaeducationboard.gov.bd
==================================================
[+] Domain exhausted. Finishing up: https://deb138945.dhakaeducationboard.gov.bd
==================================================
[*] STARTING NEW DOMAIN: https://bbs.senbug.noakhali.gov.bd
==================================================
[+] Domain exhausted. Finishing up: https://bbs.senbug.noakhali.gov.bd
==================================================
[*] STARTING NEW DOMAIN: https://deb113430.dhakaeducationboard.gov.bd
==================================================
[+] Domain exhausted. Finishing up: https://deb113430.dhakaeducationboard.gov.bd
==================================================
[*] STARTING NEW DOMAIN: https://tumchorup.lakshmipur.gov.bd
==================================================
[+] Domain exhausted. Finishing up: https://tumchorup.lakshmipur.gov.bd
==================================================
[*] STARTING NEW DOMAIN: https://dls.mymensinghdiv.gov.bd
==================================================
[+] Domain exhausted. Finishing up: https://dls.mymensinghdiv.gov.bd
==================================================
[*] STARTING NEW DOMAIN: https://deb113104.dhakaeducationboard.gov.bd
==================================================
[+] Domain exhausted. Finishing up: https://deb113104.dhakaeducationboard.gov.bd
==================================================
[*] STARTING NEW DOMAIN: https://deb133836.dhakaeducationboard.gov.bd
==================================================
[+] Domain exhausted. Finishing up: https://deb133836.dhakaeducationboard.gov.bd
==================================================
[*] STARTING NEW DOMAIN: https://nationalmuseumticket.gov.bd
==================================================
[+] Domain exhausted. Finishing up: https://nationalmuseumticket.gov.bd
==================================================
[*] STARTING NEW DOMAIN: https://koikuriup.rangpur.gov.bd
==================================================
[+] Domain exhausted. Finishing up: https://koikuriup.rangpur.gov.bd
==================================================
[*] STARTING NEW DOMAIN: https://garaganjsecondaryschool.jessoreboard.gov.bd
==================================================
[+] Domain exhausted. Finishing up: https://garaganjsecondaryschool.jessoreboard.gov.bd
==================================================
[*] STARTING NEW DOMAIN: https://deo.kaliganj.satkhira.gov.bd
==================================================
[+] Domain exhausted. Finishing up: https://deo.kaliganj.satkhira.gov.bd
==================================================
[*] STARTING NEW DOMAIN: https://dwa.bhaluka.mymensingh.gov.bd
==================================================
[+] Domain exhausted. Finishing up: https://dwa.bhaluka.mymensingh.gov.bd
==================================================
[*] STARTING NEW DOMAIN: https://karpasaup.kishoreganj.gov.bd
==================================================
[+] Domain exhausted. Finishing up: https://karpasaup.kishoreganj.gov.bd
==================================================
[*] STARTING NEW DOMAIN: https://deo.naogaon.gov.bd
==================================================
[+] Domain exhausted. Finishing up: https://deo.naogaon.gov.bd
==================================================
[*] STARTING NEW DOMAIN: https://dss.sadar.gopalganj.gov.bd
==================================================
[+] Domain exhausted. Finishing up: https://dss.sadar.gopalganj.gov.bd
==================================================
[*] STARTING NEW DOMAIN: https://khathaliaup.narsingdi.gov.bd
==================================================
[+] Domain exhausted. Finishing up: https://khathaliaup.narsingdi.gov.bd
==================================================
[*] STARTING NEW DOMAIN: https://tax.noakhali.gov.bd
==================================================
[+] Domain exhausted. Finishing up: https://tax.noakhali.gov.bd
==================================================
[*] STARTING NEW DOMAIN: https://dr.joypurhat.gov.bd
==================================================
[+] Domain exhausted. Finishing up: https://dr.joypurhat.gov.bd
==================================================
[*] STARTING NEW DOMAIN: https://kancherkolecollege.jessoreboard.gov.bd
==================================================
[+] Domain exhausted. Finishing up: https://kancherkolecollege.jessoreboard.gov.bd
==================================================
[*] STARTING NEW DOMAIN: https://deb136014.dhakaeducationboard.gov.bd
==================================================
[+] Domain exhausted. Finishing up: https://deb136014.dhakaeducationboard.gov.bd
==================================================
[*] STARTING NEW DOMAIN: https://dls.gouripur.mymensingh.gov.bd
==================================================
[+] Domain exhausted. Finishing up: https://dls.gouripur.mymensingh.gov.bd
==================================================
[*] STARTING NEW DOMAIN: https://kustiagovtcitycollege.jessoreboard.gov.bd
==================================================
[+] Domain exhausted. Finishing up: https://kustiagovtcitycollege.jessoreboard.gov.bd
==================================================
[*] STARTING NEW DOMAIN: https://dikkha.muktopaath.gov.bd
==================================================
[+] Domain exhausted. Finishing up: https://dikkha.muktopaath.gov.bd
==================================================
[*] STARTING NEW DOMAIN: https://charavitasecondaryschool.jessoreboard.gov.bd
==================================================
[+] Domain exhausted. Finishing up: https://charavitasecondaryschool.jessoreboard.gov.bd
==================================================
[*] STARTING NEW DOMAIN: https://deb112438.dhakaeducationboard.gov.bd
==================================================
[+] Domain exhausted. Finishing up: https://deb112438.dhakaeducationboard.gov.bd
==================================================
[*] STARTING NEW DOMAIN: https://deb113532.dhakaeducationboard.gov.bd
==================================================
[+] Domain exhausted. Finishing up: https://deb113532.dhakaeducationboard.gov.bd
==================================================
[*] STARTING NEW DOMAIN: https://rdbf.rangamati.gov.bd
==================================================
[+] Domain exhausted. Finishing up: https://rdbf.rangamati.gov.bd
==================================================
[*] STARTING NEW DOMAIN: https://nachanmohalup.jhalakathi.gov.bd
==================================================
[+] Domain exhausted. Finishing up: https://nachanmohalup.jhalakathi.gov.bd
==================================================
[*] STARTING NEW DOMAIN: https://deb113163.dhakaeducationboard.gov.bd
==================================================
[+] Domain exhausted. Finishing up: https://deb113163.dhakaeducationboard.gov.bd
==================================================
[*] STARTING NEW DOMAIN: https://deb134602.dhakaeducationboard.gov.bd
==================================================
[+] Domain exhausted. Finishing up: https://deb134602.dhakaeducationboard.gov.bd
==================================================
[*] STARTING NEW DOMAIN: https://lged.sreebordi.sherpur.gov.bd
==================================================
[+] Domain exhausted. Finishing up: https://lged.sreebordi.sherpur.gov.bd
==================================================
[*] STARTING NEW DOMAIN: https://lged.charghat.rajshahi.gov.bd
==================================================
[+] Domain exhausted. Finishing up: https://lged.charghat.rajshahi.gov.bd
==================================================
[*] STARTING NEW DOMAIN: https://tcb.gov.bd
==================================================
[+] Domain exhausted. Finishing up: https://tcb.gov.bd
==================================================
[*] STARTING NEW DOMAIN: https://sarappurunitedsecondaryschool.jessoreboard.gov.bd
==================================================
[+] Domain exhausted. Finishing up: https://sarappurunitedsecondaryschool.jessoreboard.gov.bd
==================================================
[*] STARTING NEW DOMAIN: https://deb112374.dhakaeducationboard.gov.bd
==================================================
[+] Domain exhausted. Finishing up: https://deb112374.dhakaeducationboard.gov.bd
==================================================
[*] STARTING NEW DOMAIN: https://mail.fid.gov.bd
==================================================
[+] Domain exhausted. Finishing up: https://mail.fid.gov.bd
==================================================
[*] STARTING NEW DOMAIN: https://monakhalihighschool.jessoreboard.gov.bd
==================================================
[+] Domain exhausted. Finishing up: https://monakhalihighschool.jessoreboard.gov.bd
==================================================
[*] STARTING NEW DOMAIN: https://bbs.kalihati.tangail.gov.bd
==================================================
[+] Domain exhausted. Finishing up: https://bbs.kalihati.tangail.gov.bd
==================================================
[*] STARTING NEW DOMAIN: https://exam-management-classviii2025.dinajpurboard.gov.bd
==================================================
[+] Domain exhausted. Finishing up: https://exam-management-classviii2025.dinajpurboard.gov.bd
==================================================
[*] STARTING NEW DOMAIN: https://nabarunsecondarygirlsschool.jessoreboard.gov.bd
==================================================
[+] Domain exhausted. Finishing up: https://nabarunsecondarygirlsschool.jessoreboard.gov.bd
==================================================
[*] STARTING NEW DOMAIN: https://ttc.brahmanbaria.gov.bd
==================================================
[+] Domain exhausted. Finishing up: https://ttc.brahmanbaria.gov.bd
==================================================
[*] STARTING NEW DOMAIN: https://ec.fulbaria.mymensingh.gov.bd
==================================================
[+] Domain exhausted. Finishing up: https://ec.fulbaria.mymensingh.gov.bd
==================================================
[*] STARTING NEW DOMAIN: https://dwa.kalukhali.rajbari.gov.bd
==================================================
[+] Domain exhausted. Finishing up: https://dwa.kalukhali.rajbari.gov.bd
==================================================
[*] STARTING NEW DOMAIN: https://youth.panchbibi.joypurhat.gov.bd
==================================================
[+] Domain exhausted. Finishing up: https://youth.panchbibi.joypurhat.gov.bd
==================================================
[*] STARTING NEW DOMAIN: https://youth.anwara.chittagong.gov.bd
==================================================
[+] Domain exhausted. Finishing up: https://youth.anwara.chittagong.gov.bd
==================================================
[*] STARTING NEW DOMAIN: https://urc.bhuapur.tangail.gov.bd
==================================================
[+] Domain exhausted. Finishing up: https://urc.bhuapur.tangail.gov.bd
==================================================
[*] STARTING NEW DOMAIN: https://mail.nazrulinstitute.gov.bd
==================================================
[+] Domain exhausted. Finishing up: https://mail.nazrulinstitute.gov.bd
==================================================
[*] STARTING NEW DOMAIN: https://zso.sadar.pirojpur.gov.bd
==================================================
[+] Domain exhausted. Finishing up: https://zso.sadar.pirojpur.gov.bd
==================================================
[*] STARTING NEW DOMAIN: http://coop.bokshiganj.jamalpur.gov.bd
==================================================
[+] Domain exhausted. Finishing up: http://coop.bokshiganj.jamalpur.gov.bd
==================================================
[*] STARTING NEW DOMAIN: https://youth.lama.bandarban.gov.bd
==================================================
[+] Domain exhausted. Finishing up: https://youth.lama.bandarban.gov.bd
==================================================
[*] STARTING NEW DOMAIN: https://youth.hakimpur.dinajpur.gov.bd
==================================================
[+] Domain exhausted. Finishing up: https://youth.hakimpur.dinajpur.gov.bd
==================================================
[*] STARTING NEW DOMAIN: https://zso.badargonj.rangpur.gov.bd
==================================================
[+] Domain exhausted. Finishing up: https://zso.badargonj.rangpur.gov.bd
==================================================
[*] STARTING NEW DOMAIN: https://urc.barlekha.moulvibazar.gov.bd
==================================================
[+] Domain exhausted. Finishing up: https://urc.barlekha.moulvibazar.gov.bd
==================================================
[*] STARTING NEW DOMAIN: http://bauidangasecondaryschool.jessoreboard.gov.bd
==================================================
[+] Domain exhausted. Finishing up: http://bauidangasecondaryschool.jessoreboard.gov.bd
==================================================
[*] STARTING NEW DOMAIN: https://youth.baniachong.habiganj.gov.bd
==================================================
[+] Domain exhausted. Finishing up: https://youth.baniachong.habiganj.gov.bd
==================================================
[*] STARTING NEW DOMAIN: https://urc.saghata.gaibandha.gov.bd
==================================================
[+] Domain exhausted. Finishing up: https://urc.saghata.gaibandha.gov.bd
==================================================
[*] STARTING NEW DOMAIN: https://youth.rangunia.chittagong.gov.bd
==================================================
[+] Domain exhausted. Finishing up: https://youth.rangunia.chittagong.gov.bd
==================================================
[*] STARTING NEW DOMAIN: https://habiganj.polytech.gov.bd
==================================================
[+] Domain exhausted. Finishing up: https://habiganj.polytech.gov.bd
==================================================
[*] STARTING NEW DOMAIN: https://lgedreg.faridpur.gov.bd
==================================================
[+] Domain exhausted. Finishing up: https://lgedreg.faridpur.gov.bd
==================================================
[*] STARTING NEW DOMAIN: https://npi.gov.bd
==================================================
[+] Domain exhausted. Finishing up: https://npi.gov.bd
==================================================
[*] STARTING NEW DOMAIN: https://fpo.damudya.shariatpur.gov.bd
==================================================
[+] Domain exhausted. Finishing up: https://fpo.damudya.shariatpur.gov.bd
==================================================
[*] STARTING NEW DOMAIN: https://madardiaadarshajuniorhighschool.jessoreboard.gov.bd
==================================================
[+] Domain exhausted. Finishing up: https://madardiaadarshajuniorhighschool.jessoreboard.gov.bd
==================================================
[*] STARTING NEW DOMAIN: https://acl.mirsharai.chittagong.gov.bd
==================================================
[+] Domain exhausted. Finishing up: https://acl.mirsharai.chittagong.gov.bd
==================================================
[*] STARTING NEW DOMAIN: https://youth.sreebordi.sherpur.gov.bd
==================================================
[+] Domain exhausted. Finishing up: https://youth.sreebordi.sherpur.gov.bd
==================================================
[*] STARTING NEW DOMAIN: https://kailatiup.netrokona.gov.bd
==================================================
[+] Domain exhausted. Finishing up: https://kailatiup.netrokona.gov.bd
==================================================
[*] STARTING NEW DOMAIN: https://passport.jessore.gov.bd
==================================================
[+] Domain exhausted. Finishing up: https://passport.jessore.gov.bd
==================================================
[*] STARTING NEW DOMAIN: https://fisheries.sarishabari.jamalpur.gov.bd
==================================================
[+] Domain exhausted. Finishing up: https://fisheries.sarishabari.jamalpur.gov.bd
==================================================
[*] STARTING NEW DOMAIN: https://ilst.lalmonirhat.gov.bd
==================================================
[+] Domain exhausted. Finishing up: https://ilst.lalmonirhat.gov.bd
==================================================
[*] STARTING NEW DOMAIN: https://narikelbariazasecondaryschool.jessoreboard.gov.bd
==================================================
[+] Domain exhausted. Finishing up: https://narikelbariazasecondaryschool.jessoreboard.gov.bd
==================================================
[*] STARTING NEW DOMAIN: https://police.kishoreganjsadar.kishoreganj.gov.bd
==================================================
[+] Domain exhausted. Finishing up: https://police.kishoreganjsadar.kishoreganj.gov.bd
==================================================
[*] STARTING NEW DOMAIN: https://jhenaidahmagurasammilitocollege.jessoreboard.gov.bd
==================================================
[+] Domain exhausted. Finishing up: https://jhenaidahmagurasammilitocollege.jessoreboard.gov.bd
==================================================
[*] STARTING NEW DOMAIN: https://noaparacollegeabhoynagar.jessoreboard.gov.bd
==================================================
[+] Domain exhausted. Finishing up: https://noaparacollegeabhoynagar.jessoreboard.gov.bd
==================================================
[*] STARTING NEW DOMAIN: https://policedig.khulnadiv.gov.bd
==================================================
[+] Domain exhausted. Finishing up: https://policedig.khulnadiv.gov.bd
==================================================
[*] STARTING NEW DOMAIN: https://ghorapakhiaup.chapainawabganj.gov.bd
==================================================
[+] Domain exhausted. Finishing up: https://ghorapakhiaup.chapainawabganj.gov.bd
==================================================
[*] STARTING NEW DOMAIN: https://mail.bitac.gov.bd
==================================================
[+] Domain exhausted. Finishing up: https://mail.bitac.gov.bd
==================================================
[*] STARTING NEW DOMAIN: https://pdbf.madarganj.jamalpur.gov.bd
==================================================
[+] Domain exhausted. Finishing up: https://pdbf.madarganj.jamalpur.gov.bd
==================================================
[*] STARTING NEW DOMAIN: https://dphe.kaliganj.jhenaidah.gov.bd
==================================================
[+] Domain exhausted. Finishing up: https://dphe.kaliganj.jhenaidah.gov.bd
==================================================
[*] STARTING NEW DOMAIN: https://health.ghoraghat.dinajpur.gov.bd
==================================================
[+] Domain exhausted. Finishing up: https://health.ghoraghat.dinajpur.gov.bd
==================================================
[*] STARTING NEW DOMAIN: https://lwcghorashal.palash.narsingdi.gov.bd
==================================================
[+] Domain exhausted. Finishing up: https://lwcghorashal.palash.narsingdi.gov.bd
==================================================
[*] STARTING NEW DOMAIN: https://food.kalkini.madaripur.gov.bd
==================================================
[+] Domain exhausted. Finishing up: https://food.kalkini.madaripur.gov.bd
==================================================
[*] STARTING NEW DOMAIN: https://kadipurup.moulvibazar.gov.bd
==================================================
[+] Domain exhausted. Finishing up: https://kadipurup.moulvibazar.gov.bd
==================================================
[*] STARTING NEW DOMAIN: https://nanglaup.jamalpur.gov.bd
==================================================
[+] Domain exhausted. Finishing up: https://nanglaup.jamalpur.gov.bd
==================================================
[*] STARTING NEW DOMAIN: https://police.dhamrai.dhaka.gov.bd
==================================================
[+] Domain exhausted. Finishing up: https://police.dhamrai.dhaka.gov.bd
==================================================
[*] STARTING NEW DOMAIN: https://health.nageshwari.kurigram.gov.bd
==================================================
[+] Domain exhausted. Finishing up: https://health.nageshwari.kurigram.gov.bd
==================================================
[*] STARTING NEW DOMAIN: https://mailx.bpdb.gov.bd
==================================================
[+] Domain exhausted. Finishing up: https://mailx.bpdb.gov.bd
==================================================
[*] STARTING NEW DOMAIN: https://police.burichang.comilla.gov.bd
==================================================
[+] Domain exhausted. Finishing up: https://police.burichang.comilla.gov.bd
==================================================
[*] STARTING NEW DOMAIN: https://ilst.gaibandha.gov.bd
==================================================
[+] Domain exhausted. Finishing up: https://ilst.gaibandha.gov.bd
==================================================
[*] STARTING NEW DOMAIN: https://nazirpurup.natore.gov.bd
==================================================
[+] Domain exhausted. Finishing up: https://nazirpurup.natore.gov.bd
==================================================
[*] STARTING NEW DOMAIN: https://police.nagarkanda.faridpur.gov.bd
==================================================
[+] Domain exhausted. Finishing up: https://police.nagarkanda.faridpur.gov.bd
==================================================
[*] STARTING NEW DOMAIN: https://forest.rangpur.gov.bd
==================================================
[+] Domain exhausted. Finishing up: https://forest.rangpur.gov.bd
==================================================
[*] STARTING NEW DOMAIN: https://joykrishnapurup.dhaka.gov.bd
==================================================
[+] Domain exhausted. Finishing up: https://joykrishnapurup.dhaka.gov.bd
==================================================
[*] STARTING NEW DOMAIN: https://osmanpurpragpurhighschool.jessoreboard.gov.bd
==================================================
[+] Domain exhausted. Finishing up: https://osmanpurpragpurhighschool.jessoreboard.gov.bd
==================================================
[*] STARTING NEW DOMAIN: https://fisheries.karnafuli.chittagong.gov.bd
==================================================
[+] Domain exhausted. Finishing up: https://fisheries.karnafuli.chittagong.gov.bd
==================================================
[*] STARTING NEW DOMAIN: https://islamicfoundation.godagari.rajshahi.gov.bd
==================================================
[+] Domain exhausted. Finishing up: https://islamicfoundation.godagari.rajshahi.gov.bd
==================================================
[*] STARTING NEW DOMAIN: https://malonchijuniorhighschool.jessoreboard.gov.bd
==================================================
[+] Domain exhausted. Finishing up: https://malonchijuniorhighschool.jessoreboard.gov.bd
==================================================
[*] STARTING NEW DOMAIN: https://police.sylhet.gov.bd
==================================================
[+] Domain exhausted. Finishing up: https://police.sylhet.gov.bd
==================================================
[*] STARTING NEW DOMAIN: https://hajoffice.portal.gov.bd
==================================================
[+] Domain exhausted. Finishing up: https://hajoffice.portal.gov.bd
==================================================
[*] STARTING NEW DOMAIN: https://mallikpurunionsecondaryschool.jessoreboard.gov.bd
==================================================
[+] Domain exhausted. Finishing up: https://mallikpurunionsecondaryschool.jessoreboard.gov.bd
==================================================
[*] STARTING NEW DOMAIN: https://police.melandah.jamalpur.gov.bd
==================================================
[+] Domain exhausted. Finishing up: https://police.melandah.jamalpur.gov.bd
==================================================
[*] STARTING NEW DOMAIN: https://fpo.louhajanj.munshiganj.gov.bd
==================================================
[+] Domain exhausted. Finishing up: https://fpo.louhajanj.munshiganj.gov.bd
==================================================
[*] STARTING NEW DOMAIN: https://kosbaup.chapainawabganj.gov.bd
==================================================
[+] Domain exhausted. Finishing up: https://kosbaup.chapainawabganj.gov.bd
==================================================
[*] STARTING NEW DOMAIN: https://onlineschoolform.comillaboard.gov.bd
==================================================
[+] Domain exhausted. Finishing up: https://onlineschoolform.comillaboard.gov.bd
==================================================
[*] STARTING NEW DOMAIN: https://dss.companiganj.noakhali.gov.bd
==================================================
[+] Domain exhausted. Finishing up: https://dss.companiganj.noakhali.gov.bd
==================================================
[*] STARTING NEW DOMAIN: https://jhaoudiup.madaripur.gov.bd
==================================================
[+] Domain exhausted. Finishing up: https://jhaoudiup.madaripur.gov.bd
==================================================
[*] STARTING NEW DOMAIN: https://paikgasa.khulna.gov.bd
==================================================
[+] Domain exhausted. Finishing up: https://paikgasa.khulna.gov.bd
==================================================
[*] STARTING NEW DOMAIN: https://dam.magura.gov.bd
==================================================
[+] Domain exhausted. Finishing up: https://dam.magura.gov.bd
==================================================
[*] STARTING NEW DOMAIN: https://health.kathalia.jhalakathi.gov.bd
==================================================
[+] Domain exhausted. Finishing up: https://health.kathalia.jhalakathi.gov.bd
==================================================
[*] STARTING NEW DOMAIN: https://mole.narsingdi.gov.bd
==================================================
[+] Domain exhausted. Finishing up: https://mole.narsingdi.gov.bd
==================================================
[*] STARTING NEW DOMAIN: https://post.birol.dinajpur.gov.bd
==================================================
[+] Domain exhausted. Finishing up: https://post.birol.dinajpur.gov.bd
==================================================
[*] STARTING NEW DOMAIN: https://hofisheries.kaliganj.satkhira.gov.bd
==================================================
[+] Domain exhausted. Finishing up: https://hofisheries.kaliganj.satkhira.gov.bd
==================================================
[*] STARTING NEW DOMAIN: https://nactar.gov.bd
==================================================
[+] Domain exhausted. Finishing up: https://nactar.gov.bd
==================================================
[*] STARTING NEW DOMAIN: https://police.sadar.coxsbazar.gov.bd
==================================================
[+] Domain exhausted. Finishing up: https://police.sadar.coxsbazar.gov.bd
==================================================
[*] STARTING NEW DOMAIN: https://fulbarisecondaryschool.jessoreboard.gov.bd
==================================================
[+] Domain exhausted. Finishing up: https://fulbarisecondaryschool.jessoreboard.gov.bd
==================================================
[*] STARTING NEW DOMAIN: https://mehendiganj.barisal.gov.bd
==================================================
[+] Domain exhausted. Finishing up: https://mehendiganj.barisal.gov.bd
==================================================
[*] STARTING NEW DOMAIN: https://police.niamatpur.naogaon.gov.bd
==================================================
[+] Domain exhausted. Finishing up: https://police.niamatpur.naogaon.gov.bd
==================================================
[*] STARTING NEW DOMAIN: https://forest.shajahanpur.bogra.gov.bd
==================================================
[+] Domain exhausted. Finishing up: https://forest.shajahanpur.bogra.gov.bd
==================================================
[*] STARTING NEW DOMAIN: https://kolaup.jhenaidah.gov.bd
==================================================
[+] Domain exhausted. Finishing up: https://kolaup.jhenaidah.gov.bd
==================================================
[*] STARTING NEW DOMAIN: https://pbs.sarankhola.bagerhat.gov.bd
==================================================
[+] Domain exhausted. Finishing up: https://pbs.sarankhola.bagerhat.gov.bd
==================================================
[*] STARTING NEW DOMAIN: https://zso.nawabganj.dinajpur.gov.bd
==================================================
[+] Domain exhausted. Finishing up: https://zso.nawabganj.dinajpur.gov.bd
==================================================
[*] STARTING NEW DOMAIN: https://khulnacity.portal.gov.bd
==================================================
[+] Domain exhausted. Finishing up: https://khulnacity.portal.gov.bd
==================================================
[*] STARTING NEW DOMAIN: https://pdbf.tarail.kishoreganj.gov.bd
==================================================
[+] Domain exhausted. Finishing up: https://pdbf.tarail.kishoreganj.gov.bd
==================================================
[*] STARTING NEW DOMAIN: https://fisheries.tala.satkhira.gov.bd
==================================================
[+] Domain exhausted. Finishing up: https://fisheries.tala.satkhira.gov.bd
==================================================
[*] STARTING NEW DOMAIN: https://info.bandarban.gov.bd
==================================================
[+] Domain exhausted. Finishing up: https://info.bandarban.gov.bd
==================================================
[*] STARTING NEW DOMAIN: https://nabodaysecondarygirlsschool.jessoreboard.gov.bd
==================================================
[+] Domain exhausted. Finishing up: https://nabodaysecondarygirlsschool.jessoreboard.gov.bd
==================================================
[*] STARTING NEW DOMAIN: https://post.charrajibpur.kurigram.gov.bd
==================================================
[+] Domain exhausted. Finishing up: https://post.charrajibpur.kurigram.gov.bd
==================================================
[*] STARTING NEW DOMAIN: https://hospitallist.gopalpur.tangail.gov.bd
==================================================
[+] Domain exhausted. Finishing up: https://hospitallist.gopalpur.tangail.gov.bd
==================================================
[*] STARTING NEW DOMAIN: https://onlinetc.comillaboard.gov.bd
==================================================
[+] Domain exhausted. Finishing up: https://onlinetc.comillaboard.gov.bd
==================================================
[*] STARTING NEW DOMAIN: https://post.mymensinghdiv.gov.bd
==================================================
[+] Domain exhausted. Finishing up: https://post.mymensinghdiv.gov.bd
==================================================
[*] STARTING NEW DOMAIN: https://jadurcharup.kurigram.gov.bd
==================================================
[+] Domain exhausted. Finishing up: https://jadurcharup.kurigram.gov.bd
==================================================
[*] STARTING NEW DOMAIN: https://mokterercharup.shariatpur.gov.bd
==================================================
[+] Domain exhausted. Finishing up: https://mokterercharup.shariatpur.gov.bd
==================================================
[*] STARTING NEW DOMAIN: https://pozip.sylhetsadar.sylhet.gov.bd
==================================================
[+] Domain exhausted. Finishing up: https://pozip.sylhetsadar.sylhet.gov.bd
==================================================
[*] STARTING NEW DOMAIN: https://lged.kamalnagar.lakshmipur.gov.bd
==================================================
[+] Domain exhausted. Finishing up: https://lged.kamalnagar.lakshmipur.gov.bd
==================================================
[*] STARTING NEW DOMAIN: https://rajukdhaka.gov.bd
==================================================
[+] Domain exhausted. Finishing up: https://rajukdhaka.gov.bd
==================================================
[*] STARTING NEW DOMAIN: https://ims.nib.gov.bd
==================================================
[+] Domain exhausted. Finishing up: https://ims.nib.gov.bd
==================================================
[*] STARTING NEW DOMAIN: https://narendrapursecondaryschool.jessoreboard.gov.bd
==================================================
[+] Domain exhausted. Finishing up: https://narendrapursecondaryschool.jessoreboard.gov.bd
==================================================
[*] STARTING NEW DOMAIN: https://post.harinakundu.jhenaidah.gov.bd
==================================================
[+] Domain exhausted. Finishing up: https://post.harinakundu.jhenaidah.gov.bd
==================================================
[*] STARTING NEW DOMAIN: https://governmentpioneergirlscollege.jessoreboard.gov.bd
==================================================
[+] Domain exhausted. Finishing up: https://governmentpioneergirlscollege.jessoreboard.gov.bd
==================================================
[*] STARTING NEW DOMAIN: https://marjalup.narsingdi.gov.bd
==================================================
[+] Domain exhausted. Finishing up: https://marjalup.narsingdi.gov.bd
==================================================
[*] STARTING NEW DOMAIN: https://police.habiganjsadar.habiganj.gov.bd
==================================================
[+] Domain exhausted. Finishing up: https://police.habiganjsadar.habiganj.gov.bd
==================================================
[*] STARTING NEW DOMAIN: https://fpo.doulatkhan.bhola.gov.bd
==================================================
[+] Domain exhausted. Finishing up: https://fpo.doulatkhan.bhola.gov.bd
==================================================
[*] STARTING NEW DOMAIN: https://lged.araihazar.narayanganj.gov.bd
==================================================
[+] Domain exhausted. Finishing up: https://lged.araihazar.narayanganj.gov.bd
==================================================
[*] STARTING NEW DOMAIN: https://pbs.mohammadpur.magura.gov.bd
==================================================
[+] Domain exhausted. Finishing up: https://pbs.mohammadpur.magura.gov.bd
==================================================
[*] STARTING NEW DOMAIN: https://zso.morrelganj.bagerhat.gov.bd
==================================================
[+] Domain exhausted. Finishing up: https://zso.morrelganj.bagerhat.gov.bd
==================================================
[*] STARTING NEW DOMAIN: https://hfwc.katiadi.kishoreganj.gov.bd
==================================================
[+] Domain exhausted. Finishing up: https://hfwc.katiadi.kishoreganj.gov.bd
==================================================
[*] STARTING NEW DOMAIN: https://post.rangpurdiv.gov.bd
==================================================
[+] Domain exhausted. Finishing up: https://post.rangpurdiv.gov.bd
==================================================
[*] STARTING NEW DOMAIN: https://urc.golapganj.sylhet.gov.bd
==================================================
[+] Domain exhausted. Finishing up: https://urc.golapganj.sylhet.gov.bd
==================================================
[*] STARTING NEW DOMAIN: https://ytc.netrokona.gov.bd
==================================================
[+] Domain exhausted. Finishing up: https://ytc.netrokona.gov.bd
==================================================
[*] STARTING NEW DOMAIN: https://srijoneemodelhighschool.jessoreboard.gov.bd
==================================================
[+] Domain exhausted. Finishing up: https://srijoneemodelhighschool.jessoreboard.gov.bd
==================================================
[*] STARTING NEW DOMAIN: https://youth.tala.satkhira.gov.bd
==================================================
[+] Domain exhausted. Finishing up: https://youth.tala.satkhira.gov.bd
==================================================
[*] STARTING NEW DOMAIN: http://coop.madan.netrokona.gov.bd
==================================================
[+] Domain exhausted. Finishing up: http://coop.madan.netrokona.gov.bd
==================================================
[*] STARTING NEW DOMAIN: https://ullaparasadarup.sirajganj.gov.bd
==================================================
[+] Domain exhausted. Finishing up: https://ullaparasadarup.sirajganj.gov.bd
==================================================
[*] STARTING NEW DOMAIN: https://surajpurmanikpurup.coxsbazar.gov.bd
==================================================
[+] Domain exhausted. Finishing up: https://surajpurmanikpurup.coxsbazar.gov.bd
==================================================
[*] STARTING NEW DOMAIN: https://zso.debhata.satkhira.gov.bd
==================================================
[+] Domain exhausted. Finishing up: https://zso.debhata.satkhira.gov.bd
==================================================
[*] STARTING NEW DOMAIN: https://zso.thakurgaonsadar.thakurgaon.gov.bd
==================================================
[+] Domain exhausted. Finishing up: https://zso.thakurgaonsadar.thakurgaon.gov.bd
==================================================
[*] STARTING NEW DOMAIN: https://vpolice.meghna.comilla.gov.bd
==================================================
[+] Domain exhausted. Finishing up: https://vpolice.meghna.comilla.gov.bd
==================================================
[*] STARTING NEW DOMAIN: https://sondharaup.mymensingh.gov.bd
==================================================
[+] Domain exhausted. Finishing up: https://sondharaup.mymensingh.gov.bd
==================================================
[*] STARTING NEW DOMAIN: https://swarupdhahighschool.jessoreboard.gov.bd
==================================================
[+] Domain exhausted. Finishing up: https://swarupdhahighschool.jessoreboard.gov.bd
==================================================
[*] STARTING NEW DOMAIN: https://ttc.lalmonirhat.gov.bd
==================================================
[+] Domain exhausted. Finishing up: https://ttc.lalmonirhat.gov.bd
==================================================
[*] STARTING NEW DOMAIN: https://police.naikhongchhari.bandarban.gov.bd
==================================================
[+] Domain exhausted. Finishing up: https://police.naikhongchhari.bandarban.gov.bd
==================================================
[*] STARTING NEW DOMAIN: https://sports.satkhira.gov.bd
==================================================
[+] Domain exhausted. Finishing up: https://sports.satkhira.gov.bd
==================================================
[*] STARTING NEW DOMAIN: https://tsc.natore.gov.bd
==================================================
[+] Domain exhausted. Finishing up: https://tsc.natore.gov.bd
==================================================
[*] STARTING NEW DOMAIN: https://udayankhulnazillapoliceschool.jessoreboard.gov.bd
==================================================
[+] Domain exhausted. Finishing up: https://udayankhulnazillapoliceschool.jessoreboard.gov.bd
==================================================
[*] STARTING NEW DOMAIN: https://tepriganjup.panchagarh.gov.bd
==================================================
[+] Domain exhausted. Finishing up: https://tepriganjup.panchagarh.gov.bd
==================================================
[*] STARTING NEW DOMAIN: https://uitrce.bhandaria.pirojpur.gov.bd
==================================================
[+] Domain exhausted. Finishing up: https://uitrce.bhandaria.pirojpur.gov.bd
==================================================
[*] STARTING NEW DOMAIN: https://srdi.bogra.gov.bd
==================================================
[+] Domain exhausted. Finishing up: https://srdi.bogra.gov.bd
==================================================
[*] STARTING NEW DOMAIN: https://savings.bandarban.gov.bd
==================================================
[+] Domain exhausted. Finishing up: https://savings.bandarban.gov.bd
==================================================
[*] STARTING NEW DOMAIN: https://tax.gaibandha.gov.bd
==================================================
[+] Domain exhausted. Finishing up: https://tax.gaibandha.gov.bd
==================================================
[*] STARTING NEW DOMAIN: https://srdilab.rangpurdiv.gov.bd
==================================================
[+] Domain exhausted. Finishing up: https://srdilab.rangpurdiv.gov.bd
==================================================
[*] STARTING NEW DOMAIN: https://tscdimla.nilphamari.gov.bd
==================================================
[+] Domain exhausted. Finishing up: https://tscdimla.nilphamari.gov.bd
==================================================
[*] STARTING NEW DOMAIN: https://socds.portal.gov.bd
==================================================
[+] Domain exhausted. Finishing up: https://socds.portal.gov.bd
==================================================
[*] STARTING NEW DOMAIN: https://tnt.rajasthali.rangamati.gov.bd
==================================================
[+] Domain exhausted. Finishing up: https://tnt.rajasthali.rangamati.gov.bd
==================================================
[*] STARTING NEW DOMAIN: https://sreehottasecondaryschool.jessoreboard.gov.bd
==================================================
[+] Domain exhausted. Finishing up: https://sreehottasecondaryschool.jessoreboard.gov.bd
==================================================
[*] STARTING NEW DOMAIN: https://totthoapa.kaunia.rangpur.gov.bd
==================================================
[+] Domain exhausted. Finishing up: https://totthoapa.kaunia.rangpur.gov.bd
==================================================
[*] STARTING NEW DOMAIN: https://sarikalup.barisal.gov.bd
==================================================
[+] Domain exhausted. Finishing up: https://sarikalup.barisal.gov.bd
==================================================
[*] STARTING NEW DOMAIN: https://rars.moulvibazar.gov.bd
==================================================
[+] Domain exhausted. Finishing up: https://rars.moulvibazar.gov.bd
==================================================
[*] STARTING NEW DOMAIN: https://mochta.laxmichhari.khagrachhari.gov.bd
==================================================
[+] Domain exhausted. Finishing up: https://mochta.laxmichhari.khagrachhari.gov.bd
==================================================
[*] STARTING NEW DOMAIN: https://mochta.ramgarh.khagrachhari.gov.bd
==================================================
[+] Domain exhausted. Finishing up: https://mochta.ramgarh.khagrachhari.gov.bd
==================================================
[*] STARTING NEW DOMAIN: https://mohammadabadup.joypurhat.gov.bd
==================================================
[+] Domain exhausted. Finishing up: https://mohammadabadup.joypurhat.gov.bd
==================================================
[*] STARTING NEW DOMAIN: https://nilg.gov.bd
==================================================
[+] Domain exhausted. Finishing up: https://nilg.gov.bd
==================================================
[*] STARTING NEW DOMAIN: https://mpi.polytech.gov.bd
==================================================
[+] Domain exhausted. Finishing up: https://mpi.polytech.gov.bd
==================================================
[*] STARTING NEW DOMAIN: https://acl.jhikargacha.jessore.gov.bd
==================================================
[+] Domain exhausted. Finishing up: https://acl.jhikargacha.jessore.gov.bd
==================================================
[*] STARTING NEW DOMAIN: https://ballimdmujiburrahmansecondaryschool.jessoreboard.gov.bd
==================================================
[+] Domain exhausted. Finishing up: https://ballimdmujiburrahmansecondaryschool.jessoreboard.gov.bd
==================================================
[*] STARTING NEW DOMAIN: https://misebadc.ranisankail.thakurgaon.gov.bd
==================================================
[+] Domain exhausted. Finishing up: https://misebadc.ranisankail.thakurgaon.gov.bd
==================================================
[*] STARTING NEW DOMAIN: https://uitrce.bagherpara.jessore.gov.bd
==================================================
[+] Domain exhausted. Finishing up: https://uitrce.bagherpara.jessore.gov.bd
==================================================
[*] STARTING NEW DOMAIN: https://sca.satkhira.gov.bd
==================================================
[+] Domain exhausted. Finishing up: https://sca.satkhira.gov.bd
==================================================
[*] STARTING NEW DOMAIN: https://dae.bhangura.pabna.gov.bd
==================================================
[+] Domain exhausted. Finishing up: https://dae.bhangura.pabna.gov.bd
==================================================
[*] STARTING NEW DOMAIN: https://prison.satkhira.gov.bd
==================================================
[+] Domain exhausted. Finishing up: https://prison.satkhira.gov.bd
==================================================
[*] STARTING NEW DOMAIN: https://ais.gov.bd
==================================================
[+] Domain exhausted. Finishing up: https://ais.gov.bd
==================================================
[*] STARTING NEW DOMAIN: https://doict.habiganj.gov.bd
==================================================
[+] Domain exhausted. Finishing up: https://doict.habiganj.gov.bd
==================================================
[*] STARTING NEW DOMAIN: https://cooparative.gopalpur.tangail.gov.bd
==================================================
[+] Domain exhausted. Finishing up: https://cooparative.gopalpur.tangail.gov.bd
==================================================
[*] STARTING NEW DOMAIN: https://birtan.noakhali.gov.bd
==================================================
[+] Domain exhausted. Finishing up: https://birtan.noakhali.gov.bd
==================================================
[*] STARTING NEW DOMAIN: https://seo.jibannagar.chuadanga.gov.bd
==================================================
[+] Domain exhausted. Finishing up: https://seo.jibannagar.chuadanga.gov.bd
==================================================
[*] STARTING NEW DOMAIN: https://acl.dimla.nilphamari.gov.bd
==================================================
[+] Domain exhausted. Finishing up: https://acl.dimla.nilphamari.gov.bd
==================================================
[*] STARTING NEW DOMAIN: https://deb110569.dhakaeducationboard.gov.bd
==================================================
[+] Domain exhausted. Finishing up: https://deb110569.dhakaeducationboard.gov.bd
==================================================
[*] STARTING NEW DOMAIN: https://deb112596.dhakaeducationboard.gov.bd
==================================================
[+] Domain exhausted. Finishing up: https://deb112596.dhakaeducationboard.gov.bd
==================================================
[*] STARTING NEW DOMAIN: https://deb109352.dhakaeducationboard.gov.bd
==================================================
[+] Domain exhausted. Finishing up: https://deb109352.dhakaeducationboard.gov.bd
==================================================
[*] STARTING NEW DOMAIN: https://seo.kamolganj.moulvibazar.gov.bd
==================================================
[+] Domain exhausted. Finishing up: https://seo.kamolganj.moulvibazar.gov.bd
==================================================
[*] STARTING NEW DOMAIN: https://bnschoolandcollegemongla.jessoreboard.gov.bd
==================================================
[+] Domain exhausted. Finishing up: https://bnschoolandcollegemongla.jessoreboard.gov.bd
==================================================
[*] STARTING NEW DOMAIN: https://chiknagulup.sylhet.gov.bd
==================================================
[+] Domain exhausted. Finishing up: https://chiknagulup.sylhet.gov.bd
==================================================
[*] STARTING NEW DOMAIN: https://deb108351.dhakaeducationboard.gov.bd
==================================================
[+] Domain exhausted. Finishing up: https://deb108351.dhakaeducationboard.gov.bd
==================================================
[*] STARTING NEW DOMAIN: https://balaparaup.rangpur.gov.bd
==================================================
[+] Domain exhausted. Finishing up: https://balaparaup.rangpur.gov.bd
==================================================
[*] STARTING NEW DOMAIN: https://acl.chapainawabganjsadar.chapainawabganj.gov.bd
==================================================
[+] Domain exhausted. Finishing up: https://acl.chapainawabganjsadar.chapainawabganj.gov.bd
==================================================
[*] STARTING NEW DOMAIN: https://bheluaup.sherpur.gov.bd
==================================================
[+] Domain exhausted. Finishing up: https://bheluaup.sherpur.gov.bd
==================================================
[*] STARTING NEW DOMAIN: https://ansarvdp.shajahanpur.bogra.gov.bd
==================================================
[+] Domain exhausted. Finishing up: https://ansarvdp.shajahanpur.bogra.gov.bd
==================================================
[*] STARTING NEW DOMAIN: https://deb111002.dhakaeducationboard.gov.bd
==================================================
[+] Domain exhausted. Finishing up: https://deb111002.dhakaeducationboard.gov.bd
==================================================
[*] STARTING NEW DOMAIN: https://fireservice.hajiganj.chandpur.gov.bd
==================================================
[+] Domain exhausted. Finishing up: https://fireservice.hajiganj.chandpur.gov.bd
==================================================
[*] STARTING NEW DOMAIN: https://ansarvdp.faridgonj.chandpur.gov.bd
==================================================
[+] Domain exhausted. Finishing up: https://ansarvdp.faridgonj.chandpur.gov.bd
==================================================
[*] STARTING NEW DOMAIN: https://dls.shahrasti.chandpur.gov.bd
==================================================
[+] Domain exhausted. Finishing up: https://dls.shahrasti.chandpur.gov.bd
==================================================
[*] STARTING NEW DOMAIN: https://bodorkhaliup.barguna.gov.bd
==================================================
[+] Domain exhausted. Finishing up: https://bodorkhaliup.barguna.gov.bd
==================================================
[*] STARTING NEW DOMAIN: https://bbs.saltha.faridpur.gov.bd
==================================================
[+] Domain exhausted. Finishing up: https://bbs.saltha.faridpur.gov.bd
==================================================
[*] STARTING NEW DOMAIN: https://bwdb.jamalpur.gov.bd
==================================================
[+] Domain exhausted. Finishing up: https://bwdb.jamalpur.gov.bd
==================================================
[*] STARTING NEW DOMAIN: https://seo.tongibari.munshiganj.gov.bd
==================================================
[+] Domain exhausted. Finishing up: https://seo.tongibari.munshiganj.gov.bd
==================================================
[*] STARTING NEW DOMAIN: https://seo.zajira.shariatpur.gov.bd
==================================================
[+] Domain exhausted. Finishing up: https://seo.zajira.shariatpur.gov.bd
==================================================
[*] STARTING NEW DOMAIN: https://badc.thakurgaon.gov.bd
==================================================
[+] Domain exhausted. Finishing up: https://badc.thakurgaon.gov.bd
==================================================
[*] STARTING NEW DOMAIN: https://dwa.shyamnagar.satkhira.gov.bd
==================================================
[+] Domain exhausted. Finishing up: https://dwa.shyamnagar.satkhira.gov.bd
==================================================
[*] STARTING NEW DOMAIN: https://deb109690.dhakaeducationboard.gov.bd
==================================================
[+] Domain exhausted. Finishing up: https://deb109690.dhakaeducationboard.gov.bd
==================================================
[*] STARTING NEW DOMAIN: https://bnfe.bandarban.gov.bd
==================================================
[+] Domain exhausted. Finishing up: https://bnfe.bandarban.gov.bd
==================================================
[*] STARTING NEW DOMAIN: https://alambiditorup.rangpur.gov.bd
==================================================
[+] Domain exhausted. Finishing up: https://alambiditorup.rangpur.gov.bd
==================================================
[*] STARTING NEW DOMAIN: https://seo.borhanuddin.bhola.gov.bd
==================================================
[+] Domain exhausted. Finishing up: https://seo.borhanuddin.bhola.gov.bd
==================================================
[*] STARTING NEW DOMAIN: https://bitac.portal.gov.bd
==================================================
[+] Domain exhausted. Finishing up: https://bitac.portal.gov.bd
==================================================
[*] STARTING NEW DOMAIN: https://mail.msw.gov.bd
==================================================
[+] Domain exhausted. Finishing up: https://mail.msw.gov.bd
==================================================
[*] STARTING NEW DOMAIN: https://deb114081.dhakaeducationboard.gov.bd
==================================================
[+] Domain exhausted. Finishing up: https://deb114081.dhakaeducationboard.gov.bd
==================================================
[*] STARTING NEW DOMAIN: https://cooparative.sapahar.naogaon.gov.bd
==================================================
[+] Domain exhausted. Finishing up: https://cooparative.sapahar.naogaon.gov.bd
==================================================
[*] STARTING NEW DOMAIN: https://dls.sadar.bagerhat.gov.bd
==================================================
[+] Domain exhausted. Finishing up: https://dls.sadar.bagerhat.gov.bd
==================================================
[*] STARTING NEW DOMAIN: https://brdb.dhakadiv.gov.bd
==================================================
[+] Domain exhausted. Finishing up: https://brdb.dhakadiv.gov.bd
==================================================
[*] STARTING NEW DOMAIN: https://seo.bancharampur.brahmanbaria.gov.bd
==================================================
[+] Domain exhausted. Finishing up: https://seo.bancharampur.brahmanbaria.gov.bd
==================================================
[*] STARTING NEW DOMAIN: https://fsmf.netrokonasadar.netrokona.gov.bd
==================================================
[+] Domain exhausted. Finishing up: https://fsmf.netrokonasadar.netrokona.gov.bd
==================================================
[*] STARTING NEW DOMAIN: https://bahadurpursecondaryschoolmonirampur.jessoreboard.gov.bd
==================================================
[+] Domain exhausted. Finishing up: https://bahadurpursecondaryschoolmonirampur.jessoreboard.gov.bd
==================================================
[*] STARTING NEW DOMAIN: https://bbs.keshabpur.jessore.gov.bd
==================================================
[+] Domain exhausted. Finishing up: https://bbs.keshabpur.jessore.gov.bd
==================================================
[*] STARTING NEW DOMAIN: https://shiloyup.munshiganj.gov.bd
==================================================
[+] Domain exhausted. Finishing up: https://shiloyup.munshiganj.gov.bd
==================================================
[*] STARTING NEW DOMAIN: https://savings.satkhira.gov.bd
==================================================
[+] Domain exhausted. Finishing up: https://savings.satkhira.gov.bd
==================================================
[*] STARTING NEW DOMAIN: https://bwdb.chandpur.gov.bd
==================================================
[+] Domain exhausted. Finishing up: https://bwdb.chandpur.gov.bd
==================================================
[*] STARTING NEW DOMAIN: https://bbs.babuganj.barisal.gov.bd
==================================================
[+] Domain exhausted. Finishing up: https://bbs.babuganj.barisal.gov.bd
==================================================
[*] STARTING NEW DOMAIN: https://bgb.portal.gov.bd
==================================================
[+] Domain exhausted. Finishing up: https://bgb.portal.gov.bd
==================================================
[*] STARTING NEW DOMAIN: https://abuja.mofa.gov.bd
==================================================
[+] Domain exhausted. Finishing up: https://abuja.mofa.gov.bd
==================================================
[*] STARTING NEW DOMAIN: https://ec.kawkhali.pirojpur.gov.bd
==================================================
[+] Domain exhausted. Finishing up: https://ec.kawkhali.pirojpur.gov.bd
==================================================
[*] STARTING NEW DOMAIN: https://acl.nangalkot.comilla.gov.bd
==================================================
[+] Domain exhausted. Finishing up: https://acl.nangalkot.comilla.gov.bd
==================================================
[*] STARTING NEW DOMAIN: http://food.kabirhat.noakhali.gov.bd
==================================================
[+] Domain exhausted. Finishing up: http://food.kabirhat.noakhali.gov.bd
==================================================
[*] STARTING NEW DOMAIN: https://pallasecondarygirlsschool.jessoreboard.gov.bd
==================================================
[+] Domain exhausted. Finishing up: https://pallasecondarygirlsschool.jessoreboard.gov.bd
==================================================
[*] STARTING NEW DOMAIN: https://deb130667.dhakaeducationboard.gov.bd
==================================================
[+] Domain exhausted. Finishing up: https://deb130667.dhakaeducationboard.gov.bd
==================================================
[*] STARTING NEW DOMAIN: http://amcsecondaryschool.jessoreboard.gov.bd
==================================================
[+] Domain exhausted. Finishing up: http://amcsecondaryschool.jessoreboard.gov.bd
==================================================
[*] STARTING NEW DOMAIN: https://bbs.chatkhil.noakhali.gov.bd
==================================================
[+] Domain exhausted. Finishing up: https://bbs.chatkhil.noakhali.gov.bd
==================================================
[*] STARTING NEW DOMAIN: https://bangabasisecondaryschool.jessoreboard.gov.bd
==================================================
[+] Domain exhausted. Finishing up: https://bangabasisecondaryschool.jessoreboard.gov.bd
==================================================
[*] STARTING NEW DOMAIN: https://shahmahmudpurup.chandpur.gov.bd
==================================================
[+] Domain exhausted. Finishing up: https://shahmahmudpurup.chandpur.gov.bd
==================================================
[*] STARTING NEW DOMAIN: https://deb109484.dhakaeducationboard.gov.bd
==================================================
[+] Domain exhausted. Finishing up: https://deb109484.dhakaeducationboard.gov.bd
==================================================
[*] STARTING NEW DOMAIN: https://seed.chhatak.sunamganj.gov.bd
==================================================
[+] Domain exhausted. Finishing up: https://seed.chhatak.sunamganj.gov.bd
==================================================
[*] STARTING NEW DOMAIN: https://mail.dhakaeducationboard.gov.bd
==================================================
[+] Domain exhausted. Finishing up: https://mail.dhakaeducationboard.gov.bd
==================================================
[*] STARTING NEW DOMAIN: http://sr.pirgonj.rangpur.gov.bd
==================================================
[+] Domain exhausted. Finishing up: http://sr.pirgonj.rangpur.gov.bd
==================================================
[*] STARTING NEW DOMAIN: https://inheritance.dc-khagrachhari.gov.bd
==================================================
[+] Domain exhausted. Finishing up: https://inheritance.dc-khagrachhari.gov.bd
==================================================
[*] STARTING NEW DOMAIN: https://bhuriaup.patuakhali.gov.bd
==================================================
[+] Domain exhausted. Finishing up: https://bhuriaup.patuakhali.gov.bd
==================================================
[*] STARTING NEW DOMAIN: https://food.bagmara.rajshahi.gov.bd
==================================================
[+] Domain exhausted. Finishing up: https://food.bagmara.rajshahi.gov.bd
==================================================
[*] STARTING NEW DOMAIN: https://barabaldiasecondaryschool.jessoreboard.gov.bd
==================================================
[+] Domain exhausted. Finishing up: https://barabaldiasecondaryschool.jessoreboard.gov.bd
==================================================
[*] STARTING NEW DOMAIN: https://dumuriacollege.jessoreboard.gov.bd
==================================================
[+] Domain exhausted. Finishing up: https://dumuriacollege.jessoreboard.gov.bd
==================================================
[*] STARTING NEW DOMAIN: https://ansarvdp.tahirpur.sunamganj.gov.bd
==================================================
[+] Domain exhausted. Finishing up: https://ansarvdp.tahirpur.sunamganj.gov.bd
==================================================
[*] STARTING NEW DOMAIN: https://sheepurup.jamalpur.gov.bd
==================================================
[+] Domain exhausted. Finishing up: https://sheepurup.jamalpur.gov.bd
==================================================
[*] STARTING NEW DOMAIN: https://acl.bamna.barguna.gov.bd
==================================================
[+] Domain exhausted. Finishing up: https://acl.bamna.barguna.gov.bd
==================================================
[*] STARTING NEW DOMAIN: https://bscic.khulnadiv.gov.bd
==================================================
[+] Domain exhausted. Finishing up: https://bscic.khulnadiv.gov.bd
==================================================
[*] STARTING NEW DOMAIN: https://deb108215.dhakaeducationboard.gov.bd
==================================================
[+] Domain exhausted. Finishing up: https://deb108215.dhakaeducationboard.gov.bd
==================================================
[*] STARTING NEW DOMAIN: https://health.gouripur.mymensingh.gov.bd
==================================================
[+] Domain exhausted. Finishing up: https://health.gouripur.mymensingh.gov.bd
==================================================
[*] STARTING NEW DOMAIN: https://hcbalaghata.bandarban.gov.bd
==================================================
[+] Domain exhausted. Finishing up: https://hcbalaghata.bandarban.gov.bd
==================================================
[*] STARTING NEW DOMAIN: https://bcct.portal.gov.bd
==================================================
[+] Domain exhausted. Finishing up: https://bcct.portal.gov.bd
==================================================
[*] STARTING NEW DOMAIN: https://bbs.sylhet.gov.bd
==================================================
[+] Domain exhausted. Finishing up: https://bbs.sylhet.gov.bd
==================================================
[*] STARTING NEW DOMAIN: https://shamsurrahmansecondaryschool.jessoreboard.gov.bd
==================================================
[+] Domain exhausted. Finishing up: https://shamsurrahmansecondaryschool.jessoreboard.gov.bd
==================================================
[*] STARTING NEW DOMAIN: https://apexgirlssecondaryschool.jessoreboard.gov.bd
==================================================
[+] Domain exhausted. Finishing up: https://apexgirlssecondaryschool.jessoreboard.gov.bd
==================================================
[*] STARTING NEW DOMAIN: https://sherkhalisecondaryschool.jessoreboard.gov.bd
==================================================
[+] Domain exhausted. Finishing up: https://sherkhalisecondaryschool.jessoreboard.gov.bd
==================================================
[*] STARTING NEW DOMAIN: https://shilpakala.magura.gov.bd
==================================================
[+] Domain exhausted. Finishing up: https://shilpakala.magura.gov.bd
==================================================
[*] STARTING NEW DOMAIN: https://ebek.ruma.bandarban.gov.bd
==================================================
[+] Domain exhausted. Finishing up: https://ebek.ruma.bandarban.gov.bd
==================================================
[*] STARTING NEW DOMAIN: https://benapolecustoms.portal.gov.bd
==================================================
[+] Domain exhausted. Finishing up: https://benapolecustoms.portal.gov.bd
==================================================
[*] STARTING NEW DOMAIN: https://cooparative.fenchuganj.sylhet.gov.bd
==================================================
[+] Domain exhausted. Finishing up: https://cooparative.fenchuganj.sylhet.gov.bd
==================================================
[*] STARTING NEW DOMAIN: https://cooperative.bagmara.rajshahi.gov.bd
==================================================
[+] Domain exhausted. Finishing up: https://cooperative.bagmara.rajshahi.gov.bd
==================================================
[*] STARTING NEW DOMAIN: https://crmjuniorsecondaryschool.jessoreboard.gov.bd
==================================================
[+] Domain exhausted. Finishing up: https://crmjuniorsecondaryschool.jessoreboard.gov.bd
==================================================
[*] STARTING NEW DOMAIN: https://coop.araihazar.narayanganj.gov.bd
==================================================
[+] Domain exhausted. Finishing up: https://coop.araihazar.narayanganj.gov.bd
==================================================
[*] STARTING NEW DOMAIN: https://chrdc.gov.bd
==================================================
[+] Domain exhausted. Finishing up: https://chrdc.gov.bd
==================================================
[*] STARTING NEW DOMAIN: https://cooparative.feni.gov.bd
==================================================
[+] Domain exhausted. Finishing up: https://cooparative.feni.gov.bd
==================================================
[*] STARTING NEW DOMAIN: https://sfdf.kulaura.moulvibazar.gov.bd
==================================================
[+] Domain exhausted. Finishing up: https://sfdf.kulaura.moulvibazar.gov.bd
==================================================
[*] STARTING NEW DOMAIN: https://bajitkhilaup.sherpur.gov.bd
==================================================
[+] Domain exhausted. Finishing up: https://bajitkhilaup.sherpur.gov.bd
==================================================
[*] STARTING NEW DOMAIN: https://cooparative.satkania.chittagong.gov.bd
==================================================
[+] Domain exhausted. Finishing up: https://cooparative.satkania.chittagong.gov.bd
==================================================
[*] STARTING NEW DOMAIN: https://dae.phulchari.gaibandha.gov.bd
==================================================
[+] Domain exhausted. Finishing up: https://dae.phulchari.gaibandha.gov.bd
==================================================
[*] STARTING NEW DOMAIN: https://customer.bgdcl.gov.bd
==================================================
[+] Domain exhausted. Finishing up: https://customer.bgdcl.gov.bd
==================================================
[*] STARTING NEW DOMAIN: https://deb110045.dhakaeducationboard.gov.bd
==================================================
[+] Domain exhausted. Finishing up: https://deb110045.dhakaeducationboard.gov.bd
==================================================
[*] STARTING NEW DOMAIN: https://dae.assasuni.satkhira.gov.bd
==================================================
[+] Domain exhausted. Finishing up: https://dae.assasuni.satkhira.gov.bd
==================================================
[*] STARTING NEW DOMAIN: https://dae.botiaghata.khulna.gov.bd
==================================================
[+] Domain exhausted. Finishing up: https://dae.botiaghata.khulna.gov.bd
==================================================
[*] STARTING NEW DOMAIN: https://chikajaniup.jamalpur.gov.bd
==================================================
[+] Domain exhausted. Finishing up: https://chikajaniup.jamalpur.gov.bd
==================================================
[*] STARTING NEW DOMAIN: https://eed.faridpur.gov.bd
==================================================
[+] Domain exhausted. Finishing up: https://eed.faridpur.gov.bd
==================================================
[*] STARTING NEW DOMAIN: https://ansarvdp.rajarhat.kurigram.gov.bd
==================================================
[+] Domain exhausted. Finishing up: https://ansarvdp.rajarhat.kurigram.gov.bd
==================================================
[*] STARTING NEW DOMAIN: https://deb108634.dhakaeducationboard.gov.bd
==================================================
[+] Domain exhausted. Finishing up: https://deb108634.dhakaeducationboard.gov.bd
==================================================
[*] STARTING NEW DOMAIN: https://ec.jaldhaka.nilphamari.gov.bd
==================================================
[+] Domain exhausted. Finishing up: https://ec.jaldhaka.nilphamari.gov.bd
==================================================
[*] STARTING NEW DOMAIN: https://ansarvdp.mongla.bagerhat.gov.bd
==================================================
[+] Domain exhausted. Finishing up: https://ansarvdp.mongla.bagerhat.gov.bd
==================================================
[*] STARTING NEW DOMAIN: https://cooparative.tarakanda.mymensingh.gov.bd
==================================================
[+] Domain exhausted. Finishing up: https://cooparative.tarakanda.mymensingh.gov.bd
==================================================
[*] STARTING NEW DOMAIN: https://deb110182.dhakaeducationboard.gov.bd
==================================================
[+] Domain exhausted. Finishing up: https://deb110182.dhakaeducationboard.gov.bd
==================================================
[*] STARTING NEW DOMAIN: https://ec.brahmanpara.comilla.gov.bd
==================================================
[+] Domain exhausted. Finishing up: https://ec.brahmanpara.comilla.gov.bd
==================================================
[*] STARTING NEW DOMAIN: https://coop.sadar.lakshmipur.gov.bd
==================================================
[+] Domain exhausted. Finishing up: https://coop.sadar.lakshmipur.gov.bd
==================================================
[*] STARTING NEW DOMAIN: https://deb131521.dhakaeducationboard.gov.bd
==================================================
[+] Domain exhausted. Finishing up: https://deb131521.dhakaeducationboard.gov.bd
==================================================
[*] STARTING NEW DOMAIN: https://deb110078.dhakaeducationboard.gov.bd
==================================================
[+] Domain exhausted. Finishing up: https://deb110078.dhakaeducationboard.gov.bd
==================================================
[*] STARTING NEW DOMAIN: https://po.barguna.gov.bd
==================================================
[+] Domain exhausted. Finishing up: https://po.barguna.gov.bd
==================================================
[*] STARTING NEW DOMAIN: https://sheikhfazilatunnessamujibgirlshighschool.jessoreboard.gov.bd
==================================================
[+] Domain exhausted. Finishing up: https://sheikhfazilatunnessamujibgirlshighschool.jessoreboard.gov.bd
==================================================
[*] STARTING NEW DOMAIN: https://deb110820.dhakaeducationboard.gov.bd
==================================================
[+] Domain exhausted. Finishing up: https://deb110820.dhakaeducationboard.gov.bd
==================================================
[*] STARTING NEW DOMAIN: https://ebek.katiadi.kishoreganj.gov.bd
==================================================
[+] Domain exhausted. Finishing up: https://ebek.katiadi.kishoreganj.gov.bd
==================================================
[*] STARTING NEW DOMAIN: https://cooparative.barlekha.moulvibazar.gov.bd
==================================================
[+] Domain exhausted. Finishing up: https://cooparative.barlekha.moulvibazar.gov.bd
==================================================
[*] STARTING NEW DOMAIN: https://seo.shibpur.narsingdi.gov.bd
==================================================
[+] Domain exhausted. Finishing up: https://seo.shibpur.narsingdi.gov.bd
==================================================
[*] STARTING NEW DOMAIN: https://sec.gov.bd
==================================================
[+] Domain exhausted. Finishing up: https://sec.gov.bd
==================================================
[*] STARTING NEW DOMAIN: https://dwa.joypurhatsadar.joypurhat.gov.bd
==================================================
[+] Domain exhausted. Finishing up: https://dwa.joypurhatsadar.joypurhat.gov.bd
==================================================
[*] STARTING NEW DOMAIN: http://shdappointment.sreda.gov.bd
==================================================
[+] Domain exhausted. Finishing up: http://shdappointment.sreda.gov.bd
==================================================
[*] STARTING NEW DOMAIN: https://customs.chuadanga.gov.bd
==================================================
[+] Domain exhausted. Finishing up: https://customs.chuadanga.gov.bd
==================================================
[*] STARTING NEW DOMAIN: https://hrwt.rajshahi.gov.bd
==================================================
[+] Domain exhausted. Finishing up: https://hrwt.rajshahi.gov.bd
==================================================
[*] STARTING NEW DOMAIN: https://dwa.hatibandha.lalmonirhat.gov.bd
==================================================
[+] Domain exhausted. Finishing up: https://dwa.hatibandha.lalmonirhat.gov.bd
==================================================
[*] STARTING NEW DOMAIN: https://coop.rajshahidiv.gov.bd
==================================================
[+] Domain exhausted. Finishing up: https://coop.rajshahidiv.gov.bd
==================================================
[*] STARTING NEW DOMAIN: https://bhangbariasecondaryschool.jessoreboard.gov.bd
==================================================
[+] Domain exhausted. Finishing up: https://bhangbariasecondaryschool.jessoreboard.gov.bd
==================================================
[*] STARTING NEW DOMAIN: https://acl.kalaroa.satkhira.gov.bd
==================================================
[+] Domain exhausted. Finishing up: https://acl.kalaroa.satkhira.gov.bd
==================================================
[*] STARTING NEW DOMAIN: https://cooparative.monohargonj.comilla.gov.bd
==================================================
[+] Domain exhausted. Finishing up: https://cooparative.monohargonj.comilla.gov.bd
==================================================
[*] STARTING NEW DOMAIN: https://cooparative.karimgonj.kishoreganj.gov.bd
==================================================
[+] Domain exhausted. Finishing up: https://cooparative.karimgonj.kishoreganj.gov.bd
==================================================
[*] STARTING NEW DOMAIN: https://cs.jhenaidah.gov.bd
==================================================
[+] Domain exhausted. Finishing up: https://cs.jhenaidah.gov.bd
==================================================
[*] STARTING NEW DOMAIN: https://coop.barkal.rangamati.gov.bd
==================================================
[+] Domain exhausted. Finishing up: https://coop.barkal.rangamati.gov.bd
==================================================
[*] STARTING NEW DOMAIN: https://alauddinbiswasmodelacademy.jessoreboard.gov.bd
==================================================
[+] Domain exhausted. Finishing up: https://alauddinbiswasmodelacademy.jessoreboard.gov.bd
==================================================
[*] STARTING NEW DOMAIN: https://amtali.barguna.gov.bd
==================================================
[+] Domain exhausted. Finishing up: https://amtali.barguna.gov.bd
==================================================
[*] STARTING NEW DOMAIN: https://seo.sadarsouth.comilla.gov.bd
==================================================
[+] Domain exhausted. Finishing up: https://seo.sadarsouth.comilla.gov.bd
==================================================
[*] STARTING NEW DOMAIN: https://ebek.khetlal.joypurhat.gov.bd
==================================================
[+] Domain exhausted. Finishing up: https://ebek.khetlal.joypurhat.gov.bd
==================================================
[*] STARTING NEW DOMAIN: https://deb109920.dhakaeducationboard.gov.bd
==================================================
[+] Domain exhausted. Finishing up: https://deb109920.dhakaeducationboard.gov.bd
==================================================
[*] STARTING NEW DOMAIN: https://doj.domar.nilphamari.gov.bd
==================================================
[+] Domain exhausted. Finishing up: https://doj.domar.nilphamari.gov.bd
==================================================
[*] STARTING NEW DOMAIN: https://dwa.mohonpur.rajshahi.gov.bd
==================================================
[+] Domain exhausted. Finishing up: https://dwa.mohonpur.rajshahi.gov.bd
==================================================
[*] STARTING NEW DOMAIN: https://fpo.narayanganj.gov.bd
==================================================
[+] Domain exhausted. Finishing up: https://fpo.narayanganj.gov.bd
==================================================
[*] STARTING NEW DOMAIN: https://dae.ghatail.tangail.gov.bd
==================================================
[+] Domain exhausted. Finishing up: https://dae.ghatail.tangail.gov.bd
==================================================
[*] STARTING NEW DOMAIN: https://dwa.mollahat.bagerhat.gov.bd
==================================================
[+] Domain exhausted. Finishing up: https://dwa.mollahat.bagerhat.gov.bd
==================================================
[*] STARTING NEW DOMAIN: https://sfdf.hossainpur.kishoreganj.gov.bd
==================================================
[+] Domain exhausted. Finishing up: https://sfdf.hossainpur.kishoreganj.gov.bd
==================================================
[*] STARTING NEW DOMAIN: https://dae.kaliganj.gazipur.gov.bd
==================================================
[+] Domain exhausted. Finishing up: https://dae.kaliganj.gazipur.gov.bd
==================================================
[*] STARTING NEW DOMAIN: https://deb110304.dhakaeducationboard.gov.bd
==================================================
[+] Domain exhausted. Finishing up: https://deb110304.dhakaeducationboard.gov.bd
==================================================
[*] STARTING NEW DOMAIN: https://bbs.companiganj.sylhet.gov.bd
==================================================
[+] Domain exhausted. Finishing up: https://bbs.companiganj.sylhet.gov.bd
==================================================
[*] STARTING NEW DOMAIN: https://deb109682.dhakaeducationboard.gov.bd
==================================================
[+] Domain exhausted. Finishing up: https://deb109682.dhakaeducationboard.gov.bd
==================================================
[*] STARTING NEW DOMAIN: http://dwa.boda.panchagarh.gov.bd
==================================================
[+] Domain exhausted. Finishing up: http://dwa.boda.panchagarh.gov.bd
==================================================
[*] STARTING NEW DOMAIN: https://baolaup.mymensingh.gov.bd
==================================================
[+] Domain exhausted. Finishing up: https://baolaup.mymensingh.gov.bd
==================================================
[*] STARTING NEW DOMAIN: https://ebek.melandah.jamalpur.gov.bd
==================================================
[+] Domain exhausted. Finishing up: https://ebek.melandah.jamalpur.gov.bd
==================================================
[*] STARTING NEW DOMAIN: https://cs.naogaon.gov.bd
==================================================
[+] Domain exhausted. Finishing up: https://cs.naogaon.gov.bd
==================================================
[*] STARTING NEW DOMAIN: https://ansarvdp.kanaighat.sylhet.gov.bd
==================================================
[+] Domain exhausted. Finishing up: https://ansarvdp.kanaighat.sylhet.gov.bd
==================================================
[*] STARTING NEW DOMAIN: https://cooparative.gajaria.munshiganj.gov.bd
==================================================
[+] Domain exhausted. Finishing up: https://cooparative.gajaria.munshiganj.gov.bd
==================================================
[*] STARTING NEW DOMAIN: https://bidyabithisecondaryschool.jessoreboard.gov.bd
==================================================
[+] Domain exhausted. Finishing up: https://bidyabithisecondaryschool.jessoreboard.gov.bd
==================================================
[*] STARTING NEW DOMAIN: https://deb109670.dhakaeducationboard.gov.bd
==================================================
[+] Domain exhausted. Finishing up: https://deb109670.dhakaeducationboard.gov.bd
==================================================
[*] STARTING NEW DOMAIN: https://eed.derai.sunamganj.gov.bd
==================================================
[+] Domain exhausted. Finishing up: https://eed.derai.sunamganj.gov.bd
==================================================
[*] STARTING NEW DOMAIN: https://dwa.nabinagar.brahmanbaria.gov.bd
==================================================
[+] Domain exhausted. Finishing up: https://dwa.nabinagar.brahmanbaria.gov.bd
==================================================
[*] STARTING NEW DOMAIN: https://deb109665.dhakaeducationboard.gov.bd
==================================================
[+] Domain exhausted. Finishing up: https://deb109665.dhakaeducationboard.gov.bd
==================================================
[*] STARTING NEW DOMAIN: https://cooparative.wazirpur.barisal.gov.bd
==================================================
[+] Domain exhausted. Finishing up: https://cooparative.wazirpur.barisal.gov.bd
==================================================
[*] STARTING NEW DOMAIN: https://ebek.charfesson.bhola.gov.bd
==================================================
[+] Domain exhausted. Finishing up: https://ebek.charfesson.bhola.gov.bd
==================================================
[*] STARTING NEW DOMAIN: https://balianup.mymensingh.gov.bd
==================================================
[+] Domain exhausted. Finishing up: https://balianup.mymensingh.gov.bd
==================================================
[*] STARTING NEW DOMAIN: https://brtcdepot.tungipara.gopalganj.gov.bd
==================================================
[+] Domain exhausted. Finishing up: https://brtcdepot.tungipara.gopalganj.gov.bd
==================================================
[*] STARTING NEW DOMAIN: https://dwa.keshabpur.jessore.gov.bd
==================================================
[+] Domain exhausted. Finishing up: https://dwa.keshabpur.jessore.gov.bd
==================================================
[*] STARTING NEW DOMAIN: https://oddrs.bwdb.gov.bd
==================================================
[+] Domain exhausted. Finishing up: https://oddrs.bwdb.gov.bd
==================================================
[*] STARTING NEW DOMAIN: https://lged.morrelganj.bagerhat.gov.bd
==================================================
[+] Domain exhausted. Finishing up: https://lged.morrelganj.bagerhat.gov.bd
==================================================
[*] STARTING NEW DOMAIN: https://chandkhaliup.khulna.gov.bd
==================================================
[+] Domain exhausted. Finishing up: https://chandkhaliup.khulna.gov.bd
==================================================
[*] STARTING NEW DOMAIN: https://food.banshkhali.chittagong.gov.bd
==================================================
[+] Domain exhausted. Finishing up: https://food.banshkhali.chittagong.gov.bd
==================================================
[*] STARTING NEW DOMAIN: https://dao.islampur.jamalpur.gov.bd
==================================================
[+] Domain exhausted. Finishing up: https://dao.islampur.jamalpur.gov.bd
==================================================
[*] STARTING NEW DOMAIN: https://deb108569.dhakaeducationboard.gov.bd
==================================================
[+] Domain exhausted. Finishing up: https://deb108569.dhakaeducationboard.gov.bd
==================================================
[*] STARTING NEW DOMAIN: https://brdb.abhaynagar.jessore.gov.bd
==================================================
[+] Domain exhausted. Finishing up: https://brdb.abhaynagar.jessore.gov.bd
==================================================
[*] STARTING NEW DOMAIN: https://chandanpursecondaryschool.jessoreboard.gov.bd
==================================================
[+] Domain exhausted. Finishing up: https://chandanpursecondaryschool.jessoreboard.gov.bd
==================================================
[*] STARTING NEW DOMAIN: https://deb108835.dhakaeducationboard.gov.bd
==================================================
[+] Domain exhausted. Finishing up: https://deb108835.dhakaeducationboard.gov.bd
==================================================
[*] STARTING NEW DOMAIN: https://dao.chunarughat.habiganj.gov.bd
==================================================
[+] Domain exhausted. Finishing up: https://dao.chunarughat.habiganj.gov.bd
==================================================
[*] STARTING NEW DOMAIN: http://abdulhaquesecondarygirlsschool.jessoreboard.gov.bd
==================================================
[+] Domain exhausted. Finishing up: http://abdulhaquesecondarygirlsschool.jessoreboard.gov.bd
==================================================
[*] STARTING NEW DOMAIN: https://deb110453.dhakaeducationboard.gov.bd
==================================================
[+] Domain exhausted. Finishing up: https://deb110453.dhakaeducationboard.gov.bd
==================================================
[*] STARTING NEW DOMAIN: https://dae.teknaf.coxsbazar.gov.bd
==================================================
[+] Domain exhausted. Finishing up: https://dae.teknaf.coxsbazar.gov.bd
==================================================
[*] STARTING NEW DOMAIN: https://dao.pirojpur.gov.bd
==================================================
[+] Domain exhausted. Finishing up: https://dao.pirojpur.gov.bd
==================================================
[*] STARTING NEW DOMAIN: https://dls.subarnachar.noakhali.gov.bd
==================================================
[+] Domain exhausted. Finishing up: https://dls.subarnachar.noakhali.gov.bd
==================================================
[*] STARTING NEW DOMAIN: https://bsti.feni.gov.bd
==================================================
[+] Domain exhausted. Finishing up: https://bsti.feni.gov.bd
==================================================
[*] STARTING NEW DOMAIN: https://acl.jagannathpur.sunamganj.gov.bd
==================================================
[+] Domain exhausted. Finishing up: https://acl.jagannathpur.sunamganj.gov.bd
==================================================
[*] STARTING NEW DOMAIN: https://deb111180.dhakaeducationboard.gov.bd
==================================================
[+] Domain exhausted. Finishing up: https://deb111180.dhakaeducationboard.gov.bd
==================================================
[*] STARTING NEW DOMAIN: https://bemortagirlssecondaryschool.jessoreboard.gov.bd
==================================================
[+] Domain exhausted. Finishing up: https://bemortagirlssecondaryschool.jessoreboard.gov.bd
==================================================
[*] STARTING NEW DOMAIN: https://ccb.gov.bd
==================================================
[+] Domain exhausted. Finishing up: https://ccb.gov.bd
==================================================
[*] STARTING NEW DOMAIN: https://bmet.khulnadiv.gov.bd
==================================================
[+] Domain exhausted. Finishing up: https://bmet.khulnadiv.gov.bd
==================================================
[*] STARTING NEW DOMAIN: https://agailjhara.barisal.gov.bd
==================================================
[+] Domain exhausted. Finishing up: https://agailjhara.barisal.gov.bd
==================================================
[*] STARTING NEW DOMAIN: https://deb111359.dhakaeducationboard.gov.bd
==================================================
[+] Domain exhausted. Finishing up: https://deb111359.dhakaeducationboard.gov.bd
==================================================
[*] STARTING NEW DOMAIN: https://pragpurcollege.jessoreboard.gov.bd
==================================================
[+] Domain exhausted. Finishing up: https://pragpurcollege.jessoreboard.gov.bd
==================================================
[*] STARTING NEW DOMAIN: https://shahidsirajuddinhossaincollegekhajura.jessoreboard.gov.bd
==================================================
[+] Domain exhausted. Finishing up: https://shahidsirajuddinhossaincollegekhajura.jessoreboard.gov.bd
==================================================
[*] STARTING NEW DOMAIN: https://deb110942.dhakaeducationboard.gov.bd
==================================================
[+] Domain exhausted. Finishing up: https://deb110942.dhakaeducationboard.gov.bd
==================================================
[*] STARTING NEW DOMAIN: http://pdbf.atpara.netrokona.gov.bd
==================================================
[+] Domain exhausted. Finishing up: http://pdbf.atpara.netrokona.gov.bd
==================================================
[*] STARTING NEW DOMAIN: https://deb107866.dhakaeducationboard.gov.bd
==================================================
[+] Domain exhausted. Finishing up: https://deb107866.dhakaeducationboard.gov.bd
==================================================
[*] STARTING NEW DOMAIN: https://araishidhaup.brahmanbaria.gov.bd
==================================================
[+] Domain exhausted. Finishing up: https://araishidhaup.brahmanbaria.gov.bd
==================================================
[*] STARTING NEW DOMAIN: https://dae.thakurgaon.gov.bd
==================================================
[+] Domain exhausted. Finishing up: https://dae.thakurgaon.gov.bd
==================================================
[*] STARTING NEW DOMAIN: http://abadchandipursecondaryschool.jessoreboard.gov.bd
==================================================
[+] Domain exhausted. Finishing up: http://abadchandipursecondaryschool.jessoreboard.gov.bd
==================================================
[*] STARTING NEW DOMAIN: https://dls.chitalmari.bagerhat.gov.bd
==================================================
[+] Domain exhausted. Finishing up: https://dls.chitalmari.bagerhat.gov.bd
==================================================
[*] STARTING NEW DOMAIN: https://bwdb.kurigram.gov.bd
==================================================
[+] Domain exhausted. Finishing up: https://bwdb.kurigram.gov.bd
==================================================
[*] STARTING NEW DOMAIN: https://deb110961.dhakaeducationboard.gov.bd
==================================================
[+] Domain exhausted. Finishing up: https://deb110961.dhakaeducationboard.gov.bd
==================================================
[*] STARTING NEW DOMAIN: https://deb111000.dhakaeducationboard.gov.bd
==================================================
[+] Domain exhausted. Finishing up: https://deb111000.dhakaeducationboard.gov.bd
==================================================
[*] STARTING NEW DOMAIN: https://fsmf.sylhetsadar.sylhet.gov.bd
==================================================
[+] Domain exhausted. Finishing up: https://fsmf.sylhetsadar.sylhet.gov.bd
==================================================
[*] STARTING NEW DOMAIN: https://lged.manirampur.jessore.gov.bd
==================================================
[+] Domain exhausted. Finishing up: https://lged.manirampur.jessore.gov.bd
==================================================
[*] STARTING NEW DOMAIN: https://jute.gournadi.barisal.gov.bd
==================================================
[+] Domain exhausted. Finishing up: https://jute.gournadi.barisal.gov.bd
==================================================
[*] STARTING NEW DOMAIN: https://badcfertilizer.dhaka.gov.bd
==================================================
[+] Domain exhausted. Finishing up: https://badcfertilizer.dhaka.gov.bd
==================================================
[*] STARTING NEW DOMAIN: https://acl.gosairhat.shariatpur.gov.bd
==================================================
[+] Domain exhausted. Finishing up: https://acl.gosairhat.shariatpur.gov.bd
==================================================
[*] STARTING NEW DOMAIN: http://mohonpurup.dinajpur.gov.bd
==================================================
[+] Domain exhausted. Finishing up: http://mohonpurup.dinajpur.gov.bd
==================================================
[*] STARTING NEW DOMAIN: https://dae.tongibari.munshiganj.gov.bd
==================================================
[+] Domain exhausted. Finishing up: https://dae.tongibari.munshiganj.gov.bd
==================================================
[*] STARTING NEW DOMAIN: https://pio.sarishabari.jamalpur.gov.bd
==================================================
[+] Domain exhausted. Finishing up: https://pio.sarishabari.jamalpur.gov.bd
==================================================
[*] STARTING NEW DOMAIN: https://deb111567.dhakaeducationboard.gov.bd
==================================================
[+] Domain exhausted. Finishing up: https://deb111567.dhakaeducationboard.gov.bd
==================================================
[*] STARTING NEW DOMAIN: https://sbc.gov.bd
==================================================
[+] Domain exhausted. Finishing up: https://sbc.gov.bd
==================================================
[*] STARTING NEW DOMAIN: https://dam.jhenaidah.gov.bd
==================================================
[+] Domain exhausted. Finishing up: https://dam.jhenaidah.gov.bd
==================================================
[*] STARTING NEW DOMAIN: https://deb134800.dhakaeducationboard.gov.bd
==================================================
[+] Domain exhausted. Finishing up: https://deb134800.dhakaeducationboard.gov.bd
==================================================
[*] STARTING NEW DOMAIN: https://deb108356.dhakaeducationboard.gov.bd
==================================================
[+] Domain exhausted. Finishing up: https://deb108356.dhakaeducationboard.gov.bd
==================================================
[*] STARTING NEW DOMAIN: https://deb112795.dhakaeducationboard.gov.bd
==================================================
[+] Domain exhausted. Finishing up: https://deb112795.dhakaeducationboard.gov.bd
==================================================
[*] STARTING NEW DOMAIN: https://deb108177.dhakaeducationboard.gov.bd
==================================================
[+] Domain exhausted. Finishing up: https://deb108177.dhakaeducationboard.gov.bd
==================================================
[*] STARTING NEW DOMAIN: https://deb114503.dhakaeducationboard.gov.bd
==================================================
[+] Domain exhausted. Finishing up: https://deb114503.dhakaeducationboard.gov.bd
==================================================
[*] STARTING NEW DOMAIN: https://deb111423.dhakaeducationboard.gov.bd
==================================================
[+] Domain exhausted. Finishing up: https://deb111423.dhakaeducationboard.gov.bd
==================================================
[*] STARTING NEW DOMAIN: https://deb107861.dhakaeducationboard.gov.bd
==================================================
[+] Domain exhausted. Finishing up: https://deb107861.dhakaeducationboard.gov.bd
==================================================
[*] STARTING NEW DOMAIN: https://deb108809.dhakaeducationboard.gov.bd
==================================================
[+] Domain exhausted. Finishing up: https://deb108809.dhakaeducationboard.gov.bd
==================================================
[*] STARTING NEW DOMAIN: https://deb111425.dhakaeducationboard.gov.bd
==================================================
[+] Domain exhausted. Finishing up: https://deb111425.dhakaeducationboard.gov.bd
==================================================
[*] STARTING NEW DOMAIN: https://deb112403.dhakaeducationboard.gov.bd
==================================================
[+] Domain exhausted. Finishing up: https://deb112403.dhakaeducationboard.gov.bd
==================================================
[*] STARTING NEW DOMAIN: https://aic.manikganj.gov.bd
==================================================
[+] Domain exhausted. Finishing up: https://aic.manikganj.gov.bd
==================================================
[*] STARTING NEW DOMAIN: https://ansarvdp.rajshahi.gov.bd
==================================================
[+] Domain exhausted. Finishing up: https://ansarvdp.rajshahi.gov.bd
==================================================
[*] STARTING NEW DOMAIN: https://deb112226.dhakaeducationboard.gov.bd
==================================================
[+] Domain exhausted. Finishing up: https://deb112226.dhakaeducationboard.gov.bd
==================================================
[*] STARTING NEW DOMAIN: https://dss.kachua.chandpur.gov.bd
==================================================
[+] Domain exhausted. Finishing up: https://dss.kachua.chandpur.gov.bd
==================================================
[*] STARTING NEW DOMAIN: https://deb100001.dhakaeducationboard.gov.bd
==================================================
[+] Domain exhausted. Finishing up: https://deb100001.dhakaeducationboard.gov.bd
==================================================
[*] STARTING NEW DOMAIN: https://deb108671.dhakaeducationboard.gov.bd
==================================================
[+] Domain exhausted. Finishing up: https://deb108671.dhakaeducationboard.gov.bd
==================================================
[*] STARTING NEW DOMAIN: https://ais.bandarban.gov.bd
==================================================
[+] Domain exhausted. Finishing up: https://ais.bandarban.gov.bd
==================================================
[*] STARTING NEW DOMAIN: https://dphe.gaibandhasadar.gaibandha.gov.bd
==================================================
[+] Domain exhausted. Finishing up: https://dphe.gaibandhasadar.gaibandha.gov.bd
==================================================
[*] STARTING NEW DOMAIN: https://harsbari.khagrachhari.gov.bd
==================================================
[+] Domain exhausted. Finishing up: https://harsbari.khagrachhari.gov.bd
==================================================
[*] STARTING NEW DOMAIN: https://asu.birol.dinajpur.gov.bd
==================================================
[+] Domain exhausted. Finishing up: https://asu.birol.dinajpur.gov.bd
==================================================
[*] STARTING NEW DOMAIN: https://deb108956.dhakaeducationboard.gov.bd
==================================================
[+] Domain exhausted. Finishing up: https://deb108956.dhakaeducationboard.gov.bd
==================================================
[*] STARTING NEW DOMAIN: https://acl.bagha.rajshahi.gov.bd
==================================================
[+] Domain exhausted. Finishing up: https://acl.bagha.rajshahi.gov.bd
==================================================
[*] STARTING NEW DOMAIN: https://acl.bhuapur.tangail.gov.bd
==================================================
[+] Domain exhausted. Finishing up: https://acl.bhuapur.tangail.gov.bd
==================================================
[*] STARTING NEW DOMAIN: https://dao.dhunot.bogra.gov.bd
==================================================
[+] Domain exhausted. Finishing up: https://dao.dhunot.bogra.gov.bd
==================================================
[*] STARTING NEW DOMAIN: https://deb111093.dhakaeducationboard.gov.bd
==================================================
[+] Domain exhausted. Finishing up: https://deb111093.dhakaeducationboard.gov.bd
==================================================
[*] STARTING NEW DOMAIN: https://deb108967.dhakaeducationboard.gov.bd
==================================================
[+] Domain exhausted. Finishing up: https://deb108967.dhakaeducationboard.gov.bd
==================================================
[*] STARTING NEW DOMAIN: https://seo.kalaroa.satkhira.gov.bd
==================================================
[+] Domain exhausted. Finishing up: https://seo.kalaroa.satkhira.gov.bd
==================================================
[*] STARTING NEW DOMAIN: https://deb110758.dhakaeducationboard.gov.bd
==================================================
[+] Domain exhausted. Finishing up: https://deb110758.dhakaeducationboard.gov.bd
==================================================
[*] STARTING NEW DOMAIN: https://deb112305.dhakaeducationboard.gov.bd
==================================================
[+] Domain exhausted. Finishing up: https://deb112305.dhakaeducationboard.gov.bd
==================================================
[*] STARTING NEW DOMAIN: https://deb112718.dhakaeducationboard.gov.bd
==================================================
[+] Domain exhausted. Finishing up: https://deb112718.dhakaeducationboard.gov.bd
==================================================
[*] STARTING NEW DOMAIN: https://deb111306.dhakaeducationboard.gov.bd
==================================================
[+] Domain exhausted. Finishing up: https://deb111306.dhakaeducationboard.gov.bd
==================================================
[*] STARTING NEW DOMAIN: https://deb111886.dhakaeducationboard.gov.bd
==================================================
[+] Domain exhausted. Finishing up: https://deb111886.dhakaeducationboard.gov.bd
==================================================
[*] STARTING NEW DOMAIN: https://deb112304.dhakaeducationboard.gov.bd
==================================================
[+] Domain exhausted. Finishing up: https://deb112304.dhakaeducationboard.gov.bd
==================================================
[*] STARTING NEW DOMAIN: https://ebek.pabnasadar.pabna.gov.bd
==================================================
[+] Domain exhausted. Finishing up: https://ebek.pabnasadar.pabna.gov.bd
==================================================
[*] STARTING NEW DOMAIN: https://post.guimara.khagrachhari.gov.bd
==================================================
[+] Domain exhausted. Finishing up: https://post.guimara.khagrachhari.gov.bd
==================================================
[*] STARTING NEW DOMAIN: https://ec.ruma.bandarban.gov.bd
==================================================
[+] Domain exhausted. Finishing up: https://ec.ruma.bandarban.gov.bd
==================================================
[*] STARTING NEW DOMAIN: https://ec.kurigramsadar.kurigram.gov.bd
==================================================
[+] Domain exhausted. Finishing up: https://ec.kurigramsadar.kurigram.gov.bd
==================================================
[*] STARTING NEW DOMAIN: https://ansarvdp.chilmari.kurigram.gov.bd
==================================================
[+] Domain exhausted. Finishing up: https://ansarvdp.chilmari.kurigram.gov.bd
==================================================
[*] STARTING NEW DOMAIN: https://deb112600.dhakaeducationboard.gov.bd
==================================================
[+] Domain exhausted. Finishing up: https://deb112600.dhakaeducationboard.gov.bd
==================================================
[*] STARTING NEW DOMAIN: https://deb113994.dhakaeducationboard.gov.bd
==================================================
[+] Domain exhausted. Finishing up: https://deb113994.dhakaeducationboard.gov.bd
==================================================
[*] STARTING NEW DOMAIN: https://deb113197.dhakaeducationboard.gov.bd
==================================================
[+] Domain exhausted. Finishing up: https://deb113197.dhakaeducationboard.gov.bd
==================================================
[*] STARTING NEW DOMAIN: https://eed.nawabganj.dhaka.gov.bd
==================================================
[+] Domain exhausted. Finishing up: https://eed.nawabganj.dhaka.gov.bd
==================================================
[*] STARTING NEW DOMAIN: http://abhayacharansecondaryschool.jessoreboard.gov.bd
==================================================
[+] Domain exhausted. Finishing up: http://abhayacharansecondaryschool.jessoreboard.gov.bd
==================================================
[*] STARTING NEW DOMAIN: https://ec.alikadam.bandarban.gov.bd
==================================================
[+] Domain exhausted. Finishing up: https://ec.alikadam.bandarban.gov.bd
==================================================
[*] STARTING NEW DOMAIN: https://post.shalla.sunamganj.gov.bd
==================================================
[+] Domain exhausted. Finishing up: https://post.shalla.sunamganj.gov.bd
==================================================
[*] STARTING NEW DOMAIN: https://deb111869.dhakaeducationboard.gov.bd
==================================================
[+] Domain exhausted. Finishing up: https://deb111869.dhakaeducationboard.gov.bd
==================================================
[*] STARTING NEW DOMAIN: https://pbs2.sujanagar.pabna.gov.bd
==================================================
[+] Domain exhausted. Finishing up: https://pbs2.sujanagar.pabna.gov.bd
==================================================
[*] STARTING NEW DOMAIN: https://pbs.madhabpur.habiganj.gov.bd
==================================================
[+] Domain exhausted. Finishing up: https://pbs.madhabpur.habiganj.gov.bd
==================================================
[*] STARTING NEW DOMAIN: https://deb113729.dhakaeducationboard.gov.bd
==================================================
[+] Domain exhausted. Finishing up: https://deb113729.dhakaeducationboard.gov.bd
==================================================
[*] STARTING NEW DOMAIN: https://pbs.tahirpur.sunamganj.gov.bd
==================================================
[+] Domain exhausted. Finishing up: https://pbs.tahirpur.sunamganj.gov.bd
==================================================
[*] STARTING NEW DOMAIN: https://ekeb.lohagara.chittagong.gov.bd
==================================================
[+] Domain exhausted. Finishing up: https://ekeb.lohagara.chittagong.gov.bd
==================================================
[*] STARTING NEW DOMAIN: https://police.austagram.kishoreganj.gov.bd
==================================================
[+] Domain exhausted. Finishing up: https://police.austagram.kishoreganj.gov.bd
==================================================
[*] STARTING NEW DOMAIN: https://dphe.baliakandi.rajbari.gov.bd
==================================================
[+] Domain exhausted. Finishing up: https://dphe.baliakandi.rajbari.gov.bd
==================================================
[*] STARTING NEW DOMAIN: https://pio.brahmanpara.comilla.gov.bd
==================================================
[+] Domain exhausted. Finishing up: https://pio.brahmanpara.comilla.gov.bd
==================================================
[*] STARTING NEW DOMAIN: https://eed.charghat.rajshahi.gov.bd
==================================================
[+] Domain exhausted. Finishing up: https://eed.charghat.rajshahi.gov.bd
==================================================
[*] STARTING NEW DOMAIN: https://pdbf.kuliarchar.kishoreganj.gov.bd
==================================================
[+] Domain exhausted. Finishing up: https://pdbf.kuliarchar.kishoreganj.gov.bd
==================================================
[*] STARTING NEW DOMAIN: https://pbs3.dhaka.gov.bd
==================================================
[+] Domain exhausted. Finishing up: https://pbs3.dhaka.gov.bd
==================================================
[*] STARTING NEW DOMAIN: https://passport.barisal.gov.bd
==================================================
[+] Domain exhausted. Finishing up: https://passport.barisal.gov.bd
==================================================
[*] STARTING NEW DOMAIN: https://pdbf.pangsa.rajbari.gov.bd
==================================================
[+] Domain exhausted. Finishing up: https://pdbf.pangsa.rajbari.gov.bd
==================================================
[*] STARTING NEW DOMAIN: https://pbs1.chandpur.gov.bd
==================================================
[+] Domain exhausted. Finishing up: https://pbs1.chandpur.gov.bd
==================================================
[*] STARTING NEW DOMAIN: https://police.gabtali.bogra.gov.bd
==================================================
[+] Domain exhausted. Finishing up: https://police.gabtali.bogra.gov.bd
==================================================
[*] STARTING NEW DOMAIN: https://deb114453.dhakaeducationboard.gov.bd
==================================================
[+] Domain exhausted. Finishing up: https://deb114453.dhakaeducationboard.gov.bd
==================================================
[*] STARTING NEW DOMAIN: https://pdbf.mehendiganj.barisal.gov.bd
==================================================
[+] Domain exhausted. Finishing up: https://pdbf.mehendiganj.barisal.gov.bd
==================================================
[*] STARTING NEW DOMAIN: https://pbs.sarail.brahmanbaria.gov.bd
==================================================
[+] Domain exhausted. Finishing up: https://pbs.sarail.brahmanbaria.gov.bd
==================================================
[*] STARTING NEW DOMAIN: https://police.gomostapur.chapainawabganj.gov.bd
==================================================
[+] Domain exhausted. Finishing up: https://police.gomostapur.chapainawabganj.gov.bd
==================================================
[*] STARTING NEW DOMAIN: https://fisheries.alfadanga.faridpur.gov.bd
==================================================
[+] Domain exhausted. Finishing up: https://fisheries.alfadanga.faridpur.gov.bd
==================================================
[*] STARTING NEW DOMAIN: https://fisheries.kamolganj.moulvibazar.gov.bd
==================================================
[+] Domain exhausted. Finishing up: https://fisheries.kamolganj.moulvibazar.gov.bd
==================================================
[*] STARTING NEW DOMAIN: https://dgda.gazipur.gov.bd
==================================================
[+] Domain exhausted. Finishing up: https://dgda.gazipur.gov.bd
==================================================
[*] STARTING NEW DOMAIN: https://baheratalasouthup.madaripur.gov.bd
==================================================
[+] Domain exhausted. Finishing up: https://baheratalasouthup.madaripur.gov.bd
==================================================
[*] STARTING NEW DOMAIN: https://fireservice.portal.gov.bd
==================================================
[+] Domain exhausted. Finishing up: https://fireservice.portal.gov.bd
==================================================
[*] STARTING NEW DOMAIN: https://dls.sadullapur.gaibandha.gov.bd
==================================================
[+] Domain exhausted. Finishing up: https://dls.sadullapur.gaibandha.gov.bd
==================================================
[*] STARTING NEW DOMAIN: https://deb134739.dhakaeducationboard.gov.bd
==================================================
[+] Domain exhausted. Finishing up: https://deb134739.dhakaeducationboard.gov.bd
==================================================
[*] STARTING NEW DOMAIN: https://pio.khansama.dinajpur.gov.bd
==================================================
[+] Domain exhausted. Finishing up: https://pio.khansama.dinajpur.gov.bd
==================================================
[*] STARTING NEW DOMAIN: https://dnc.khagrachhari.gov.bd
==================================================
[+] Domain exhausted. Finishing up: https://dnc.khagrachhari.gov.bd
==================================================
[*] STARTING NEW DOMAIN: https://dls.bogra.gov.bd
==================================================
[+] Domain exhausted. Finishing up: https://dls.bogra.gov.bd
==================================================
[*] STARTING NEW DOMAIN: https://dia.gov.bd
==================================================
[+] Domain exhausted. Finishing up: https://dia.gov.bd
==================================================
[*] STARTING NEW DOMAIN: https://doict.gouripur.mymensingh.gov.bd
==================================================
[+] Domain exhausted. Finishing up: https://doict.gouripur.mymensingh.gov.bd
==================================================
[*] STARTING NEW DOMAIN: https://deb134585.dhakaeducationboard.gov.bd
==================================================
[+] Domain exhausted. Finishing up: https://deb134585.dhakaeducationboard.gov.bd
==================================================
[*] STARTING NEW DOMAIN: https://bfsa.narayanganj.gov.bd
==================================================
[+] Domain exhausted. Finishing up: https://bfsa.narayanganj.gov.bd
==================================================
[*] STARTING NEW DOMAIN: https://deb114715.dhakaeducationboard.gov.bd
==================================================
[+] Domain exhausted. Finishing up: https://deb114715.dhakaeducationboard.gov.bd
==================================================
[*] STARTING NEW DOMAIN: https://doict.mirzapur.tangail.gov.bd
==================================================
[+] Domain exhausted. Finishing up: https://doict.mirzapur.tangail.gov.bd
==================================================
[*] STARTING NEW DOMAIN: https://deb137181.dhakaeducationboard.gov.bd
==================================================
[+] Domain exhausted. Finishing up: https://deb137181.dhakaeducationboard.gov.bd
==================================================
[*] STARTING NEW DOMAIN: https://dls.shariakandi.bogra.gov.bd
==================================================
[+] Domain exhausted. Finishing up: https://dls.shariakandi.bogra.gov.bd
==================================================
[*] STARTING NEW DOMAIN: https://doict.thakurgaon.gov.bd
==================================================
[+] Domain exhausted. Finishing up: https://doict.thakurgaon.gov.bd
==================================================
[*] STARTING NEW DOMAIN: https://deb138322.dhakaeducationboard.gov.bd
==================================================
[+] Domain exhausted. Finishing up: https://deb138322.dhakaeducationboard.gov.bd
==================================================
[*] STARTING NEW DOMAIN: https://doj.pabnasadar.pabna.gov.bd
==================================================
[+] Domain exhausted. Finishing up: https://doj.pabnasadar.pabna.gov.bd
==================================================
[*] STARTING NEW DOMAIN: http://urc.kaunia.rangpur.gov.bd
==================================================
[+] Domain exhausted. Finishing up: http://urc.kaunia.rangpur.gov.bd
==================================================
[*] STARTING NEW DOMAIN: https://doict.manirampur.jessore.gov.bd
==================================================
[+] Domain exhausted. Finishing up: https://doict.manirampur.jessore.gov.bd
==================================================
[*] STARTING NEW DOMAIN: https://balijuriup.jamalpur.gov.bd
==================================================
[+] Domain exhausted. Finishing up: https://balijuriup.jamalpur.gov.bd
==================================================
[*] STARTING NEW DOMAIN: https://deb134152.dhakaeducationboard.gov.bd
==================================================
[+] Domain exhausted. Finishing up: https://deb134152.dhakaeducationboard.gov.bd
==================================================
[*] STARTING NEW DOMAIN: https://deb132048.dhakaeducationboard.gov.bd
==================================================
[+] Domain exhausted. Finishing up: https://deb132048.dhakaeducationboard.gov.bd
==================================================
[*] STARTING NEW DOMAIN: https://deb134766.dhakaeducationboard.gov.bd
==================================================
[+] Domain exhausted. Finishing up: https://deb134766.dhakaeducationboard.gov.bd
==================================================
[*] STARTING NEW DOMAIN: https://deb139595.dhakaeducationboard.gov.bd
==================================================
[+] Domain exhausted. Finishing up: https://deb139595.dhakaeducationboard.gov.bd
==================================================
[*] STARTING NEW DOMAIN: https://deb132367.dhakaeducationboard.gov.bd
==================================================
[+] Domain exhausted. Finishing up: https://deb132367.dhakaeducationboard.gov.bd
==================================================
[*] STARTING NEW DOMAIN: https://dls.gosairhat.shariatpur.gov.bd
==================================================
[+] Domain exhausted. Finishing up: https://dls.gosairhat.shariatpur.gov.bd
==================================================
[*] STARTING NEW DOMAIN: https://dnc.jhenaidah.gov.bd
==================================================
[+] Domain exhausted. Finishing up: https://dnc.jhenaidah.gov.bd
==================================================
[*] STARTING NEW DOMAIN: https://deb136795.dhakaeducationboard.gov.bd
==================================================
[+] Domain exhausted. Finishing up: https://deb136795.dhakaeducationboard.gov.bd
==================================================
[*] STARTING NEW DOMAIN: https://ais.coxsbazar.gov.bd
==================================================
[+] Domain exhausted. Finishing up: https://ais.coxsbazar.gov.bd
==================================================
[*] STARTING NEW DOMAIN: https://deb134612.dhakaeducationboard.gov.bd
==================================================
[+] Domain exhausted. Finishing up: https://deb134612.dhakaeducationboard.gov.bd
==================================================
[*] STARTING NEW DOMAIN: https://deb136880.dhakaeducationboard.gov.bd
==================================================
[+] Domain exhausted. Finishing up: https://deb136880.dhakaeducationboard.gov.bd
==================================================
[*] STARTING NEW DOMAIN: https://deb131457.dhakaeducationboard.gov.bd
==================================================
[+] Domain exhausted. Finishing up: https://deb131457.dhakaeducationboard.gov.bd
==================================================
[*] STARTING NEW DOMAIN: https://brdb.panchagarh.gov.bd
==================================================
[+] Domain exhausted. Finishing up: https://brdb.panchagarh.gov.bd
==================================================
[*] STARTING NEW DOMAIN: https://doe.chittagong.gov.bd
==================================================
[+] Domain exhausted. Finishing up: https://doe.chittagong.gov.bd
==================================================
[*] STARTING NEW DOMAIN: https://doict.naria.shariatpur.gov.bd
==================================================
[+] Domain exhausted. Finishing up: https://doict.naria.shariatpur.gov.bd
==================================================
[*] STARTING NEW DOMAIN: https://deb131840.dhakaeducationboard.gov.bd
==================================================
[+] Domain exhausted. Finishing up: https://deb131840.dhakaeducationboard.gov.bd
==================================================
[*] STARTING NEW DOMAIN: https://dae.sarail.brahmanbaria.gov.bd
==================================================
[+] Domain exhausted. Finishing up: https://dae.sarail.brahmanbaria.gov.bd
==================================================
[*] STARTING NEW DOMAIN: https://bso.dpp.gov.bd
==================================================
[+] Domain exhausted. Finishing up: https://bso.dpp.gov.bd
==================================================
[*] STARTING NEW DOMAIN: https://doict.mymensingh.gov.bd
==================================================
[+] Domain exhausted. Finishing up: https://doict.mymensingh.gov.bd
==================================================
[*] STARTING NEW DOMAIN: https://dpe.habiganjsadar.habiganj.gov.bd
==================================================
[+] Domain exhausted. Finishing up: https://dpe.habiganjsadar.habiganj.gov.bd
==================================================
[*] STARTING NEW DOMAIN: https://bwdb.pabna.gov.bd
==================================================
[+] Domain exhausted. Finishing up: https://bwdb.pabna.gov.bd
==================================================
[*] STARTING NEW DOMAIN: https://sr.muladi.barisal.gov.bd
==================================================
[+] Domain exhausted. Finishing up: https://sr.muladi.barisal.gov.bd
==================================================
[*] STARTING NEW DOMAIN: https://food.gaibandhasadar.gaibandha.gov.bd
==================================================
[+] Domain exhausted. Finishing up: https://food.gaibandhasadar.gaibandha.gov.bd
==================================================
[*] STARTING NEW DOMAIN: https://food.sreenagar.munshiganj.gov.bd
==================================================
[+] Domain exhausted. Finishing up: https://food.sreenagar.munshiganj.gov.bd
==================================================
[*] STARTING NEW DOMAIN: https://chandanpatup.rangpur.gov.bd
==================================================
[+] Domain exhausted. Finishing up: https://chandanpatup.rangpur.gov.bd
==================================================
[*] STARTING NEW DOMAIN: https://bmjuniorgirlshighschool.jessoreboard.gov.bd
==================================================
[+] Domain exhausted. Finishing up: https://bmjuniorgirlshighschool.jessoreboard.gov.bd
==================================================
[*] STARTING NEW DOMAIN: https://fisheries.moulvibazar.gov.bd
==================================================
[+] Domain exhausted. Finishing up: https://fisheries.moulvibazar.gov.bd
==================================================
[*] STARTING NEW DOMAIN: https://fireservice.titas.comilla.gov.bd
==================================================
[+] Domain exhausted. Finishing up: https://fireservice.titas.comilla.gov.bd
==================================================
[*] STARTING NEW DOMAIN: https://bseco.portal.gov.bd
==================================================
[+] Domain exhausted. Finishing up: https://bseco.portal.gov.bd
==================================================
[*] STARTING NEW DOMAIN: https://pio.durgapur.rajshahi.gov.bd
==================================================
[+] Domain exhausted. Finishing up: https://pio.durgapur.rajshahi.gov.bd
==================================================
[*] STARTING NEW DOMAIN: https://fisheries.hathazari.chittagong.gov.bd
==================================================
[+] Domain exhausted. Finishing up: https://fisheries.hathazari.chittagong.gov.bd
==================================================
[*] STARTING NEW DOMAIN: https://fireservice.fulbaria.mymensingh.gov.bd
==================================================
[+] Domain exhausted. Finishing up: https://fireservice.fulbaria.mymensingh.gov.bd
==================================================
[*] STARTING NEW DOMAIN: https://dphe.savar.dhaka.gov.bd
==================================================
[+] Domain exhausted. Finishing up: https://dphe.savar.dhaka.gov.bd
==================================================
[*] STARTING NEW DOMAIN: https://dphe.faridpur.pabna.gov.bd
==================================================
[+] Domain exhausted. Finishing up: https://dphe.faridpur.pabna.gov.bd
==================================================
[*] STARTING NEW DOMAIN: https://archaeology.kumarkhali.kushtia.gov.bd
==================================================
[+] Domain exhausted. Finishing up: https://archaeology.kumarkhali.kushtia.gov.bd
==================================================
[*] STARTING NEW DOMAIN: https://dphe.fulbaria.mymensingh.gov.bd
==================================================
[+] Domain exhausted. Finishing up: https://dphe.fulbaria.mymensingh.gov.bd
==================================================
[*] STARTING NEW DOMAIN: https://food.sreemangal.moulvibazar.gov.bd
==================================================
[+] Domain exhausted. Finishing up: https://food.sreemangal.moulvibazar.gov.bd
==================================================
[*] STARTING NEW DOMAIN: https://shilpakala.gopalganj.gov.bd
==================================================
[+] Domain exhausted. Finishing up: https://shilpakala.gopalganj.gov.bd
==================================================
[*] STARTING NEW DOMAIN: https://fisheries.moheshpur.jhenaidah.gov.bd
==================================================
[+] Domain exhausted. Finishing up: https://fisheries.moheshpur.jhenaidah.gov.bd
==================================================
[*] STARTING NEW DOMAIN: https://bisfl.gov.bd
==================================================
[+] Domain exhausted. Finishing up: https://bisfl.gov.bd
==================================================
[*] STARTING NEW DOMAIN: https://drro.coxsbazar.gov.bd
==================================================
[+] Domain exhausted. Finishing up: https://drro.coxsbazar.gov.bd
==================================================
[*] STARTING NEW DOMAIN: https://dshe.kutubdia.coxsbazar.gov.bd
==================================================
[+] Domain exhausted. Finishing up: https://dshe.kutubdia.coxsbazar.gov.bd
==================================================
[*] STARTING NEW DOMAIN: https://sfdf.assasuni.satkhira.gov.bd
==================================================
[+] Domain exhausted. Finishing up: https://sfdf.assasuni.satkhira.gov.bd
==================================================
[*] STARTING NEW DOMAIN: https://ansarvdp.chatmohar.pabna.gov.bd
==================================================
[+] Domain exhausted. Finishing up: https://ansarvdp.chatmohar.pabna.gov.bd
==================================================
[*] STARTING NEW DOMAIN: https://baloibuniasecondaryschool.jessoreboard.gov.bd
==================================================
[+] Domain exhausted. Finishing up: https://baloibuniasecondaryschool.jessoreboard.gov.bd
==================================================
[*] STARTING NEW DOMAIN: https://dr.sunamganj.gov.bd
==================================================
[+] Domain exhausted. Finishing up: https://dr.sunamganj.gov.bd
==================================================
[*] STARTING NEW DOMAIN: https://seo.dighinala.khagrachhari.gov.bd
==================================================
[+] Domain exhausted. Finishing up: https://seo.dighinala.khagrachhari.gov.bd
==================================================
[*] STARTING NEW DOMAIN: https://fisheries.sakhipur.tangail.gov.bd
==================================================
[+] Domain exhausted. Finishing up: https://fisheries.sakhipur.tangail.gov.bd
==================================================
[*] STARTING NEW DOMAIN: https://107715.ebmeb.gov.bd
==================================================
[+] Domain exhausted. Finishing up: https://107715.ebmeb.gov.bd
==================================================
[*] STARTING NEW DOMAIN: https://mail.ictd.gov.bd
==================================================
[+] Domain exhausted. Finishing up: https://mail.ictd.gov.bd
==================================================
[*] STARTING NEW DOMAIN: https://15nosholabariagovtprimaryschool.jessoreboard.gov.bd
==================================================
[+] Domain exhausted. Finishing up: https://15nosholabariagovtprimaryschool.jessoreboard.gov.bd
==================================================
[*] STARTING NEW DOMAIN: https://forest.jhenaigati.sherpur.gov.bd
==================================================
[+] Domain exhausted. Finishing up: https://forest.jhenaigati.sherpur.gov.bd
==================================================
[*] STARTING NEW DOMAIN: https://food.melandah.jamalpur.gov.bd
==================================================
[+] Domain exhausted. Finishing up: https://food.melandah.jamalpur.gov.bd
==================================================
[*] STARTING NEW DOMAIN: https://totthoapa.kendua.netrokona.gov.bd
==================================================
[+] Domain exhausted. Finishing up: https://totthoapa.kendua.netrokona.gov.bd
==================================================
[*] STARTING NEW DOMAIN: http://deb109465.dhakaeducationboard.gov.bd
==================================================
[+] Domain exhausted. Finishing up: http://deb109465.dhakaeducationboard.gov.bd
==================================================
[*] STARTING NEW DOMAIN: https://dwa.charghat.rajshahi.gov.bd
==================================================
[+] Domain exhausted. Finishing up: https://dwa.charghat.rajshahi.gov.bd
==================================================
[*] STARTING NEW DOMAIN: https://dss.sonargaon.narayanganj.gov.bd
==================================================
[+] Domain exhausted. Finishing up: https://dss.sonargaon.narayanganj.gov.bd
==================================================
[*] STARTING NEW DOMAIN: https://fpo.jessore.gov.bd
==================================================
[+] Domain exhausted. Finishing up: https://fpo.jessore.gov.bd
==================================================
[*] STARTING NEW DOMAIN: https://sfdf.sherpursadar.sherpur.gov.bd
==================================================
[+] Domain exhausted. Finishing up: https://sfdf.sherpursadar.sherpur.gov.bd
==================================================
[*] STARTING NEW DOMAIN: https://dss.sherpur.gov.bd
==================================================
[+] Domain exhausted. Finishing up: https://dss.sherpur.gov.bd
==================================================
[*] STARTING NEW DOMAIN: https://dss.singra.natore.gov.bd
==================================================
[+] Domain exhausted. Finishing up: https://dss.singra.natore.gov.bd
==================================================
[*] STARTING NEW DOMAIN: https://shahidziasecondarygirlsschool.jessoreboard.gov.bd
==================================================
[+] Domain exhausted. Finishing up: https://shahidziasecondarygirlsschool.jessoreboard.gov.bd
==================================================
[*] STARTING NEW DOMAIN: https://dss.chittagong.gov.bd
==================================================
[+] Domain exhausted. Finishing up: https://dss.chittagong.gov.bd
==================================================
[*] STARTING NEW DOMAIN: https://police.bhuapur.tangail.gov.bd
==================================================
[+] Domain exhausted. Finishing up: https://police.bhuapur.tangail.gov.bd
==================================================
[*] STARTING NEW DOMAIN: https://dwa.chittagong.gov.bd
==================================================
[+] Domain exhausted. Finishing up: https://dwa.chittagong.gov.bd
==================================================
[*] STARTING NEW DOMAIN: http://hcvaturia.natore.gov.bd
==================================================
[+] Domain exhausted. Finishing up: http://hcvaturia.natore.gov.bd
==================================================
[*] STARTING NEW DOMAIN: https://sspg.rajbari.gov.bd
==================================================
[+] Domain exhausted. Finishing up: https://sspg.rajbari.gov.bd
==================================================
[*] STARTING NEW DOMAIN: https://fpo.panchari.khagrachhari.gov.bd
==================================================
[+] Domain exhausted. Finishing up: https://fpo.panchari.khagrachhari.gov.bd
==================================================
[*] STARTING NEW DOMAIN: https://southtarabuniaup.shariatpur.gov.bd
==================================================
[+] Domain exhausted. Finishing up: https://southtarabuniaup.shariatpur.gov.bd
==================================================
[*] STARTING NEW DOMAIN: https://bnacwcafd.gov.bd
==================================================
[+] Domain exhausted. Finishing up: https://bnacwcafd.gov.bd
==================================================
[*] STARTING NEW DOMAIN: https://dwa.borhanuddin.bhola.gov.bd
==================================================
[+] Domain exhausted. Finishing up: https://dwa.borhanuddin.bhola.gov.bd
==================================================
[*] STARTING NEW DOMAIN: https://dssucd6.dhaka.gov.bd
==================================================
[+] Domain exhausted. Finishing up: https://dssucd6.dhaka.gov.bd
==================================================
[*] STARTING NEW DOMAIN: https://11noshekerpurup.naogaon.gov.bd
==================================================
[+] Domain exhausted. Finishing up: https://11noshekerpurup.naogaon.gov.bd
==================================================
[*] STARTING NEW DOMAIN: https://publiclibrary.madaripur.gov.bd
==================================================
[+] Domain exhausted. Finishing up: https://publiclibrary.madaripur.gov.bd
==================================================
[*] STARTING NEW DOMAIN: https://dss.kaliakair.gazipur.gov.bd
==================================================
[+] Domain exhausted. Finishing up: https://dss.kaliakair.gazipur.gov.bd
==================================================
[*] STARTING NEW DOMAIN: https://comillacc.portal.gov.bd
==================================================
[+] Domain exhausted. Finishing up: https://comillacc.portal.gov.bd
==================================================
[*] STARTING NEW DOMAIN: https://cooparative.bhangura.pabna.gov.bd
==================================================
[+] Domain exhausted. Finishing up: https://cooparative.bhangura.pabna.gov.bd
==================================================
[*] STARTING NEW DOMAIN: https://dss.rowangchhari.bandarban.gov.bd
==================================================
[+] Domain exhausted. Finishing up: https://dss.rowangchhari.bandarban.gov.bd
==================================================
[*] STARTING NEW DOMAIN: https://health.nazirpur.pirojpur.gov.bd
==================================================
[+] Domain exhausted. Finishing up: https://health.nazirpur.pirojpur.gov.bd
==================================================
[*] STARTING NEW DOMAIN: https://hospital.noakhali.gov.bd
==================================================
[+] Domain exhausted. Finishing up: https://hospital.noakhali.gov.bd
==================================================
[*] STARTING NEW DOMAIN: https://forest.dhamoirhat.naogaon.gov.bd
==================================================
[+] Domain exhausted. Finishing up: https://forest.dhamoirhat.naogaon.gov.bd
==================================================
[*] STARTING NEW DOMAIN: https://cooparative.southsunamganj.sunamganj.gov.bd
==================================================
[+] Domain exhausted. Finishing up: https://cooparative.southsunamganj.sunamganj.gov.bd
==================================================
[*] STARTING NEW DOMAIN: https://gualkandiup.rajshahi.gov.bd
==================================================
[+] Domain exhausted. Finishing up: https://gualkandiup.rajshahi.gov.bd
==================================================
[*] STARTING NEW DOMAIN: https://customs.coxsbazar.gov.bd
==================================================
[+] Domain exhausted. Finishing up: https://customs.coxsbazar.gov.bd
==================================================
[*] STARTING NEW DOMAIN: https://islamicfoundation.netrokona.gov.bd
==================================================
[+] Domain exhausted. Finishing up: https://islamicfoundation.netrokona.gov.bd
==================================================
[*] STARTING NEW DOMAIN: https://dss.kathalia.jhalakathi.gov.bd
==================================================
[+] Domain exhausted. Finishing up: https://dss.kathalia.jhalakathi.gov.bd
==================================================
[*] STARTING NEW DOMAIN: https://czi.mymensingh.gov.bd
==================================================
[+] Domain exhausted. Finishing up: https://czi.mymensingh.gov.bd
==================================================
[*] STARTING NEW DOMAIN: https://health.madhupur.tangail.gov.bd
==================================================
[+] Domain exhausted. Finishing up: https://health.madhupur.tangail.gov.bd
==================================================
[*] STARTING NEW DOMAIN: https://horogramup.rajshahi.gov.bd
==================================================
[+] Domain exhausted. Finishing up: https://horogramup.rajshahi.gov.bd
==================================================
[*] STARTING NEW DOMAIN: https://dae.lalmohan.bhola.gov.bd
==================================================
[+] Domain exhausted. Finishing up: https://dae.lalmohan.bhola.gov.bd
==================================================
[*] STARTING NEW DOMAIN: https://dae.pabna.gov.bd
==================================================
[+] Domain exhausted. Finishing up: https://dae.pabna.gov.bd
==================================================
[*] STARTING NEW DOMAIN: https://dam.baniachong.habiganj.gov.bd
==================================================
[+] Domain exhausted. Finishing up: https://dam.baniachong.habiganj.gov.bd
==================================================
[*] STARTING NEW DOMAIN: https://dam.nilphamari.gov.bd
==================================================
[+] Domain exhausted. Finishing up: https://dam.nilphamari.gov.bd
==================================================
[*] STARTING NEW DOMAIN: https://harirampurup.mymensingh.gov.bd
==================================================
[+] Domain exhausted. Finishing up: https://harirampurup.mymensingh.gov.bd
==================================================
[*] STARTING NEW DOMAIN: https://danshasecondaryschool.jessoreboard.gov.bd
==================================================
[+] Domain exhausted. Finishing up: https://danshasecondaryschool.jessoreboard.gov.bd
==================================================
[*] STARTING NEW DOMAIN: https://dao.gangachara.rangpur.gov.bd
==================================================
[+] Domain exhausted. Finishing up: https://dao.gangachara.rangpur.gov.bd
==================================================
[*] STARTING NEW DOMAIN: https://hsrc.portal.gov.bd
==================================================
[+] Domain exhausted. Finishing up: https://hsrc.portal.gov.bd
==================================================
[*] STARTING NEW DOMAIN: https://dao.manirampur.jessore.gov.bd
==================================================
[+] Domain exhausted. Finishing up: https://dao.manirampur.jessore.gov.bd
==================================================
[*] STARTING NEW DOMAIN: https://dao.lalpur.natore.gov.bd
==================================================
[+] Domain exhausted. Finishing up: https://dao.lalpur.natore.gov.bd
==================================================
[*] STARTING NEW DOMAIN: https://islamabad.mofa.gov.bd
==================================================
[+] Domain exhausted. Finishing up: https://islamabad.mofa.gov.bd
==================================================
[*] STARTING NEW DOMAIN: https://health.domar.nilphamari.gov.bd
==================================================
[+] Domain exhausted. Finishing up: https://health.domar.nilphamari.gov.bd
==================================================
[*] STARTING NEW DOMAIN: https://jhamasecondaryschool.jessoreboard.gov.bd
==================================================
[+] Domain exhausted. Finishing up: https://jhamasecondaryschool.jessoreboard.gov.bd
==================================================
[*] STARTING NEW DOMAIN: https://deb108292.dhakaeducationboard.gov.bd
==================================================
[+] Domain exhausted. Finishing up: https://deb108292.dhakaeducationboard.gov.bd
==================================================
[*] STARTING NEW DOMAIN: https://deb108422.dhakaeducationboard.gov.bd
==================================================
[+] Domain exhausted. Finishing up: https://deb108422.dhakaeducationboard.gov.bd
==================================================
[*] STARTING NEW DOMAIN: https://deb108590.dhakaeducationboard.gov.bd
==================================================
[+] Domain exhausted. Finishing up: https://deb108590.dhakaeducationboard.gov.bd
==================================================
[*] STARTING NEW DOMAIN: https://jinardiup.narsingdi.gov.bd
==================================================
[+] Domain exhausted. Finishing up: https://jinardiup.narsingdi.gov.bd
==================================================
[*] STARTING NEW DOMAIN: https://deb108779.dhakaeducationboard.gov.bd
==================================================
[+] Domain exhausted. Finishing up: https://deb108779.dhakaeducationboard.gov.bd
==================================================
[*] STARTING NEW DOMAIN: https://deb108855.dhakaeducationboard.gov.bd
==================================================
[+] Domain exhausted. Finishing up: https://deb108855.dhakaeducationboard.gov.bd
==================================================
[*] STARTING NEW DOMAIN: https://deb109061.dhakaeducationboard.gov.bd
==================================================
[+] Domain exhausted. Finishing up: https://deb109061.dhakaeducationboard.gov.bd
==================================================
[*] STARTING NEW DOMAIN: https://deb108980.dhakaeducationboard.gov.bd
==================================================
[+] Domain exhausted. Finishing up: https://deb108980.dhakaeducationboard.gov.bd
==================================================
[*] STARTING NEW DOMAIN: https://harirampur.manikganj.gov.bd
==================================================
[+] Domain exhausted. Finishing up: https://harirampur.manikganj.gov.bd
==================================================
[*] STARTING NEW DOMAIN: https://deb109498.dhakaeducationboard.gov.bd
==================================================
[+] Domain exhausted. Finishing up: https://deb109498.dhakaeducationboard.gov.bd
==================================================
[*] STARTING NEW DOMAIN: https://police.monohardi.narsingdi.gov.bd
==================================================
[+] Domain exhausted. Finishing up: https://police.monohardi.narsingdi.gov.bd
==================================================
[*] STARTING NEW DOMAIN: https://deb109688.dhakaeducationboard.gov.bd
==================================================
[+] Domain exhausted. Finishing up: https://deb109688.dhakaeducationboard.gov.bd
==================================================
[*] STARTING NEW DOMAIN: https://ansarvdp.derai.sunamganj.gov.bd
==================================================
[+] Domain exhausted. Finishing up: https://ansarvdp.derai.sunamganj.gov.bd
==================================================
[*] STARTING NEW DOMAIN: https://police.kanaighat.sylhet.gov.bd
==================================================
[+] Domain exhausted. Finishing up: https://police.kanaighat.sylhet.gov.bd
==================================================
[*] STARTING NEW DOMAIN: https://tangailsadar.tangail.gov.bd
==================================================
[+] Domain exhausted. Finishing up: https://tangailsadar.tangail.gov.bd
==================================================
[*] STARTING NEW DOMAIN: https://pwd.faridpur.gov.bd
==================================================
[+] Domain exhausted. Finishing up: https://pwd.faridpur.gov.bd
==================================================
[*] STARTING NEW DOMAIN: https://publiclibrary.jhenaidah.gov.bd
==================================================
[+] Domain exhausted. Finishing up: https://publiclibrary.jhenaidah.gov.bd
==================================================
[*] STARTING NEW DOMAIN: https://deb110499.dhakaeducationboard.gov.bd
==================================================
[+] Domain exhausted. Finishing up: https://deb110499.dhakaeducationboard.gov.bd
==================================================
[*] STARTING NEW DOMAIN: https://police.ramgarh.khagrachhari.gov.bd
==================================================
[+] Domain exhausted. Finishing up: https://police.ramgarh.khagrachhari.gov.bd
==================================================
[*] STARTING NEW DOMAIN: https://deb110672.dhakaeducationboard.gov.bd
==================================================
[+] Domain exhausted. Finishing up: https://deb110672.dhakaeducationboard.gov.bd
==================================================
[*] STARTING NEW DOMAIN: https://deb110831.dhakaeducationboard.gov.bd
==================================================
[+] Domain exhausted. Finishing up: https://deb110831.dhakaeducationboard.gov.bd
==================================================
[*] STARTING NEW DOMAIN: https://lged.nawabganj.dhaka.gov.bd
==================================================
[+] Domain exhausted. Finishing up: https://lged.nawabganj.dhaka.gov.bd
==================================================
[*] STARTING NEW DOMAIN: https://lged.dinajpur.gov.bd
==================================================
[+] Domain exhausted. Finishing up: https://lged.dinajpur.gov.bd
==================================================
[*] STARTING NEW DOMAIN: https://deb111118.dhakaeducationboard.gov.bd
==================================================
[+] Domain exhausted. Finishing up: https://deb111118.dhakaeducationboard.gov.bd
==================================================
[*] STARTING NEW DOMAIN: https://maheshpurhighschool.jessoreboard.gov.bd
==================================================
[+] Domain exhausted. Finishing up: https://maheshpurhighschool.jessoreboard.gov.bd
==================================================
[*] STARTING NEW DOMAIN: https://deb111448.dhakaeducationboard.gov.bd
==================================================
[+] Domain exhausted. Finishing up: https://deb111448.dhakaeducationboard.gov.bd
==================================================
[*] STARTING NEW DOMAIN: https://lged.gurudaspur.natore.gov.bd
==================================================
[+] Domain exhausted. Finishing up: https://lged.gurudaspur.natore.gov.bd
==================================================
[*] STARTING NEW DOMAIN: https://lalpur.natore.gov.bd
==================================================
[+] Domain exhausted. Finishing up: https://lalpur.natore.gov.bd
==================================================
[*] STARTING NEW DOMAIN: https://kaharol.dinajpur.gov.bd
==================================================
[+] Domain exhausted. Finishing up: https://kaharol.dinajpur.gov.bd
==================================================
[*] STARTING NEW DOMAIN: https://deb112133.dhakaeducationboard.gov.bd
==================================================
[+] Domain exhausted. Finishing up: https://deb112133.dhakaeducationboard.gov.bd
==================================================
[*] STARTING NEW DOMAIN: https://deb112336.dhakaeducationboard.gov.bd
==================================================
[+] Domain exhausted. Finishing up: https://deb112336.dhakaeducationboard.gov.bd
==================================================
[*] STARTING NEW DOMAIN: https://deb112335.dhakaeducationboard.gov.bd
==================================================
[+] Domain exhausted. Finishing up: https://deb112335.dhakaeducationboard.gov.bd
==================================================
[*] STARTING NEW DOMAIN: https://kotalipara.gopalganj.gov.bd
==================================================
[+] Domain exhausted. Finishing up: https://kotalipara.gopalganj.gov.bd
==================================================
[*] STARTING NEW DOMAIN: https://deb112589.dhakaeducationboard.gov.bd
==================================================
[+] Domain exhausted. Finishing up: https://deb112589.dhakaeducationboard.gov.bd
==================================================
[*] STARTING NEW DOMAIN: https://mail.moha.gov.bd
==================================================
[+] Domain exhausted. Finishing up: https://mail.moha.gov.bd
==================================================
[*] STARTING NEW DOMAIN: https://deb112800.dhakaeducationboard.gov.bd
==================================================
[+] Domain exhausted. Finishing up: https://deb112800.dhakaeducationboard.gov.bd
==================================================
[*] STARTING NEW DOMAIN: https://deb112951.dhakaeducationboard.gov.bd
==================================================
[+] Domain exhausted. Finishing up: https://deb112951.dhakaeducationboard.gov.bd
==================================================
[*] STARTING NEW DOMAIN: https://deb112918.dhakaeducationboard.gov.bd
==================================================
[+] Domain exhausted. Finishing up: https://deb112918.dhakaeducationboard.gov.bd
==================================================
[*] STARTING NEW DOMAIN: https://deb113138.dhakaeducationboard.gov.bd
==================================================
[+] Domain exhausted. Finishing up: https://deb113138.dhakaeducationboard.gov.bd
==================================================
[*] STARTING NEW DOMAIN: https://deb113326.dhakaeducationboard.gov.bd
==================================================
[+] Domain exhausted. Finishing up: https://deb113326.dhakaeducationboard.gov.bd
==================================================
[*] STARTING NEW DOMAIN: https://post.narayanganj.gov.bd
==================================================
[+] Domain exhausted. Finishing up: https://post.narayanganj.gov.bd
==================================================
[*] STARTING NEW DOMAIN: https://deb113455.dhakaeducationboard.gov.bd
==================================================
[+] Domain exhausted. Finishing up: https://deb113455.dhakaeducationboard.gov.bd
==================================================
[*] STARTING NEW DOMAIN: https://deb113609.dhakaeducationboard.gov.bd
==================================================
[+] Domain exhausted. Finishing up: https://deb113609.dhakaeducationboard.gov.bd
==================================================
[*] STARTING NEW DOMAIN: https://post.pangsa.rajbari.gov.bd
==================================================
[+] Domain exhausted. Finishing up: https://post.pangsa.rajbari.gov.bd
==================================================
[*] STARTING NEW DOMAIN: https://deb113802.dhakaeducationboard.gov.bd
==================================================
[+] Domain exhausted. Finishing up: https://deb113802.dhakaeducationboard.gov.bd
==================================================
[*] STARTING NEW DOMAIN: https://pqsseaport.chittagong.gov.bd
==================================================
[+] Domain exhausted. Finishing up: https://pqsseaport.chittagong.gov.bd
==================================================
[*] STARTING NEW DOMAIN: https://protapshawranesecondaryschool.jessoreboard.gov.bd
==================================================
[+] Domain exhausted. Finishing up: https://protapshawranesecondaryschool.jessoreboard.gov.bd
==================================================
[*] STARTING NEW DOMAIN: https://deb114222.dhakaeducationboard.gov.bd
==================================================
[+] Domain exhausted. Finishing up: https://deb114222.dhakaeducationboard.gov.bd
==================================================
[*] STARTING NEW DOMAIN: https://bbs.chhatak.sunamganj.gov.bd
==================================================
[+] Domain exhausted. Finishing up: https://bbs.chhatak.sunamganj.gov.bd
==================================================
[*] STARTING NEW DOMAIN: https://bbs.lohagara.chittagong.gov.bd
==================================================
[+] Domain exhausted. Finishing up: https://bbs.lohagara.chittagong.gov.bd
==================================================
[*] STARTING NEW DOMAIN: https://deb114359.dhakaeducationboard.gov.bd
==================================================
[+] Domain exhausted. Finishing up: https://deb114359.dhakaeducationboard.gov.bd
==================================================
[*] STARTING NEW DOMAIN: https://bbs.rampal.bagerhat.gov.bd
==================================================
[+] Domain exhausted. Finishing up: https://bbs.rampal.bagerhat.gov.bd
==================================================
[*] STARTING NEW DOMAIN: https://manirampurgovtsecondaryschool.jessoreboard.gov.bd
==================================================
[+] Domain exhausted. Finishing up: https://manirampurgovtsecondaryschool.jessoreboard.gov.bd
==================================================
[*] STARTING NEW DOMAIN: https://bbs.islampur.jamalpur.gov.bd
==================================================
[+] Domain exhausted. Finishing up: https://bbs.islampur.jamalpur.gov.bd
==================================================
[*] STARTING NEW DOMAIN: https://mail.eedmoe.gov.bd
==================================================
[+] Domain exhausted. Finishing up: https://mail.eedmoe.gov.bd
==================================================
[*] STARTING NEW DOMAIN: https://bcc.rajshahi.gov.bd
==================================================
[+] Domain exhausted. Finishing up: https://bcc.rajshahi.gov.bd
==================================================
[*] STARTING NEW DOMAIN: https://deb114590.dhakaeducationboard.gov.bd
==================================================
[+] Domain exhausted. Finishing up: https://deb114590.dhakaeducationboard.gov.bd
==================================================
[*] STARTING NEW DOMAIN: https://bhogdaburiup.nilphamari.gov.bd
==================================================
[+] Domain exhausted. Finishing up: https://bhogdaburiup.nilphamari.gov.bd
==================================================
[*] STARTING NEW DOMAIN: https://bmet.barguna.gov.bd
==================================================
[+] Domain exhausted. Finishing up: https://bmet.barguna.gov.bd
==================================================
[*] STARTING NEW DOMAIN: https://bnfe.narayanganj.gov.bd
==================================================
[+] Domain exhausted. Finishing up: https://bnfe.narayanganj.gov.bd
==================================================
[*] STARTING NEW DOMAIN: https://brdb.bhola.gov.bd
==================================================
[+] Domain exhausted. Finishing up: https://brdb.bhola.gov.bd
==================================================
[*] STARTING NEW DOMAIN: https://mijanpurup.rajbari.gov.bd
==================================================
[+] Domain exhausted. Finishing up: https://mijanpurup.rajbari.gov.bd
==================================================
[*] STARTING NEW DOMAIN: https://cafoagriculture.gov.bd
==================================================
[+] Domain exhausted. Finishing up: https://cafoagriculture.gov.bd
==================================================
[*] STARTING NEW DOMAIN: https://btv.gov.bd
==================================================
[+] Domain exhausted. Finishing up: https://btv.gov.bd
==================================================
[*] STARTING NEW DOMAIN: https://cdb.rangpurdiv.gov.bd
==================================================
[+] Domain exhausted. Finishing up: https://cdb.rangpurdiv.gov.bd
==================================================
[*] STARTING NEW DOMAIN: https://ps.chhagalnaiya.feni.gov.bd
==================================================
[+] Domain exhausted. Finishing up: https://ps.chhagalnaiya.feni.gov.bd
==================================================
[*] STARTING NEW DOMAIN: https://dae.shibganj.chapainawabganj.gov.bd
==================================================
[+] Domain exhausted. Finishing up: https://dae.shibganj.chapainawabganj.gov.bd
==================================================
[*] STARTING NEW DOMAIN: https://dao.bagha.rajshahi.gov.bd
==================================================
[+] Domain exhausted. Finishing up: https://dao.bagha.rajshahi.gov.bd
==================================================
[*] STARTING NEW DOMAIN: https://deb109067.dhakaeducationboard.gov.bd
==================================================
[+] Domain exhausted. Finishing up: https://deb109067.dhakaeducationboard.gov.bd
==================================================
[*] STARTING NEW DOMAIN: https://deb112999.dhakaeducationboard.gov.bd
==================================================
[+] Domain exhausted. Finishing up: https://deb112999.dhakaeducationboard.gov.bd
==================================================
[*] STARTING NEW DOMAIN: https://deb132046.dhakaeducationboard.gov.bd
==================================================
[+] Domain exhausted. Finishing up: https://deb132046.dhakaeducationboard.gov.bd
==================================================
[*] STARTING NEW DOMAIN: https://dhanshalikup.noakhali.gov.bd
==================================================
[+] Domain exhausted. Finishing up: https://dhanshalikup.noakhali.gov.bd
==================================================
[*] STARTING NEW DOMAIN: https://doict.charfesson.bhola.gov.bd
==================================================
[+] Domain exhausted. Finishing up: https://doict.charfesson.bhola.gov.bd
==================================================
[*] STARTING NEW DOMAIN: https://ansarvdp.matlabnorth.chandpur.gov.bd
==================================================
[+] Domain exhausted. Finishing up: https://ansarvdp.matlabnorth.chandpur.gov.bd
==================================================
[*] STARTING NEW DOMAIN: https://dss.khagrachhari.gov.bd
==================================================
[+] Domain exhausted. Finishing up: https://dss.khagrachhari.gov.bd
==================================================
[*] STARTING NEW DOMAIN: https://reeep2.sreda.gov.bd
==================================================
[+] Domain exhausted. Finishing up: https://reeep2.sreda.gov.bd
==================================================
[*] STARTING NEW DOMAIN: https://food.sadar.chandpur.gov.bd
==================================================
[+] Domain exhausted. Finishing up: https://food.sadar.chandpur.gov.bd
==================================================
[*] STARTING NEW DOMAIN: https://fisheries.panchari.khagrachhari.gov.bd
==================================================
[+] Domain exhausted. Finishing up: https://fisheries.panchari.khagrachhari.gov.bd
==================================================
[*] STARTING NEW DOMAIN: https://hajrahatitaltolahighschool.jessoreboard.gov.bd
==================================================
[+] Domain exhausted. Finishing up: https://hajrahatitaltolahighschool.jessoreboard.gov.bd
==================================================
[*] STARTING NEW DOMAIN: https://mail.napd.gov.bd
==================================================
[+] Domain exhausted. Finishing up: https://mail.napd.gov.bd
==================================================
[*] STARTING NEW DOMAIN: https://mail.doe.gov.bd
==================================================
[+] Domain exhausted. Finishing up: https://mail.doe.gov.bd
==================================================
[*] STARTING NEW DOMAIN: https://mohfw.gov.bd
==================================================
[+] Domain exhausted. Finishing up: https://mohfw.gov.bd
==================================================
[*] STARTING NEW DOMAIN: https://deb136722.dhakaeducationboard.gov.bd
==================================================
[+] Domain exhausted. Finishing up: https://deb136722.dhakaeducationboard.gov.bd
==================================================
[*] STARTING NEW DOMAIN: https://deb136859.dhakaeducationboard.gov.bd
==================================================
[+] Domain exhausted. Finishing up: https://deb136859.dhakaeducationboard.gov.bd
==================================================
[*] STARTING NEW DOMAIN: https://deb136331.dhakaeducationboard.gov.bd
==================================================
[+] Domain exhausted. Finishing up: https://deb136331.dhakaeducationboard.gov.bd
==================================================
[*] STARTING NEW DOMAIN: https://uitrce.ramu.coxsbazar.gov.bd
==================================================
[+] Domain exhausted. Finishing up: https://uitrce.ramu.coxsbazar.gov.bd
==================================================
[*] STARTING NEW DOMAIN: https://deb137139.dhakaeducationboard.gov.bd
==================================================
[+] Domain exhausted. Finishing up: https://deb137139.dhakaeducationboard.gov.bd
==================================================
[*] STARTING NEW DOMAIN: https://urc.begumganj.noakhali.gov.bd
==================================================
[+] Domain exhausted. Finishing up: https://urc.begumganj.noakhali.gov.bd
==================================================
[*] STARTING NEW DOMAIN: https://urc.domar.nilphamari.gov.bd
==================================================
[+] Domain exhausted. Finishing up: https://urc.domar.nilphamari.gov.bd
==================================================
[*] STARTING NEW DOMAIN: https://sugarmills.joypurhat.gov.bd
==================================================
[+] Domain exhausted. Finishing up: https://sugarmills.joypurhat.gov.bd
==================================================
[*] STARTING NEW DOMAIN: https://urc.khoksa.kushtia.gov.bd
==================================================
[+] Domain exhausted. Finishing up: https://urc.khoksa.kushtia.gov.bd
==================================================
[*] STARTING NEW DOMAIN: https://urc.kotchandpur.jhenaidah.gov.bd
==================================================
[+] Domain exhausted. Finishing up: https://urc.kotchandpur.jhenaidah.gov.bd
==================================================
[*] STARTING NEW DOMAIN: https://urc.sadar.khagrachhari.gov.bd
==================================================
[+] Domain exhausted. Finishing up: https://urc.sadar.khagrachhari.gov.bd
==================================================
[*] STARTING NEW DOMAIN: https://urc.phulpur.mymensingh.gov.bd
==================================================
[+] Domain exhausted. Finishing up: https://urc.phulpur.mymensingh.gov.bd
==================================================
[*] STARTING NEW DOMAIN: https://deb138335.dhakaeducationboard.gov.bd
==================================================
[+] Domain exhausted. Finishing up: https://deb138335.dhakaeducationboard.gov.bd
==================================================
[*] STARTING NEW DOMAIN: https://vitabariaup.pirojpur.gov.bd
==================================================
[+] Domain exhausted. Finishing up: https://vitabariaup.pirojpur.gov.bd
==================================================
[*] STARTING NEW DOMAIN: https://napd.muktopaath.gov.bd
==================================================
[+] Domain exhausted. Finishing up: https://napd.muktopaath.gov.bd
==================================================
[*] STARTING NEW DOMAIN: https://youth.bagha.rajshahi.gov.bd
==================================================
[+] Domain exhausted. Finishing up: https://youth.bagha.rajshahi.gov.bd
==================================================
[*] STARTING NEW DOMAIN: https://deb138826.dhakaeducationboard.gov.bd
==================================================
[+] Domain exhausted. Finishing up: https://deb138826.dhakaeducationboard.gov.bd
==================================================
[*] STARTING NEW DOMAIN: https://youth.daganbhuiyan.feni.gov.bd
==================================================
[+] Domain exhausted. Finishing up: https://youth.daganbhuiyan.feni.gov.bd
==================================================
[*] STARTING NEW DOMAIN: https://sr.comillasadar.comilla.gov.bd
==================================================
[+] Domain exhausted. Finishing up: https://sr.comillasadar.comilla.gov.bd
==================================================
[*] STARTING NEW DOMAIN: https://deb138928.dhakaeducationboard.gov.bd
==================================================
[+] Domain exhausted. Finishing up: https://deb138928.dhakaeducationboard.gov.bd
==================================================
[*] STARTING NEW DOMAIN: https://youth.pabna.gov.bd
==================================================
[+] Domain exhausted. Finishing up: https://youth.pabna.gov.bd
==================================================
[*] STARTING NEW DOMAIN: https://youth.manda.naogaon.gov.bd
==================================================
[+] Domain exhausted. Finishing up: https://youth.manda.naogaon.gov.bd
==================================================
[*] STARTING NEW DOMAIN: https://youth.ranisankail.thakurgaon.gov.bd
==================================================
[+] Domain exhausted. Finishing up: https://youth.ranisankail.thakurgaon.gov.bd
==================================================
[*] STARTING NEW DOMAIN: https://tax.sirajganj.gov.bd
==================================================
[+] Domain exhausted. Finishing up: https://tax.sirajganj.gov.bd
==================================================
[*] STARTING NEW DOMAIN: https://rhd.sadar.bandarban.gov.bd
==================================================
[+] Domain exhausted. Finishing up: https://rhd.sadar.bandarban.gov.bd
==================================================
[*] STARTING NEW DOMAIN: https://totthoapa.manikchari.khagrachhari.gov.bd
==================================================
[+] Domain exhausted. Finishing up: https://totthoapa.manikchari.khagrachhari.gov.bd
==================================================
[*] STARTING NEW DOMAIN: https://zso.aditmari.lalmonirhat.gov.bd
==================================================
[+] Domain exhausted. Finishing up: https://zso.aditmari.lalmonirhat.gov.bd
==================================================
[*] STARTING NEW DOMAIN: http://acl.pirgonj.rangpur.gov.bd
==================================================
[+] Domain exhausted. Finishing up: http://acl.pirgonj.rangpur.gov.bd
==================================================
[*] STARTING NEW DOMAIN: https://debnagarbegumrokeyasecondaryschool.jessoreboard.gov.bd
==================================================
[+] Domain exhausted. Finishing up: https://debnagarbegumrokeyasecondaryschool.jessoreboard.gov.bd
==================================================
[*] STARTING NEW DOMAIN: http://coop.rajapur.jhalakathi.gov.bd
==================================================
[+] Domain exhausted. Finishing up: http://coop.rajapur.jhalakathi.gov.bd
==================================================
[*] STARTING NEW DOMAIN: https://totthoapa.gabtali.bogra.gov.bd
==================================================
[+] Domain exhausted. Finishing up: https://totthoapa.gabtali.bogra.gov.bd
==================================================
[*] STARTING NEW DOMAIN: http://deb108118.dhakaeducationboard.gov.bd
==================================================
[+] Domain exhausted. Finishing up: http://deb108118.dhakaeducationboard.gov.bd
==================================================
[*] STARTING NEW DOMAIN: https://deo.nageshwari.kurigram.gov.bd
==================================================
[+] Domain exhausted. Finishing up: https://deo.nageshwari.kurigram.gov.bd
==================================================
[*] STARTING NEW DOMAIN: http://deb134219.dhakaeducationboard.gov.bd
==================================================
[+] Domain exhausted. Finishing up: http://deb134219.dhakaeducationboard.gov.bd
==================================================
[*] STARTING NEW DOMAIN: https://deulisubidkhaliup.patuakhali.gov.bd
==================================================
[+] Domain exhausted. Finishing up: https://deulisubidkhaliup.patuakhali.gov.bd
==================================================
[*] STARTING NEW DOMAIN: https://dgda.bhola.gov.bd
==================================================
[+] Domain exhausted. Finishing up: https://dgda.bhola.gov.bd
==================================================
[*] STARTING NEW DOMAIN: https://saralup.chittagong.gov.bd
==================================================
[+] Domain exhausted. Finishing up: https://saralup.chittagong.gov.bd
==================================================
[*] STARTING NEW DOMAIN: https://dgda.patuakhali.gov.bd
==================================================
[+] Domain exhausted. Finishing up: https://dgda.patuakhali.gov.bd
==================================================
[*] STARTING NEW DOMAIN: https://totthoapa.kuliarchar.kishoreganj.gov.bd
==================================================
[+] Domain exhausted. Finishing up: https://totthoapa.kuliarchar.kishoreganj.gov.bd
==================================================
[*] STARTING NEW DOMAIN: https://lgd.khulnadiv.gov.bd
==================================================
[+] Domain exhausted. Finishing up: https://lgd.khulnadiv.gov.bd
==================================================
[*] STARTING NEW DOMAIN: https://so.nageshwari.kurigram.gov.bd
==================================================
[+] Domain exhausted. Finishing up: https://so.nageshwari.kurigram.gov.bd
==================================================
[*] STARTING NEW DOMAIN: https://ansarvdp.shibganj.chapainawabganj.gov.bd
==================================================
[+] Domain exhausted. Finishing up: https://ansarvdp.shibganj.chapainawabganj.gov.bd
==================================================
[*] STARTING NEW DOMAIN: https://sr.bagherpara.jessore.gov.bd
==================================================
[+] Domain exhausted. Finishing up: https://sr.bagherpara.jessore.gov.bd
==================================================
[*] STARTING NEW DOMAIN: https://sr.bagatipara.natore.gov.bd
==================================================
[+] Domain exhausted. Finishing up: https://sr.bagatipara.natore.gov.bd
==================================================
[*] STARTING NEW DOMAIN: https://dls.bhangura.pabna.gov.bd
==================================================
[+] Domain exhausted. Finishing up: https://dls.bhangura.pabna.gov.bd
==================================================
[*] STARTING NEW DOMAIN: https://sr.sadar.rajbari.gov.bd
==================================================
[+] Domain exhausted. Finishing up: https://sr.sadar.rajbari.gov.bd
==================================================
[*] STARTING NEW DOMAIN: https://miakundujuniorgirlshighschool.jessoreboard.gov.bd
==================================================
[+] Domain exhausted. Finishing up: https://miakundujuniorgirlshighschool.jessoreboard.gov.bd
==================================================
[*] STARTING NEW DOMAIN: https://dls.harinakundu.jhenaidah.gov.bd
==================================================
[+] Domain exhausted. Finishing up: https://dls.harinakundu.jhenaidah.gov.bd
==================================================
[*] STARTING NEW DOMAIN: https://dls.monohargonj.comilla.gov.bd
==================================================
[+] Domain exhausted. Finishing up: https://dls.monohargonj.comilla.gov.bd
==================================================
[*] STARTING NEW DOMAIN: https://belgornorthup.comilla.gov.bd
==================================================
[+] Domain exhausted. Finishing up: https://belgornorthup.comilla.gov.bd
==================================================
[*] STARTING NEW DOMAIN: https://dls.paba.rajshahi.gov.bd
==================================================
[+] Domain exhausted. Finishing up: https://dls.paba.rajshahi.gov.bd
==================================================
[*] STARTING NEW DOMAIN: https://dls.titas.comilla.gov.bd
==================================================
[+] Domain exhausted. Finishing up: https://dls.titas.comilla.gov.bd
==================================================
[*] STARTING NEW DOMAIN: https://dls.shyamnagar.satkhira.gov.bd
==================================================
[+] Domain exhausted. Finishing up: https://dls.shyamnagar.satkhira.gov.bd
==================================================
[*] STARTING NEW DOMAIN: https://monohardi.narsingdi.gov.bd
==================================================
[+] Domain exhausted. Finishing up: https://monohardi.narsingdi.gov.bd
==================================================
[*] STARTING NEW DOMAIN: https://dncrp.thakurgaon.gov.bd
==================================================
[+] Domain exhausted. Finishing up: https://dncrp.thakurgaon.gov.bd
==================================================
[*] STARTING NEW DOMAIN: https://doe.sirajganj.gov.bd
==================================================
[+] Domain exhausted. Finishing up: https://doe.sirajganj.gov.bd
==================================================
[*] STARTING NEW DOMAIN: https://doe.panchagarh.gov.bd
==================================================
[+] Domain exhausted. Finishing up: https://doe.panchagarh.gov.bd
==================================================
[*] STARTING NEW DOMAIN: https://urc.hakimpur.dinajpur.gov.bd
==================================================
[+] Domain exhausted. Finishing up: https://urc.hakimpur.dinajpur.gov.bd
==================================================
[*] STARTING NEW DOMAIN: https://lged.rajoir.madaripur.gov.bd
==================================================
[+] Domain exhausted. Finishing up: https://lged.rajoir.madaripur.gov.bd
==================================================
[*] STARTING NEW DOMAIN: https://doict.mehendiganj.barisal.gov.bd
==================================================
[+] Domain exhausted. Finishing up: https://doict.mehendiganj.barisal.gov.bd
==================================================
[*] STARTING NEW DOMAIN: https://doict.palashbari.gaibandha.gov.bd
==================================================
[+] Domain exhausted. Finishing up: https://doict.palashbari.gaibandha.gov.bd
==================================================
[*] STARTING NEW DOMAIN: https://brdb.singiar.manikganj.gov.bd
==================================================
[+] Domain exhausted. Finishing up: https://brdb.singiar.manikganj.gov.bd
==================================================
[*] STARTING NEW DOMAIN: https://police.khulnadiv.gov.bd
==================================================
[+] Domain exhausted. Finishing up: https://police.khulnadiv.gov.bd
==================================================
[*] STARTING NEW DOMAIN: https://soamol.lakshmipur.gov.bd
==================================================
[+] Domain exhausted. Finishing up: https://soamol.lakshmipur.gov.bd
==================================================
[*] STARTING NEW DOMAIN: https://sspg.lalmonirhat.gov.bd
==================================================
[+] Domain exhausted. Finishing up: https://sspg.lalmonirhat.gov.bd
==================================================
[*] STARTING NEW DOMAIN: https://bmda.nilphamarisadar.nilphamari.gov.bd
==================================================
[+] Domain exhausted. Finishing up: https://bmda.nilphamarisadar.nilphamari.gov.bd
==================================================
[*] STARTING NEW DOMAIN: https://dpe.chirirbandar.dinajpur.gov.bd
==================================================
[+] Domain exhausted. Finishing up: https://dpe.chirirbandar.dinajpur.gov.bd
==================================================
[*] STARTING NEW DOMAIN: https://bmet.dhakadiv.gov.bd
==================================================
[+] Domain exhausted. Finishing up: https://bmet.dhakadiv.gov.bd
==================================================
[*] STARTING NEW DOMAIN: https://dphe.bishwambarpur.sunamganj.gov.bd
==================================================
[+] Domain exhausted. Finishing up: https://dphe.bishwambarpur.sunamganj.gov.bd
==================================================
[*] STARTING NEW DOMAIN: https://brri.rangpur.gov.bd
==================================================
[+] Domain exhausted. Finishing up: https://brri.rangpur.gov.bd
==================================================
[*] STARTING NEW DOMAIN: https://dphe.kachua.chandpur.gov.bd
==================================================
[+] Domain exhausted. Finishing up: https://dphe.kachua.chandpur.gov.bd
==================================================
[*] STARTING NEW DOMAIN: https://dphe.jhikargacha.jessore.gov.bd
==================================================
[+] Domain exhausted. Finishing up: https://dphe.jhikargacha.jessore.gov.bd
==================================================
[*] STARTING NEW DOMAIN: https://dphe.kaharol.dinajpur.gov.bd
==================================================
[+] Domain exhausted. Finishing up: https://dphe.kaharol.dinajpur.gov.bd
==================================================
[*] STARTING NEW DOMAIN: https://bbs.shahjadpur.sirajganj.gov.bd
==================================================
[+] Domain exhausted. Finishing up: https://bbs.shahjadpur.sirajganj.gov.bd
==================================================
[*] STARTING NEW DOMAIN: https://pio.syedpur.nilphamari.gov.bd
==================================================
[+] Domain exhausted. Finishing up: https://pio.syedpur.nilphamari.gov.bd
==================================================
[*] STARTING NEW DOMAIN: https://bmda2.godagari.rajshahi.gov.bd
==================================================
[+] Domain exhausted. Finishing up: https://bmda2.godagari.rajshahi.gov.bd
==================================================
[*] STARTING NEW DOMAIN: https://rajapurup.feni.gov.bd
==================================================
[+] Domain exhausted. Finishing up: https://rajapurup.feni.gov.bd
==================================================
[*] STARTING NEW DOMAIN: https://dshc.satkhira.gov.bd
==================================================
[+] Domain exhausted. Finishing up: https://dshc.satkhira.gov.bd
==================================================
[*] STARTING NEW DOMAIN: https://dshc.mymensingh.gov.bd
==================================================
[+] Domain exhausted. Finishing up: https://dshc.mymensingh.gov.bd
==================================================
[*] STARTING NEW DOMAIN: https://dshe.sharsha.jessore.gov.bd
==================================================
[+] Domain exhausted. Finishing up: https://dshe.sharsha.jessore.gov.bd
==================================================
[*] STARTING NEW DOMAIN: https://dshe.panchari.khagrachhari.gov.bd
==================================================
[+] Domain exhausted. Finishing up: https://dshe.panchari.khagrachhari.gov.bd
==================================================
[*] STARTING NEW DOMAIN: https://dss.coxsbazar.gov.bd
==================================================
[+] Domain exhausted. Finishing up: https://dss.coxsbazar.gov.bd
==================================================
[*] STARTING NEW DOMAIN: https://dss.nazirpur.pirojpur.gov.bd
==================================================
[+] Domain exhausted. Finishing up: https://dss.nazirpur.pirojpur.gov.bd
==================================================
[*] STARTING NEW DOMAIN: https://dss.kendua.netrokona.gov.bd
==================================================
[+] Domain exhausted. Finishing up: https://dss.kendua.netrokona.gov.bd
==================================================
[*] STARTING NEW DOMAIN: https://dss.tarash.sirajganj.gov.bd
==================================================
[+] Domain exhausted. Finishing up: https://dss.tarash.sirajganj.gov.bd
==================================================
[*] STARTING NEW DOMAIN: https://dte.gov.bd
==================================================
[+] Domain exhausted. Finishing up: https://dte.gov.bd
==================================================
[*] STARTING NEW DOMAIN: https://dwa.durgapur.rajshahi.gov.bd
==================================================
[+] Domain exhausted. Finishing up: https://dwa.durgapur.rajshahi.gov.bd
==================================================
[*] STARTING NEW DOMAIN: https://dwa.habiganjsadar.habiganj.gov.bd
==================================================
[+] Domain exhausted. Finishing up: https://dwa.habiganjsadar.habiganj.gov.bd
==================================================
[*] STARTING NEW DOMAIN: https://dwa.ranisankail.thakurgaon.gov.bd
==================================================
[+] Domain exhausted. Finishing up: https://dwa.ranisankail.thakurgaon.gov.bd
==================================================
[*] STARTING NEW DOMAIN: https://dwa.ruma.bandarban.gov.bd
==================================================
[+] Domain exhausted. Finishing up: https://dwa.ruma.bandarban.gov.bd
==================================================
[*] STARTING NEW DOMAIN: https://ebek.jamalpursadar.jamalpur.gov.bd
==================================================
[+] Domain exhausted. Finishing up: https://ebek.jamalpursadar.jamalpur.gov.bd
==================================================
[*] STARTING NEW DOMAIN: https://ebek.chirirbandar.dinajpur.gov.bd
==================================================
[+] Domain exhausted. Finishing up: https://ebek.chirirbandar.dinajpur.gov.bd
==================================================
[*] STARTING NEW DOMAIN: https://ebek.mohongonj.netrokona.gov.bd
==================================================
[+] Domain exhausted. Finishing up: https://ebek.mohongonj.netrokona.gov.bd
==================================================
[*] STARTING NEW DOMAIN: https://ec.muksudpur.gopalganj.gov.bd
==================================================
[+] Domain exhausted. Finishing up: https://ec.muksudpur.gopalganj.gov.bd
==================================================
[*] STARTING NEW DOMAIN: https://ec.fulbari.dinajpur.gov.bd
==================================================
[+] Domain exhausted. Finishing up: https://ec.fulbari.dinajpur.gov.bd
==================================================
[*] STARTING NEW DOMAIN: https://eed.baghaichari.rangamati.gov.bd
==================================================
[+] Domain exhausted. Finishing up: https://eed.baghaichari.rangamati.gov.bd
==================================================
[*] STARTING NEW DOMAIN: https://eed.sadar.munshiganj.gov.bd
==================================================
[+] Domain exhausted. Finishing up: https://eed.sadar.munshiganj.gov.bd
==================================================
[*] STARTING NEW DOMAIN: https://zp.panchagarh.gov.bd
==================================================
[+] Domain exhausted. Finishing up: https://zp.panchagarh.gov.bd
==================================================
[*] STARTING NEW DOMAIN: https://eef.gov.bd
==================================================
[+] Domain exhausted. Finishing up: https://eef.gov.bd
==================================================
[*] STARTING NEW DOMAIN: https://eed.shalla.sunamganj.gov.bd
==================================================
[+] Domain exhausted. Finishing up: https://eed.shalla.sunamganj.gov.bd
==================================================
[*] STARTING NEW DOMAIN: https://urc.bera.pabna.gov.bd
==================================================
[+] Domain exhausted. Finishing up: https://urc.bera.pabna.gov.bd
==================================================
[*] STARTING NEW DOMAIN: https://eti.ecs.gov.bd
==================================================
[+] Domain exhausted. Finishing up: https://eti.ecs.gov.bd
==================================================
[*] STARTING NEW DOMAIN: https://fireservice.bhangura.pabna.gov.bd
==================================================
[+] Domain exhausted. Finishing up: https://fireservice.bhangura.pabna.gov.bd
==================================================
[*] STARTING NEW DOMAIN: https://fireservice.chhatak.sunamganj.gov.bd
==================================================
[+] Domain exhausted. Finishing up: https://fireservice.chhatak.sunamganj.gov.bd
==================================================
[*] STARTING NEW DOMAIN: https://fireservice.palashbari.gaibandha.gov.bd
==================================================
[+] Domain exhausted. Finishing up: https://fireservice.palashbari.gaibandha.gov.bd
==================================================
[*] STARTING NEW DOMAIN: https://urc.sreepur.gazipur.gov.bd
==================================================
[+] Domain exhausted. Finishing up: https://urc.sreepur.gazipur.gov.bd
==================================================
[*] STARTING NEW DOMAIN: https://fireservice.taragonj.rangpur.gov.bd
==================================================
[+] Domain exhausted. Finishing up: https://fireservice.taragonj.rangpur.gov.bd
==================================================
[*] STARTING NEW DOMAIN: https://zp.cumilla.gov.bd
==================================================
[+] Domain exhausted. Finishing up: https://zp.cumilla.gov.bd
==================================================
[*] STARTING NEW DOMAIN: https://zso.kaliganj.jhenaidah.gov.bd
==================================================
[+] Domain exhausted. Finishing up: https://zso.kaliganj.jhenaidah.gov.bd
==================================================
[*] STARTING NEW DOMAIN: https://fisheries.kishoreganjsadar.kishoreganj.gov.bd
==================================================
[+] Domain exhausted. Finishing up: https://fisheries.kishoreganjsadar.kishoreganj.gov.bd
==================================================
[*] STARTING NEW DOMAIN: https://fisheries.palash.narsingdi.gov.bd
==================================================
[+] Domain exhausted. Finishing up: https://fisheries.palash.narsingdi.gov.bd
==================================================
[*] STARTING NEW DOMAIN: https://food.basail.tangail.gov.bd
==================================================
[+] Domain exhausted. Finishing up: https://food.basail.tangail.gov.bd
==================================================
[*] STARTING NEW DOMAIN: https://food.khetlal.joypurhat.gov.bd
==================================================
[+] Domain exhausted. Finishing up: https://food.khetlal.joypurhat.gov.bd
==================================================
[*] STARTING NEW DOMAIN: https://food.jibannagar.chuadanga.gov.bd
==================================================
[+] Domain exhausted. Finishing up: https://food.jibannagar.chuadanga.gov.bd
==================================================
[*] STARTING NEW DOMAIN: https://food.gouripur.mymensingh.gov.bd
==================================================
[+] Domain exhausted. Finishing up: https://food.gouripur.mymensingh.gov.bd
==================================================
[*] STARTING NEW DOMAIN: https://food.sherpur.bogra.gov.bd
==================================================
[+] Domain exhausted. Finishing up: https://food.sherpur.bogra.gov.bd
==================================================
[*] STARTING NEW DOMAIN: https://forest.barisalsadar.barisal.gov.bd
==================================================
[+] Domain exhausted. Finishing up: https://forest.barisalsadar.barisal.gov.bd
==================================================
[*] STARTING NEW DOMAIN: https://forest.bogra.gov.bd
==================================================
[+] Domain exhausted. Finishing up: https://forest.bogra.gov.bd
==================================================
[*] STARTING NEW DOMAIN: http://deb134550.dhakaeducationboard.gov.bd
==================================================
[+] Domain exhausted. Finishing up: http://deb134550.dhakaeducationboard.gov.bd
==================================================
[*] STARTING NEW DOMAIN: https://forest.sarishabari.jamalpur.gov.bd
==================================================
[+] Domain exhausted. Finishing up: https://forest.sarishabari.jamalpur.gov.bd
==================================================
[*] STARTING NEW DOMAIN: https://fpo.nikli.kishoreganj.gov.bd
==================================================
[+] Domain exhausted. Finishing up: https://fpo.nikli.kishoreganj.gov.bd
==================================================
[*] STARTING NEW DOMAIN: https://fpo.lalpur.natore.gov.bd
==================================================
[+] Domain exhausted. Finishing up: https://fpo.lalpur.natore.gov.bd
==================================================
[*] STARTING NEW DOMAIN: https://fpo.sadar.bagerhat.gov.bd
==================================================
[+] Domain exhausted. Finishing up: https://fpo.sadar.bagerhat.gov.bd
==================================================
[*] STARTING NEW DOMAIN: https://fpo.sonatala.bogra.gov.bd
==================================================
[+] Domain exhausted. Finishing up: https://fpo.sonatala.bogra.gov.bd
==================================================
[*] STARTING NEW DOMAIN: https://singarimodelsecondaryschool.jessoreboard.gov.bd
==================================================
[+] Domain exhausted. Finishing up: https://singarimodelsecondaryschool.jessoreboard.gov.bd
==================================================
[*] STARTING NEW DOMAIN: https://gatiparasecondaryschool.jessoreboard.gov.bd
==================================================
[+] Domain exhausted. Finishing up: https://gatiparasecondaryschool.jessoreboard.gov.bd
==================================================
[*] STARTING NEW DOMAIN: https://haddasecondaryschool.jessoreboard.gov.bd
==================================================
[+] Domain exhausted. Finishing up: https://haddasecondaryschool.jessoreboard.gov.bd
==================================================
[*] STARTING NEW DOMAIN: https://goieshpursecondaryschool.jessoreboard.gov.bd
==================================================
[+] Domain exhausted. Finishing up: https://goieshpursecondaryschool.jessoreboard.gov.bd
==================================================
[*] STARTING NEW DOMAIN: https://hcaziznagar.bandarban.gov.bd
==================================================
[+] Domain exhausted. Finishing up: https://hcaziznagar.bandarban.gov.bd
==================================================
[*] STARTING NEW DOMAIN: https://hc.natore.gov.bd
==================================================
[+] Domain exhausted. Finishing up: https://hc.natore.gov.bd
==================================================
[*] STARTING NEW DOMAIN: https://health.golapganj.sylhet.gov.bd
==================================================
[+] Domain exhausted. Finishing up: https://health.golapganj.sylhet.gov.bd
==================================================
[*] STARTING NEW DOMAIN: https://health.daulatpur.kushtia.gov.bd
==================================================
[+] Domain exhausted. Finishing up: https://health.daulatpur.kushtia.gov.bd
==================================================
[*] STARTING NEW DOMAIN: https://hed.kushtia.gov.bd
==================================================
[+] Domain exhausted. Finishing up: https://hed.kushtia.gov.bd
==================================================
[*] STARTING NEW DOMAIN: https://health.ramgarh.khagrachhari.gov.bd
==================================================
[+] Domain exhausted. Finishing up: https://health.ramgarh.khagrachhari.gov.bd
==================================================
[*] STARTING NEW DOMAIN: https://hsso.barguna.gov.bd
==================================================
[+] Domain exhausted. Finishing up: https://hsso.barguna.gov.bd
==================================================
[*] STARTING NEW DOMAIN: https://sr.charghat.rajshahi.gov.bd
==================================================
[+] Domain exhausted. Finishing up: https://sr.charghat.rajshahi.gov.bd
==================================================
[*] STARTING NEW DOMAIN: https://idp.ossbscic.gov.bd
==================================================
[+] Domain exhausted. Finishing up: https://idp.ossbscic.gov.bd
==================================================
[*] STARTING NEW DOMAIN: https://ihtkashiani.gopalganj.gov.bd
==================================================
[+] Domain exhausted. Finishing up: https://ihtkashiani.gopalganj.gov.bd
==================================================
[*] STARTING NEW DOMAIN: https://sr.haluaghat.mymensingh.gov.bd
==================================================
[+] Domain exhausted. Finishing up: https://sr.haluaghat.mymensingh.gov.bd
==================================================
[*] STARTING NEW DOMAIN: https://islamicfoundation.coxsbazar.gov.bd
==================================================
[+] Domain exhausted. Finishing up: https://islamicfoundation.coxsbazar.gov.bd
==================================================
[*] STARTING NEW DOMAIN: https://jamalpurup.rajbari.gov.bd
==================================================
[+] Domain exhausted. Finishing up: https://jamalpurup.rajbari.gov.bd
==================================================
[*] STARTING NEW DOMAIN: https://sr.muradnagar.comilla.gov.bd
==================================================
[+] Domain exhausted. Finishing up: https://sr.muradnagar.comilla.gov.bd
==================================================
[*] STARTING NEW DOMAIN: https://kadirparaup.magura.gov.bd
==================================================
[+] Domain exhausted. Finishing up: https://kadirparaup.magura.gov.bd
==================================================
[*] STARTING NEW DOMAIN: https://kathariaup.chittagong.gov.bd
==================================================
[+] Domain exhausted. Finishing up: https://kathariaup.chittagong.gov.bd
==================================================
[*] STARTING NEW DOMAIN: https://khalilnagaruniongirlssecondaryschool.jessoreboard.gov.bd
==================================================
[+] Domain exhausted. Finishing up: https://khalilnagaruniongirlssecondaryschool.jessoreboard.gov.bd
==================================================
[*] STARTING NEW DOMAIN: https://kazipur.sirajganj.gov.bd
==================================================
[+] Domain exhausted. Finishing up: https://kazipur.sirajganj.gov.bd
==================================================
[*] STARTING NEW DOMAIN: https://khulna.gov.bd
==================================================
[+] Domain exhausted. Finishing up: https://khulna.gov.bd
==================================================
[*] STARTING NEW DOMAIN: https://kurshaknsecondaryschool.jessoreboard.gov.bd
==================================================
[+] Domain exhausted. Finishing up: https://kurshaknsecondaryschool.jessoreboard.gov.bd
==================================================
[*] STARTING NEW DOMAIN: https://labutalaup.narsingdi.gov.bd
==================================================
[+] Domain exhausted. Finishing up: https://labutalaup.narsingdi.gov.bd
==================================================
[*] STARTING NEW DOMAIN: https://land.gov.bd
==================================================
[+] Domain exhausted. Finishing up: https://land.gov.bd
==================================================
[*] STARTING NEW DOMAIN: https://lged.chitalmari.bagerhat.gov.bd
==================================================
[+] Domain exhausted. Finishing up: https://lged.chitalmari.bagerhat.gov.bd
==================================================
[*] STARTING NEW DOMAIN: https://talbariasecondaryschoolmirpur.jessoreboard.gov.bd
==================================================
[+] Domain exhausted. Finishing up: https://talbariasecondaryschoolmirpur.jessoreboard.gov.bd
==================================================
[*] STARTING NEW DOMAIN: https://lged.kaliakair.gazipur.gov.bd
==================================================
[+] Domain exhausted. Finishing up: https://lged.kaliakair.gazipur.gov.bd
==================================================
[*] STARTING NEW DOMAIN: https://live8.bmd.gov.bd
==================================================
[+] Domain exhausted. Finishing up: https://live8.bmd.gov.bd
==================================================
[*] STARTING NEW DOMAIN: https://lpc.bfidc.gov.bd
==================================================
[+] Domain exhausted. Finishing up: https://lpc.bfidc.gov.bd
==================================================
[*] STARTING NEW DOMAIN: https://mail.bmet.gov.bd
==================================================
[+] Domain exhausted. Finishing up: https://mail.bmet.gov.bd
==================================================
[*] STARTING NEW DOMAIN: https://mail.boiler.gov.bd
==================================================
[+] Domain exhausted. Finishing up: https://mail.boiler.gov.bd
==================================================
[*] STARTING NEW DOMAIN: https://mahmudpurup.dinajpur.gov.bd
==================================================
[+] Domain exhausted. Finishing up: https://mahmudpurup.dinajpur.gov.bd
==================================================
[*] STARTING NEW DOMAIN: https://mail.dlrs.gov.bd
==================================================
[+] Domain exhausted. Finishing up: https://mail.dlrs.gov.bd
==================================================
[*] STARTING NEW DOMAIN: https://mail.shilpakala.gov.bd
==================================================
[+] Domain exhausted. Finishing up: https://mail.shilpakala.gov.bd
==================================================
[*] STARTING NEW DOMAIN: https://mcc.gov.bd
==================================================
[+] Domain exhausted. Finishing up: https://mcc.gov.bd
==================================================
[*] STARTING NEW DOMAIN: https://mirkadimps.munshiganj.gov.bd
==================================================
[+] Domain exhausted. Finishing up: https://mirkadimps.munshiganj.gov.bd
==================================================
[*] STARTING NEW DOMAIN: https://totthoapa.rowmari.kurigram.gov.bd
==================================================
[+] Domain exhausted. Finishing up: https://totthoapa.rowmari.kurigram.gov.bd
==================================================
[*] STARTING NEW DOMAIN: https://mohanpurup.comilla.gov.bd
==================================================
[+] Domain exhausted. Finishing up: https://mohanpurup.comilla.gov.bd
==================================================
[*] STARTING NEW DOMAIN: https://musapurup.noakhali.gov.bd
==================================================
[+] Domain exhausted. Finishing up: https://musapurup.noakhali.gov.bd
==================================================
[*] STARTING NEW DOMAIN: https://tsc.gaibandha.gov.bd
==================================================
[+] Domain exhausted. Finishing up: https://tsc.gaibandha.gov.bd
==================================================
[*] STARTING NEW DOMAIN: https://natudasecondaryschool.jessoreboard.gov.bd
==================================================
[+] Domain exhausted. Finishing up: https://natudasecondaryschool.jessoreboard.gov.bd
==================================================
[*] STARTING NEW DOMAIN: https://nariamunicipality.portal.gov.bd
==================================================
[+] Domain exhausted. Finishing up: https://nariamunicipality.portal.gov.bd
==================================================
[*] STARTING NEW DOMAIN: https://tscnawabganj.dinajpur.gov.bd
==================================================
[+] Domain exhausted. Finishing up: https://tscnawabganj.dinajpur.gov.bd
==================================================
[*] STARTING NEW DOMAIN: https://news.cid.gov.bd
==================================================
[+] Domain exhausted. Finishing up: https://news.cid.gov.bd
==================================================
[*] STARTING NEW DOMAIN: https://nurnagarashalatasecondaryschool.jessoreboard.gov.bd
==================================================
[+] Domain exhausted. Finishing up: https://nurnagarashalatasecondaryschool.jessoreboard.gov.bd
==================================================
[*] STARTING NEW DOMAIN: https://srdi.barguna.gov.bd
==================================================
[+] Domain exhausted. Finishing up: https://srdi.barguna.gov.bd
==================================================
[*] STARTING NEW DOMAIN: https://ofrd.noakhali.gov.bd
==================================================
[+] Domain exhausted. Finishing up: https://ofrd.noakhali.gov.bd
==================================================
[*] STARTING NEW DOMAIN: https://sreebordi.sherpur.gov.bd
==================================================
[+] Domain exhausted. Finishing up: https://sreebordi.sherpur.gov.bd
==================================================
[*] STARTING NEW DOMAIN: https://tbcme.lalmonirhat.gov.bd
==================================================
[+] Domain exhausted. Finishing up: https://tbcme.lalmonirhat.gov.bd
==================================================
[*] STARTING NEW DOMAIN: https://tularampurup.narail.gov.bd
==================================================
[+] Domain exhausted. Finishing up: https://tularampurup.narail.gov.bd
==================================================
[*] STARTING NEW DOMAIN: https://tvishahjadpur.sirajganj.gov.bd
==================================================
[+] Domain exhausted. Finishing up: https://tvishahjadpur.sirajganj.gov.bd
==================================================
[*] STARTING NEW DOMAIN: https://pio.pakundia.kishoreganj.gov.bd
==================================================
[+] Domain exhausted. Finishing up: https://pio.pakundia.kishoreganj.gov.bd
==================================================
[*] STARTING NEW DOMAIN: https://police.bancharampur.brahmanbaria.gov.bd
==================================================
[+] Domain exhausted. Finishing up: https://police.bancharampur.brahmanbaria.gov.bd
==================================================
[*] STARTING NEW DOMAIN: https://police.babuganj.barisal.gov.bd
==================================================
[+] Domain exhausted. Finishing up: https://police.babuganj.barisal.gov.bd
==================================================
[*] STARTING NEW DOMAIN: https://police.jamalpur.gov.bd
==================================================
[+] Domain exhausted. Finishing up: https://police.jamalpur.gov.bd
==================================================
[*] STARTING NEW DOMAIN: https://police.galachipa.patuakhali.gov.bd
==================================================
[+] Domain exhausted. Finishing up: https://police.galachipa.patuakhali.gov.bd
==================================================
[*] STARTING NEW DOMAIN: https://police.tahirpur.sunamganj.gov.bd
==================================================
[+] Domain exhausted. Finishing up: https://police.tahirpur.sunamganj.gov.bd
==================================================
[*] STARTING NEW DOMAIN: https://post.bhaluka.mymensingh.gov.bd
==================================================
[+] Domain exhausted. Finishing up: https://post.bhaluka.mymensingh.gov.bd
==================================================
[*] STARTING NEW DOMAIN: https://post.chougachha.jessore.gov.bd
==================================================
[+] Domain exhausted. Finishing up: https://post.chougachha.jessore.gov.bd
==================================================
[*] STARTING NEW DOMAIN: https://post.tarail.kishoreganj.gov.bd
==================================================
[+] Domain exhausted. Finishing up: https://post.tarail.kishoreganj.gov.bd
==================================================
[*] STARTING NEW DOMAIN: https://post.netrokona.gov.bd
==================================================
[+] Domain exhausted. Finishing up: https://post.netrokona.gov.bd
==================================================
[*] STARTING NEW DOMAIN: https://practical.bise-ctg.gov.bd
==================================================
[+] Domain exhausted. Finishing up: https://practical.bise-ctg.gov.bd
==================================================
[*] STARTING NEW DOMAIN: https://prison2.feni.gov.bd
==================================================
[+] Domain exhausted. Finishing up: https://prison2.feni.gov.bd
==================================================
[*] STARTING NEW DOMAIN: https://psb.khulna.gov.bd
==================================================
[+] Domain exhausted. Finishing up: https://psb.khulna.gov.bd
==================================================
[*] STARTING NEW DOMAIN: https://pti.joypurhat.gov.bd
==================================================
[+] Domain exhausted. Finishing up: https://pti.joypurhat.gov.bd
==================================================
[*] STARTING NEW DOMAIN: https://pti.rangamati.gov.bd
==================================================
[+] Domain exhausted. Finishing up: https://pti.rangamati.gov.bd
==================================================
[*] STARTING NEW DOMAIN: https://pwd.rangpurdiv.gov.bd
==================================================
[+] Domain exhausted. Finishing up: https://pwd.rangpurdiv.gov.bd
==================================================
[*] STARTING NEW DOMAIN: https://rab.khulnadiv.gov.bd
==================================================
[+] Domain exhausted. Finishing up: https://rab.khulnadiv.gov.bd
==================================================
[*] STARTING NEW DOMAIN: https://raykotsouthup.comilla.gov.bd
==================================================
[+] Domain exhausted. Finishing up: https://raykotsouthup.comilla.gov.bd
==================================================
[*] STARTING NEW DOMAIN: https://reb.sunamganj.gov.bd
==================================================
[+] Domain exhausted. Finishing up: https://reb.sunamganj.gov.bd
==================================================
[*] STARTING NEW DOMAIN: https://rhdgopalganjzn.dhakadiv.gov.bd
==================================================
[+] Domain exhausted. Finishing up: https://rhdgopalganjzn.dhakadiv.gov.bd
==================================================
[*] STARTING NEW DOMAIN: https://rkb.shahjadpur.sirajganj.gov.bd
==================================================
[+] Domain exhausted. Finishing up: https://rkb.shahjadpur.sirajganj.gov.bd
==================================================
[*] STARTING NEW DOMAIN: https://roydaulatpurup.sirajganj.gov.bd
==================================================
[+] Domain exhausted. Finishing up: https://roydaulatpurup.sirajganj.gov.bd
==================================================
[*] STARTING NEW DOMAIN: https://lged.parbatipur.dinajpur.gov.bd
==================================================
[+] Domain exhausted. Finishing up: https://lged.parbatipur.dinajpur.gov.bd
==================================================
[*] STARTING NEW DOMAIN: https://maguragovtgirlshighschool.jessoreboard.gov.bd
==================================================
[+] Domain exhausted. Finishing up: https://maguragovtgirlshighschool.jessoreboard.gov.bd
==================================================
[*] STARTING NEW DOMAIN: https://noaparahighschool.jessoreboard.gov.bd
==================================================
[+] Domain exhausted. Finishing up: https://noaparahighschool.jessoreboard.gov.bd
==================================================
[*] STARTING NEW DOMAIN: https://bbs.koyra.khulna.gov.bd
==================================================
[+] Domain exhausted. Finishing up: https://bbs.koyra.khulna.gov.bd
==================================================
[*] STARTING NEW DOMAIN: https://bbs.rowangchhari.bandarban.gov.bd
==================================================
[+] Domain exhausted. Finishing up: https://bbs.rowangchhari.bandarban.gov.bd
==================================================
[*] STARTING NEW DOMAIN: https://brdb.dhanbari.tangail.gov.bd
==================================================
[+] Domain exhausted. Finishing up: https://brdb.dhanbari.tangail.gov.bd
==================================================
[*] STARTING NEW DOMAIN: https://chattogram.ccie.gov.bd
==================================================
[+] Domain exhausted. Finishing up: https://chattogram.ccie.gov.bd
==================================================
[*] STARTING NEW DOMAIN: https://csawmp.fisheries.gov.bd
==================================================
[+] Domain exhausted. Finishing up: https://csawmp.fisheries.gov.bd
==================================================
[*] STARTING NEW DOMAIN: https://deb138155.dhakaeducationboard.gov.bd
==================================================
[+] Domain exhausted. Finishing up: https://deb138155.dhakaeducationboard.gov.bd
==================================================
[*] STARTING NEW DOMAIN: https://dphe.juri.moulvibazar.gov.bd
==================================================
[+] Domain exhausted. Finishing up: https://dphe.juri.moulvibazar.gov.bd
==================================================
[*] STARTING NEW DOMAIN: https://fpo.dinajpursadar.dinajpur.gov.bd
==================================================
[+] Domain exhausted. Finishing up: https://fpo.dinajpursadar.dinajpur.gov.bd
==================================================
[*] STARTING NEW DOMAIN: https://lged.kahaloo.bogra.gov.bd
==================================================
[+] Domain exhausted. Finishing up: https://lged.kahaloo.bogra.gov.bd
==================================================
[*] STARTING NEW DOMAIN: https://post.tahirpur.sunamganj.gov.bd
==================================================
[+] Domain exhausted. Finishing up: https://post.tahirpur.sunamganj.gov.bd
==================================================
[*] STARTING NEW DOMAIN: https://shaibal.portal.gov.bd
==================================================
[+] Domain exhausted. Finishing up: https://shaibal.portal.gov.bd
==================================================
[*] STARTING NEW DOMAIN: https://ums.bdcustoms.gov.bd
==================================================
[+] Domain exhausted. Finishing up: https://ums.bdcustoms.gov.bd
==================================================
[*] STARTING NEW DOMAIN: https://urc.dhamrai.dhaka.gov.bd
==================================================
[+] Domain exhausted. Finishing up: https://urc.dhamrai.dhaka.gov.bd
==================================================
[*] STARTING NEW DOMAIN: https://vanguriasecondaryschool.jessoreboard.gov.bd
==================================================
[+] Domain exhausted. Finishing up: https://vanguriasecondaryschool.jessoreboard.gov.bd
==================================================
[*] STARTING NEW DOMAIN: https://www.ais.gov.bd
==================================================
[+] Domain exhausted. Finishing up: https://www.ais.gov.bd
==================================================
[*] STARTING NEW DOMAIN: https://youth.dakshinsurma.sylhet.gov.bd
==================================================
[+] Domain exhausted. Finishing up: https://youth.dakshinsurma.sylhet.gov.bd
==================================================
[*] STARTING NEW DOMAIN: https://youth.kalihati.tangail.gov.bd
==================================================
[+] Domain exhausted. Finishing up: https://youth.kalihati.tangail.gov.bd
==================================================
[*] STARTING NEW DOMAIN: https://youth.sadar.gopalganj.gov.bd
==================================================
[+] Domain exhausted. Finishing up: https://youth.sadar.gopalganj.gov.bd
==================================================
[*] STARTING NEW DOMAIN: https://ytc.munshiganj.gov.bd
==================================================
[+] Domain exhausted. Finishing up: https://ytc.munshiganj.gov.bd
==================================================
[*] STARTING NEW DOMAIN: https://www.dhakachamber.com/
==================================================
[+] Domain exhausted. Finishing up: https://www.dhakachamber.com/
==================================================
[*] STARTING NEW DOMAIN: http://cafotj.gov.bd
==================================================
[+] Domain exhausted. Finishing up: http://cafotj.gov.bd
==================================================
[*] STARTING NEW DOMAIN: http://deb108147.dhakaeducationboard.gov.bd
==================================================
[+] Domain exhausted. Finishing up: http://deb108147.dhakaeducationboard.gov.bd
==================================================
[*] STARTING NEW DOMAIN: http://dls.pirgonj.rangpur.gov.bd
==================================================
[+] Domain exhausted. Finishing up: http://dls.pirgonj.rangpur.gov.bd
==================================================
[*] STARTING NEW DOMAIN: https://shomashpurhighschool.jessoreboard.gov.bd
==================================================
[+] Domain exhausted. Finishing up: https://shomashpurhighschool.jessoreboard.gov.bd
==================================================
[*] STARTING NEW DOMAIN: https://smbadc.lakshmipur.gov.bd
==================================================
[+] Domain exhausted. Finishing up: https://smbadc.lakshmipur.gov.bd
==================================================
[*] STARTING NEW DOMAIN: https://so.melandah.jamalpur.gov.bd
==================================================
[+] Domain exhausted. Finishing up: https://so.melandah.jamalpur.gov.bd
==================================================
[*] STARTING NEW DOMAIN: https://sr.baniachong.habiganj.gov.bd
==================================================
[+] Domain exhausted. Finishing up: https://sr.baniachong.habiganj.gov.bd
==================================================
[*] STARTING NEW DOMAIN: https://sr.dhanbari.tangail.gov.bd
==================================================
[+] Domain exhausted. Finishing up: https://sr.dhanbari.tangail.gov.bd
==================================================
[*] STARTING NEW DOMAIN: https://sr.mirzapur.tangail.gov.bd
==================================================
[+] Domain exhausted. Finishing up: https://sr.mirzapur.tangail.gov.bd
==================================================
[*] STARTING NEW DOMAIN: https://sr.rajoir.madaripur.gov.bd
==================================================
[+] Domain exhausted. Finishing up: https://sr.rajoir.madaripur.gov.bd
==================================================
[*] STARTING NEW DOMAIN: https://ssp.bforest.gov.bd
==================================================
[+] Domain exhausted. Finishing up: https://ssp.bforest.gov.bd
==================================================
[*] STARTING NEW DOMAIN: https://tax.chapainawabganj.gov.bd
==================================================
[+] Domain exhausted. Finishing up: https://tax.chapainawabganj.gov.bd
==================================================
[*] STARTING NEW DOMAIN: https://tat.gov.bd
==================================================
[+] Domain exhausted. Finishing up: https://tat.gov.bd
==================================================
[*] STARTING NEW DOMAIN: https://titas.comilla.gov.bd
==================================================
[+] Domain exhausted. Finishing up: https://titas.comilla.gov.bd
==================================================
[*] STARTING NEW DOMAIN: https://totthoapa.phulpur.mymensingh.gov.bd
==================================================
[+] Domain exhausted. Finishing up: https://totthoapa.phulpur.mymensingh.gov.bd
==================================================
[*] STARTING NEW DOMAIN: https://totthoapa.pirganj.thakurgaon.gov.bd
==================================================
[+] Domain exhausted. Finishing up: https://totthoapa.pirganj.thakurgaon.gov.bd
==================================================
[*] STARTING NEW DOMAIN: https://tschajiganj.chandpur.gov.bd
==================================================
[+] Domain exhausted. Finishing up: https://tschajiganj.chandpur.gov.bd
==================================================
[*] STARTING NEW DOMAIN: https://uitrce.bagatipara.natore.gov.bd
==================================================
[+] Domain exhausted. Finishing up: https://uitrce.bagatipara.natore.gov.bd
==================================================
[*] STARTING NEW DOMAIN: https://udoypurup.bagerhat.gov.bd
==================================================
[+] Domain exhausted. Finishing up: https://udoypurup.bagerhat.gov.bd
[*] All websites in the text file have been fully crawled! Shutting down.
