[*] Seeds loaded from data/crawled_alive_gov_bd_sites.txt.

🚀 Starting Domain-by-Domain Spider...

==================================================
[*] STARTING NEW DOMAIN: https://deb113336.dhakaeducationboard.gov.bd
==================================================
[+] Domain exhausted. Finishing up: https://deb113336.dhakaeducationboard.gov.bd
==================================================
[*] STARTING NEW DOMAIN: https://dwa.charfesson.bhola.gov.bd
==================================================
[+] Domain exhausted. Finishing up: https://dwa.charfesson.bhola.gov.bd
==================================================
[*] STARTING NEW DOMAIN: https://pio.koyra.khulna.gov.bd
==================================================
[+] Domain exhausted. Finishing up: https://pio.koyra.khulna.gov.bd
==================================================
[*] STARTING NEW DOMAIN: https://deb110926.dhakaeducationboard.gov.bd
==================================================
[+] Domain exhausted. Finishing up: https://deb110926.dhakaeducationboard.gov.bd
==================================================
[*] STARTING NEW DOMAIN: https://food.kendua.netrokona.gov.bd
==================================================
[+] Domain exhausted. Finishing up: https://food.kendua.netrokona.gov.bd
==================================================
[*] STARTING NEW DOMAIN: https://deb114352.dhakaeducationboard.gov.bd
==================================================
[+] Domain exhausted. Finishing up: https://deb114352.dhakaeducationboard.gov.bd
==================================================
[*] STARTING NEW DOMAIN: http://hifm.bwdb.gov.bd
==================================================
[+] Domain exhausted. Finishing up: http://hifm.bwdb.gov.bd
==================================================
[*] STARTING NEW DOMAIN: https://lged.muladi.barisal.gov.bd
==================================================
[+] Domain exhausted. Finishing up: https://lged.muladi.barisal.gov.bd
==================================================
[*] STARTING NEW DOMAIN: https://dphe.kushtiasadar.kushtia.gov.bd
==================================================
[+] Domain exhausted. Finishing up: https://dphe.kushtiasadar.kushtia.gov.bd
==================================================
[*] STARTING NEW DOMAIN: https://idh.dhaka.gov.bd
==================================================
[+] Domain exhausted. Finishing up: https://idh.dhaka.gov.bd
==================================================
[*] STARTING NEW DOMAIN: https://ansarvdp.dasar.madaripur.gov.bd
==================================================
[+] Domain exhausted. Finishing up: https://ansarvdp.dasar.madaripur.gov.bd
==================================================
[*] STARTING NEW DOMAIN: https://bhatgharadayapursecondaryschool.jessoreboard.gov.bd
==================================================
[+] Domain exhausted. Finishing up: https://bhatgharadayapursecondaryschool.jessoreboard.gov.bd
==================================================
[*] STARTING NEW DOMAIN: https://drro.manikganj.gov.bd
==================================================
[+] Domain exhausted. Finishing up: https://drro.manikganj.gov.bd
==================================================
[*] STARTING NEW DOMAIN: https://food.kulaura.moulvibazar.gov.bd
==================================================
[+] Domain exhausted. Finishing up: https://food.kulaura.moulvibazar.gov.bd
==================================================
[*] STARTING NEW DOMAIN: https://dao.juri.moulvibazar.gov.bd
==================================================
[+] Domain exhausted. Finishing up: https://dao.juri.moulvibazar.gov.bd
==================================================
[*] STARTING NEW DOMAIN: https://bbs.sadarpur.faridpur.gov.bd
==================================================
[+] Domain exhausted. Finishing up: https://bbs.sadarpur.faridpur.gov.bd
==================================================
[*] STARTING NEW DOMAIN: https://ttf-dte.portal.gov.bd
==================================================
[+] Domain exhausted. Finishing up: https://ttf-dte.portal.gov.bd
==================================================
[*] STARTING NEW DOMAIN: https://bbsafaripark.sreepur.gazipur.gov.bd
==================================================
[+] Domain exhausted. Finishing up: https://bbsafaripark.sreepur.gazipur.gov.bd
==================================================
[*] STARTING NEW DOMAIN: https://nise.gov.bd
==================================================
[+] Domain exhausted. Finishing up: https://nise.gov.bd
==================================================
[*] STARTING NEW DOMAIN: https://seo.shyamnagar.satkhira.gov.bd
==================================================
[+] Domain exhausted. Finishing up: https://seo.shyamnagar.satkhira.gov.bd
==================================================
[*] STARTING NEW DOMAIN: https://fisheries.netrokonasadar.netrokona.gov.bd
==================================================
[+] Domain exhausted. Finishing up: https://fisheries.netrokonasadar.netrokona.gov.bd
==================================================
[*] STARTING NEW DOMAIN: https://dphe.tarakanda.mymensingh.gov.bd
==================================================
[+] Domain exhausted. Finishing up: https://dphe.tarakanda.mymensingh.gov.bd
==================================================
[*] STARTING NEW DOMAIN: https://goalkhalijuniorhighschool.jessoreboard.gov.bd
==================================================
[+] Domain exhausted. Finishing up: https://goalkhalijuniorhighschool.jessoreboard.gov.bd
==================================================
[*] STARTING NEW DOMAIN: https://mail.ntl.gov.bd
==================================================
[+] Domain exhausted. Finishing up: https://mail.ntl.gov.bd
==================================================
[*] STARTING NEW DOMAIN: https://deo.kishorganj.nilphamari.gov.bd
==================================================
[+] Domain exhausted. Finishing up: https://deo.kishorganj.nilphamari.gov.bd
==================================================
[*] STARTING NEW DOMAIN: https://rhd.kurigram.gov.bd
==================================================
[+] Domain exhausted. Finishing up: https://rhd.kurigram.gov.bd
==================================================
[*] STARTING NEW DOMAIN: https://nakolraicharansecondaryschool.jessoreboard.gov.bd
==================================================
[+] Domain exhausted. Finishing up: https://nakolraicharansecondaryschool.jessoreboard.gov.bd
==================================================
[*] STARTING NEW DOMAIN: https://eed.comillasadar.comilla.gov.bd
==================================================
[+] Domain exhausted. Finishing up: https://eed.comillasadar.comilla.gov.bd
==================================================
[*] STARTING NEW DOMAIN: https://passport.magura.gov.bd
==================================================
[+] Domain exhausted. Finishing up: https://passport.magura.gov.bd
==================================================
[*] STARTING NEW DOMAIN: https://eed.sirajganjsadar.sirajganj.gov.bd
==================================================
[+] Domain exhausted. Finishing up: https://eed.sirajganjsadar.sirajganj.gov.bd
==================================================
[*] STARTING NEW DOMAIN: https://paruaup.chittagong.gov.bd
==================================================
[+] Domain exhausted. Finishing up: https://paruaup.chittagong.gov.bd
==================================================
[*] STARTING NEW DOMAIN: https://chacuriup.narail.gov.bd
==================================================
[+] Domain exhausted. Finishing up: https://chacuriup.narail.gov.bd
==================================================
[*] STARTING NEW DOMAIN: https://pbs.fenchuganj.sylhet.gov.bd
==================================================
[+] Domain exhausted. Finishing up: https://pbs.fenchuganj.sylhet.gov.bd
==================================================
[*] STARTING NEW DOMAIN: https://pdb.sunamganj.gov.bd
==================================================
[+] Domain exhausted. Finishing up: https://pdb.sunamganj.gov.bd
==================================================
[*] STARTING NEW DOMAIN: https://urc.narsingdisadar.narsingdi.gov.bd
==================================================
[+] Domain exhausted. Finishing up: https://urc.narsingdisadar.narsingdi.gov.bd
==================================================
[*] STARTING NEW DOMAIN: http://ati.gaibandha.gov.bd
==================================================
[+] Domain exhausted. Finishing up: http://ati.gaibandha.gov.bd
==================================================
[*] STARTING NEW DOMAIN: http://ansarvdp.dewangonj.jamalpur.gov.bd
==================================================
[+] Domain exhausted. Finishing up: http://ansarvdp.dewangonj.jamalpur.gov.bd
==================================================
[*] STARTING NEW DOMAIN: https://pdbf.nikli.kishoreganj.gov.bd
==================================================
[+] Domain exhausted. Finishing up: https://pdbf.nikli.kishoreganj.gov.bd
==================================================
[*] STARTING NEW DOMAIN: https://pdbf.gov.bd
==================================================
[+] Domain exhausted. Finishing up: https://pdbf.gov.bd
==================================================
[*] STARTING NEW DOMAIN: https://pio.bijoynagar.brahmanbaria.gov.bd
==================================================
[+] Domain exhausted. Finishing up: https://pio.bijoynagar.brahmanbaria.gov.bd
==================================================
[*] STARTING NEW DOMAIN: https://uitrce.sonargaon.narayanganj.gov.bd
==================================================
[+] Domain exhausted. Finishing up: https://uitrce.sonargaon.narayanganj.gov.bd
==================================================
[*] STARTING NEW DOMAIN: https://fqoseaport.chittagong.gov.bd
==================================================
[+] Domain exhausted. Finishing up: https://fqoseaport.chittagong.gov.bd
==================================================
[*] STARTING NEW DOMAIN: https://hfwc.jamalpursadar.jamalpur.gov.bd
==================================================
[+] Domain exhausted. Finishing up: https://hfwc.jamalpursadar.jamalpur.gov.bd
==================================================
[*] STARTING NEW DOMAIN: https://uitrce.koyra.khulna.gov.bd
==================================================
[+] Domain exhausted. Finishing up: https://uitrce.koyra.khulna.gov.bd
==================================================
[*] STARTING NEW DOMAIN: https://freelancer.gov.bd
==================================================
[+] Domain exhausted. Finishing up: https://freelancer.gov.bd
==================================================
[*] STARTING NEW DOMAIN: https://urc.hatibandha.lalmonirhat.gov.bd
==================================================
[+] Domain exhausted. Finishing up: https://urc.hatibandha.lalmonirhat.gov.bd
==================================================
[*] STARTING NEW DOMAIN: https://police.santhia.pabna.gov.bd
==================================================
[+] Domain exhausted. Finishing up: https://police.santhia.pabna.gov.bd
==================================================
[*] STARTING NEW DOMAIN: https://fisheries.barisalsadar.barisal.gov.bd
==================================================
[+] Domain exhausted. Finishing up: https://fisheries.barisalsadar.barisal.gov.bd
==================================================
[*] STARTING NEW DOMAIN: https://file-khulna.portal.gov.bd
==================================================
[+] Domain exhausted. Finishing up: https://file-khulna.portal.gov.bd
==================================================
[*] STARTING NEW DOMAIN: https://forest.sadar.rajbari.gov.bd
==================================================
[+] Domain exhausted. Finishing up: https://forest.sadar.rajbari.gov.bd
==================================================
[*] STARTING NEW DOMAIN: https://web.bise-ctg.gov.bd
==================================================
[+] Domain exhausted. Finishing up: https://web.bise-ctg.gov.bd
==================================================
[*] STARTING NEW DOMAIN: https://fisheries.muksudpur.gopalganj.gov.bd
==================================================
[+] Domain exhausted. Finishing up: https://fisheries.muksudpur.gopalganj.gov.bd
==================================================
[*] STARTING NEW DOMAIN: https://police.faridgonj.chandpur.gov.bd
==================================================
[+] Domain exhausted. Finishing up: https://police.faridgonj.chandpur.gov.bd
==================================================
[*] STARTING NEW DOMAIN: https://fpo.durgapur.netrokona.gov.bd
==================================================
[+] Domain exhausted. Finishing up: https://fpo.durgapur.netrokona.gov.bd
==================================================
[*] STARTING NEW DOMAIN: https://post.durgapur.rajshahi.gov.bd
==================================================
[+] Domain exhausted. Finishing up: https://post.durgapur.rajshahi.gov.bd
==================================================
[*] STARTING NEW DOMAIN: https://pdbf.damudya.shariatpur.gov.bd
==================================================
[+] Domain exhausted. Finishing up: https://pdbf.damudya.shariatpur.gov.bd
==================================================
[*] STARTING NEW DOMAIN: https://nowaparapourashava.gov.bd
==================================================
[+] Domain exhausted. Finishing up: https://nowaparapourashava.gov.bd
==================================================
[*] STARTING NEW DOMAIN: https://pozip.burichang.comilla.gov.bd
==================================================
[+] Domain exhausted. Finishing up: https://pozip.burichang.comilla.gov.bd
==================================================
[*] STARTING NEW DOMAIN: https://youth.patnitala.naogaon.gov.bd
==================================================
[+] Domain exhausted. Finishing up: https://youth.patnitala.naogaon.gov.bd
==================================================
[*] STARTING NEW DOMAIN: https://urc.naldanga.natore.gov.bd
==================================================
[+] Domain exhausted. Finishing up: https://urc.naldanga.natore.gov.bd
==================================================
[*] STARTING NEW DOMAIN: https://youth.sylhetsadar.sylhet.gov.bd
==================================================
[+] Domain exhausted. Finishing up: https://youth.sylhetsadar.sylhet.gov.bd
==================================================
[*] STARTING NEW DOMAIN: http://eps.boesl.gov.bd
==================================================
[+] Domain exhausted. Finishing up: http://eps.boesl.gov.bd
==================================================
[*] STARTING NEW DOMAIN: http://ekeb.atrai.naogaon.gov.bd
==================================================
[+] Domain exhausted. Finishing up: http://ekeb.atrai.naogaon.gov.bd
==================================================
[*] STARTING NEW DOMAIN: https://talapublicsecondaryschool.jessoreboard.gov.bd
==================================================
[+] Domain exhausted. Finishing up: https://talapublicsecondaryschool.jessoreboard.gov.bd
==================================================
[*] STARTING NEW DOMAIN: http://deb109119.dhakaeducationboard.gov.bd
==================================================
[+] Domain exhausted. Finishing up: http://deb109119.dhakaeducationboard.gov.bd
==================================================
[*] STARTING NEW DOMAIN: https://dss.mymensinghsadar.mymensingh.gov.bd
==================================================
[+] Domain exhausted. Finishing up: https://dss.mymensinghsadar.mymensingh.gov.bd
==================================================
[*] STARTING NEW DOMAIN: https://angariaup.shariatpur.gov.bd
==================================================
[+] Domain exhausted. Finishing up: https://angariaup.shariatpur.gov.bd
==================================================
[*] STARTING NEW DOMAIN: https://satairup.faridpur.gov.bd
==================================================
[+] Domain exhausted. Finishing up: https://satairup.faridpur.gov.bd
==================================================
[*] STARTING NEW DOMAIN: https://publiclibrary.pirojpur.gov.bd
==================================================
[+] Domain exhausted. Finishing up: https://publiclibrary.pirojpur.gov.bd
==================================================
[*] STARTING NEW DOMAIN: https://cooparative.nagarkanda.faridpur.gov.bd
==================================================
[+] Domain exhausted. Finishing up: https://cooparative.nagarkanda.faridpur.gov.bd
==================================================
[*] STARTING NEW DOMAIN: https://bbfl.gov.bd
==================================================
[+] Domain exhausted. Finishing up: https://bbfl.gov.bd
==================================================
[*] STARTING NEW DOMAIN: http://drip.plancomm.gov.bd
==================================================
[+] Domain exhausted. Finishing up: http://drip.plancomm.gov.bd
==================================================
[*] STARTING NEW DOMAIN: https://longairup.mymensingh.gov.bd
==================================================
[+] Domain exhausted. Finishing up: https://longairup.mymensingh.gov.bd
==================================================
[*] STARTING NEW DOMAIN: https://bbs.birganj.dinajpur.gov.bd
==================================================
[+] Domain exhausted. Finishing up: https://bbs.birganj.dinajpur.gov.bd
==================================================
[*] STARTING NEW DOMAIN: https://deb112758.dhakaeducationboard.gov.bd
==================================================
[+] Domain exhausted. Finishing up: https://deb112758.dhakaeducationboard.gov.bd
==================================================
[*] STARTING NEW DOMAIN: https://raise.wewb.gov.bd
==================================================
[+] Domain exhausted. Finishing up: https://raise.wewb.gov.bd
==================================================
[*] STARTING NEW DOMAIN: https://badc.sarail.brahmanbaria.gov.bd
==================================================
[+] Domain exhausted. Finishing up: https://badc.sarail.brahmanbaria.gov.bd
==================================================
[*] STARTING NEW DOMAIN: http://deb108145.dhakaeducationboard.gov.bd
==================================================
[+] Domain exhausted. Finishing up: http://deb108145.dhakaeducationboard.gov.bd
==================================================
[*] STARTING NEW DOMAIN: https://deb111239.dhakaeducationboard.gov.bd
==================================================
[+] Domain exhausted. Finishing up: https://deb111239.dhakaeducationboard.gov.bd
==================================================
[*] STARTING NEW DOMAIN: https://so.naria.shariatpur.gov.bd
==================================================
[+] Domain exhausted. Finishing up: https://so.naria.shariatpur.gov.bd
==================================================
[*] STARTING NEW DOMAIN: https://ramkhanaup.kurigram.gov.bd
==================================================
[+] Domain exhausted. Finishing up: https://ramkhanaup.kurigram.gov.bd
==================================================
[*] STARTING NEW DOMAIN: https://pio.nilphamarisadar.nilphamari.gov.bd
==================================================
[+] Domain exhausted. Finishing up: https://pio.nilphamarisadar.nilphamari.gov.bd
==================================================
[*] STARTING NEW DOMAIN: http://deb108142.dhakaeducationboard.gov.bd
==================================================
[+] Domain exhausted. Finishing up: http://deb108142.dhakaeducationboard.gov.bd
==================================================
[*] STARTING NEW DOMAIN: https://churainup.dhaka.gov.bd
==================================================
[+] Domain exhausted. Finishing up: https://churainup.dhaka.gov.bd
==================================================
[*] STARTING NEW DOMAIN: https://dao.panchagarh.gov.bd
==================================================
[+] Domain exhausted. Finishing up: https://dao.panchagarh.gov.bd
==================================================
[*] STARTING NEW DOMAIN: https://rdmadhupur.bfidc.gov.bd
==================================================
[+] Domain exhausted. Finishing up: https://rdmadhupur.bfidc.gov.bd
==================================================
[*] STARTING NEW DOMAIN: https://ec.nesarabad.pirojpur.gov.bd
==================================================
[+] Domain exhausted. Finishing up: https://ec.nesarabad.pirojpur.gov.bd
==================================================
[*] STARTING NEW DOMAIN: https://ec.muladi.barisal.gov.bd
==================================================
[+] Domain exhausted. Finishing up: https://ec.muladi.barisal.gov.bd
==================================================
[*] STARTING NEW DOMAIN: https://pppo.gov.bd
==================================================
[+] Domain exhausted. Finishing up: https://pppo.gov.bd
==================================================
[*] STARTING NEW DOMAIN: https://chitoliaup.shariatpur.gov.bd
==================================================
[+] Domain exhausted. Finishing up: https://chitoliaup.shariatpur.gov.bd
==================================================
[*] STARTING NEW DOMAIN: https://kabirajpurup.madaripur.gov.bd
==================================================
[+] Domain exhausted. Finishing up: https://kabirajpurup.madaripur.gov.bd
==================================================
[*] STARTING NEW DOMAIN: https://ansarvdp.bagha.rajshahi.gov.bd
==================================================
[+] Domain exhausted. Finishing up: https://ansarvdp.bagha.rajshahi.gov.bd
==================================================
[*] STARTING NEW DOMAIN: https://rds.ppa.gov.bd
==================================================
[+] Domain exhausted. Finishing up: https://rds.ppa.gov.bd
==================================================
[*] STARTING NEW DOMAIN: https://pdbf.pabnasadar.pabna.gov.bd
==================================================
[+] Domain exhausted. Finishing up: https://pdbf.pabnasadar.pabna.gov.bd
==================================================
[*] STARTING NEW DOMAIN: http://deb108574.dhakaeducationboard.gov.bd
==================================================
[+] Domain exhausted. Finishing up: http://deb108574.dhakaeducationboard.gov.bd
==================================================
[*] STARTING NEW DOMAIN: https://dae.baliadangi.thakurgaon.gov.bd
==================================================
[+] Domain exhausted. Finishing up: https://dae.baliadangi.thakurgaon.gov.bd
==================================================
[*] STARTING NEW DOMAIN: https://sairalakshmikhalisecondaryschool.jessoreboard.gov.bd
==================================================
[+] Domain exhausted. Finishing up: https://sairalakshmikhalisecondaryschool.jessoreboard.gov.bd
==================================================
[*] STARTING NEW DOMAIN: https://acl.harinakundu.jhenaidah.gov.bd
==================================================
[+] Domain exhausted. Finishing up: https://acl.harinakundu.jhenaidah.gov.bd
==================================================
[*] STARTING NEW DOMAIN: https://sholongapolice.raigonj.sirajganj.gov.bd
==================================================
[+] Domain exhausted. Finishing up: https://sholongapolice.raigonj.sirajganj.gov.bd
==================================================
[*] STARTING NEW DOMAIN: https://ansarvdp.pathorghata.barguna.gov.bd
==================================================
[+] Domain exhausted. Finishing up: https://ansarvdp.pathorghata.barguna.gov.bd
==================================================
[*] STARTING NEW DOMAIN: https://arafathossainsaranibiddyapit.jessoreboard.gov.bd
==================================================
[+] Domain exhausted. Finishing up: https://arafathossainsaranibiddyapit.jessoreboard.gov.bd
==================================================
[*] STARTING NEW DOMAIN: https://hajimdshamsuddinbiswasjuniorschool.jessoreboard.gov.bd
==================================================
[+] Domain exhausted. Finishing up: https://hajimdshamsuddinbiswasjuniorschool.jessoreboard.gov.bd
==================================================
[*] STARTING NEW DOMAIN: https://lrb.barisaldiv.gov.bd
==================================================
[+] Domain exhausted. Finishing up: https://lrb.barisaldiv.gov.bd
==================================================
[*] STARTING NEW DOMAIN: https://deb108582.dhakaeducationboard.gov.bd
==================================================
[+] Domain exhausted. Finishing up: https://deb108582.dhakaeducationboard.gov.bd
==================================================
[*] STARTING NEW DOMAIN: http://deb134168.dhakaeducationboard.gov.bd
==================================================
[+] Domain exhausted. Finishing up: http://deb134168.dhakaeducationboard.gov.bd
==================================================
[*] STARTING NEW DOMAIN: https://brdb.pekua.coxsbazar.gov.bd
==================================================
[+] Domain exhausted. Finishing up: https://brdb.pekua.coxsbazar.gov.bd
==================================================
[*] STARTING NEW DOMAIN: https://dao.damudya.shariatpur.gov.bd
==================================================
[+] Domain exhausted. Finishing up: https://dao.damudya.shariatpur.gov.bd
==================================================
[*] STARTING NEW DOMAIN: https://deb111003.dhakaeducationboard.gov.bd
==================================================
[+] Domain exhausted. Finishing up: https://deb111003.dhakaeducationboard.gov.bd
==================================================
[*] STARTING NEW DOMAIN: https://deb114393.dhakaeducationboard.gov.bd
==================================================
[+] Domain exhausted. Finishing up: https://deb114393.dhakaeducationboard.gov.bd
==================================================
[*] STARTING NEW DOMAIN: https://dls-psvh.tangail.gov.bd
==================================================
[+] Domain exhausted. Finishing up: https://dls-psvh.tangail.gov.bd
==================================================
[*] STARTING NEW DOMAIN: https://dcb.gov.bd
==================================================
[+] Domain exhausted. Finishing up: https://dcb.gov.bd
==================================================
[*] STARTING NEW DOMAIN: https://panchandarup.rajshahi.gov.bd
==================================================
[+] Domain exhausted. Finishing up: https://panchandarup.rajshahi.gov.bd
==================================================
[*] STARTING NEW DOMAIN: https://cooparative.bera.pabna.gov.bd
==================================================
[+] Domain exhausted. Finishing up: https://cooparative.bera.pabna.gov.bd
==================================================
[*] STARTING NEW DOMAIN: https://deb113749.dhakaeducationboard.gov.bd
==================================================
[+] Domain exhausted. Finishing up: https://deb113749.dhakaeducationboard.gov.bd
==================================================
[*] STARTING NEW DOMAIN: https://deb132077.dhakaeducationboard.gov.bd
==================================================
[+] Domain exhausted. Finishing up: https://deb132077.dhakaeducationboard.gov.bd
==================================================
[*] STARTING NEW DOMAIN: https://bbs.kaliganj.lalmonirhat.gov.bd
==================================================
[+] Domain exhausted. Finishing up: https://bbs.kaliganj.lalmonirhat.gov.bd
==================================================
[*] STARTING NEW DOMAIN: https://frifss.jashore.gov.bd
==================================================
[+] Domain exhausted. Finishing up: https://frifss.jashore.gov.bd
==================================================
[*] STARTING NEW DOMAIN: https://dao.boalmari.faridpur.gov.bd
==================================================
[+] Domain exhausted. Finishing up: https://dao.boalmari.faridpur.gov.bd
==================================================
[*] STARTING NEW DOMAIN: https://passport.shariatpur.gov.bd
==================================================
[+] Domain exhausted. Finishing up: https://passport.shariatpur.gov.bd
==================================================
[*] STARTING NEW DOMAIN: https://gobramittramahabiddyalya.jessoreboard.gov.bd
==================================================
[+] Domain exhausted. Finishing up: https://gobramittramahabiddyalya.jessoreboard.gov.bd
==================================================
[*] STARTING NEW DOMAIN: https://shishuacademy.barguna.gov.bd
==================================================
[+] Domain exhausted. Finishing up: https://shishuacademy.barguna.gov.bd
==================================================
[*] STARTING NEW DOMAIN: https://deb112126.dhakaeducationboard.gov.bd
==================================================
[+] Domain exhausted. Finishing up: https://deb112126.dhakaeducationboard.gov.bd
==================================================
[*] STARTING NEW DOMAIN: https://kahalooup.bogra.gov.bd
==================================================
[+] Domain exhausted. Finishing up: https://kahalooup.bogra.gov.bd
==================================================
[*] STARTING NEW DOMAIN: https://gopalpurup.faridpur.gov.bd
==================================================
[+] Domain exhausted. Finishing up: https://gopalpurup.faridpur.gov.bd
==================================================
[*] STARTING NEW DOMAIN: https://shalikhathanasecondaryschool.jessoreboard.gov.bd
==================================================
[+] Domain exhausted. Finishing up: https://shalikhathanasecondaryschool.jessoreboard.gov.bd
==================================================
[*] STARTING NEW DOMAIN: https://seo.fenchuganj.sylhet.gov.bd
==================================================
[+] Domain exhausted. Finishing up: https://seo.fenchuganj.sylhet.gov.bd
==================================================
[*] STARTING NEW DOMAIN: https://cooperative.naogaon.gov.bd
==================================================
[+] Domain exhausted. Finishing up: https://cooperative.naogaon.gov.bd
==================================================
[*] STARTING NEW DOMAIN: https://pakhimarasecondaryschool.jessoreboard.gov.bd
==================================================
[+] Domain exhausted. Finishing up: https://pakhimarasecondaryschool.jessoreboard.gov.bd
==================================================
[*] STARTING NEW DOMAIN: https://purbopaikparamodelgovtprimaryschool.jessoreboard.gov.bd
==================================================
[+] Domain exhausted. Finishing up: https://purbopaikparamodelgovtprimaryschool.jessoreboard.gov.bd
==================================================
[*] STARTING NEW DOMAIN: https://sfdf.bakerganj.barisal.gov.bd
==================================================
[+] Domain exhausted. Finishing up: https://sfdf.bakerganj.barisal.gov.bd
==================================================
[*] STARTING NEW DOMAIN: https://pbs2.bandar.narayanganj.gov.bd
==================================================
[+] Domain exhausted. Finishing up: https://pbs2.bandar.narayanganj.gov.bd
==================================================
[*] STARTING NEW DOMAIN: https://cooparative.madhabpur.habiganj.gov.bd
==================================================
[+] Domain exhausted. Finishing up: https://cooparative.madhabpur.habiganj.gov.bd
==================================================
[*] STARTING NEW DOMAIN: https://doict.sirajganjsadar.sirajganj.gov.bd
==================================================
[+] Domain exhausted. Finishing up: https://doict.sirajganjsadar.sirajganj.gov.bd
==================================================
[*] STARTING NEW DOMAIN: https://deb113504.dhakaeducationboard.gov.bd
==================================================
[+] Domain exhausted. Finishing up: https://deb113504.dhakaeducationboard.gov.bd
==================================================
[*] STARTING NEW DOMAIN: https://deb114126.dhakaeducationboard.gov.bd
==================================================
[+] Domain exhausted. Finishing up: https://deb114126.dhakaeducationboard.gov.bd
==================================================
[*] STARTING NEW DOMAIN: https://islamicfoundation.chittagong.gov.bd
==================================================
[+] Domain exhausted. Finishing up: https://islamicfoundation.chittagong.gov.bd
==================================================
[*] STARTING NEW DOMAIN: https://dshe.sarishabari.jamalpur.gov.bd
==================================================
[+] Domain exhausted. Finishing up: https://dshe.sarishabari.jamalpur.gov.bd
==================================================
[*] STARTING NEW DOMAIN: https://police.gangachara.rangpur.gov.bd
==================================================
[+] Domain exhausted. Finishing up: https://police.gangachara.rangpur.gov.bd
==================================================
[*] STARTING NEW DOMAIN: https://cooparative.tazumuddin.bhola.gov.bd
==================================================
[+] Domain exhausted. Finishing up: https://cooparative.tazumuddin.bhola.gov.bd
==================================================
[*] STARTING NEW DOMAIN: https://deb111074.dhakaeducationboard.gov.bd
==================================================
[+] Domain exhausted. Finishing up: https://deb111074.dhakaeducationboard.gov.bd
==================================================
[*] STARTING NEW DOMAIN: https://archaeology.portal.gov.bd
==================================================
[+] Domain exhausted. Finishing up: https://archaeology.portal.gov.bd
==================================================
[*] STARTING NEW DOMAIN: https://fri.coxsbazar.gov.bd
==================================================
[+] Domain exhausted. Finishing up: https://fri.coxsbazar.gov.bd
==================================================
[*] STARTING NEW DOMAIN: https://doict.kishoreganjsadar.kishoreganj.gov.bd
==================================================
[+] Domain exhausted. Finishing up: https://doict.kishoreganjsadar.kishoreganj.gov.bd
==================================================
[*] STARTING NEW DOMAIN: https://pdbf.bhola.gov.bd
==================================================
[+] Domain exhausted. Finishing up: https://pdbf.bhola.gov.bd
==================================================
[*] STARTING NEW DOMAIN: https://deb109505.dhakaeducationboard.gov.bd
==================================================
[+] Domain exhausted. Finishing up: https://deb109505.dhakaeducationboard.gov.bd
==================================================
[*] STARTING NEW DOMAIN: https://dobasecondaryschool.jessoreboard.gov.bd
==================================================
[+] Domain exhausted. Finishing up: https://dobasecondaryschool.jessoreboard.gov.bd
==================================================
[*] STARTING NEW DOMAIN: https://deb111786.dhakaeducationboard.gov.bd
==================================================
[+] Domain exhausted. Finishing up: https://deb111786.dhakaeducationboard.gov.bd
==================================================
[*] STARTING NEW DOMAIN: https://bbs.sirajdikhan.munshiganj.gov.bd
==================================================
[+] Domain exhausted. Finishing up: https://bbs.sirajdikhan.munshiganj.gov.bd
==================================================
[*] STARTING NEW DOMAIN: https://dae.kaliganj.jhenaidah.gov.bd
==================================================
[+] Domain exhausted. Finishing up: https://dae.kaliganj.jhenaidah.gov.bd
==================================================
[*] STARTING NEW DOMAIN: https://deb112583.dhakaeducationboard.gov.bd
==================================================
[+] Domain exhausted. Finishing up: https://deb112583.dhakaeducationboard.gov.bd
==================================================
[*] STARTING NEW DOMAIN: https://brdb.koyra.khulna.gov.bd
==================================================
[+] Domain exhausted. Finishing up: https://brdb.koyra.khulna.gov.bd
==================================================
[*] STARTING NEW DOMAIN: https://guabariaup.barisal.gov.bd
==================================================
[+] Domain exhausted. Finishing up: https://guabariaup.barisal.gov.bd
==================================================
[*] STARTING NEW DOMAIN: https://belaichari.rangamati.gov.bd
==================================================
[+] Domain exhausted. Finishing up: https://belaichari.rangamati.gov.bd
==================================================
[*] STARTING NEW DOMAIN: https://shishuacademy.lalmonirhat.gov.bd
==================================================
[+] Domain exhausted. Finishing up: https://shishuacademy.lalmonirhat.gov.bd
==================================================
[*] STARTING NEW DOMAIN: https://dae.bijoynagar.brahmanbaria.gov.bd
==================================================
[+] Domain exhausted. Finishing up: https://dae.bijoynagar.brahmanbaria.gov.bd
==================================================
[*] STARTING NEW DOMAIN: https://dao.kaliganj.gazipur.gov.bd
==================================================
[+] Domain exhausted. Finishing up: https://dao.kaliganj.gazipur.gov.bd
==================================================
[*] STARTING NEW DOMAIN: https://fireservice.jagannathpur.sunamganj.gov.bd
==================================================
[+] Domain exhausted. Finishing up: https://fireservice.jagannathpur.sunamganj.gov.bd
==================================================
[*] STARTING NEW DOMAIN: https://health.natoresadar.natore.gov.bd
==================================================
[+] Domain exhausted. Finishing up: https://health.natoresadar.natore.gov.bd
==================================================
[*] STARTING NEW DOMAIN: https://bbsbandar.barishal.gov.bd
==================================================
[+] Domain exhausted. Finishing up: https://bbsbandar.barishal.gov.bd
==================================================
[*] STARTING NEW DOMAIN: https://oldwebsite.scc.gov.bd
==================================================
[+] Domain exhausted. Finishing up: https://oldwebsite.scc.gov.bd
==================================================
[*] STARTING NEW DOMAIN: https://cooperative.badargonj.rangpur.gov.bd
==================================================
[+] Domain exhausted. Finishing up: https://cooperative.badargonj.rangpur.gov.bd
==================================================
[*] STARTING NEW DOMAIN: https://doict.keshabpur.jessore.gov.bd
==================================================
[+] Domain exhausted. Finishing up: https://doict.keshabpur.jessore.gov.bd
==================================================
[*] STARTING NEW DOMAIN: https://deb114159.dhakaeducationboard.gov.bd
==================================================
[+] Domain exhausted. Finishing up: https://deb114159.dhakaeducationboard.gov.bd
==================================================
[*] STARTING NEW DOMAIN: https://cooparative.munshiganj.gov.bd
==================================================
[+] Domain exhausted. Finishing up: https://cooparative.munshiganj.gov.bd
==================================================
[*] STARTING NEW DOMAIN: https://ansarvdp.barkal.rangamati.gov.bd
==================================================
[+] Domain exhausted. Finishing up: https://ansarvdp.barkal.rangamati.gov.bd
==================================================
[*] STARTING NEW DOMAIN: https://avacademy.portal.gov.bd
==================================================
[+] Domain exhausted. Finishing up: https://avacademy.portal.gov.bd
==================================================
[*] STARTING NEW DOMAIN: https://explosives.barishal.gov.bd
==================================================
[+] Domain exhausted. Finishing up: https://explosives.barishal.gov.bd
==================================================
[*] STARTING NEW DOMAIN: https://customs.joypurhat.gov.bd
==================================================
[+] Domain exhausted. Finishing up: https://customs.joypurhat.gov.bd
==================================================
[*] STARTING NEW DOMAIN: https://appointment.bdhckl.gov.bd
==================================================
[+] Domain exhausted. Finishing up: https://appointment.bdhckl.gov.bd
==================================================
[*] STARTING NEW DOMAIN: https://deb112679.dhakaeducationboard.gov.bd
==================================================
[+] Domain exhausted. Finishing up: https://deb112679.dhakaeducationboard.gov.bd
==================================================
[*] STARTING NEW DOMAIN: https://police.sadar.jhenaidah.gov.bd
==================================================
[+] Domain exhausted. Finishing up: https://police.sadar.jhenaidah.gov.bd
==================================================
[*] STARTING NEW DOMAIN: https://doict.alikadam.bandarban.gov.bd
==================================================
[+] Domain exhausted. Finishing up: https://doict.alikadam.bandarban.gov.bd
==================================================
[*] STARTING NEW DOMAIN: https://deb112899.dhakaeducationboard.gov.bd
==================================================
[+] Domain exhausted. Finishing up: https://deb112899.dhakaeducationboard.gov.bd
==================================================
[*] STARTING NEW DOMAIN: https://deb109201.dhakaeducationboard.gov.bd
==================================================
[+] Domain exhausted. Finishing up: https://deb109201.dhakaeducationboard.gov.bd
==================================================
[*] STARTING NEW DOMAIN: https://lohagarasecondaryschool.jessoreboard.gov.bd
==================================================
[+] Domain exhausted. Finishing up: https://lohagarasecondaryschool.jessoreboard.gov.bd
==================================================
[*] STARTING NEW DOMAIN: https://eed.bhola.gov.bd
==================================================
[+] Domain exhausted. Finishing up: https://eed.bhola.gov.bd
==================================================
[*] STARTING NEW DOMAIN: https://fpo.palashbari.gaibandha.gov.bd
==================================================
[+] Domain exhausted. Finishing up: https://fpo.palashbari.gaibandha.gov.bd
==================================================
[*] STARTING NEW DOMAIN: https://dam.chandina.comilla.gov.bd
==================================================
[+] Domain exhausted. Finishing up: https://dam.chandina.comilla.gov.bd
==================================================
[*] STARTING NEW DOMAIN: http://deb114068.dhakaeducationboard.gov.bd
==================================================
[+] Domain exhausted. Finishing up: http://deb114068.dhakaeducationboard.gov.bd
==================================================
[*] STARTING NEW DOMAIN: https://cpgcbl.gov.bd
==================================================
[+] Domain exhausted. Finishing up: https://cpgcbl.gov.bd
==================================================
[*] STARTING NEW DOMAIN: https://doj.khulna.gov.bd
==================================================
[+] Domain exhausted. Finishing up: https://doj.khulna.gov.bd
==================================================
[*] STARTING NEW DOMAIN: https://deb110276.dhakaeducationboard.gov.bd
==================================================
[+] Domain exhausted. Finishing up: https://deb110276.dhakaeducationboard.gov.bd
==================================================
[*] STARTING NEW DOMAIN: https://hc.kushtia.gov.bd
==================================================
[+] Domain exhausted. Finishing up: https://hc.kushtia.gov.bd
==================================================
[*] STARTING NEW DOMAIN: https://bbs.bhangura.pabna.gov.bd
==================================================
[+] Domain exhausted. Finishing up: https://bbs.bhangura.pabna.gov.bd
==================================================
[*] STARTING NEW DOMAIN: https://deb133700.dhakaeducationboard.gov.bd
==================================================
[+] Domain exhausted. Finishing up: https://deb133700.dhakaeducationboard.gov.bd
==================================================
[*] STARTING NEW DOMAIN: https://deb130853.dhakaeducationboard.gov.bd
==================================================
[+] Domain exhausted. Finishing up: https://deb130853.dhakaeducationboard.gov.bd
==================================================
[*] STARTING NEW DOMAIN: https://dgme.portal.gov.bd
==================================================
[+] Domain exhausted. Finishing up: https://dgme.portal.gov.bd
==================================================
[*] STARTING NEW DOMAIN: https://dhalangarsecondaryschool.jessoreboard.gov.bd
==================================================
[+] Domain exhausted. Finishing up: https://dhalangarsecondaryschool.jessoreboard.gov.bd
==================================================
[*] STARTING NEW DOMAIN: https://deb113297.dhakaeducationboard.gov.bd
==================================================
[+] Domain exhausted. Finishing up: https://deb113297.dhakaeducationboard.gov.bd
==================================================
[*] STARTING NEW DOMAIN: https://doict.nokla.sherpur.gov.bd
==================================================
[+] Domain exhausted. Finishing up: https://doict.nokla.sherpur.gov.bd
==================================================
[*] STARTING NEW DOMAIN: https://deb137043.dhakaeducationboard.gov.bd
==================================================
[+] Domain exhausted. Finishing up: https://deb137043.dhakaeducationboard.gov.bd
==================================================
[*] STARTING NEW DOMAIN: https://deb114034.dhakaeducationboard.gov.bd
==================================================
[+] Domain exhausted. Finishing up: https://deb114034.dhakaeducationboard.gov.bd
==================================================
[*] STARTING NEW DOMAIN: https://deb140319.dhakaeducationboard.gov.bd
==================================================
[+] Domain exhausted. Finishing up: https://deb140319.dhakaeducationboard.gov.bd
==================================================
[*] STARTING NEW DOMAIN: https://doj.bogra.gov.bd
==================================================
[+] Domain exhausted. Finishing up: https://doj.bogra.gov.bd
==================================================
[*] STARTING NEW DOMAIN: https://dphe.bhuapur.tangail.gov.bd
==================================================
[+] Domain exhausted. Finishing up: https://dphe.bhuapur.tangail.gov.bd
==================================================
[*] STARTING NEW DOMAIN: https://deukholaup.mymensingh.gov.bd
==================================================
[+] Domain exhausted. Finishing up: https://deukholaup.mymensingh.gov.bd
==================================================
[*] STARTING NEW DOMAIN: https://dls.kamolganj.moulvibazar.gov.bd
==================================================
[+] Domain exhausted. Finishing up: https://dls.kamolganj.moulvibazar.gov.bd
==================================================
[*] STARTING NEW DOMAIN: https://bkkb.chittagongdiv.gov.bd
==================================================
[+] Domain exhausted. Finishing up: https://bkkb.chittagongdiv.gov.bd
==================================================
[*] STARTING NEW DOMAIN: https://shahabiaralgaup.kurigram.gov.bd
==================================================
[+] Domain exhausted. Finishing up: https://shahabiaralgaup.kurigram.gov.bd
==================================================
[*] STARTING NEW DOMAIN: https://dls.louhajanj.munshiganj.gov.bd
==================================================
[+] Domain exhausted. Finishing up: https://dls.louhajanj.munshiganj.gov.bd
==================================================
[*] STARTING NEW DOMAIN: https://dls.tarail.kishoreganj.gov.bd
==================================================
[+] Domain exhausted. Finishing up: https://dls.tarail.kishoreganj.gov.bd
==================================================
[*] STARTING NEW DOMAIN: https://pio.faridpur.pabna.gov.bd
==================================================
[+] Domain exhausted. Finishing up: https://pio.faridpur.pabna.gov.bd
==================================================
[*] STARTING NEW DOMAIN: https://doj.mithapukur.rangpur.gov.bd
==================================================
[+] Domain exhausted. Finishing up: https://doj.mithapukur.rangpur.gov.bd
==================================================
[*] STARTING NEW DOMAIN: https://doshgharup.sylhet.gov.bd
==================================================
[+] Domain exhausted. Finishing up: https://doshgharup.sylhet.gov.bd
==================================================
[*] STARTING NEW DOMAIN: https://deo.derai.sunamganj.gov.bd
==================================================
[+] Domain exhausted. Finishing up: https://deo.derai.sunamganj.gov.bd
==================================================
[*] STARTING NEW DOMAIN: https://dls.kamarkhand.sirajganj.gov.bd
==================================================
[+] Domain exhausted. Finishing up: https://dls.kamarkhand.sirajganj.gov.bd
==================================================
[*] STARTING NEW DOMAIN: https://dls.terokhada.khulna.gov.bd
==================================================
[+] Domain exhausted. Finishing up: https://dls.terokhada.khulna.gov.bd
==================================================
[*] STARTING NEW DOMAIN: https://pbs.chapainawabganj.gov.bd
==================================================
[+] Domain exhausted. Finishing up: https://pbs.chapainawabganj.gov.bd
==================================================
[*] STARTING NEW DOMAIN: https://doict.kapasia.gazipur.gov.bd
==================================================
[+] Domain exhausted. Finishing up: https://doict.kapasia.gazipur.gov.bd
==================================================
[*] STARTING NEW DOMAIN: https://dhalharawestparasecondarygirlsschool.jessoreboard.gov.bd
==================================================
[+] Domain exhausted. Finishing up: https://dhalharawestparasecondarygirlsschool.jessoreboard.gov.bd
==================================================
[*] STARTING NEW DOMAIN: https://deb108730.dhakaeducationboard.gov.bd
==================================================
[+] Domain exhausted. Finishing up: https://deb108730.dhakaeducationboard.gov.bd
==================================================
[*] STARTING NEW DOMAIN: https://deb131370.dhakaeducationboard.gov.bd
==================================================
[+] Domain exhausted. Finishing up: https://deb131370.dhakaeducationboard.gov.bd
==================================================
[*] STARTING NEW DOMAIN: https://dls.kishoreganjsadar.kishoreganj.gov.bd
==================================================
[+] Domain exhausted. Finishing up: https://dls.kishoreganjsadar.kishoreganj.gov.bd
==================================================
[*] STARTING NEW DOMAIN: https://dphe.trishal.mymensingh.gov.bd
==================================================
[+] Domain exhausted. Finishing up: https://dphe.trishal.mymensingh.gov.bd
==================================================
[*] STARTING NEW DOMAIN: https://dife.gov.bd
==================================================
[+] Domain exhausted. Finishing up: https://dife.gov.bd
==================================================
[*] STARTING NEW DOMAIN: https://doict.mohonpur.rajshahi.gov.bd
==================================================
[+] Domain exhausted. Finishing up: https://doict.mohonpur.rajshahi.gov.bd
==================================================
[*] STARTING NEW DOMAIN: https://dphe.delduar.tangail.gov.bd
==================================================
[+] Domain exhausted. Finishing up: https://dphe.delduar.tangail.gov.bd
==================================================
[*] STARTING NEW DOMAIN: https://savings.panchagarh.gov.bd
==================================================
[+] Domain exhausted. Finishing up: https://savings.panchagarh.gov.bd
==================================================
[*] STARTING NEW DOMAIN: https://deb130688.dhakaeducationboard.gov.bd
==================================================
[+] Domain exhausted. Finishing up: https://deb130688.dhakaeducationboard.gov.bd
==================================================
[*] STARTING NEW DOMAIN: https://betarnews.coxsbazar.gov.bd
==================================================
[+] Domain exhausted. Finishing up: https://betarnews.coxsbazar.gov.bd
==================================================
[*] STARTING NEW DOMAIN: https://deb113249.dhakaeducationboard.gov.bd
==================================================
[+] Domain exhausted. Finishing up: https://deb113249.dhakaeducationboard.gov.bd
==================================================
[*] STARTING NEW DOMAIN: https://dls.santhia.pabna.gov.bd
==================================================
[+] Domain exhausted. Finishing up: https://dls.santhia.pabna.gov.bd
==================================================
[*] STARTING NEW DOMAIN: https://dpe.kalaroa.satkhira.gov.bd
==================================================
[+] Domain exhausted. Finishing up: https://dpe.kalaroa.satkhira.gov.bd
==================================================
[*] STARTING NEW DOMAIN: https://ec.sadar.lakshmipur.gov.bd
==================================================
[+] Domain exhausted. Finishing up: https://ec.sadar.lakshmipur.gov.bd
==================================================
[*] STARTING NEW DOMAIN: https://dls.dhakadiv.gov.bd
==================================================
[+] Domain exhausted. Finishing up: https://dls.dhakadiv.gov.bd
==================================================
[*] STARTING NEW DOMAIN: https://deb134014.dhakaeducationboard.gov.bd
==================================================
[+] Domain exhausted. Finishing up: https://deb134014.dhakaeducationboard.gov.bd
==================================================
[*] STARTING NEW DOMAIN: https://dphe.kishoreganjsadar.kishoreganj.gov.bd
==================================================
[+] Domain exhausted. Finishing up: https://dphe.kishoreganjsadar.kishoreganj.gov.bd
==================================================
[*] STARTING NEW DOMAIN: https://aditmari.lalmonirhat.gov.bd
==================================================
[+] Domain exhausted. Finishing up: https://aditmari.lalmonirhat.gov.bd
==================================================
[*] STARTING NEW DOMAIN: https://fatehpurup.sylhet.gov.bd
==================================================
[+] Domain exhausted. Finishing up: https://fatehpurup.sylhet.gov.bd
==================================================
[*] STARTING NEW DOMAIN: https://dam.dhaka.gov.bd
==================================================
[+] Domain exhausted. Finishing up: https://dam.dhaka.gov.bd
==================================================
[*] STARTING NEW DOMAIN: https://esheba.sylhetboard.gov.bd
==================================================
[+] Domain exhausted. Finishing up: https://esheba.sylhetboard.gov.bd
==================================================
[*] STARTING NEW DOMAIN: https://brilahiribariup.pabna.gov.bd
==================================================
[+] Domain exhausted. Finishing up: https://brilahiribariup.pabna.gov.bd
==================================================
[*] STARTING NEW DOMAIN: https://deo.kaliganj.jhenaidah.gov.bd
==================================================
[+] Domain exhausted. Finishing up: https://deo.kaliganj.jhenaidah.gov.bd
==================================================
[*] STARTING NEW DOMAIN: https://barokhadasecondaryschool.jessoreboard.gov.bd
==================================================
[+] Domain exhausted. Finishing up: https://barokhadasecondaryschool.jessoreboard.gov.bd
==================================================
[*] STARTING NEW DOMAIN: https://badc.kasba.brahmanbaria.gov.bd
==================================================
[+] Domain exhausted. Finishing up: https://badc.kasba.brahmanbaria.gov.bd
==================================================
[*] STARTING NEW DOMAIN: https://dgm.bdcustoms.gov.bd
==================================================
[+] Domain exhausted. Finishing up: https://dgm.bdcustoms.gov.bd
==================================================
[*] STARTING NEW DOMAIN: https://fisheries.chougachha.jessore.gov.bd
==================================================
[+] Domain exhausted. Finishing up: https://fisheries.chougachha.jessore.gov.bd
==================================================
[*] STARTING NEW DOMAIN: https://deb135218.dhakaeducationboard.gov.bd
==================================================
[+] Domain exhausted. Finishing up: https://deb135218.dhakaeducationboard.gov.bd
==================================================
[*] STARTING NEW DOMAIN: https://deb136633.dhakaeducationboard.gov.bd
==================================================
[+] Domain exhausted. Finishing up: https://deb136633.dhakaeducationboard.gov.bd
==================================================
[*] STARTING NEW DOMAIN: https://fireservice.madhabpur.habiganj.gov.bd
==================================================
[+] Domain exhausted. Finishing up: https://fireservice.madhabpur.habiganj.gov.bd
==================================================
[*] STARTING NEW DOMAIN: https://dls.kanaighat.sylhet.gov.bd
==================================================
[+] Domain exhausted. Finishing up: https://dls.kanaighat.sylhet.gov.bd
==================================================
[*] STARTING NEW DOMAIN: https://deo.narayanganjsadar.narayanganj.gov.bd
==================================================
[+] Domain exhausted. Finishing up: https://deo.narayanganjsadar.narayanganj.gov.bd
==================================================
[*] STARTING NEW DOMAIN: https://dphe.karimgonj.kishoreganj.gov.bd
==================================================
[+] Domain exhausted. Finishing up: https://dphe.karimgonj.kishoreganj.gov.bd
==================================================
[*] STARTING NEW DOMAIN: https://dnc.kurigram.gov.bd
==================================================
[+] Domain exhausted. Finishing up: https://dnc.kurigram.gov.bd
==================================================
[*] STARTING NEW DOMAIN: https://dls.domar.nilphamari.gov.bd
==================================================
[+] Domain exhausted. Finishing up: https://dls.domar.nilphamari.gov.bd
==================================================
[*] STARTING NEW DOMAIN: https://istc.gaibandha.gov.bd
==================================================
[+] Domain exhausted. Finishing up: https://istc.gaibandha.gov.bd
==================================================
[*] STARTING NEW DOMAIN: https://pti.manikganj.gov.bd
==================================================
[+] Domain exhausted. Finishing up: https://pti.manikganj.gov.bd
==================================================
[*] STARTING NEW DOMAIN: https://deb131365.dhakaeducationboard.gov.bd
==================================================
[+] Domain exhausted. Finishing up: https://deb131365.dhakaeducationboard.gov.bd
==================================================
[*] STARTING NEW DOMAIN: https://dphe.kushtia.gov.bd
==================================================
[+] Domain exhausted. Finishing up: https://dphe.kushtia.gov.bd
==================================================
[*] STARTING NEW DOMAIN: https://pbs.dumki.patuakhali.gov.bd
==================================================
[+] Domain exhausted. Finishing up: https://pbs.dumki.patuakhali.gov.bd
==================================================
[*] STARTING NEW DOMAIN: https://doict.muksudpur.gopalganj.gov.bd
==================================================
[+] Domain exhausted. Finishing up: https://doict.muksudpur.gopalganj.gov.bd
==================================================
[*] STARTING NEW DOMAIN: https://dls.kishoreganj.gov.bd
==================================================
[+] Domain exhausted. Finishing up: https://dls.kishoreganj.gov.bd
==================================================
[*] STARTING NEW DOMAIN: https://pakakanchonpursecondaryschool.jessoreboard.gov.bd
==================================================
[+] Domain exhausted. Finishing up: https://pakakanchonpursecondaryschool.jessoreboard.gov.bd
==================================================
[*] STARTING NEW DOMAIN: https://doict.chauddagram.comilla.gov.bd
==================================================
[+] Domain exhausted. Finishing up: https://doict.chauddagram.comilla.gov.bd
==================================================
[*] STARTING NEW DOMAIN: https://deb137229.dhakaeducationboard.gov.bd
==================================================
[+] Domain exhausted. Finishing up: https://deb137229.dhakaeducationboard.gov.bd
==================================================
[*] STARTING NEW DOMAIN: https://deb113051.dhakaeducationboard.gov.bd
==================================================
[+] Domain exhausted. Finishing up: https://deb113051.dhakaeducationboard.gov.bd
==================================================
[*] STARTING NEW DOMAIN: http://tradelicence.ncc.gov.bd
==================================================
[+] Domain exhausted. Finishing up: http://tradelicence.ncc.gov.bd
==================================================
[*] STARTING NEW DOMAIN: https://dls.daganbhuiyan.feni.gov.bd
==================================================
[+] Domain exhausted. Finishing up: https://dls.daganbhuiyan.feni.gov.bd
==================================================
[*] STARTING NEW DOMAIN: https://dnc.meherpur.gov.bd
==================================================
[+] Domain exhausted. Finishing up: https://dnc.meherpur.gov.bd
==================================================
[*] STARTING NEW DOMAIN: https://eepdb.nilphamari.gov.bd
==================================================
[+] Domain exhausted. Finishing up: https://eepdb.nilphamari.gov.bd
==================================================
[*] STARTING NEW DOMAIN: https://deb131104.dhakaeducationboard.gov.bd
==================================================
[+] Domain exhausted. Finishing up: https://deb131104.dhakaeducationboard.gov.bd
==================================================
[*] STARTING NEW DOMAIN: https://deo.nagarkanda.faridpur.gov.bd
==================================================
[+] Domain exhausted. Finishing up: https://deo.nagarkanda.faridpur.gov.bd
==================================================
[*] STARTING NEW DOMAIN: https://deb114324.dhakaeducationboard.gov.bd
==================================================
[+] Domain exhausted. Finishing up: https://deb114324.dhakaeducationboard.gov.bd
==================================================
[*] STARTING NEW DOMAIN: https://deb133916.dhakaeducationboard.gov.bd
==================================================
[+] Domain exhausted. Finishing up: https://deb133916.dhakaeducationboard.gov.bd
==================================================
[*] STARTING NEW DOMAIN: https://bknagarup.shariatpur.gov.bd
==================================================
[+] Domain exhausted. Finishing up: https://bknagarup.shariatpur.gov.bd
==================================================
[*] STARTING NEW DOMAIN: https://deb112826.dhakaeducationboard.gov.bd
==================================================
[+] Domain exhausted. Finishing up: https://deb112826.dhakaeducationboard.gov.bd
==================================================
[*] STARTING NEW DOMAIN: https://detective.police.gov.bd
==================================================
[+] Domain exhausted. Finishing up: https://detective.police.gov.bd
==================================================
[*] STARTING NEW DOMAIN: https://shilpakala.gov.bd
==================================================
[+] Domain exhausted. Finishing up: https://shilpakala.gov.bd
==================================================
[*] STARTING NEW DOMAIN: https://asu.charbhadrasan.faridpur.gov.bd
==================================================
[+] Domain exhausted. Finishing up: https://asu.charbhadrasan.faridpur.gov.bd
==================================================
[*] STARTING NEW DOMAIN: https://deb138543.dhakaeducationboard.gov.bd
==================================================
[+] Domain exhausted. Finishing up: https://deb138543.dhakaeducationboard.gov.bd
==================================================
[*] STARTING NEW DOMAIN: https://uae.bahubal.habiganj.gov.bd
==================================================
[+] Domain exhausted. Finishing up: https://uae.bahubal.habiganj.gov.bd
==================================================
[*] STARTING NEW DOMAIN: https://asu.baghaichari.rangamati.gov.bd
==================================================
[+] Domain exhausted. Finishing up: https://asu.baghaichari.rangamati.gov.bd
==================================================
[*] STARTING NEW DOMAIN: https://erecruitment.bcc.gov.bd
==================================================
[+] Domain exhausted. Finishing up: https://erecruitment.bcc.gov.bd
==================================================
[*] STARTING NEW DOMAIN: https://doict.boalkhali.chittagong.gov.bd
==================================================
[+] Domain exhausted. Finishing up: https://doict.boalkhali.chittagong.gov.bd
==================================================
[*] STARTING NEW DOMAIN: https://gazirhatsecondaryschool.jessoreboard.gov.bd
==================================================
[+] Domain exhausted. Finishing up: https://gazirhatsecondaryschool.jessoreboard.gov.bd
==================================================
[*] STARTING NEW DOMAIN: https://alauddinahamedsecondaryschool.jessoreboard.gov.bd
==================================================
[+] Domain exhausted. Finishing up: https://alauddinahamedsecondaryschool.jessoreboard.gov.bd
==================================================
[*] STARTING NEW DOMAIN: https://deo.charghat.rajshahi.gov.bd
==================================================
[+] Domain exhausted. Finishing up: https://deo.charghat.rajshahi.gov.bd
==================================================
[*] STARTING NEW DOMAIN: https://cs.dinajpur.gov.bd
==================================================
[+] Domain exhausted. Finishing up: https://cs.dinajpur.gov.bd
==================================================
[*] STARTING NEW DOMAIN: https://brdb.panchari.khagrachhari.gov.bd
==================================================
[+] Domain exhausted. Finishing up: https://brdb.panchari.khagrachhari.gov.bd
==================================================
[*] STARTING NEW DOMAIN: https://blri.rajshahi.gov.bd
==================================================
[+] Domain exhausted. Finishing up: https://blri.rajshahi.gov.bd
==================================================
[*] STARTING NEW DOMAIN: https://deb112584.dhakaeducationboard.gov.bd
==================================================
[+] Domain exhausted. Finishing up: https://deb112584.dhakaeducationboard.gov.bd
==================================================
[*] STARTING NEW DOMAIN: https://santikhalisabujsangasecondaryschool.jessoreboard.gov.bd
==================================================
[+] Domain exhausted. Finishing up: https://santikhalisabujsangasecondaryschool.jessoreboard.gov.bd
==================================================
[*] STARTING NEW DOMAIN: https://deb130870.dhakaeducationboard.gov.bd
==================================================
[+] Domain exhausted. Finishing up: https://deb130870.dhakaeducationboard.gov.bd
==================================================
[*] STARTING NEW DOMAIN: https://brdb.sadar.gazipur.gov.bd
==================================================
[+] Domain exhausted. Finishing up: https://brdb.sadar.gazipur.gov.bd
==================================================
[*] STARTING NEW DOMAIN: https://bpgmrahmaniasecondaryschool.jessoreboard.gov.bd
==================================================
[+] Domain exhausted. Finishing up: https://bpgmrahmaniasecondaryschool.jessoreboard.gov.bd
==================================================
[*] STARTING NEW DOMAIN: https://deb112998.dhakaeducationboard.gov.bd
==================================================
[+] Domain exhausted. Finishing up: https://deb112998.dhakaeducationboard.gov.bd
==================================================
[*] STARTING NEW DOMAIN: https://dls.kalia.narail.gov.bd
==================================================
[+] Domain exhausted. Finishing up: https://dls.kalia.narail.gov.bd
==================================================
[*] STARTING NEW DOMAIN: https://dae.kuliarchar.kishoreganj.gov.bd
==================================================
[+] Domain exhausted. Finishing up: https://dae.kuliarchar.kishoreganj.gov.bd
==================================================
[*] STARTING NEW DOMAIN: https://doict.kishorganj.nilphamari.gov.bd
==================================================
[+] Domain exhausted. Finishing up: https://doict.kishorganj.nilphamari.gov.bd
==================================================
[*] STARTING NEW DOMAIN: https://cmbunionsecondaryschoolbagudanga.jessoreboard.gov.bd
==================================================
[+] Domain exhausted. Finishing up: https://cmbunionsecondaryschoolbagudanga.jessoreboard.gov.bd
==================================================
[*] STARTING NEW DOMAIN: https://police.kalukhali.rajbari.gov.bd
==================================================
[+] Domain exhausted. Finishing up: https://police.kalukhali.rajbari.gov.bd
==================================================
[*] STARTING NEW DOMAIN: https://deb110157.dhakaeducationboard.gov.bd
==================================================
[+] Domain exhausted. Finishing up: https://deb110157.dhakaeducationboard.gov.bd
==================================================
[*] STARTING NEW DOMAIN: https://bbs.phulpur.mymensingh.gov.bd
==================================================
[+] Domain exhausted. Finishing up: https://bbs.phulpur.mymensingh.gov.bd
==================================================
[*] STARTING NEW DOMAIN: https://tax.khulna.gov.bd
==================================================
[+] Domain exhausted. Finishing up: https://tax.khulna.gov.bd
==================================================
[*] STARTING NEW DOMAIN: https://deb111147.dhakaeducationboard.gov.bd
==================================================
[+] Domain exhausted. Finishing up: https://deb111147.dhakaeducationboard.gov.bd
==================================================
[*] STARTING NEW DOMAIN: https://brdb.sadar.patuakhali.gov.bd
==================================================
[+] Domain exhausted. Finishing up: https://brdb.sadar.patuakhali.gov.bd
==================================================
[*] STARTING NEW DOMAIN: https://deb109095.dhakaeducationboard.gov.bd
==================================================
[+] Domain exhausted. Finishing up: https://deb109095.dhakaeducationboard.gov.bd
==================================================
[*] STARTING NEW DOMAIN: https://doj.naogaon.gov.bd
==================================================
[+] Domain exhausted. Finishing up: https://doj.naogaon.gov.bd
==================================================
[*] STARTING NEW DOMAIN: https://governmentmmcollegejashore.jessoreboard.gov.bd
==================================================
[+] Domain exhausted. Finishing up: https://governmentmmcollegejashore.jessoreboard.gov.bd
==================================================
[*] STARTING NEW DOMAIN: https://ratodangasecondaryschool.jessoreboard.gov.bd
==================================================
[+] Domain exhausted. Finishing up: https://ratodangasecondaryschool.jessoreboard.gov.bd
==================================================
[*] STARTING NEW DOMAIN: https://pdbf.chandina.comilla.gov.bd
==================================================
[+] Domain exhausted. Finishing up: https://pdbf.chandina.comilla.gov.bd
==================================================
[*] STARTING NEW DOMAIN: https://blpa.ekpay.gov.bd
==================================================
[+] Domain exhausted. Finishing up: https://blpa.ekpay.gov.bd
==================================================
[*] STARTING NEW DOMAIN: https://post.shahjadpur.sirajganj.gov.bd
==================================================
[+] Domain exhausted. Finishing up: https://post.shahjadpur.sirajganj.gov.bd
==================================================
[*] STARTING NEW DOMAIN: https://dpe.barkal.rangamati.gov.bd
==================================================
[+] Domain exhausted. Finishing up: https://dpe.barkal.rangamati.gov.bd
==================================================
[*] STARTING NEW DOMAIN: https://jcbs.gov.bd
==================================================
[+] Domain exhausted. Finishing up: https://jcbs.gov.bd
==================================================
[*] STARTING NEW DOMAIN: https://deb110468.dhakaeducationboard.gov.bd
==================================================
[+] Domain exhausted. Finishing up: https://deb110468.dhakaeducationboard.gov.bd
==================================================
[*] STARTING NEW DOMAIN: https://btcl.rangpur.gov.bd
==================================================
[+] Domain exhausted. Finishing up: https://btcl.rangpur.gov.bd
==================================================
[*] STARTING NEW DOMAIN: https://deb109703.dhakaeducationboard.gov.bd
==================================================
[+] Domain exhausted. Finishing up: https://deb109703.dhakaeducationboard.gov.bd
==================================================
[*] STARTING NEW DOMAIN: https://rangabali.patuakhali.gov.bd
==================================================
[+] Domain exhausted. Finishing up: https://rangabali.patuakhali.gov.bd
==================================================
[*] STARTING NEW DOMAIN: https://jsc-reg-2024.dinajpurboard.gov.bd
==================================================
[+] Domain exhausted. Finishing up: https://jsc-reg-2024.dinajpurboard.gov.bd
==================================================
[*] STARTING NEW DOMAIN: https://asu.ulipur.kurigram.gov.bd
==================================================
[+] Domain exhausted. Finishing up: https://asu.ulipur.kurigram.gov.bd
==================================================
[*] STARTING NEW DOMAIN: https://acksecondaryschool.jessoreboard.gov.bd
==================================================
[+] Domain exhausted. Finishing up: https://acksecondaryschool.jessoreboard.gov.bd
==================================================
[*] STARTING NEW DOMAIN: https://deb110332.dhakaeducationboard.gov.bd
==================================================
[+] Domain exhausted. Finishing up: https://deb110332.dhakaeducationboard.gov.bd
==================================================
[*] STARTING NEW DOMAIN: https://bhairabgirlshighschool.jessoreboard.gov.bd
==================================================
[+] Domain exhausted. Finishing up: https://bhairabgirlshighschool.jessoreboard.gov.bd
==================================================
[*] STARTING NEW DOMAIN: https://service.scouts.gov.bd
==================================================
[+] Domain exhausted. Finishing up: https://service.scouts.gov.bd
==================================================
[*] STARTING NEW DOMAIN: https://deb110334.dhakaeducationboard.gov.bd
==================================================
[+] Domain exhausted. Finishing up: https://deb110334.dhakaeducationboard.gov.bd
==================================================
[*] STARTING NEW DOMAIN: https://dss.manikganj.gov.bd
==================================================
[+] Domain exhausted. Finishing up: https://dss.manikganj.gov.bd
==================================================
[*] STARTING NEW DOMAIN: https://fisheries.fakirhat.bagerhat.gov.bd
==================================================
[+] Domain exhausted. Finishing up: https://fisheries.fakirhat.bagerhat.gov.bd
==================================================
[*] STARTING NEW DOMAIN: https://info.dhakadiv.gov.bd
==================================================
[+] Domain exhausted. Finishing up: https://info.dhakadiv.gov.bd
==================================================
[*] STARTING NEW DOMAIN: https://dphe.sreepur.gazipur.gov.bd
==================================================
[+] Domain exhausted. Finishing up: https://dphe.sreepur.gazipur.gov.bd
==================================================
[*] STARTING NEW DOMAIN: https://eed.gopalganj.gov.bd
==================================================
[+] Domain exhausted. Finishing up: https://eed.gopalganj.gov.bd
==================================================
[*] STARTING NEW DOMAIN: https://highwaypolice.mirsharai.chittagong.gov.bd
==================================================
[+] Domain exhausted. Finishing up: https://highwaypolice.mirsharai.chittagong.gov.bd
==================================================
[*] STARTING NEW DOMAIN: https://deb111851.dhakaeducationboard.gov.bd
==================================================
[+] Domain exhausted. Finishing up: https://deb111851.dhakaeducationboard.gov.bd
==================================================
[*] STARTING NEW DOMAIN: https://ebek.sujanagar.pabna.gov.bd
==================================================
[+] Domain exhausted. Finishing up: https://ebek.sujanagar.pabna.gov.bd
==================================================
[*] STARTING NEW DOMAIN: https://hajiganj.chandpur.gov.bd
==================================================
[+] Domain exhausted. Finishing up: https://hajiganj.chandpur.gov.bd
==================================================
[*] STARTING NEW DOMAIN: https://deb111573.dhakaeducationboard.gov.bd
==================================================
[+] Domain exhausted. Finishing up: https://deb111573.dhakaeducationboard.gov.bd
==================================================
[*] STARTING NEW DOMAIN: https://dwa.tetulia.panchagarh.gov.bd
==================================================
[+] Domain exhausted. Finishing up: https://dwa.tetulia.panchagarh.gov.bd
==================================================
[*] STARTING NEW DOMAIN: https://police.kamolganj.moulvibazar.gov.bd
==================================================
[+] Domain exhausted. Finishing up: https://police.kamolganj.moulvibazar.gov.bd
==================================================
[*] STARTING NEW DOMAIN: https://khulna.licence.gov.bd
==================================================
[+] Domain exhausted. Finishing up: https://khulna.licence.gov.bd
==================================================
[*] STARTING NEW DOMAIN: https://dss.birganj.dinajpur.gov.bd
==================================================
[+] Domain exhausted. Finishing up: https://dss.birganj.dinajpur.gov.bd
==================================================
[*] STARTING NEW DOMAIN: https://seo.syedpur.nilphamari.gov.bd
==================================================
[+] Domain exhausted. Finishing up: https://seo.syedpur.nilphamari.gov.bd
==================================================
[*] STARTING NEW DOMAIN: https://bbs.alamdanga.chuadanga.gov.bd
==================================================
[+] Domain exhausted. Finishing up: https://bbs.alamdanga.chuadanga.gov.bd
==================================================
[*] STARTING NEW DOMAIN: https://acl.shayestaganj.habiganj.gov.bd
==================================================
[+] Domain exhausted. Finishing up: https://acl.shayestaganj.habiganj.gov.bd
==================================================
[*] STARTING NEW DOMAIN: https://12nochandanimahalgovtprimaryschool.jessoreboard.gov.bd
==================================================
[+] Domain exhausted. Finishing up: https://12nochandanimahalgovtprimaryschool.jessoreboard.gov.bd
==================================================
[*] STARTING NEW DOMAIN: https://babyhome.dhaka.gov.bd
==================================================
[+] Domain exhausted. Finishing up: https://babyhome.dhaka.gov.bd
==================================================
[*] STARTING NEW DOMAIN: https://hc.ishurdi.pabna.gov.bd
==================================================
[+] Domain exhausted. Finishing up: https://hc.ishurdi.pabna.gov.bd
==================================================
[*] STARTING NEW DOMAIN: https://dpe.narayanganj.gov.bd
==================================================
[+] Domain exhausted. Finishing up: https://dpe.narayanganj.gov.bd
==================================================
[*] STARTING NEW DOMAIN: https://food.naria.shariatpur.gov.bd
==================================================
[+] Domain exhausted. Finishing up: https://food.naria.shariatpur.gov.bd
==================================================
[*] STARTING NEW DOMAIN: https://deb109607.dhakaeducationboard.gov.bd
==================================================
[+] Domain exhausted. Finishing up: https://deb109607.dhakaeducationboard.gov.bd
==================================================
[*] STARTING NEW DOMAIN: https://deb109700.dhakaeducationboard.gov.bd
==================================================
[+] Domain exhausted. Finishing up: https://deb109700.dhakaeducationboard.gov.bd
==================================================
[*] STARTING NEW DOMAIN: https://fisheries.bagha.rajshahi.gov.bd
==================================================
[+] Domain exhausted. Finishing up: https://fisheries.bagha.rajshahi.gov.bd
==================================================
[*] STARTING NEW DOMAIN: https://deb107864.dhakaeducationboard.gov.bd
==================================================
[+] Domain exhausted. Finishing up: https://deb107864.dhakaeducationboard.gov.bd
==================================================
[*] STARTING NEW DOMAIN: https://deb110166.dhakaeducationboard.gov.bd
==================================================
[+] Domain exhausted. Finishing up: https://deb110166.dhakaeducationboard.gov.bd
==================================================
[*] STARTING NEW DOMAIN: https://bbs.shariatpur.gov.bd
==================================================
[+] Domain exhausted. Finishing up: https://bbs.shariatpur.gov.bd
==================================================
[*] STARTING NEW DOMAIN: https://dss.satkhirasadar.satkhira.gov.bd
==================================================
[+] Domain exhausted. Finishing up: https://dss.satkhirasadar.satkhira.gov.bd
==================================================
[*] STARTING NEW DOMAIN: https://deb109760.dhakaeducationboard.gov.bd
==================================================
[+] Domain exhausted. Finishing up: https://deb109760.dhakaeducationboard.gov.bd
==================================================
[*] STARTING NEW DOMAIN: https://dphe.indurkani.pirojpur.gov.bd
==================================================
[+] Domain exhausted. Finishing up: https://dphe.indurkani.pirojpur.gov.bd
==================================================
[*] STARTING NEW DOMAIN: https://bmet.habiganj.gov.bd
==================================================
[+] Domain exhausted. Finishing up: https://bmet.habiganj.gov.bd
==================================================
[*] STARTING NEW DOMAIN: https://jbc.magura.gov.bd
==================================================
[+] Domain exhausted. Finishing up: https://jbc.magura.gov.bd
==================================================
[*] STARTING NEW DOMAIN: https://deb111542.dhakaeducationboard.gov.bd
==================================================
[+] Domain exhausted. Finishing up: https://deb111542.dhakaeducationboard.gov.bd
==================================================
[*] STARTING NEW DOMAIN: https://ansarvdp.lalmai.comilla.gov.bd
==================================================
[+] Domain exhausted. Finishing up: https://ansarvdp.lalmai.comilla.gov.bd
==================================================
[*] STARTING NEW DOMAIN: https://dashboard.judiciary.gov.bd
==================================================
[+] Domain exhausted. Finishing up: https://dashboard.judiciary.gov.bd
==================================================
[*] STARTING NEW DOMAIN: https://police.tarail.kishoreganj.gov.bd
==================================================
[+] Domain exhausted. Finishing up: https://police.tarail.kishoreganj.gov.bd
==================================================
[*] STARTING NEW DOMAIN: https://dae.gomostapur.chapainawabganj.gov.bd
==================================================
[+] Domain exhausted. Finishing up: https://dae.gomostapur.chapainawabganj.gov.bd
==================================================
[*] STARTING NEW DOMAIN: https://sfdf.wazirpur.barisal.gov.bd
==================================================
[+] Domain exhausted. Finishing up: https://sfdf.wazirpur.barisal.gov.bd
==================================================
[*] STARTING NEW DOMAIN: https://deb109736.dhakaeducationboard.gov.bd
==================================================
[+] Domain exhausted. Finishing up: https://deb109736.dhakaeducationboard.gov.bd
==================================================
[*] STARTING NEW DOMAIN: https://biam-coxsbazar.gov.bd
==================================================
[+] Domain exhausted. Finishing up: https://biam-coxsbazar.gov.bd
==================================================
[*] STARTING NEW DOMAIN: http://pqsjokigonj.sylhet.gov.bd
==================================================
[+] Domain exhausted. Finishing up: http://pqsjokigonj.sylhet.gov.bd
==================================================
[*] STARTING NEW DOMAIN: https://post.fakirhat.bagerhat.gov.bd
==================================================
[+] Domain exhausted. Finishing up: https://post.fakirhat.bagerhat.gov.bd
==================================================
[*] STARTING NEW DOMAIN: https://drafsaruddincollege.jessoreboard.gov.bd
==================================================
[+] Domain exhausted. Finishing up: https://drafsaruddincollege.jessoreboard.gov.bd
==================================================
[*] STARTING NEW DOMAIN: https://fisheries.feni.gov.bd
==================================================
[+] Domain exhausted. Finishing up: https://fisheries.feni.gov.bd
==================================================
[*] STARTING NEW DOMAIN: https://gobindaganj.gaibandha.gov.bd
==================================================
[+] Domain exhausted. Finishing up: https://gobindaganj.gaibandha.gov.bd
==================================================
[*] STARTING NEW DOMAIN: https://fisheries.nazirpur.pirojpur.gov.bd
==================================================
[+] Domain exhausted. Finishing up: https://fisheries.nazirpur.pirojpur.gov.bd
==================================================
[*] STARTING NEW DOMAIN: https://dwa.kalkini.madaripur.gov.bd
==================================================
[+] Domain exhausted. Finishing up: https://dwa.kalkini.madaripur.gov.bd
==================================================
[*] STARTING NEW DOMAIN: https://deb108279.dhakaeducationboard.gov.bd
==================================================
[+] Domain exhausted. Finishing up: https://deb108279.dhakaeducationboard.gov.bd
==================================================
[*] STARTING NEW DOMAIN: https://dpe.subarnachar.noakhali.gov.bd
==================================================
[+] Domain exhausted. Finishing up: https://dpe.subarnachar.noakhali.gov.bd
==================================================
[*] STARTING NEW DOMAIN: https://fireservice.matiranga.khagrachhari.gov.bd
==================================================
[+] Domain exhausted. Finishing up: https://fireservice.matiranga.khagrachhari.gov.bd
==================================================
[*] STARTING NEW DOMAIN: https://dao.shayestaganj.habiganj.gov.bd
==================================================
[+] Domain exhausted. Finishing up: https://dao.shayestaganj.habiganj.gov.bd
==================================================
[*] STARTING NEW DOMAIN: https://police.tangail.gov.bd
==================================================
[+] Domain exhausted. Finishing up: https://police.tangail.gov.bd
==================================================
[*] STARTING NEW DOMAIN: https://fpo.bagerhat.gov.bd
==================================================
[+] Domain exhausted. Finishing up: https://fpo.bagerhat.gov.bd
==================================================
[*] STARTING NEW DOMAIN: https://baishgaonup.comilla.gov.bd
==================================================
[+] Domain exhausted. Finishing up: https://baishgaonup.comilla.gov.bd
==================================================
[*] STARTING NEW DOMAIN: https://govtorder.afd.gov.bd
==================================================
[+] Domain exhausted. Finishing up: https://govtorder.afd.gov.bd
==================================================
[*] STARTING NEW DOMAIN: https://bipulasharup.comilla.gov.bd
==================================================
[+] Domain exhausted. Finishing up: https://bipulasharup.comilla.gov.bd
==================================================
[*] STARTING NEW DOMAIN: https://fisheries.shailkupa.jhenaidah.gov.bd
==================================================
[+] Domain exhausted. Finishing up: https://fisheries.shailkupa.jhenaidah.gov.bd
==================================================
[*] STARTING NEW DOMAIN: https://pti.chandpur.gov.bd
==================================================
[+] Domain exhausted. Finishing up: https://pti.chandpur.gov.bd
==================================================
[*] STARTING NEW DOMAIN: https://dphe.tangail.gov.bd
==================================================
[+] Domain exhausted. Finishing up: https://dphe.tangail.gov.bd
==================================================
[*] STARTING NEW DOMAIN: https://islamicfoundation.meherpur.gov.bd
==================================================
[+] Domain exhausted. Finishing up: https://islamicfoundation.meherpur.gov.bd
==================================================
[*] STARTING NEW DOMAIN: https://ramkrisnopurup.sirajganj.gov.bd
==================================================
[+] Domain exhausted. Finishing up: https://ramkrisnopurup.sirajganj.gov.bd
==================================================
[*] STARTING NEW DOMAIN: https://bnfe.dhakadiv.gov.bd
==================================================
[+] Domain exhausted. Finishing up: https://bnfe.dhakadiv.gov.bd
==================================================
[*] STARTING NEW DOMAIN: https://legislativediv.portal.gov.bd
==================================================
[+] Domain exhausted. Finishing up: https://legislativediv.portal.gov.bd
==================================================
[*] STARTING NEW DOMAIN: https://health.damurhuda.chuadanga.gov.bd
==================================================
[+] Domain exhausted. Finishing up: https://health.damurhuda.chuadanga.gov.bd
==================================================
[*] STARTING NEW DOMAIN: https://deb110666.dhakaeducationboard.gov.bd
==================================================
[+] Domain exhausted. Finishing up: https://deb110666.dhakaeducationboard.gov.bd
==================================================
[*] STARTING NEW DOMAIN: https://dr.gaibandha.gov.bd
==================================================
[+] Domain exhausted. Finishing up: https://dr.gaibandha.gov.bd
==================================================
[*] STARTING NEW DOMAIN: https://5nonandolalpurup.kushtia.gov.bd
==================================================
[+] Domain exhausted. Finishing up: https://5nonandolalpurup.kushtia.gov.bd
==================================================
[*] STARTING NEW DOMAIN: https://deb109803.dhakaeducationboard.gov.bd
==================================================
[+] Domain exhausted. Finishing up: https://deb109803.dhakaeducationboard.gov.bd
==================================================
[*] STARTING NEW DOMAIN: https://asu.juri.moulvibazar.gov.bd
==================================================
[+] Domain exhausted. Finishing up: https://asu.juri.moulvibazar.gov.bd
==================================================
[*] STARTING NEW DOMAIN: http://deb108088.dhakaeducationboard.gov.bd
==================================================
[+] Domain exhausted. Finishing up: http://deb108088.dhakaeducationboard.gov.bd
==================================================
[*] STARTING NEW DOMAIN: https://pozip.santhia.pabna.gov.bd
==================================================
[+] Domain exhausted. Finishing up: https://pozip.santhia.pabna.gov.bd
==================================================
[*] STARTING NEW DOMAIN: https://dwasa.portal.gov.bd
==================================================
[+] Domain exhausted. Finishing up: https://dwasa.portal.gov.bd
==================================================
[*] STARTING NEW DOMAIN: https://barishalrange.police.gov.bd
==================================================
[+] Domain exhausted. Finishing up: https://barishalrange.police.gov.bd
==================================================
[*] STARTING NEW DOMAIN: https://mail.nimc.gov.bd
==================================================
[+] Domain exhausted. Finishing up: https://mail.nimc.gov.bd
==================================================
[*] STARTING NEW DOMAIN: https://dwa.ramganj.lakshmipur.gov.bd
==================================================
[+] Domain exhausted. Finishing up: https://dwa.ramganj.lakshmipur.gov.bd
==================================================
[*] STARTING NEW DOMAIN: https://deb114381.dhakaeducationboard.gov.bd
==================================================
[+] Domain exhausted. Finishing up: https://deb114381.dhakaeducationboard.gov.bd
==================================================
[*] STARTING NEW DOMAIN: https://deb112441.dhakaeducationboard.gov.bd
==================================================
[+] Domain exhausted. Finishing up: https://deb112441.dhakaeducationboard.gov.bd
==================================================
[*] STARTING NEW DOMAIN: https://forest.nagarkanda.faridpur.gov.bd
==================================================
[+] Domain exhausted. Finishing up: https://forest.nagarkanda.faridpur.gov.bd
==================================================
[*] STARTING NEW DOMAIN: https://fireservice.mohadevpur.naogaon.gov.bd
==================================================
[+] Domain exhausted. Finishing up: https://fireservice.mohadevpur.naogaon.gov.bd
==================================================
[*] STARTING NEW DOMAIN: https://sfdf.ro.chuadanga.gov.bd
==================================================
[+] Domain exhausted. Finishing up: https://sfdf.ro.chuadanga.gov.bd
==================================================
[*] STARTING NEW DOMAIN: https://dss.mithamoin.kishoreganj.gov.bd
==================================================
[+] Domain exhausted. Finishing up: https://dss.mithamoin.kishoreganj.gov.bd
==================================================
[*] STARTING NEW DOMAIN: https://sfdf.sadar.pirojpur.gov.bd
==================================================
[+] Domain exhausted. Finishing up: https://sfdf.sadar.pirojpur.gov.bd
==================================================
[*] STARTING NEW DOMAIN: https://shilpakala.pirojpur.gov.bd
==================================================
[+] Domain exhausted. Finishing up: https://shilpakala.pirojpur.gov.bd
==================================================
[*] STARTING NEW DOMAIN: https://dphe.chougachha.jessore.gov.bd
==================================================
[+] Domain exhausted. Finishing up: https://dphe.chougachha.jessore.gov.bd
==================================================
[*] STARTING NEW DOMAIN: https://deb114593.dhakaeducationboard.gov.bd
==================================================
[+] Domain exhausted. Finishing up: https://deb114593.dhakaeducationboard.gov.bd
==================================================
[*] STARTING NEW DOMAIN: https://food.patuakhali.gov.bd
==================================================
[+] Domain exhausted. Finishing up: https://food.patuakhali.gov.bd
==================================================
[*] STARTING NEW DOMAIN: https://brri.portal.gov.bd
==================================================
[+] Domain exhausted. Finishing up: https://brri.portal.gov.bd
==================================================
[*] STARTING NEW DOMAIN: https://dwa.puthia.rajshahi.gov.bd
==================================================
[+] Domain exhausted. Finishing up: https://dwa.puthia.rajshahi.gov.bd
==================================================
[*] STARTING NEW DOMAIN: https://food.palash.narsingdi.gov.bd
==================================================
[+] Domain exhausted. Finishing up: https://food.palash.narsingdi.gov.bd
==================================================
[*] STARTING NEW DOMAIN: https://prison.kushtia.gov.bd
==================================================
[+] Domain exhausted. Finishing up: https://prison.kushtia.gov.bd
==================================================
[*] STARTING NEW DOMAIN: https://dulalpurup1.comilla.gov.bd
==================================================
[+] Domain exhausted. Finishing up: https://dulalpurup1.comilla.gov.bd
==================================================
[*] STARTING NEW DOMAIN: https://bbs.assasuni.satkhira.gov.bd
==================================================
[+] Domain exhausted. Finishing up: https://bbs.assasuni.satkhira.gov.bd
==================================================
[*] STARTING NEW DOMAIN: https://cs.pabna.gov.bd
==================================================
[+] Domain exhausted. Finishing up: https://cs.pabna.gov.bd
==================================================
[*] STARTING NEW DOMAIN: https://dss.jamalpursadar.jamalpur.gov.bd
==================================================
[+] Domain exhausted. Finishing up: https://dss.jamalpursadar.jamalpur.gov.bd
==================================================
[*] STARTING NEW DOMAIN: https://bhaiboncharaup.khagrachhari.gov.bd
==================================================
[+] Domain exhausted. Finishing up: https://bhaiboncharaup.khagrachhari.gov.bd
==================================================
[*] STARTING NEW DOMAIN: https://food.ramgati.lakshmipur.gov.bd
==================================================
[+] Domain exhausted. Finishing up: https://food.ramgati.lakshmipur.gov.bd
==================================================
[*] STARTING NEW DOMAIN: https://drekramulhaquegirlshighschool.jessoreboard.gov.bd
==================================================
[+] Domain exhausted. Finishing up: https://drekramulhaquegirlshighschool.jessoreboard.gov.bd
==================================================
[*] STARTING NEW DOMAIN: https://uitrce.sarankhola.bagerhat.gov.bd
==================================================
[+] Domain exhausted. Finishing up: https://uitrce.sarankhola.bagerhat.gov.bd
==================================================
[*] STARTING NEW DOMAIN: https://food.nasirnagar.brahmanbaria.gov.bd
==================================================
[+] Domain exhausted. Finishing up: https://food.nasirnagar.brahmanbaria.gov.bd
==================================================
[*] STARTING NEW DOMAIN: https://brdb.terokhada.khulna.gov.bd
==================================================
[+] Domain exhausted. Finishing up: https://brdb.terokhada.khulna.gov.bd
==================================================
[*] STARTING NEW DOMAIN: https://ansarvdp.daudkandi.comilla.gov.bd
==================================================
[+] Domain exhausted. Finishing up: https://ansarvdp.daudkandi.comilla.gov.bd
==================================================
[*] STARTING NEW DOMAIN: https://brdb.dupchanchia.bogra.gov.bd
==================================================
[+] Domain exhausted. Finishing up: https://brdb.dupchanchia.bogra.gov.bd
==================================================
[*] STARTING NEW DOMAIN: https://lged.galachipa.patuakhali.gov.bd
==================================================
[+] Domain exhausted. Finishing up: https://lged.galachipa.patuakhali.gov.bd
==================================================
[*] STARTING NEW DOMAIN: https://fisheries.coxsbazar.gov.bd
==================================================
[+] Domain exhausted. Finishing up: https://fisheries.coxsbazar.gov.bd
==================================================
[*] STARTING NEW DOMAIN: https://food.barura.comilla.gov.bd
==================================================
[+] Domain exhausted. Finishing up: https://food.barura.comilla.gov.bd
==================================================
[*] STARTING NEW DOMAIN: https://kkpbsecondaryschool.jessoreboard.gov.bd
==================================================
[+] Domain exhausted. Finishing up: https://kkpbsecondaryschool.jessoreboard.gov.bd
==================================================
[*] STARTING NEW DOMAIN: https://kholeyaup.rangpur.gov.bd
==================================================
[+] Domain exhausted. Finishing up: https://kholeyaup.rangpur.gov.bd
==================================================
[*] STARTING NEW DOMAIN: https://pqskamalapur.dhaka.gov.bd
==================================================
[+] Domain exhausted. Finishing up: https://pqskamalapur.dhaka.gov.bd
==================================================
[*] STARTING NEW DOMAIN: https://lged.guimara.khagrachhari.gov.bd
==================================================
[+] Domain exhausted. Finishing up: https://lged.guimara.khagrachhari.gov.bd
==================================================
[*] STARTING NEW DOMAIN: https://dpe.sadar.bhola.gov.bd
==================================================
[+] Domain exhausted. Finishing up: https://dpe.sadar.bhola.gov.bd
==================================================
[*] STARTING NEW DOMAIN: https://khanjiasecondaryschool.jessoreboard.gov.bd
==================================================
[+] Domain exhausted. Finishing up: https://khanjiasecondaryschool.jessoreboard.gov.bd
==================================================
[*] STARTING NEW DOMAIN: https://lged.kaunia.rangpur.gov.bd
==================================================
[+] Domain exhausted. Finishing up: https://lged.kaunia.rangpur.gov.bd
==================================================
[*] STARTING NEW DOMAIN: https://library.most.gov.bd
==================================================
[+] Domain exhausted. Finishing up: https://library.most.gov.bd
==================================================
[*] STARTING NEW DOMAIN: https://kuwait.mofa.gov.bd
==================================================
[+] Domain exhausted. Finishing up: https://kuwait.mofa.gov.bd
==================================================
[*] STARTING NEW DOMAIN: https://deb131928.dhakaeducationboard.gov.bd
==================================================
[+] Domain exhausted. Finishing up: https://deb131928.dhakaeducationboard.gov.bd
==================================================
[*] STARTING NEW DOMAIN: https://dphe.barisal.gov.bd
==================================================
[+] Domain exhausted. Finishing up: https://dphe.barisal.gov.bd
==================================================
[*] STARTING NEW DOMAIN: https://deb112615.dhakaeducationboard.gov.bd
==================================================
[+] Domain exhausted. Finishing up: https://deb112615.dhakaeducationboard.gov.bd
==================================================
[*] STARTING NEW DOMAIN: https://deb131520.dhakaeducationboard.gov.bd
==================================================
[+] Domain exhausted. Finishing up: https://deb131520.dhakaeducationboard.gov.bd
==================================================
[*] STARTING NEW DOMAIN: https://dshe.anwara.chittagong.gov.bd
==================================================
[+] Domain exhausted. Finishing up: https://dshe.anwara.chittagong.gov.bd
==================================================
[*] STARTING NEW DOMAIN: https://kurigram.scouts.gov.bd
==================================================
[+] Domain exhausted. Finishing up: https://kurigram.scouts.gov.bd
==================================================
[*] STARTING NEW DOMAIN: https://deb134578.dhakaeducationboard.gov.bd
==================================================
[+] Domain exhausted. Finishing up: https://deb134578.dhakaeducationboard.gov.bd
==================================================
[*] STARTING NEW DOMAIN: https://dwa.lohagara.chittagong.gov.bd
==================================================
[+] Domain exhausted. Finishing up: https://dwa.lohagara.chittagong.gov.bd
==================================================
[*] STARTING NEW DOMAIN: https://btcl.jamalpur.gov.bd
==================================================
[+] Domain exhausted. Finishing up: https://btcl.jamalpur.gov.bd
==================================================
[*] STARTING NEW DOMAIN: https://knbsecondaryschool.jessoreboard.gov.bd
==================================================
[+] Domain exhausted. Finishing up: https://knbsecondaryschool.jessoreboard.gov.bd
==================================================
[*] STARTING NEW DOMAIN: https://tgttcl.mymensingh.gov.bd
==================================================
[+] Domain exhausted. Finishing up: https://tgttcl.mymensingh.gov.bd
==================================================
[*] STARTING NEW DOMAIN: https://brdb.daulatpur.kushtia.gov.bd
==================================================
[+] Domain exhausted. Finishing up: https://brdb.daulatpur.kushtia.gov.bd
==================================================
[*] STARTING NEW DOMAIN: https://deb114075.dhakaeducationboard.gov.bd
==================================================
[+] Domain exhausted. Finishing up: https://deb114075.dhakaeducationboard.gov.bd
==================================================
[*] STARTING NEW DOMAIN: https://deb138490.dhakaeducationboard.gov.bd
==================================================
[+] Domain exhausted. Finishing up: https://deb138490.dhakaeducationboard.gov.bd
==================================================
[*] STARTING NEW DOMAIN: https://acl.rupganj.narayanganj.gov.bd
==================================================
[+] Domain exhausted. Finishing up: https://acl.rupganj.narayanganj.gov.bd
==================================================
[*] STARTING NEW DOMAIN: https://lged.barhatta.netrokona.gov.bd
==================================================
[+] Domain exhausted. Finishing up: https://lged.barhatta.netrokona.gov.bd
==================================================
[*] STARTING NEW DOMAIN: https://deb137592.dhakaeducationboard.gov.bd
==================================================
[+] Domain exhausted. Finishing up: https://deb137592.dhakaeducationboard.gov.bd
==================================================
[*] STARTING NEW DOMAIN: https://deo.hakimpur.dinajpur.gov.bd
==================================================
[+] Domain exhausted. Finishing up: https://deo.hakimpur.dinajpur.gov.bd
==================================================
[*] STARTING NEW DOMAIN: https://deb112595.dhakaeducationboard.gov.bd
==================================================
[+] Domain exhausted. Finishing up: https://deb112595.dhakaeducationboard.gov.bd
==================================================
[*] STARTING NEW DOMAIN: https://rab.rajshahidiv.gov.bd
==================================================
[+] Domain exhausted. Finishing up: https://rab.rajshahidiv.gov.bd
==================================================
[*] STARTING NEW DOMAIN: https://nolkuraup.sherpur.gov.bd
==================================================
[+] Domain exhausted. Finishing up: https://nolkuraup.sherpur.gov.bd
==================================================
[*] STARTING NEW DOMAIN: https://karimpursecondaryschool.jessoreboard.gov.bd
==================================================
[+] Domain exhausted. Finishing up: https://karimpursecondaryschool.jessoreboard.gov.bd
==================================================
[*] STARTING NEW DOMAIN: https://nationalsecondaryschoolkhalishpur.jessoreboard.gov.bd
==================================================
[+] Domain exhausted. Finishing up: https://nationalsecondaryschoolkhalishpur.jessoreboard.gov.bd
==================================================
[*] STARTING NEW DOMAIN: https://newmodelsecondaryschool.jessoreboard.gov.bd
==================================================
[+] Domain exhausted. Finishing up: https://newmodelsecondaryschool.jessoreboard.gov.bd
==================================================
[*] STARTING NEW DOMAIN: https://btcl.feni.gov.bd
==================================================
[+] Domain exhausted. Finishing up: https://btcl.feni.gov.bd
==================================================
[*] STARTING NEW DOMAIN: https://deb113231.dhakaeducationboard.gov.bd
==================================================
[+] Domain exhausted. Finishing up: https://deb113231.dhakaeducationboard.gov.bd
==================================================
[*] STARTING NEW DOMAIN: https://deb137368.dhakaeducationboard.gov.bd
==================================================
[+] Domain exhausted. Finishing up: https://deb137368.dhakaeducationboard.gov.bd
==================================================
[*] STARTING NEW DOMAIN: https://sr.abhaynagar.jessore.gov.bd
==================================================
[+] Domain exhausted. Finishing up: https://sr.abhaynagar.jessore.gov.bd
==================================================
[*] STARTING NEW DOMAIN: https://khamarparapilotsecondarygirlsschool.jessoreboard.gov.bd
==================================================
[+] Domain exhausted. Finishing up: https://khamarparapilotsecondarygirlsschool.jessoreboard.gov.bd
==================================================
[*] STARTING NEW DOMAIN: https://rajoir.madaripur.gov.bd
==================================================
[+] Domain exhausted. Finishing up: https://rajoir.madaripur.gov.bd
==================================================
[*] STARTING NEW DOMAIN: https://deo.birganj.dinajpur.gov.bd
==================================================
[+] Domain exhausted. Finishing up: https://deo.birganj.dinajpur.gov.bd
==================================================
[*] STARTING NEW DOMAIN: https://deb112342.dhakaeducationboard.gov.bd
==================================================
[+] Domain exhausted. Finishing up: https://deb112342.dhakaeducationboard.gov.bd
==================================================
[*] STARTING NEW DOMAIN: https://deb114525.dhakaeducationboard.gov.bd
==================================================
[+] Domain exhausted. Finishing up: https://deb114525.dhakaeducationboard.gov.bd
==================================================
[*] STARTING NEW DOMAIN: https://deb190124.dhakaeducationboard.gov.bd
==================================================
[+] Domain exhausted. Finishing up: https://deb190124.dhakaeducationboard.gov.bd
==================================================
[*] STARTING NEW DOMAIN: https://brdb.dumki.patuakhali.gov.bd
==================================================
[+] Domain exhausted. Finishing up: https://brdb.dumki.patuakhali.gov.bd
==================================================
[*] STARTING NEW DOMAIN: https://deb113948.dhakaeducationboard.gov.bd
==================================================
[+] Domain exhausted. Finishing up: https://deb113948.dhakaeducationboard.gov.bd
==================================================
[*] STARTING NEW DOMAIN: https://deb137650.dhakaeducationboard.gov.bd
==================================================
[+] Domain exhausted. Finishing up: https://deb137650.dhakaeducationboard.gov.bd
==================================================
[*] STARTING NEW DOMAIN: https://monpura.bhola.gov.bd
==================================================
[+] Domain exhausted. Finishing up: https://monpura.bhola.gov.bd
==================================================
[*] STARTING NEW DOMAIN: https://posthpo.tangail.gov.bd
==================================================
[+] Domain exhausted. Finishing up: https://posthpo.tangail.gov.bd
==================================================
[*] STARTING NEW DOMAIN: https://nakipurhcpilotsecondaryschool.jessoreboard.gov.bd
==================================================
[+] Domain exhausted. Finishing up: https://nakipurhcpilotsecondaryschool.jessoreboard.gov.bd
==================================================
[*] STARTING NEW DOMAIN: https://dss-rtc.dhakadiv.gov.bd
==================================================
[+] Domain exhausted. Finishing up: https://dss-rtc.dhakadiv.gov.bd
==================================================
[*] STARTING NEW DOMAIN: https://kiratonup.kishoreganj.gov.bd
==================================================
[+] Domain exhausted. Finishing up: https://kiratonup.kishoreganj.gov.bd
==================================================
[*] STARTING NEW DOMAIN: https://deb139636.dhakaeducationboard.gov.bd
==================================================
[+] Domain exhausted. Finishing up: https://deb139636.dhakaeducationboard.gov.bd
==================================================
[*] STARTING NEW DOMAIN: https://bkkb.mymensinghdiv.gov.bd
==================================================
[+] Domain exhausted. Finishing up: https://bkkb.mymensinghdiv.gov.bd
==================================================
[*] STARTING NEW DOMAIN: https://marine.fisheries.gov.bd
==================================================
[+] Domain exhausted. Finishing up: https://marine.fisheries.gov.bd
==================================================
[*] STARTING NEW DOMAIN: https://raosherpur.krishibank.gov.bd
==================================================
[+] Domain exhausted. Finishing up: https://raosherpur.krishibank.gov.bd
==================================================
[*] STARTING NEW DOMAIN: https://badc.coxsbazar.gov.bd
==================================================
[+] Domain exhausted. Finishing up: https://badc.coxsbazar.gov.bd
==================================================
[*] STARTING NEW DOMAIN: https://deb111829.dhakaeducationboard.gov.bd
==================================================
[+] Domain exhausted. Finishing up: https://deb111829.dhakaeducationboard.gov.bd
==================================================
[*] STARTING NEW DOMAIN: https://lged.monohardi.narsingdi.gov.bd
==================================================
[+] Domain exhausted. Finishing up: https://lged.monohardi.narsingdi.gov.bd
==================================================
[*] STARTING NEW DOMAIN: https://sca.gov.bd
==================================================
[+] Domain exhausted. Finishing up: https://sca.gov.bd
==================================================
[*] STARTING NEW DOMAIN: https://charjanazatup.madaripur.gov.bd
==================================================
[+] Domain exhausted. Finishing up: https://charjanazatup.madaripur.gov.bd
==================================================
[*] STARTING NEW DOMAIN: https://deb113980.dhakaeducationboard.gov.bd
==================================================
[+] Domain exhausted. Finishing up: https://deb113980.dhakaeducationboard.gov.bd
==================================================
[*] STARTING NEW DOMAIN: https://sundarbanmohilacollege.jessoreboard.gov.bd
==================================================
[+] Domain exhausted. Finishing up: https://sundarbanmohilacollege.jessoreboard.gov.bd
==================================================
[*] STARTING NEW DOMAIN: https://btcl.chapainawabganj.gov.bd
==================================================
[+] Domain exhausted. Finishing up: https://btcl.chapainawabganj.gov.bd
==================================================
[*] STARTING NEW DOMAIN: https://deb113161.dhakaeducationboard.gov.bd
==================================================
[+] Domain exhausted. Finishing up: https://deb113161.dhakaeducationboard.gov.bd
==================================================
[*] STARTING NEW DOMAIN: https://teacher.comillaboard.gov.bd
==================================================
[+] Domain exhausted. Finishing up: https://teacher.comillaboard.gov.bd
==================================================
[*] STARTING NEW DOMAIN: https://publiclibrary.mymensingh.gov.bd
==================================================
[+] Domain exhausted. Finishing up: https://publiclibrary.mymensingh.gov.bd
==================================================
[*] STARTING NEW DOMAIN: https://lged.fakirhat.bagerhat.gov.bd
==================================================
[+] Domain exhausted. Finishing up: https://lged.fakirhat.bagerhat.gov.bd
==================================================
[*] STARTING NEW DOMAIN: https://tici.portal.gov.bd
==================================================
[+] Domain exhausted. Finishing up: https://tici.portal.gov.bd
==================================================
[*] STARTING NEW DOMAIN: https://qamchattogram.fisheries.gov.bd
==================================================
[+] Domain exhausted. Finishing up: https://qamchattogram.fisheries.gov.bd
==================================================
[*] STARTING NEW DOMAIN: https://deb112338.dhakaeducationboard.gov.bd
==================================================
[+] Domain exhausted. Finishing up: https://deb112338.dhakaeducationboard.gov.bd
==================================================
[*] STARTING NEW DOMAIN: https://dss.bagherpara.jessore.gov.bd
==================================================
[+] Domain exhausted. Finishing up: https://dss.bagherpara.jessore.gov.bd
==================================================
[*] STARTING NEW DOMAIN: https://fireservice.sylhet.gov.bd
==================================================
[+] Domain exhausted. Finishing up: https://fireservice.sylhet.gov.bd
==================================================
[*] STARTING NEW DOMAIN: https://krishnagarsecondaryschool.jessoreboard.gov.bd
==================================================
[+] Domain exhausted. Finishing up: https://krishnagarsecondaryschool.jessoreboard.gov.bd
==================================================
[*] STARTING NEW DOMAIN: https://deb114748.dhakaeducationboard.gov.bd
==================================================
[+] Domain exhausted. Finishing up: https://deb114748.dhakaeducationboard.gov.bd
==================================================
[*] STARTING NEW DOMAIN: https://deo.saturia.manikganj.gov.bd
==================================================
[+] Domain exhausted. Finishing up: https://deo.saturia.manikganj.gov.bd
==================================================
[*] STARTING NEW DOMAIN: https://dss.ranisankail.thakurgaon.gov.bd
==================================================
[+] Domain exhausted. Finishing up: https://dss.ranisankail.thakurgaon.gov.bd
==================================================
[*] STARTING NEW DOMAIN: https://deb134081.dhakaeducationboard.gov.bd
==================================================
[+] Domain exhausted. Finishing up: https://deb134081.dhakaeducationboard.gov.bd
==================================================
[*] STARTING NEW DOMAIN: https://dls.dhunot.bogra.gov.bd
==================================================
[+] Domain exhausted. Finishing up: https://dls.dhunot.bogra.gov.bd
==================================================
[*] STARTING NEW DOMAIN: https://lamocs.portal.gov.bd
==================================================
[+] Domain exhausted. Finishing up: https://lamocs.portal.gov.bd
==================================================
[*] STARTING NEW DOMAIN: https://sylhetdiv.gov.bd
==================================================
[+] Domain exhausted. Finishing up: https://sylhetdiv.gov.bd
==================================================
[*] STARTING NEW DOMAIN: https://acl.bhurungamari.kurigram.gov.bd
==================================================
[+] Domain exhausted. Finishing up: https://acl.bhurungamari.kurigram.gov.bd
==================================================
[*] STARTING NEW DOMAIN: https://psosk.debiganj.panchagarh.gov.bd
==================================================
[+] Domain exhausted. Finishing up: https://psosk.debiganj.panchagarh.gov.bd
==================================================
[*] STARTING NEW DOMAIN: https://deb130665.dhakaeducationboard.gov.bd
==================================================
[+] Domain exhausted. Finishing up: https://deb130665.dhakaeducationboard.gov.bd
==================================================
[*] STARTING NEW DOMAIN: https://police.belkuchi.sirajganj.gov.bd
==================================================
[+] Domain exhausted. Finishing up: https://police.belkuchi.sirajganj.gov.bd
==================================================
[*] STARTING NEW DOMAIN: https://fisheries.barhatta.netrokona.gov.bd
==================================================
[+] Domain exhausted. Finishing up: https://fisheries.barhatta.netrokona.gov.bd
==================================================
[*] STARTING NEW DOMAIN: https://ec.rajshahidiv.gov.bd
==================================================
[+] Domain exhausted. Finishing up: https://ec.rajshahidiv.gov.bd
==================================================
[*] STARTING NEW DOMAIN: https://molwa.gov.bd
==================================================
[+] Domain exhausted. Finishing up: https://molwa.gov.bd
==================================================
[*] STARTING NEW DOMAIN: https://deb134181.dhakaeducationboard.gov.bd
==================================================
[+] Domain exhausted. Finishing up: https://deb134181.dhakaeducationboard.gov.bd
==================================================
[*] STARTING NEW DOMAIN: https://dwa.nangalkot.comilla.gov.bd
==================================================
[+] Domain exhausted. Finishing up: https://dwa.nangalkot.comilla.gov.bd
==================================================
[*] STARTING NEW DOMAIN: https://deb111363.dhakaeducationboard.gov.bd
==================================================
[+] Domain exhausted. Finishing up: https://deb111363.dhakaeducationboard.gov.bd
==================================================
[*] STARTING NEW DOMAIN: https://deb113582.dhakaeducationboard.gov.bd
==================================================
[+] Domain exhausted. Finishing up: https://deb113582.dhakaeducationboard.gov.bd
==================================================
[*] STARTING NEW DOMAIN: https://urc.muladi.barisal.gov.bd
==================================================
[+] Domain exhausted. Finishing up: https://urc.muladi.barisal.gov.bd
==================================================
[*] STARTING NEW DOMAIN: https://uitrce.kalihati.tangail.gov.bd
==================================================
[+] Domain exhausted. Finishing up: https://uitrce.kalihati.tangail.gov.bd
==================================================
[*] STARTING NEW DOMAIN: http://bhujpurup.chittagong.gov.bd
==================================================
[+] Domain exhausted. Finishing up: http://bhujpurup.chittagong.gov.bd
==================================================
[*] STARTING NEW DOMAIN: https://youth.tanore.rajshahi.gov.bd
==================================================
[+] Domain exhausted. Finishing up: https://youth.tanore.rajshahi.gov.bd
==================================================
[*] STARTING NEW DOMAIN: https://zso.sreepur.magura.gov.bd
==================================================
[+] Domain exhausted. Finishing up: https://zso.sreepur.magura.gov.bd
==================================================
[*] STARTING NEW DOMAIN: https://youth.chandina.comilla.gov.bd
==================================================
[+] Domain exhausted. Finishing up: https://youth.chandina.comilla.gov.bd
==================================================
[*] STARTING NEW DOMAIN: https://youth.derai.sunamganj.gov.bd
==================================================
[+] Domain exhausted. Finishing up: https://youth.derai.sunamganj.gov.bd
==================================================
[*] STARTING NEW DOMAIN: https://youth.thakurgaonsadar.thakurgaon.gov.bd
==================================================
[+] Domain exhausted. Finishing up: https://youth.thakurgaonsadar.thakurgaon.gov.bd
==================================================
[*] STARTING NEW DOMAIN: https://pio.chauddagram.comilla.gov.bd
==================================================
[+] Domain exhausted. Finishing up: https://pio.chauddagram.comilla.gov.bd
==================================================
[*] STARTING NEW DOMAIN: https://zpdhaka.gov.bd
==================================================
[+] Domain exhausted. Finishing up: https://zpdhaka.gov.bd
==================================================
[*] STARTING NEW DOMAIN: https://zajira.shariatpur.gov.bd
==================================================
[+] Domain exhausted. Finishing up: https://zajira.shariatpur.gov.bd
==================================================
[*] STARTING NEW DOMAIN: https://uitrce.sadar.bhola.gov.bd
==================================================
[+] Domain exhausted. Finishing up: https://uitrce.sadar.bhola.gov.bd
==================================================
[*] STARTING NEW DOMAIN: https://sutarkhalisecondaryschool.jessoreboard.gov.bd
==================================================
[+] Domain exhausted. Finishing up: https://sutarkhalisecondaryschool.jessoreboard.gov.bd
==================================================
[*] STARTING NEW DOMAIN: https://forest.naogaonsadar.naogaon.gov.bd
==================================================
[+] Domain exhausted. Finishing up: https://forest.naogaonsadar.naogaon.gov.bd
==================================================
[*] STARTING NEW DOMAIN: https://lged.damurhuda.chuadanga.gov.bd
==================================================
[+] Domain exhausted. Finishing up: https://lged.damurhuda.chuadanga.gov.bd
==================================================
[*] STARTING NEW DOMAIN: https://natp2dae.portal.gov.bd
==================================================
[+] Domain exhausted. Finishing up: https://natp2dae.portal.gov.bd
==================================================
[*] STARTING NEW DOMAIN: https://forest.bhola.gov.bd
==================================================
[+] Domain exhausted. Finishing up: https://forest.bhola.gov.bd
==================================================
[*] STARTING NEW DOMAIN: https://kakuaup.tangail.gov.bd
==================================================
[+] Domain exhausted. Finishing up: https://kakuaup.tangail.gov.bd
==================================================
[*] STARTING NEW DOMAIN: https://oicpm.mofa.gov.bd
==================================================
[+] Domain exhausted. Finishing up: https://oicpm.mofa.gov.bd
==================================================
[*] STARTING NEW DOMAIN: https://pio.sadar.lakshmipur.gov.bd
==================================================
[+] Domain exhausted. Finishing up: https://pio.sadar.lakshmipur.gov.bd
==================================================
[*] STARTING NEW DOMAIN: https://gior.manikganj.gov.bd
==================================================
[+] Domain exhausted. Finishing up: https://gior.manikganj.gov.bd
==================================================
[*] STARTING NEW DOMAIN: https://maijparaup.narail.gov.bd
==================================================
[+] Domain exhausted. Finishing up: https://maijparaup.narail.gov.bd
==================================================
[*] STARTING NEW DOMAIN: https://peyarpurup.madaripur.gov.bd
==================================================
[+] Domain exhausted. Finishing up: https://peyarpurup.madaripur.gov.bd
==================================================
[*] STARTING NEW DOMAIN: https://fpo.bakerganj.barisal.gov.bd
==================================================
[+] Domain exhausted. Finishing up: https://fpo.bakerganj.barisal.gov.bd
==================================================
[*] STARTING NEW DOMAIN: https://lged.akkelpur.joypurhat.gov.bd
==================================================
[+] Domain exhausted. Finishing up: https://lged.akkelpur.joypurhat.gov.bd
==================================================
[*] STARTING NEW DOMAIN: https://deb136865.dhakaeducationboard.gov.bd
==================================================
[+] Domain exhausted. Finishing up: https://deb136865.dhakaeducationboard.gov.bd
==================================================
[*] STARTING NEW DOMAIN: https://gis.beautifulbangladesh.gov.bd
==================================================
[+] Domain exhausted. Finishing up: https://gis.beautifulbangladesh.gov.bd
==================================================
[*] STARTING NEW DOMAIN: https://maheshpurgirlshighschool.jessoreboard.gov.bd
==================================================
[+] Domain exhausted. Finishing up: https://maheshpurgirlshighschool.jessoreboard.gov.bd
==================================================
[*] STARTING NEW DOMAIN: https://pio.jibannagar.chuadanga.gov.bd
==================================================
[+] Domain exhausted. Finishing up: https://pio.jibannagar.chuadanga.gov.bd
==================================================
[*] STARTING NEW DOMAIN: https://flid.gov.bd
==================================================
[+] Domain exhausted. Finishing up: https://flid.gov.bd
==================================================
[*] STARTING NEW DOMAIN: https://kdkup.chuadanga.gov.bd
==================================================
[+] Domain exhausted. Finishing up: https://kdkup.chuadanga.gov.bd
==================================================
[*] STARTING NEW DOMAIN: https://pbs.charfesson.bhola.gov.bd
==================================================
[+] Domain exhausted. Finishing up: https://pbs.charfesson.bhola.gov.bd
==================================================
[*] STARTING NEW DOMAIN: https://dss.atrai.naogaon.gov.bd
==================================================
[+] Domain exhausted. Finishing up: https://dss.atrai.naogaon.gov.bd
==================================================
[*] STARTING NEW DOMAIN: https://guwahati.mofa.gov.bd
==================================================
[+] Domain exhausted. Finishing up: https://guwahati.mofa.gov.bd
==================================================
[*] STARTING NEW DOMAIN: https://lged.osmaninagar.sylhet.gov.bd
==================================================
[+] Domain exhausted. Finishing up: https://lged.osmaninagar.sylhet.gov.bd
==================================================
[*] STARTING NEW DOMAIN: https://pdbf.badargonj.rangpur.gov.bd
==================================================
[+] Domain exhausted. Finishing up: https://pdbf.badargonj.rangpur.gov.bd
==================================================
[*] STARTING NEW DOMAIN: https://ictd.gov.bd
==================================================
[+] Domain exhausted. Finishing up: https://ictd.gov.bd
==================================================
[*] STARTING NEW DOMAIN: https://mhapsd.gov.bd
==================================================
[+] Domain exhausted. Finishing up: https://mhapsd.gov.bd
==================================================
[*] STARTING NEW DOMAIN: https://police.birganj.dinajpur.gov.bd
==================================================
[+] Domain exhausted. Finishing up: https://police.birganj.dinajpur.gov.bd
==================================================
[*] STARTING NEW DOMAIN: https://goarahafizurrahmansecondaryschool.jessoreboard.gov.bd
==================================================
[+] Domain exhausted. Finishing up: https://goarahafizurrahmansecondaryschool.jessoreboard.gov.bd
==================================================
[*] STARTING NEW DOMAIN: https://lged.habiganj.gov.bd
==================================================
[+] Domain exhausted. Finishing up: https://lged.habiganj.gov.bd
==================================================
[*] STARTING NEW DOMAIN: https://police.pekua.coxsbazar.gov.bd
==================================================
[+] Domain exhausted. Finishing up: https://police.pekua.coxsbazar.gov.bd
==================================================
[*] STARTING NEW DOMAIN: https://hrwt.natore.gov.bd
==================================================
[+] Domain exhausted. Finishing up: https://hrwt.natore.gov.bd
==================================================
[*] STARTING NEW DOMAIN: https://misebadc.brahmanbaria.gov.bd
==================================================
[+] Domain exhausted. Finishing up: https://misebadc.brahmanbaria.gov.bd
==================================================
[*] STARTING NEW DOMAIN: https://police.kutubdia.coxsbazar.gov.bd
==================================================
[+] Domain exhausted. Finishing up: https://police.kutubdia.coxsbazar.gov.bd
==================================================
[*] STARTING NEW DOMAIN: https://food.zajira.shariatpur.gov.bd
==================================================
[+] Domain exhausted. Finishing up: https://food.zajira.shariatpur.gov.bd
==================================================
[*] STARTING NEW DOMAIN: https://kabilpurgovtprimaryschool.jessoreboard.gov.bd
==================================================
[+] Domain exhausted. Finishing up: https://kabilpurgovtprimaryschool.jessoreboard.gov.bd
==================================================
[*] STARTING NEW DOMAIN: https://paikparasecondaryschool.jessoreboard.gov.bd
==================================================
[+] Domain exhausted. Finishing up: https://paikparasecondaryschool.jessoreboard.gov.bd
==================================================
[*] STARTING NEW DOMAIN: https://badc.baraigram.natore.gov.bd
==================================================
[+] Domain exhausted. Finishing up: https://badc.baraigram.natore.gov.bd
==================================================
[*] STARTING NEW DOMAIN: https://islamicfoundation.kishoreganj.gov.bd
==================================================
[+] Domain exhausted. Finishing up: https://islamicfoundation.kishoreganj.gov.bd
==================================================
[*] STARTING NEW DOMAIN: https://mobaidulislamsecondaryschool.jessoreboard.gov.bd
==================================================
[+] Domain exhausted. Finishing up: https://mobaidulislamsecondaryschool.jessoreboard.gov.bd
==================================================
[*] STARTING NEW DOMAIN: https://post.chittagongdiv.gov.bd
==================================================
[+] Domain exhausted. Finishing up: https://post.chittagongdiv.gov.bd
==================================================
[*] STARTING NEW DOMAIN: https://health.shibganj.chapainawabganj.gov.bd
==================================================
[+] Domain exhausted. Finishing up: https://health.shibganj.chapainawabganj.gov.bd
==================================================
[*] STARTING NEW DOMAIN: https://nondigram.bogra.gov.bd
==================================================
[+] Domain exhausted. Finishing up: https://nondigram.bogra.gov.bd
==================================================
[*] STARTING NEW DOMAIN: https://post.damurhuda.chuadanga.gov.bd
==================================================
[+] Domain exhausted. Finishing up: https://post.damurhuda.chuadanga.gov.bd
==================================================
[*] STARTING NEW DOMAIN: https://fpo.lalmonirhat.gov.bd
==================================================
[+] Domain exhausted. Finishing up: https://fpo.lalmonirhat.gov.bd
==================================================
[*] STARTING NEW DOMAIN: https://kharanaup.chittagong.gov.bd
==================================================
[+] Domain exhausted. Finishing up: https://kharanaup.chittagong.gov.bd
==================================================
[*] STARTING NEW DOMAIN: https://pdb3.rajshahi.gov.bd
==================================================
[+] Domain exhausted. Finishing up: https://pdb3.rajshahi.gov.bd
==================================================
[*] STARTING NEW DOMAIN: https://dss.damurhuda.chuadanga.gov.bd
==================================================
[+] Domain exhausted. Finishing up: https://dss.damurhuda.chuadanga.gov.bd
==================================================
[*] STARTING NEW DOMAIN: https://lged.lakhai.habiganj.gov.bd
==================================================
[+] Domain exhausted. Finishing up: https://lged.lakhai.habiganj.gov.bd
==================================================
[*] STARTING NEW DOMAIN: https://pdbf.sarankhola.bagerhat.gov.bd
==================================================
[+] Domain exhausted. Finishing up: https://pdbf.sarankhola.bagerhat.gov.bd
==================================================
[*] STARTING NEW DOMAIN: https://bagatiparaup.natore.gov.bd
==================================================
[+] Domain exhausted. Finishing up: https://bagatiparaup.natore.gov.bd
==================================================
[*] STARTING NEW DOMAIN: https://jalmachakrakhalisecondaryschool.jessoreboard.gov.bd
==================================================
[+] Domain exhausted. Finishing up: https://jalmachakrakhalisecondaryschool.jessoreboard.gov.bd
==================================================
[*] STARTING NEW DOMAIN: https://pdbf.mujibnagar.meherpur.gov.bd
==================================================
[+] Domain exhausted. Finishing up: https://pdbf.mujibnagar.meherpur.gov.bd
==================================================
[*] STARTING NEW DOMAIN: https://fpo.pabna.gov.bd
==================================================
[+] Domain exhausted. Finishing up: https://fpo.pabna.gov.bd
==================================================
[*] STARTING NEW DOMAIN: https://laxmansreeup.sunamganj.gov.bd
==================================================
[+] Domain exhausted. Finishing up: https://laxmansreeup.sunamganj.gov.bd
==================================================
[*] STARTING NEW DOMAIN: https://pio.betagi.barguna.gov.bd
==================================================
[+] Domain exhausted. Finishing up: https://pio.betagi.barguna.gov.bd
==================================================
[*] STARTING NEW DOMAIN: https://forest.borhanuddin.bhola.gov.bd
==================================================
[+] Domain exhausted. Finishing up: https://forest.borhanuddin.bhola.gov.bd
==================================================
[*] STARTING NEW DOMAIN: https://lged.babuganj.barisal.gov.bd
==================================================
[+] Domain exhausted. Finishing up: https://lged.babuganj.barisal.gov.bd
==================================================
[*] STARTING NEW DOMAIN: https://personaldivision.portal.gov.bd
==================================================
[+] Domain exhausted. Finishing up: https://personaldivision.portal.gov.bd
==================================================
[*] STARTING NEW DOMAIN: https://youth.shibganj.bogra.gov.bd
==================================================
[+] Domain exhausted. Finishing up: https://youth.shibganj.bogra.gov.bd
==================================================
[*] STARTING NEW DOMAIN: https://istc.naogaon.gov.bd
==================================================
[+] Domain exhausted. Finishing up: https://istc.naogaon.gov.bd
==================================================
[*] STARTING NEW DOMAIN: https://mithakhaliup.bagerhat.gov.bd
==================================================
[+] Domain exhausted. Finishing up: https://mithakhaliup.bagerhat.gov.bd
==================================================
[*] STARTING NEW DOMAIN: https://police.tetulia.panchagarh.gov.bd
==================================================
[+] Domain exhausted. Finishing up: https://police.tetulia.panchagarh.gov.bd
==================================================
[*] STARTING NEW DOMAIN: https://health.ajmiriganj.habiganj.gov.bd
==================================================
[+] Domain exhausted. Finishing up: https://health.ajmiriganj.habiganj.gov.bd
==================================================
[*] STARTING NEW DOMAIN: https://monohorpurup.gaibandha.gov.bd
==================================================
[+] Domain exhausted. Finishing up: https://monohorpurup.gaibandha.gov.bd
==================================================
[*] STARTING NEW DOMAIN: https://post.brahmanpara.comilla.gov.bd
==================================================
[+] Domain exhausted. Finishing up: https://post.brahmanpara.comilla.gov.bd
==================================================
[*] STARTING NEW DOMAIN: https://fpo.tongibari.munshiganj.gov.bd
==================================================
[+] Domain exhausted. Finishing up: https://fpo.tongibari.munshiganj.gov.bd
==================================================
[*] STARTING NEW DOMAIN: https://kushtiagovernmentcollege.jessoreboard.gov.bd
==================================================
[+] Domain exhausted. Finishing up: https://kushtiagovernmentcollege.jessoreboard.gov.bd
==================================================
[*] STARTING NEW DOMAIN: https://zso.rangpurdiv.gov.bd
==================================================
[+] Domain exhausted. Finishing up: https://zso.rangpurdiv.gov.bd
==================================================
[*] STARTING NEW DOMAIN: https://forest.sirajdikhan.munshiganj.gov.bd
==================================================
[+] Domain exhausted. Finishing up: https://forest.sirajdikhan.munshiganj.gov.bd
==================================================
[*] STARTING NEW DOMAIN: https://lged.hajiganj.chandpur.gov.bd
==================================================
[+] Domain exhausted. Finishing up: https://lged.hajiganj.chandpur.gov.bd
==================================================
[*] STARTING NEW DOMAIN: http://atragilatolaup.khulna.gov.bd
==================================================
[+] Domain exhausted. Finishing up: http://atragilatolaup.khulna.gov.bd
==================================================
[*] STARTING NEW DOMAIN: https://youth.kendua.netrokona.gov.bd
==================================================
[+] Domain exhausted. Finishing up: https://youth.kendua.netrokona.gov.bd
==================================================
[*] STARTING NEW DOMAIN: https://info.tangail.gov.bd
==================================================
[+] Domain exhausted. Finishing up: https://info.tangail.gov.bd
==================================================
[*] STARTING NEW DOMAIN: https://mogbanup.rangamati.gov.bd
==================================================
[+] Domain exhausted. Finishing up: https://mogbanup.rangamati.gov.bd
==================================================
[*] STARTING NEW DOMAIN: https://pressinform.portal.gov.bd
==================================================
[+] Domain exhausted. Finishing up: https://pressinform.portal.gov.bd
==================================================
[*] STARTING NEW DOMAIN: https://kutiup.brahmanbaria.gov.bd
==================================================
[+] Domain exhausted. Finishing up: https://kutiup.brahmanbaria.gov.bd
==================================================
[*] STARTING NEW DOMAIN: https://pio.kalmakanda.netrokona.gov.bd
==================================================
[+] Domain exhausted. Finishing up: https://pio.kalmakanda.netrokona.gov.bd
==================================================
[*] STARTING NEW DOMAIN: https://hospitaldghs.gov.bd
==================================================
[+] Domain exhausted. Finishing up: https://hospitaldghs.gov.bd
==================================================
[*] STARTING NEW DOMAIN: https://mpa.khulnadiv.gov.bd
==================================================
[+] Domain exhausted. Finishing up: https://mpa.khulnadiv.gov.bd
==================================================
[*] STARTING NEW DOMAIN: https://police.muksudpur.gopalganj.gov.bd
==================================================
[+] Domain exhausted. Finishing up: https://police.muksudpur.gopalganj.gov.bd
==================================================
[*] STARTING NEW DOMAIN: https://fsmf.khulna.gov.bd
==================================================
[+] Domain exhausted. Finishing up: https://fsmf.khulna.gov.bd
==================================================
[*] STARTING NEW DOMAIN: https://madnasecondaryschool.jessoreboard.gov.bd
==================================================
[+] Domain exhausted. Finishing up: https://madnasecondaryschool.jessoreboard.gov.bd
==================================================
[*] STARTING NEW DOMAIN: https://pio.kashiani.gopalganj.gov.bd
==================================================
[+] Domain exhausted. Finishing up: https://pio.kashiani.gopalganj.gov.bd
==================================================
[*] STARTING NEW DOMAIN: https://forest.bochaganj.dinajpur.gov.bd
==================================================
[+] Domain exhausted. Finishing up: https://forest.bochaganj.dinajpur.gov.bd
==================================================
[*] STARTING NEW DOMAIN: https://kayetparaup.narayanganj.gov.bd
==================================================
[+] Domain exhausted. Finishing up: https://kayetparaup.narayanganj.gov.bd
==================================================
[*] STARTING NEW DOMAIN: https://panchuriaup.faridpur.gov.bd
==================================================
[+] Domain exhausted. Finishing up: https://panchuriaup.faridpur.gov.bd
==================================================
[*] STARTING NEW DOMAIN: https://fireservice.nagarkanda.faridpur.gov.bd
==================================================
[+] Domain exhausted. Finishing up: https://fireservice.nagarkanda.faridpur.gov.bd
==================================================
[*] STARTING NEW DOMAIN: https://harincharaup.nilphamari.gov.bd
==================================================
[+] Domain exhausted. Finishing up: https://harincharaup.nilphamari.gov.bd
==================================================
[*] STARTING NEW DOMAIN: https://lged.bheramara.kushtia.gov.bd
==================================================
[+] Domain exhausted. Finishing up: https://lged.bheramara.kushtia.gov.bd
==================================================
[*] STARTING NEW DOMAIN: https://sonatuniaakjuniorgirlshighschool.jessoreboard.gov.bd
==================================================
[+] Domain exhausted. Finishing up: https://sonatuniaakjuniorgirlshighschool.jessoreboard.gov.bd
==================================================
[*] STARTING NEW DOMAIN: https://uitrce.shibganj.chapainawabganj.gov.bd
==================================================
[+] Domain exhausted. Finishing up: https://uitrce.shibganj.chapainawabganj.gov.bd
==================================================
[*] STARTING NEW DOMAIN: http://dao.bokshiganj.jamalpur.gov.bd
==================================================
[+] Domain exhausted. Finishing up: http://dao.bokshiganj.jamalpur.gov.bd
==================================================
[*] STARTING NEW DOMAIN: http://ailcharacollege.jessoreboard.gov.bd
==================================================
[+] Domain exhausted. Finishing up: http://ailcharacollege.jessoreboard.gov.bd
==================================================
[*] STARTING NEW DOMAIN: https://youth.chirirbandar.dinajpur.gov.bd
==================================================
[+] Domain exhausted. Finishing up: https://youth.chirirbandar.dinajpur.gov.bd
==================================================
[*] STARTING NEW DOMAIN: https://urc.raigonj.sirajganj.gov.bd
==================================================
[+] Domain exhausted. Finishing up: https://urc.raigonj.sirajganj.gov.bd
==================================================
[*] STARTING NEW DOMAIN: https://urc.niamatpur.naogaon.gov.bd
==================================================
[+] Domain exhausted. Finishing up: https://urc.niamatpur.naogaon.gov.bd
==================================================
[*] STARTING NEW DOMAIN: http://crelic-lged.gov.bd
==================================================
[+] Domain exhausted. Finishing up: http://crelic-lged.gov.bd
==================================================
[*] STARTING NEW DOMAIN: https://youth.bahubal.habiganj.gov.bd
==================================================
[+] Domain exhausted. Finishing up: https://youth.bahubal.habiganj.gov.bd
==================================================
[*] STARTING NEW DOMAIN: https://youth.rajasthali.rangamati.gov.bd
==================================================
[+] Domain exhausted. Finishing up: https://youth.rajasthali.rangamati.gov.bd
==================================================
[*] STARTING NEW DOMAIN: https://tongkabotyup.bandarban.gov.bd
==================================================
[+] Domain exhausted. Finishing up: https://tongkabotyup.bandarban.gov.bd
==================================================
[*] STARTING NEW DOMAIN: https://smrc.khulna.gov.bd
==================================================
[+] Domain exhausted. Finishing up: https://smrc.khulna.gov.bd
==================================================
[*] STARTING NEW DOMAIN: https://sr.madhupur.tangail.gov.bd
==================================================
[+] Domain exhausted. Finishing up: https://sr.madhupur.tangail.gov.bd
==================================================
[*] STARTING NEW DOMAIN: https://rpcl.portal.gov.bd
==================================================
[+] Domain exhausted. Finishing up: https://rpcl.portal.gov.bd
==================================================
[*] STARTING NEW DOMAIN: https://suhasinisecondaryschool.jessoreboard.gov.bd
==================================================
[+] Domain exhausted. Finishing up: https://suhasinisecondaryschool.jessoreboard.gov.bd
==================================================
[*] STARTING NEW DOMAIN: https://udd.coxsbazar.gov.bd
==================================================
[+] Domain exhausted. Finishing up: https://udd.coxsbazar.gov.bd
==================================================
[*] STARTING NEW DOMAIN: https://uitrce.bagmara.rajshahi.gov.bd
==================================================
[+] Domain exhausted. Finishing up: https://uitrce.bagmara.rajshahi.gov.bd
==================================================
[*] STARTING NEW DOMAIN: https://sr.gurudaspur.natore.gov.bd
==================================================
[+] Domain exhausted. Finishing up: https://sr.gurudaspur.natore.gov.bd
==================================================
[*] STARTING NEW DOMAIN: https://totthoapa.kurigramsadar.kurigram.gov.bd
==================================================
[+] Domain exhausted. Finishing up: https://totthoapa.kurigramsadar.kurigram.gov.bd
==================================================
[*] STARTING NEW DOMAIN: https://sr.dumuria.khulna.gov.bd
==================================================
[+] Domain exhausted. Finishing up: https://sr.dumuria.khulna.gov.bd
==================================================
[*] STARTING NEW DOMAIN: https://suwalokup.bandarban.gov.bd
==================================================
[+] Domain exhausted. Finishing up: https://suwalokup.bandarban.gov.bd
==================================================
[*] STARTING NEW DOMAIN: https://savings.bhola.gov.bd
==================================================
[+] Domain exhausted. Finishing up: https://savings.bhola.gov.bd
==================================================
[*] STARTING NEW DOMAIN: https://soamol.munshiganj.gov.bd
==================================================
[+] Domain exhausted. Finishing up: https://soamol.munshiganj.gov.bd
==================================================
[*] STARTING NEW DOMAIN: https://sr.nandail.mymensingh.gov.bd
==================================================
[+] Domain exhausted. Finishing up: https://sr.nandail.mymensingh.gov.bd
==================================================
[*] STARTING NEW DOMAIN: https://tsc.madaripur.gov.bd
==================================================
[+] Domain exhausted. Finishing up: https://tsc.madaripur.gov.bd
==================================================
[*] STARTING NEW DOMAIN: https://uitrce.charghat.rajshahi.gov.bd
==================================================
[+] Domain exhausted. Finishing up: https://uitrce.charghat.rajshahi.gov.bd
==================================================
[*] STARTING NEW DOMAIN: https://totthoapa.banshkhali.chittagong.gov.bd
==================================================
[+] Domain exhausted. Finishing up: https://totthoapa.banshkhali.chittagong.gov.bd
==================================================
[*] STARTING NEW DOMAIN: http://dpe.rangabali.patuakhali.gov.bd
==================================================
[+] Domain exhausted. Finishing up: http://dpe.rangabali.patuakhali.gov.bd
==================================================
[*] STARTING NEW DOMAIN: https://rtccharghat.niport.gov.bd
==================================================
[+] Domain exhausted. Finishing up: https://rtccharghat.niport.gov.bd
==================================================
[*] STARTING NEW DOMAIN: https://roypurup.jessore.gov.bd
==================================================
[+] Domain exhausted. Finishing up: https://roypurup.jessore.gov.bd
==================================================
[*] STARTING NEW DOMAIN: https://publicdivision.portal.gov.bd
==================================================
[+] Domain exhausted. Finishing up: https://publicdivision.portal.gov.bd
==================================================
[*] STARTING NEW DOMAIN: https://modonpurup.netrokona.gov.bd
==================================================
[+] Domain exhausted. Finishing up: https://modonpurup.netrokona.gov.bd
==================================================
[*] STARTING NEW DOMAIN: https://nagbariup.tangail.gov.bd
==================================================
[+] Domain exhausted. Finishing up: https://nagbariup.tangail.gov.bd
==================================================
[*] STARTING NEW DOMAIN: https://rti.rangpur.gov.bd
==================================================
[+] Domain exhausted. Finishing up: https://rti.rangpur.gov.bd
==================================================
[*] STARTING NEW DOMAIN: https://niamotiup.barisal.gov.bd
==================================================
[+] Domain exhausted. Finishing up: https://niamotiup.barisal.gov.bd
==================================================
[*] STARTING NEW DOMAIN: https://boliardiup.kishoreganj.gov.bd
==================================================
[+] Domain exhausted. Finishing up: https://boliardiup.kishoreganj.gov.bd
==================================================
[*] STARTING NEW DOMAIN: https://dao.dhanbari.tangail.gov.bd
==================================================
[+] Domain exhausted. Finishing up: https://dao.dhanbari.tangail.gov.bd
==================================================
[*] STARTING NEW DOMAIN: https://dao.dharmapasha.sunamganj.gov.bd
==================================================
[+] Domain exhausted. Finishing up: https://dao.dharmapasha.sunamganj.gov.bd
==================================================
[*] STARTING NEW DOMAIN: https://lgedreg.madaripur.gov.bd
==================================================
[+] Domain exhausted. Finishing up: https://lgedreg.madaripur.gov.bd
==================================================
[*] STARTING NEW DOMAIN: https://seo.bagha.rajshahi.gov.bd
==================================================
[+] Domain exhausted. Finishing up: https://seo.bagha.rajshahi.gov.bd
==================================================
[*] STARTING NEW DOMAIN: https://dphe.debidwar.comilla.gov.bd
==================================================
[+] Domain exhausted. Finishing up: https://dphe.debidwar.comilla.gov.bd
==================================================
[*] STARTING NEW DOMAIN: https://sfdf.chilmari.kurigram.gov.bd
==================================================
[+] Domain exhausted. Finishing up: https://sfdf.chilmari.kurigram.gov.bd
==================================================
[*] STARTING NEW DOMAIN: https://acl.matlabnorth.chandpur.gov.bd
==================================================
[+] Domain exhausted. Finishing up: https://acl.matlabnorth.chandpur.gov.bd
==================================================
[*] STARTING NEW DOMAIN: https://brdb.gowainghat.sylhet.gov.bd
==================================================
[+] Domain exhausted. Finishing up: https://brdb.gowainghat.sylhet.gov.bd
==================================================
[*] STARTING NEW DOMAIN: https://sharatalasecondaryschool.jessoreboard.gov.bd
==================================================
[+] Domain exhausted. Finishing up: https://sharatalasecondaryschool.jessoreboard.gov.bd
==================================================
[*] STARTING NEW DOMAIN: https://acl.araihazar.narayanganj.gov.bd
==================================================
[+] Domain exhausted. Finishing up: https://acl.araihazar.narayanganj.gov.bd
==================================================
[*] STARTING NEW DOMAIN: https://narayanpurbaharamuddinsecondaryschool.jessoreboard.gov.bd
==================================================
[+] Domain exhausted. Finishing up: https://narayanpurbaharamuddinsecondaryschool.jessoreboard.gov.bd
==================================================
[*] STARTING NEW DOMAIN: https://dae.kashiani.gopalganj.gov.bd
==================================================
[+] Domain exhausted. Finishing up: https://dae.kashiani.gopalganj.gov.bd
==================================================
[*] STARTING NEW DOMAIN: https://deb109455.dhakaeducationboard.gov.bd
==================================================
[+] Domain exhausted. Finishing up: https://deb109455.dhakaeducationboard.gov.bd
==================================================
[*] STARTING NEW DOMAIN: https://eed.manikganj.gov.bd
==================================================
[+] Domain exhausted. Finishing up: https://eed.manikganj.gov.bd
==================================================
[*] STARTING NEW DOMAIN: https://seo.boalkhali.chittagong.gov.bd
==================================================
[+] Domain exhausted. Finishing up: https://seo.boalkhali.chittagong.gov.bd
==================================================
[*] STARTING NEW DOMAIN: https://ashannagarsecondaryschool.jessoreboard.gov.bd
==================================================
[+] Domain exhausted. Finishing up: https://ashannagarsecondaryschool.jessoreboard.gov.bd
==================================================
[*] STARTING NEW DOMAIN: https://bongramsecondaryschool.jessoreboard.gov.bd
==================================================
[+] Domain exhausted. Finishing up: https://bongramsecondaryschool.jessoreboard.gov.bd
==================================================
[*] STARTING NEW DOMAIN: https://deb112309.dhakaeducationboard.gov.bd
==================================================
[+] Domain exhausted. Finishing up: https://deb112309.dhakaeducationboard.gov.bd
==================================================
[*] STARTING NEW DOMAIN: https://6nomoinomup.naogaon.gov.bd
==================================================
[+] Domain exhausted. Finishing up: https://6nomoinomup.naogaon.gov.bd
==================================================
[*] STARTING NEW DOMAIN: https://brdb.dharmapasha.sunamganj.gov.bd
==================================================
[+] Domain exhausted. Finishing up: https://brdb.dharmapasha.sunamganj.gov.bd
==================================================
[*] STARTING NEW DOMAIN: https://acl.delduar.tangail.gov.bd
==================================================
[+] Domain exhausted. Finishing up: https://acl.delduar.tangail.gov.bd
==================================================
[*] STARTING NEW DOMAIN: https://seo.kachua.chandpur.gov.bd
==================================================
[+] Domain exhausted. Finishing up: https://seo.kachua.chandpur.gov.bd
==================================================
[*] STARTING NEW DOMAIN: https://eo.nasirnagar.brahmanbaria.gov.bd
==================================================
[+] Domain exhausted. Finishing up: https://eo.nasirnagar.brahmanbaria.gov.bd
==================================================
[*] STARTING NEW DOMAIN: https://deb109557.dhakaeducationboard.gov.bd
==================================================
[+] Domain exhausted. Finishing up: https://deb109557.dhakaeducationboard.gov.bd
==================================================
[*] STARTING NEW DOMAIN: https://sca.chittagong.gov.bd
==================================================
[+] Domain exhausted. Finishing up: https://sca.chittagong.gov.bd
==================================================
[*] STARTING NEW DOMAIN: https://barabazarup.jhenaidah.gov.bd
==================================================
[+] Domain exhausted. Finishing up: https://barabazarup.jhenaidah.gov.bd
==================================================
[*] STARTING NEW DOMAIN: https://forest.comillasadar.comilla.gov.bd
==================================================
[+] Domain exhausted. Finishing up: https://forest.comillasadar.comilla.gov.bd
==================================================
[*] STARTING NEW DOMAIN: https://deb137326.dhakaeducationboard.gov.bd
==================================================
[+] Domain exhausted. Finishing up: https://deb137326.dhakaeducationboard.gov.bd
==================================================
[*] STARTING NEW DOMAIN: https://shilpakala.mymensingh.gov.bd
==================================================
[+] Domain exhausted. Finishing up: https://shilpakala.mymensingh.gov.bd
==================================================
[*] STARTING NEW DOMAIN: https://bncollege.jessoreboard.gov.bd
==================================================
[+] Domain exhausted. Finishing up: https://bncollege.jessoreboard.gov.bd
==================================================
[*] STARTING NEW DOMAIN: https://health.chilmari.kurigram.gov.bd
==================================================
[+] Domain exhausted. Finishing up: https://health.chilmari.kurigram.gov.bd
==================================================
[*] STARTING NEW DOMAIN: https://chandpurhighschool.jessoreboard.gov.bd
==================================================
[+] Domain exhausted. Finishing up: https://chandpurhighschool.jessoreboard.gov.bd
==================================================
[*] STARTING NEW DOMAIN: https://fisheries.kendua.netrokona.gov.bd
==================================================
[+] Domain exhausted. Finishing up: https://fisheries.kendua.netrokona.gov.bd
==================================================
[*] STARTING NEW DOMAIN: https://pbs.sunamganj.gov.bd
==================================================
[+] Domain exhausted. Finishing up: https://pbs.sunamganj.gov.bd
==================================================
[*] STARTING NEW DOMAIN: https://brta.naogaon.gov.bd
==================================================
[+] Domain exhausted. Finishing up: https://brta.naogaon.gov.bd
==================================================
[*] STARTING NEW DOMAIN: https://bfdc.rangamati.gov.bd
==================================================
[+] Domain exhausted. Finishing up: https://bfdc.rangamati.gov.bd
==================================================
[*] STARTING NEW DOMAIN: https://acl.bakerganj.barisal.gov.bd
==================================================
[+] Domain exhausted. Finishing up: https://acl.bakerganj.barisal.gov.bd
==================================================
[*] STARTING NEW DOMAIN: https://ansarvdp.rupganj.narayanganj.gov.bd
==================================================
[+] Domain exhausted. Finishing up: https://ansarvdp.rupganj.narayanganj.gov.bd
==================================================
[*] STARTING NEW DOMAIN: https://56nobhuruliagovtprimaryschool.jessoreboard.gov.bd
==================================================
[+] Domain exhausted. Finishing up: https://56nobhuruliagovtprimaryschool.jessoreboard.gov.bd
==================================================
[*] STARTING NEW DOMAIN: https://bakerganj.barisal.gov.bd
==================================================
[+] Domain exhausted. Finishing up: https://bakerganj.barisal.gov.bd
==================================================
[*] STARTING NEW DOMAIN: https://shatiajuriup.habiganj.gov.bd
==================================================
[+] Domain exhausted. Finishing up: https://shatiajuriup.habiganj.gov.bd
==================================================
[*] STARTING NEW DOMAIN: https://seo.kishoreganjsadar.kishoreganj.gov.bd
==================================================
[+] Domain exhausted. Finishing up: https://seo.kishoreganjsadar.kishoreganj.gov.bd
==================================================
[*] STARTING NEW DOMAIN: https://doict.bhaluka.mymensingh.gov.bd
==================================================
[+] Domain exhausted. Finishing up: https://doict.bhaluka.mymensingh.gov.bd
==================================================
[*] STARTING NEW DOMAIN: https://aclsadar.chittagong.gov.bd
==================================================
[+] Domain exhausted. Finishing up: https://aclsadar.chittagong.gov.bd
==================================================
[*] STARTING NEW DOMAIN: http://pdbf.chougachha.jessore.gov.bd
==================================================
[+] Domain exhausted. Finishing up: http://pdbf.chougachha.jessore.gov.bd
==================================================
[*] STARTING NEW DOMAIN: https://ec.feni.gov.bd
==================================================
[+] Domain exhausted. Finishing up: https://ec.feni.gov.bd
==================================================
[*] STARTING NEW DOMAIN: https://baintalakashipursecondaryschool.jessoreboard.gov.bd
==================================================
[+] Domain exhausted. Finishing up: https://baintalakashipursecondaryschool.jessoreboard.gov.bd
==================================================
[*] STARTING NEW DOMAIN: https://badc.parbatipur.dinajpur.gov.bd
==================================================
[+] Domain exhausted. Finishing up: https://badc.parbatipur.dinajpur.gov.bd
==================================================
[*] STARTING NEW DOMAIN: https://seo.rangabali.patuakhali.gov.bd
==================================================
[+] Domain exhausted. Finishing up: https://seo.rangabali.patuakhali.gov.bd
==================================================
[*] STARTING NEW DOMAIN: https://sfdf.madhukhali.faridpur.gov.bd
==================================================
[+] Domain exhausted. Finishing up: https://sfdf.madhukhali.faridpur.gov.bd
==================================================
[*] STARTING NEW DOMAIN: https://deb136822.dhakaeducationboard.gov.bd
==================================================
[+] Domain exhausted. Finishing up: https://deb136822.dhakaeducationboard.gov.bd
==================================================
[*] STARTING NEW DOMAIN: https://deb114029.dhakaeducationboard.gov.bd
==================================================
[+] Domain exhausted. Finishing up: https://deb114029.dhakaeducationboard.gov.bd
==================================================
[*] STARTING NEW DOMAIN: https://deb109342.dhakaeducationboard.gov.bd
==================================================
[+] Domain exhausted. Finishing up: https://deb109342.dhakaeducationboard.gov.bd
==================================================
[*] STARTING NEW DOMAIN: https://seo.kuliarchar.kishoreganj.gov.bd
==================================================
[+] Domain exhausted. Finishing up: https://seo.kuliarchar.kishoreganj.gov.bd
==================================================
[*] STARTING NEW DOMAIN: https://deb190165.dhakaeducationboard.gov.bd
==================================================
[+] Domain exhausted. Finishing up: https://deb190165.dhakaeducationboard.gov.bd
==================================================
[*] STARTING NEW DOMAIN: https://acl.tarash.sirajganj.gov.bd
==================================================
[+] Domain exhausted. Finishing up: https://acl.tarash.sirajganj.gov.bd
==================================================
[*] STARTING NEW DOMAIN: https://acl.banaripara.barisal.gov.bd
==================================================
[+] Domain exhausted. Finishing up: https://acl.banaripara.barisal.gov.bd
==================================================
[*] STARTING NEW DOMAIN: https://fireservice.saturia.manikganj.gov.bd
==================================================
[+] Domain exhausted. Finishing up: https://fireservice.saturia.manikganj.gov.bd
==================================================
[*] STARTING NEW DOMAIN: https://dncrp.barisaldiv.gov.bd
==================================================
[+] Domain exhausted. Finishing up: https://dncrp.barisaldiv.gov.bd
==================================================
[*] STARTING NEW DOMAIN: https://health.chauddagram.comilla.gov.bd
==================================================
[+] Domain exhausted. Finishing up: https://health.chauddagram.comilla.gov.bd
==================================================
[*] STARTING NEW DOMAIN: https://dae.narsingdisadar.narsingdi.gov.bd
==================================================
[+] Domain exhausted. Finishing up: https://dae.narsingdisadar.narsingdi.gov.bd
==================================================
[*] STARTING NEW DOMAIN: https://sfdf.mirzaganj.patuakhali.gov.bd
==================================================
[+] Domain exhausted. Finishing up: https://sfdf.mirzaganj.patuakhali.gov.bd
==================================================
[*] STARTING NEW DOMAIN: https://deb138601.dhakaeducationboard.gov.bd
==================================================
[+] Domain exhausted. Finishing up: https://deb138601.dhakaeducationboard.gov.bd
==================================================
[*] STARTING NEW DOMAIN: https://bwdb.coxsbazar.gov.bd
==================================================
[+] Domain exhausted. Finishing up: https://bwdb.coxsbazar.gov.bd
==================================================
[*] STARTING NEW DOMAIN: https://deb110620.dhakaeducationboard.gov.bd
==================================================
[+] Domain exhausted. Finishing up: https://deb110620.dhakaeducationboard.gov.bd
==================================================
[*] STARTING NEW DOMAIN: https://deb109567.dhakaeducationboard.gov.bd
==================================================
[+] Domain exhausted. Finishing up: https://deb109567.dhakaeducationboard.gov.bd
==================================================
[*] STARTING NEW DOMAIN: https://hindutrust.gov.bd
==================================================
[+] Domain exhausted. Finishing up: https://hindutrust.gov.bd
==================================================
[*] STARTING NEW DOMAIN: https://brdb.dakshinsurma.sylhet.gov.bd
==================================================
[+] Domain exhausted. Finishing up: https://brdb.dakshinsurma.sylhet.gov.bd
==================================================
[*] STARTING NEW DOMAIN: https://bscic.satkhira.gov.bd
==================================================
[+] Domain exhausted. Finishing up: https://bscic.satkhira.gov.bd
==================================================
[*] STARTING NEW DOMAIN: https://shimuliasmpksecondaryschool.jessoreboard.gov.bd
==================================================
[+] Domain exhausted. Finishing up: https://shimuliasmpksecondaryschool.jessoreboard.gov.bd
==================================================
[*] STARTING NEW DOMAIN: https://seo.charfesson.bhola.gov.bd
==================================================
[+] Domain exhausted. Finishing up: https://seo.charfesson.bhola.gov.bd
==================================================
[*] STARTING NEW DOMAIN: http://dwa.rajapur.jhalakathi.gov.bd
==================================================
[+] Domain exhausted. Finishing up: http://dwa.rajapur.jhalakathi.gov.bd
==================================================
[*] STARTING NEW DOMAIN: https://dotterbazarup.mymensingh.gov.bd
==================================================
[+] Domain exhausted. Finishing up: https://dotterbazarup.mymensingh.gov.bd
==================================================
[*] STARTING NEW DOMAIN: https://aclagrabad.chittagong.gov.bd
==================================================
[+] Domain exhausted. Finishing up: https://aclagrabad.chittagong.gov.bd
==================================================
[*] STARTING NEW DOMAIN: https://so.galachipa.patuakhali.gov.bd
==================================================
[+] Domain exhausted. Finishing up: https://so.galachipa.patuakhali.gov.bd
==================================================
[*] STARTING NEW DOMAIN: https://1nobarshailup.naogaon.gov.bd
==================================================
[+] Domain exhausted. Finishing up: https://1nobarshailup.naogaon.gov.bd
==================================================
[*] STARTING NEW DOMAIN: https://deb110800.dhakaeducationboard.gov.bd
==================================================
[+] Domain exhausted. Finishing up: https://deb110800.dhakaeducationboard.gov.bd
==================================================
[*] STARTING NEW DOMAIN: https://dao.companiganj.noakhali.gov.bd
==================================================
[+] Domain exhausted. Finishing up: https://dao.companiganj.noakhali.gov.bd
==================================================
[*] STARTING NEW DOMAIN: https://cccl.portal.gov.bd
==================================================
[+] Domain exhausted. Finishing up: https://cccl.portal.gov.bd
==================================================
[*] STARTING NEW DOMAIN: https://seo.katiadi.kishoreganj.gov.bd
==================================================
[+] Domain exhausted. Finishing up: https://seo.katiadi.kishoreganj.gov.bd
==================================================
[*] STARTING NEW DOMAIN: https://bbs.baliadangi.thakurgaon.gov.bd
==================================================
[+] Domain exhausted. Finishing up: https://bbs.baliadangi.thakurgaon.gov.bd
==================================================
[*] STARTING NEW DOMAIN: https://bsmrau.portal.gov.bd
==================================================
[+] Domain exhausted. Finishing up: https://bsmrau.portal.gov.bd
==================================================
[*] STARTING NEW DOMAIN: https://gohalaup.gopalganj.gov.bd
==================================================
[+] Domain exhausted. Finishing up: https://gohalaup.gopalganj.gov.bd
==================================================
[*] STARTING NEW DOMAIN: https://seo.chauddagram.comilla.gov.bd
==================================================
[+] Domain exhausted. Finishing up: https://seo.chauddagram.comilla.gov.bd
==================================================
[*] STARTING NEW DOMAIN: https://dhamrailhighschool.jessoreboard.gov.bd
==================================================
[+] Domain exhausted. Finishing up: https://dhamrailhighschool.jessoreboard.gov.bd
==================================================
[*] STARTING NEW DOMAIN: https://asu.madarganj.jamalpur.gov.bd
==================================================
[+] Domain exhausted. Finishing up: https://asu.madarganj.jamalpur.gov.bd
==================================================
[*] STARTING NEW DOMAIN: https://shilpakala.chittagong.gov.bd
==================================================
[+] Domain exhausted. Finishing up: https://shilpakala.chittagong.gov.bd
==================================================
[*] STARTING NEW DOMAIN: https://1nohajinagarup.naogaon.gov.bd
==================================================
[+] Domain exhausted. Finishing up: https://1nohajinagarup.naogaon.gov.bd
==================================================
[*] STARTING NEW DOMAIN: https://cooparative.sreepur.magura.gov.bd
==================================================
[+] Domain exhausted. Finishing up: https://cooparative.sreepur.magura.gov.bd
==================================================
[*] STARTING NEW DOMAIN: https://chuadangacollectorateschoolandcollege.jessoreboard.gov.bd
==================================================
[+] Domain exhausted. Finishing up: https://chuadangacollectorateschoolandcollege.jessoreboard.gov.bd
==================================================
[*] STARTING NEW DOMAIN: https://cooperative.debiganj.panchagarh.gov.bd
==================================================
[+] Domain exhausted. Finishing up: https://cooperative.debiganj.panchagarh.gov.bd
==================================================
[*] STARTING NEW DOMAIN: https://cocc.gov.bd
==================================================
[+] Domain exhausted. Finishing up: https://cocc.gov.bd
==================================================
[*] STARTING NEW DOMAIN: http://pbs.rajapur.jhalakathi.gov.bd
==================================================
[+] Domain exhausted. Finishing up: http://pbs.rajapur.jhalakathi.gov.bd
==================================================
[*] STARTING NEW DOMAIN: https://cooparative.brahmanbaria.gov.bd
==================================================
[+] Domain exhausted. Finishing up: https://cooparative.brahmanbaria.gov.bd
==================================================
[*] STARTING NEW DOMAIN: https://cooparative.bhairab.kishoreganj.gov.bd
==================================================
[+] Domain exhausted. Finishing up: https://cooparative.bhairab.kishoreganj.gov.bd
==================================================
[*] STARTING NEW DOMAIN: https://deb111687.dhakaeducationboard.gov.bd
==================================================
[+] Domain exhausted. Finishing up: https://deb111687.dhakaeducationboard.gov.bd
==================================================
[*] STARTING NEW DOMAIN: https://cooperative.fulgazi.feni.gov.bd
==================================================
[+] Domain exhausted. Finishing up: https://cooperative.fulgazi.feni.gov.bd
==================================================
[*] STARTING NEW DOMAIN: https://dae.rajshahi.gov.bd
==================================================
[+] Domain exhausted. Finishing up: https://dae.rajshahi.gov.bd
==================================================
[*] STARTING NEW DOMAIN: https://cs.bandarban.gov.bd
==================================================
[+] Domain exhausted. Finishing up: https://cs.bandarban.gov.bd
==================================================
[*] STARTING NEW DOMAIN: https://deb109889.dhakaeducationboard.gov.bd
==================================================
[+] Domain exhausted. Finishing up: https://deb109889.dhakaeducationboard.gov.bd
==================================================
[*] STARTING NEW DOMAIN: https://dae-bogreg.rajshahidiv.gov.bd
==================================================
[+] Domain exhausted. Finishing up: https://dae-bogreg.rajshahidiv.gov.bd
==================================================
[*] STARTING NEW DOMAIN: https://css.mymensingh.gov.bd
==================================================
[+] Domain exhausted. Finishing up: https://css.mymensingh.gov.bd
==================================================
[*] STARTING NEW DOMAIN: https://ansarvdp.chapainawabganj.gov.bd
==================================================
[+] Domain exhausted. Finishing up: https://ansarvdp.chapainawabganj.gov.bd
==================================================
[*] STARTING NEW DOMAIN: https://cooparative-fenchuganj-sylhet-d.nothi.gov.bd
==================================================
[+] Domain exhausted. Finishing up: https://cooparative-fenchuganj-sylhet-d.nothi.gov.bd
==================================================
[*] STARTING NEW DOMAIN: https://crg.bfidc.gov.bd
==================================================
[+] Domain exhausted. Finishing up: https://crg.bfidc.gov.bd
==================================================
[*] STARTING NEW DOMAIN: https://atlas.portal.gov.bd
==================================================
[+] Domain exhausted. Finishing up: https://atlas.portal.gov.bd
==================================================
[*] STARTING NEW DOMAIN: https://ec.comilla.gov.bd
==================================================
[+] Domain exhausted. Finishing up: https://ec.comilla.gov.bd
==================================================
[*] STARTING NEW DOMAIN: https://dae.fulbari.dinajpur.gov.bd
==================================================
[+] Domain exhausted. Finishing up: https://dae.fulbari.dinajpur.gov.bd
==================================================
[*] STARTING NEW DOMAIN: https://cooperative.dinajpursadar.dinajpur.gov.bd
==================================================
[+] Domain exhausted. Finishing up: https://cooperative.dinajpursadar.dinajpur.gov.bd
==================================================
[*] STARTING NEW DOMAIN: https://acc.mymensinghdiv.gov.bd
==================================================
[+] Domain exhausted. Finishing up: https://acc.mymensinghdiv.gov.bd
==================================================
[*] STARTING NEW DOMAIN: https://ec.natoresadar.natore.gov.bd
==================================================
[+] Domain exhausted. Finishing up: https://ec.natoresadar.natore.gov.bd
==================================================
[*] STARTING NEW DOMAIN: https://coop.trishal.mymensingh.gov.bd
==================================================
[+] Domain exhausted. Finishing up: https://coop.trishal.mymensingh.gov.bd
==================================================
[*] STARTING NEW DOMAIN: https://scouts.portal.gov.bd
==================================================
[+] Domain exhausted. Finishing up: https://scouts.portal.gov.bd
==================================================
[*] STARTING NEW DOMAIN: https://deb110408.dhakaeducationboard.gov.bd
==================================================
[+] Domain exhausted. Finishing up: https://deb110408.dhakaeducationboard.gov.bd
==================================================
[*] STARTING NEW DOMAIN: https://cdb.bheramara.kushtia.gov.bd
==================================================
[+] Domain exhausted. Finishing up: https://cdb.bheramara.kushtia.gov.bd
==================================================
[*] STARTING NEW DOMAIN: https://shahazuddinhighschool.jessoreboard.gov.bd
==================================================
[+] Domain exhausted. Finishing up: https://shahazuddinhighschool.jessoreboard.gov.bd
==================================================
[*] STARTING NEW DOMAIN: https://dae.fultola.khulna.gov.bd
==================================================
[+] Domain exhausted. Finishing up: https://dae.fultola.khulna.gov.bd
==================================================
[*] STARTING NEW DOMAIN: https://dwa.nageshwari.kurigram.gov.bd
==================================================
[+] Domain exhausted. Finishing up: https://dwa.nageshwari.kurigram.gov.bd
==================================================
[*] STARTING NEW DOMAIN: https://police.pakundia.kishoreganj.gov.bd
==================================================
[+] Domain exhausted. Finishing up: https://police.pakundia.kishoreganj.gov.bd
==================================================
[*] STARTING NEW DOMAIN: https://cooperative.monohardi.narsingdi.gov.bd
==================================================
[+] Domain exhausted. Finishing up: https://cooperative.monohardi.narsingdi.gov.bd
==================================================
[*] STARTING NEW DOMAIN: https://deb111117.dhakaeducationboard.gov.bd
==================================================
[+] Domain exhausted. Finishing up: https://deb111117.dhakaeducationboard.gov.bd
==================================================
[*] STARTING NEW DOMAIN: https://cooparative.bhuapur.tangail.gov.bd
==================================================
[+] Domain exhausted. Finishing up: https://cooparative.bhuapur.tangail.gov.bd
==================================================
[*] STARTING NEW DOMAIN: https://cooparative.mirzaganj.patuakhali.gov.bd
==================================================
[+] Domain exhausted. Finishing up: https://cooparative.mirzaganj.patuakhali.gov.bd
==================================================
[*] STARTING NEW DOMAIN: https://deb109731.dhakaeducationboard.gov.bd
==================================================
[+] Domain exhausted. Finishing up: https://deb109731.dhakaeducationboard.gov.bd
==================================================
[*] STARTING NEW DOMAIN: https://altafhossainmohilacollege.jessoreboard.gov.bd
==================================================
[+] Domain exhausted. Finishing up: https://altafhossainmohilacollege.jessoreboard.gov.bd
==================================================
[*] STARTING NEW DOMAIN: https://sca.natore.gov.bd
==================================================
[+] Domain exhausted. Finishing up: https://sca.natore.gov.bd
==================================================
[*] STARTING NEW DOMAIN: https://ebek.baliakandi.rajbari.gov.bd
==================================================
[+] Domain exhausted. Finishing up: https://ebek.baliakandi.rajbari.gov.bd
==================================================
[*] STARTING NEW DOMAIN: https://cooparative.digholia.khulna.gov.bd
==================================================
[+] Domain exhausted. Finishing up: https://cooparative.digholia.khulna.gov.bd
==================================================
[*] STARTING NEW DOMAIN: https://dae.sadar.manikganj.gov.bd
==================================================
[+] Domain exhausted. Finishing up: https://dae.sadar.manikganj.gov.bd
==================================================
[*] STARTING NEW DOMAIN: https://crc.kurigram.gov.bd
==================================================
[+] Domain exhausted. Finishing up: https://crc.kurigram.gov.bd
==================================================
[*] STARTING NEW DOMAIN: https://dgda.faridpur.gov.bd
==================================================
[+] Domain exhausted. Finishing up: https://dgda.faridpur.gov.bd
==================================================
[*] STARTING NEW DOMAIN: https://ebek.gabtali.bogra.gov.bd
==================================================
[+] Domain exhausted. Finishing up: https://ebek.gabtali.bogra.gov.bd
==================================================
[*] STARTING NEW DOMAIN: https://deb110563.dhakaeducationboard.gov.bd
==================================================
[+] Domain exhausted. Finishing up: https://deb110563.dhakaeducationboard.gov.bd
==================================================
[*] STARTING NEW DOMAIN: https://bashabatirahmaniasecondaryschool.jessoreboard.gov.bd
==================================================
[+] Domain exhausted. Finishing up: https://bashabatirahmaniasecondaryschool.jessoreboard.gov.bd
==================================================
[*] STARTING NEW DOMAIN: https://deb109870.dhakaeducationboard.gov.bd
==================================================
[+] Domain exhausted. Finishing up: https://deb109870.dhakaeducationboard.gov.bd
==================================================
[*] STARTING NEW DOMAIN: https://dae.khaliajuri.netrokona.gov.bd
==================================================
[+] Domain exhausted. Finishing up: https://dae.khaliajuri.netrokona.gov.bd
==================================================
[*] STARTING NEW DOMAIN: https://acl.kanaighat.sylhet.gov.bd
==================================================
[+] Domain exhausted. Finishing up: https://acl.kanaighat.sylhet.gov.bd
==================================================
[*] STARTING NEW DOMAIN: https://deb110259.dhakaeducationboard.gov.bd
==================================================
[+] Domain exhausted. Finishing up: https://deb110259.dhakaeducationboard.gov.bd
==================================================
[*] STARTING NEW DOMAIN: https://bbs.sadar.brahmanbaria.gov.bd
==================================================
[+] Domain exhausted. Finishing up: https://bbs.sadar.brahmanbaria.gov.bd
==================================================
[*] STARTING NEW DOMAIN: https://shahidsmritysecondarygirlsschool.jessoreboard.gov.bd
==================================================
[+] Domain exhausted. Finishing up: https://shahidsmritysecondarygirlsschool.jessoreboard.gov.bd
==================================================
[*] STARTING NEW DOMAIN: https://deb109441.dhakaeducationboard.gov.bd
==================================================
[+] Domain exhausted. Finishing up: https://deb109441.dhakaeducationboard.gov.bd
==================================================
[*] STARTING NEW DOMAIN: https://deb110934.dhakaeducationboard.gov.bd
==================================================
[+] Domain exhausted. Finishing up: https://deb110934.dhakaeducationboard.gov.bd
==================================================
[*] STARTING NEW DOMAIN: https://seo.faridgonj.chandpur.gov.bd
==================================================
[+] Domain exhausted. Finishing up: https://seo.faridgonj.chandpur.gov.bd
==================================================
[*] STARTING NEW DOMAIN: https://deb109813.dhakaeducationboard.gov.bd
==================================================
[+] Domain exhausted. Finishing up: https://deb109813.dhakaeducationboard.gov.bd
==================================================
[*] STARTING NEW DOMAIN: https://cxbrcancersurveillance.mohfw.gov.bd
==================================================
[+] Domain exhausted. Finishing up: https://cxbrcancersurveillance.mohfw.gov.bd
==================================================
[*] STARTING NEW DOMAIN: https://btcl.madaripur.gov.bd
==================================================
[+] Domain exhausted. Finishing up: https://btcl.madaripur.gov.bd
==================================================
[*] STARTING NEW DOMAIN: https://ec.chakaria.coxsbazar.gov.bd
==================================================
[+] Domain exhausted. Finishing up: https://ec.chakaria.coxsbazar.gov.bd
==================================================
[*] STARTING NEW DOMAIN: https://deb109517.dhakaeducationboard.gov.bd
==================================================
[+] Domain exhausted. Finishing up: https://deb109517.dhakaeducationboard.gov.bd
==================================================
[*] STARTING NEW DOMAIN: https://effhsc.comillaboard.gov.bd
==================================================
[+] Domain exhausted. Finishing up: https://effhsc.comillaboard.gov.bd
==================================================
[*] STARTING NEW DOMAIN: https://ebek.kuliarchar.kishoreganj.gov.bd
==================================================
[+] Domain exhausted. Finishing up: https://ebek.kuliarchar.kishoreganj.gov.bd
==================================================
[*] STARTING NEW DOMAIN: https://deb109542.dhakaeducationboard.gov.bd
==================================================
[+] Domain exhausted. Finishing up: https://deb109542.dhakaeducationboard.gov.bd
==================================================
[*] STARTING NEW DOMAIN: https://seo.bhandaria.pirojpur.gov.bd
==================================================
[+] Domain exhausted. Finishing up: https://seo.bhandaria.pirojpur.gov.bd
==================================================
[*] STARTING NEW DOMAIN: https://ec.mirzaganj.patuakhali.gov.bd
==================================================
[+] Domain exhausted. Finishing up: https://ec.mirzaganj.patuakhali.gov.bd
==================================================
[*] STARTING NEW DOMAIN: https://ecps.gov.bd
==================================================
[+] Domain exhausted. Finishing up: https://ecps.gov.bd
==================================================
[*] STARTING NEW DOMAIN: https://dae.paikgasa.khulna.gov.bd
==================================================
[+] Domain exhausted. Finishing up: https://dae.paikgasa.khulna.gov.bd
==================================================
[*] STARTING NEW DOMAIN: https://ansarvdp.godagari.rajshahi.gov.bd
==================================================
[+] Domain exhausted. Finishing up: https://ansarvdp.godagari.rajshahi.gov.bd
==================================================
[*] STARTING NEW DOMAIN: https://ebek.chauddagram.comilla.gov.bd
==================================================
[+] Domain exhausted. Finishing up: https://ebek.chauddagram.comilla.gov.bd
==================================================
[*] STARTING NEW DOMAIN: https://bhatoisecondaryschool.jessoreboard.gov.bd
==================================================
[+] Domain exhausted. Finishing up: https://bhatoisecondaryschool.jessoreboard.gov.bd
==================================================
[*] STARTING NEW DOMAIN: https://dae.ranisankail.thakurgaon.gov.bd
==================================================
[+] Domain exhausted. Finishing up: https://dae.ranisankail.thakurgaon.gov.bd
==================================================
[*] STARTING NEW DOMAIN: https://ansarvdp.adamdighi.bogra.gov.bd
==================================================
[+] Domain exhausted. Finishing up: https://ansarvdp.adamdighi.bogra.gov.bd
==================================================
[*] STARTING NEW DOMAIN: https://seo.nilphamarisadar.nilphamari.gov.bd
==================================================
[+] Domain exhausted. Finishing up: https://seo.nilphamarisadar.nilphamari.gov.bd
==================================================
[*] STARTING NEW DOMAIN: https://dae.morrelganj.bagerhat.gov.bd
==================================================
[+] Domain exhausted. Finishing up: https://dae.morrelganj.bagerhat.gov.bd
==================================================
[*] STARTING NEW DOMAIN: https://eo.sadar.bandarban.gov.bd
==================================================
[+] Domain exhausted. Finishing up: https://eo.sadar.bandarban.gov.bd
==================================================
[*] STARTING NEW DOMAIN: https://ec.sreemangal.moulvibazar.gov.bd
==================================================
[+] Domain exhausted. Finishing up: https://ec.sreemangal.moulvibazar.gov.bd
==================================================
[*] STARTING NEW DOMAIN: https://dwa.sherpursadar.sherpur.gov.bd
==================================================
[+] Domain exhausted. Finishing up: https://dwa.sherpursadar.sherpur.gov.bd
==================================================
[*] STARTING NEW DOMAIN: https://bauraup.lalmonirhat.gov.bd
==================================================
[+] Domain exhausted. Finishing up: https://bauraup.lalmonirhat.gov.bd
==================================================
[*] STARTING NEW DOMAIN: https://ofrd.kushtia.gov.bd
==================================================
[+] Domain exhausted. Finishing up: https://ofrd.kushtia.gov.bd
==================================================
[*] STARTING NEW DOMAIN: https://daic.mymensingh.gov.bd
==================================================
[+] Domain exhausted. Finishing up: https://daic.mymensingh.gov.bd
==================================================
[*] STARTING NEW DOMAIN: https://deb108398.dhakaeducationboard.gov.bd
==================================================
[+] Domain exhausted. Finishing up: https://deb108398.dhakaeducationboard.gov.bd
==================================================
[*] STARTING NEW DOMAIN: https://darulamanup.shariatpur.gov.bd
==================================================
[+] Domain exhausted. Finishing up: https://darulamanup.shariatpur.gov.bd
==================================================
[*] STARTING NEW DOMAIN: https://deb108910.dhakaeducationboard.gov.bd
==================================================
[+] Domain exhausted. Finishing up: https://deb108910.dhakaeducationboard.gov.bd
==================================================
[*] STARTING NEW DOMAIN: https://dao.gabtali.bogra.gov.bd
==================================================
[+] Domain exhausted. Finishing up: https://dao.gabtali.bogra.gov.bd
==================================================
[*] STARTING NEW DOMAIN: https://bbs.sadar.barguna.gov.bd
==================================================
[+] Domain exhausted. Finishing up: https://bbs.sadar.barguna.gov.bd
==================================================
[*] STARTING NEW DOMAIN: https://deb110225.dhakaeducationboard.gov.bd
==================================================
[+] Domain exhausted. Finishing up: https://deb110225.dhakaeducationboard.gov.bd
==================================================
[*] STARTING NEW DOMAIN: https://dls.bancharampur.brahmanbaria.gov.bd
==================================================
[+] Domain exhausted. Finishing up: https://dls.bancharampur.brahmanbaria.gov.bd
==================================================
[*] STARTING NEW DOMAIN: https://deb108190.dhakaeducationboard.gov.bd
==================================================
[+] Domain exhausted. Finishing up: https://deb108190.dhakaeducationboard.gov.bd
==================================================
[*] STARTING NEW DOMAIN: https://ebek.chunarughat.habiganj.gov.bd
==================================================
[+] Domain exhausted. Finishing up: https://ebek.chunarughat.habiganj.gov.bd
==================================================
[*] STARTING NEW DOMAIN: https://ebek.sirajganjsadar.sirajganj.gov.bd
==================================================
[+] Domain exhausted. Finishing up: https://ebek.sirajganjsadar.sirajganj.gov.bd
==================================================
[*] STARTING NEW DOMAIN: https://bcstaxacademy.gov.bd
==================================================
[+] Domain exhausted. Finishing up: https://bcstaxacademy.gov.bd
==================================================
[*] STARTING NEW DOMAIN: https://deb108724.dhakaeducationboard.gov.bd
==================================================
[+] Domain exhausted. Finishing up: https://deb108724.dhakaeducationboard.gov.bd
==================================================
[*] STARTING NEW DOMAIN: https://dao.chhatak.sunamganj.gov.bd
==================================================
[+] Domain exhausted. Finishing up: https://dao.chhatak.sunamganj.gov.bd
==================================================
[*] STARTING NEW DOMAIN: http://pio.rajapur.jhalakathi.gov.bd
==================================================
[+] Domain exhausted. Finishing up: http://pio.rajapur.jhalakathi.gov.bd
==================================================
[*] STARTING NEW DOMAIN: https://deb111522.dhakaeducationboard.gov.bd
==================================================
[+] Domain exhausted. Finishing up: https://deb111522.dhakaeducationboard.gov.bd
==================================================
[*] STARTING NEW DOMAIN: https://deb109236.dhakaeducationboard.gov.bd
==================================================
[+] Domain exhausted. Finishing up: https://deb109236.dhakaeducationboard.gov.bd
==================================================
[*] STARTING NEW DOMAIN: https://bbs.sadar.lalmonirhat.gov.bd
==================================================
[+] Domain exhausted. Finishing up: https://bbs.sadar.lalmonirhat.gov.bd
==================================================
[*] STARTING NEW DOMAIN: https://deb109048.dhakaeducationboard.gov.bd
==================================================
[+] Domain exhausted. Finishing up: https://deb109048.dhakaeducationboard.gov.bd
==================================================
[*] STARTING NEW DOMAIN: https://deb111247.dhakaeducationboard.gov.bd
==================================================
[+] Domain exhausted. Finishing up: https://deb111247.dhakaeducationboard.gov.bd
==================================================
[*] STARTING NEW DOMAIN: https://deb109030.dhakaeducationboard.gov.bd
==================================================
[+] Domain exhausted. Finishing up: https://deb109030.dhakaeducationboard.gov.bd
==================================================
[*] STARTING NEW DOMAIN: https://dao.melandah.jamalpur.gov.bd
==================================================
[+] Domain exhausted. Finishing up: https://dao.melandah.jamalpur.gov.bd
==================================================
[*] STARTING NEW DOMAIN: https://hospital.nilphamari.gov.bd
==================================================
[+] Domain exhausted. Finishing up: https://hospital.nilphamari.gov.bd
==================================================
[*] STARTING NEW DOMAIN: https://sheikhhelaluddincollege.jessoreboard.gov.bd
==================================================
[+] Domain exhausted. Finishing up: https://sheikhhelaluddincollege.jessoreboard.gov.bd
==================================================
[*] STARTING NEW DOMAIN: https://maguraadarshagirlshighschool.jessoreboard.gov.bd
==================================================
[+] Domain exhausted. Finishing up: https://maguraadarshagirlshighschool.jessoreboard.gov.bd
==================================================
[*] STARTING NEW DOMAIN: https://kaminidangagirlssecondaryschool.jessoreboard.gov.bd
==================================================
[+] Domain exhausted. Finishing up: https://kaminidangagirlssecondaryschool.jessoreboard.gov.bd
==================================================
[*] STARTING NEW DOMAIN: https://dss.sadarsouth.comilla.gov.bd
==================================================
[+] Domain exhausted. Finishing up: https://dss.sadarsouth.comilla.gov.bd
==================================================
[*] STARTING NEW DOMAIN: https://rtcgabua.niport.gov.bd
==================================================
[+] Domain exhausted. Finishing up: https://rtcgabua.niport.gov.bd
==================================================
[*] STARTING NEW DOMAIN: https://deb111402.dhakaeducationboard.gov.bd
==================================================
[+] Domain exhausted. Finishing up: https://deb111402.dhakaeducationboard.gov.bd
==================================================
[*] STARTING NEW DOMAIN: https://dao.dhamoirhat.naogaon.gov.bd
==================================================
[+] Domain exhausted. Finishing up: https://dao.dhamoirhat.naogaon.gov.bd
==================================================
[*] STARTING NEW DOMAIN: http://support.btcl.gov.bd
==================================================
[+] Domain exhausted. Finishing up: http://support.btcl.gov.bd
==================================================
[*] STARTING NEW DOMAIN: https://ansarvdp.jamalpursadar.jamalpur.gov.bd
==================================================
[+] Domain exhausted. Finishing up: https://ansarvdp.jamalpursadar.jamalpur.gov.bd
==================================================
[*] STARTING NEW DOMAIN: https://dao.trishal.mymensingh.gov.bd
==================================================
[+] Domain exhausted. Finishing up: https://dao.trishal.mymensingh.gov.bd
==================================================
[*] STARTING NEW DOMAIN: https://deb108798.dhakaeducationboard.gov.bd
==================================================
[+] Domain exhausted. Finishing up: https://deb108798.dhakaeducationboard.gov.bd
==================================================
[*] STARTING NEW DOMAIN: https://dwa.subarnachar.noakhali.gov.bd
==================================================
[+] Domain exhausted. Finishing up: https://dwa.subarnachar.noakhali.gov.bd
==================================================
[*] STARTING NEW DOMAIN: https://deb108865.dhakaeducationboard.gov.bd
==================================================
[+] Domain exhausted. Finishing up: https://deb108865.dhakaeducationboard.gov.bd
==================================================
[*] STARTING NEW DOMAIN: https://lailaazadcollege.jessoreboard.gov.bd
==================================================
[+] Domain exhausted. Finishing up: https://lailaazadcollege.jessoreboard.gov.bd
==================================================
[*] STARTING NEW DOMAIN: https://deb108329.dhakaeducationboard.gov.bd
==================================================
[+] Domain exhausted. Finishing up: https://deb108329.dhakaeducationboard.gov.bd
==================================================
[*] STARTING NEW DOMAIN: https://deb112083.dhakaeducationboard.gov.bd
==================================================
[+] Domain exhausted. Finishing up: https://deb112083.dhakaeducationboard.gov.bd
==================================================
[*] STARTING NEW DOMAIN: https://deb111288.dhakaeducationboard.gov.bd
==================================================
[+] Domain exhausted. Finishing up: https://deb111288.dhakaeducationboard.gov.bd
==================================================
[*] STARTING NEW DOMAIN: https://deb111302.dhakaeducationboard.gov.bd
==================================================
[+] Domain exhausted. Finishing up: https://deb111302.dhakaeducationboard.gov.bd
==================================================
[*] STARTING NEW DOMAIN: https://ansarvdp.santhia.pabna.gov.bd
==================================================
[+] Domain exhausted. Finishing up: https://ansarvdp.santhia.pabna.gov.bd
==================================================
[*] STARTING NEW DOMAIN: https://ansarvdp.bhedarganj.shariatpur.gov.bd
==================================================
[+] Domain exhausted. Finishing up: https://ansarvdp.bhedarganj.shariatpur.gov.bd
==================================================
[*] STARTING NEW DOMAIN: https://deb110789.dhakaeducationboard.gov.bd
==================================================
[+] Domain exhausted. Finishing up: https://deb110789.dhakaeducationboard.gov.bd
==================================================
[*] STARTING NEW DOMAIN: https://deb108435.dhakaeducationboard.gov.bd
==================================================
[+] Domain exhausted. Finishing up: https://deb108435.dhakaeducationboard.gov.bd
==================================================
[*] STARTING NEW DOMAIN: https://deb112505.dhakaeducationboard.gov.bd
==================================================
[+] Domain exhausted. Finishing up: https://deb112505.dhakaeducationboard.gov.bd
==================================================
[*] STARTING NEW DOMAIN: https://deb108262.dhakaeducationboard.gov.bd
==================================================
[+] Domain exhausted. Finishing up: https://deb108262.dhakaeducationboard.gov.bd
==================================================
[*] STARTING NEW DOMAIN: https://deb108472.dhakaeducationboard.gov.bd
==================================================
[+] Domain exhausted. Finishing up: https://deb108472.dhakaeducationboard.gov.bd
==================================================
[*] STARTING NEW DOMAIN: https://deb111355.dhakaeducationboard.gov.bd
==================================================
[+] Domain exhausted. Finishing up: https://deb111355.dhakaeducationboard.gov.bd
==================================================
[*] STARTING NEW DOMAIN: https://deb112350.dhakaeducationboard.gov.bd
==================================================
[+] Domain exhausted. Finishing up: https://deb112350.dhakaeducationboard.gov.bd
==================================================
[*] STARTING NEW DOMAIN: https://deb111794.dhakaeducationboard.gov.bd
==================================================
[+] Domain exhausted. Finishing up: https://deb111794.dhakaeducationboard.gov.bd
==================================================
[*] STARTING NEW DOMAIN: https://deb108995.dhakaeducationboard.gov.bd
==================================================
[+] Domain exhausted. Finishing up: https://deb108995.dhakaeducationboard.gov.bd
==================================================
[*] STARTING NEW DOMAIN: https://deb112192.dhakaeducationboard.gov.bd
==================================================
[+] Domain exhausted. Finishing up: https://deb112192.dhakaeducationboard.gov.bd
==================================================
[*] STARTING NEW DOMAIN: https://deb111785.dhakaeducationboard.gov.bd
==================================================
[+] Domain exhausted. Finishing up: https://deb111785.dhakaeducationboard.gov.bd
==================================================
[*] STARTING NEW DOMAIN: https://deb107822.dhakaeducationboard.gov.bd
==================================================
[+] Domain exhausted. Finishing up: https://deb107822.dhakaeducationboard.gov.bd
==================================================
[*] STARTING NEW DOMAIN: https://deb112294.dhakaeducationboard.gov.bd
==================================================
[+] Domain exhausted. Finishing up: https://deb112294.dhakaeducationboard.gov.bd
==================================================
[*] STARTING NEW DOMAIN: https://scpsn.jpuf.gov.bd
==================================================
[+] Domain exhausted. Finishing up: https://scpsn.jpuf.gov.bd
==================================================
[*] STARTING NEW DOMAIN: https://dam.burichang.comilla.gov.bd
==================================================
[+] Domain exhausted. Finishing up: https://dam.burichang.comilla.gov.bd
==================================================
[*] STARTING NEW DOMAIN: https://deb109038.dhakaeducationboard.gov.bd
==================================================
[+] Domain exhausted. Finishing up: https://deb109038.dhakaeducationboard.gov.bd
==================================================
[*] STARTING NEW DOMAIN: https://deb111230.dhakaeducationboard.gov.bd
==================================================
[+] Domain exhausted. Finishing up: https://deb111230.dhakaeducationboard.gov.bd
==================================================
[*] STARTING NEW DOMAIN: https://deb110998.dhakaeducationboard.gov.bd
==================================================
[+] Domain exhausted. Finishing up: https://deb110998.dhakaeducationboard.gov.bd
==================================================
[*] STARTING NEW DOMAIN: https://office.etaxnbr.gov.bd
==================================================
[+] Domain exhausted. Finishing up: https://office.etaxnbr.gov.bd
==================================================
[*] STARTING NEW DOMAIN: https://amishaparaup.noakhali.gov.bd
==================================================
[+] Domain exhausted. Finishing up: https://amishaparaup.noakhali.gov.bd
==================================================
[*] STARTING NEW DOMAIN: https://ansarvdp.bhairab.kishoreganj.gov.bd
==================================================
[+] Domain exhausted. Finishing up: https://ansarvdp.bhairab.kishoreganj.gov.bd
==================================================
[*] STARTING NEW DOMAIN: https://deb108711.dhakaeducationboard.gov.bd
==================================================
[+] Domain exhausted. Finishing up: https://deb108711.dhakaeducationboard.gov.bd
==================================================
[*] STARTING NEW DOMAIN: https://deb112211.dhakaeducationboard.gov.bd
==================================================
[+] Domain exhausted. Finishing up: https://deb112211.dhakaeducationboard.gov.bd
==================================================
[*] STARTING NEW DOMAIN: https://bbs.sandwip.chittagong.gov.bd
==================================================
[+] Domain exhausted. Finishing up: https://bbs.sandwip.chittagong.gov.bd
==================================================
[*] STARTING NEW DOMAIN: https://cloud.powergrid.gov.bd
==================================================
[+] Domain exhausted. Finishing up: https://cloud.powergrid.gov.bd
==================================================
[*] STARTING NEW DOMAIN: https://deb111354.dhakaeducationboard.gov.bd
==================================================
[+] Domain exhausted. Finishing up: https://deb111354.dhakaeducationboard.gov.bd
==================================================
[*] STARTING NEW DOMAIN: https://deb112018.dhakaeducationboard.gov.bd
==================================================
[+] Domain exhausted. Finishing up: https://deb112018.dhakaeducationboard.gov.bd
==================================================
[*] STARTING NEW DOMAIN: https://deb111933.dhakaeducationboard.gov.bd
==================================================
[+] Domain exhausted. Finishing up: https://deb111933.dhakaeducationboard.gov.bd
==================================================
[*] STARTING NEW DOMAIN: https://deo.chapainawabganjsadar.chapainawabganj.gov.bd
==================================================
[+] Domain exhausted. Finishing up: https://deo.chapainawabganjsadar.chapainawabganj.gov.bd
==================================================
[*] STARTING NEW DOMAIN: https://deb113007.dhakaeducationboard.gov.bd
==================================================
[+] Domain exhausted. Finishing up: https://deb113007.dhakaeducationboard.gov.bd
==================================================
[*] STARTING NEW DOMAIN: https://deb112574.dhakaeducationboard.gov.bd
==================================================
[+] Domain exhausted. Finishing up: https://deb112574.dhakaeducationboard.gov.bd
==================================================
[*] STARTING NEW DOMAIN: https://amirganjup.narsingdi.gov.bd
==================================================
[+] Domain exhausted. Finishing up: https://amirganjup.narsingdi.gov.bd
==================================================
[*] STARTING NEW DOMAIN: https://deb111271.dhakaeducationboard.gov.bd
==================================================
[+] Domain exhausted. Finishing up: https://deb111271.dhakaeducationboard.gov.bd
==================================================
[*] STARTING NEW DOMAIN: https://ekush.portal.gov.bd
==================================================
[+] Domain exhausted. Finishing up: https://ekush.portal.gov.bd
==================================================
[*] STARTING NEW DOMAIN: https://deb114069.dhakaeducationboard.gov.bd
==================================================
[+] Domain exhausted. Finishing up: https://deb114069.dhakaeducationboard.gov.bd
==================================================
[*] STARTING NEW DOMAIN: https://shekpuraup.dinajpur.gov.bd
==================================================
[+] Domain exhausted. Finishing up: https://shekpuraup.dinajpur.gov.bd
==================================================
[*] STARTING NEW DOMAIN: https://acl.kaptai.rangamati.gov.bd
==================================================
[+] Domain exhausted. Finishing up: https://acl.kaptai.rangamati.gov.bd
==================================================
[*] STARTING NEW DOMAIN: https://deb114271.dhakaeducationboard.gov.bd
==================================================
[+] Domain exhausted. Finishing up: https://deb114271.dhakaeducationboard.gov.bd
==================================================
[*] STARTING NEW DOMAIN: https://deb113256.dhakaeducationboard.gov.bd
==================================================
[+] Domain exhausted. Finishing up: https://deb113256.dhakaeducationboard.gov.bd
==================================================
[*] STARTING NEW DOMAIN: https://pbs.subarnachar.noakhali.gov.bd
==================================================
[+] Domain exhausted. Finishing up: https://pbs.subarnachar.noakhali.gov.bd
==================================================
[*] STARTING NEW DOMAIN: https://deb113719.dhakaeducationboard.gov.bd
==================================================
[+] Domain exhausted. Finishing up: https://deb113719.dhakaeducationboard.gov.bd
==================================================
[*] STARTING NEW DOMAIN: https://deb113459.dhakaeducationboard.gov.bd
==================================================
[+] Domain exhausted. Finishing up: https://deb113459.dhakaeducationboard.gov.bd
==================================================
[*] STARTING NEW DOMAIN: https://deb112856.dhakaeducationboard.gov.bd
==================================================
[+] Domain exhausted. Finishing up: https://deb112856.dhakaeducationboard.gov.bd
==================================================
[*] STARTING NEW DOMAIN: https://ec.sadar.patuakhali.gov.bd
==================================================
[+] Domain exhausted. Finishing up: https://ec.sadar.patuakhali.gov.bd
==================================================
[*] STARTING NEW DOMAIN: https://ec.mohadevpur.naogaon.gov.bd
==================================================
[+] Domain exhausted. Finishing up: https://ec.mohadevpur.naogaon.gov.bd
==================================================
[*] STARTING NEW DOMAIN: https://ec.gaibandhasadar.gaibandha.gov.bd
==================================================
[+] Domain exhausted. Finishing up: https://ec.gaibandhasadar.gaibandha.gov.bd
==================================================
[*] STARTING NEW DOMAIN: http://deb134558.dhakaeducationboard.gov.bd
==================================================
[+] Domain exhausted. Finishing up: http://deb134558.dhakaeducationboard.gov.bd
==================================================
[*] STARTING NEW DOMAIN: https://eed.palashbari.gaibandha.gov.bd
==================================================
[+] Domain exhausted. Finishing up: https://eed.palashbari.gaibandha.gov.bd
==================================================
[*] STARTING NEW DOMAIN: https://pathanpaekparasecondarygirlsschool.jessoreboard.gov.bd
==================================================
[+] Domain exhausted. Finishing up: https://pathanpaekparasecondarygirlsschool.jessoreboard.gov.bd
==================================================
[*] STARTING NEW DOMAIN: https://deb114139.dhakaeducationboard.gov.bd
==================================================
[+] Domain exhausted. Finishing up: https://deb114139.dhakaeducationboard.gov.bd
==================================================
[*] STARTING NEW DOMAIN: https://deb113273.dhakaeducationboard.gov.bd
==================================================
[+] Domain exhausted. Finishing up: https://deb113273.dhakaeducationboard.gov.bd
==================================================
[*] STARTING NEW DOMAIN: https://pdbf.parbatipur.dinajpur.gov.bd
==================================================
[+] Domain exhausted. Finishing up: https://pdbf.parbatipur.dinajpur.gov.bd
==================================================
[*] STARTING NEW DOMAIN: https://paitholup.mymensingh.gov.bd
==================================================
[+] Domain exhausted. Finishing up: https://paitholup.mymensingh.gov.bd
==================================================
[*] STARTING NEW DOMAIN: https://pdbf.lohagara.narail.gov.bd
==================================================
[+] Domain exhausted. Finishing up: https://pdbf.lohagara.narail.gov.bd
==================================================
[*] STARTING NEW DOMAIN: https://pdbf.birganj.dinajpur.gov.bd
==================================================
[+] Domain exhausted. Finishing up: https://pdbf.birganj.dinajpur.gov.bd
==================================================
[*] STARTING NEW DOMAIN: https://deb114563.dhakaeducationboard.gov.bd
==================================================
[+] Domain exhausted. Finishing up: https://deb114563.dhakaeducationboard.gov.bd
==================================================
[*] STARTING NEW DOMAIN: https://deb113146.dhakaeducationboard.gov.bd
==================================================
[+] Domain exhausted. Finishing up: https://deb113146.dhakaeducationboard.gov.bd
==================================================
[*] STARTING NEW DOMAIN: https://kabirhat.noakhali.gov.bd
==================================================
[+] Domain exhausted. Finishing up: https://kabirhat.noakhali.gov.bd
==================================================
[*] STARTING NEW DOMAIN: https://eed.patuakhali.gov.bd
==================================================
[+] Domain exhausted. Finishing up: https://eed.patuakhali.gov.bd
==================================================
[*] STARTING NEW DOMAIN: https://sca.madaripur.gov.bd
==================================================
[+] Domain exhausted. Finishing up: https://sca.madaripur.gov.bd
==================================================
[*] STARTING NEW DOMAIN: https://deb114202.dhakaeducationboard.gov.bd
==================================================
[+] Domain exhausted. Finishing up: https://deb114202.dhakaeducationboard.gov.bd
==================================================
[*] STARTING NEW DOMAIN: https://acl.chandanaish.chittagong.gov.bd
==================================================
[+] Domain exhausted. Finishing up: https://acl.chandanaish.chittagong.gov.bd
==================================================
[*] STARTING NEW DOMAIN: https://www.thedailystar.net/ds/law-our-rights
==================================================
[+] Domain exhausted. Finishing up: https://www.thedailystar.net/ds/law-our-rights
==================================================
[*] STARTING NEW DOMAIN: https://fireservice.birampur.dinajpur.gov.bd
==================================================
[+] Domain exhausted. Finishing up: https://fireservice.birampur.dinajpur.gov.bd
==================================================
[*] STARTING NEW DOMAIN: https://pbs2.naogaon.gov.bd
==================================================
[+] Domain exhausted. Finishing up: https://pbs2.naogaon.gov.bd
==================================================
[*] STARTING NEW DOMAIN: https://prison.mymensinghdiv.gov.bd
==================================================
[+] Domain exhausted. Finishing up: https://prison.mymensinghdiv.gov.bd
==================================================
[*] STARTING NEW DOMAIN: https://publiclibrary.sylhet.gov.bd
==================================================
[+] Domain exhausted. Finishing up: https://publiclibrary.sylhet.gov.bd
==================================================
[*] STARTING NEW DOMAIN: https://districtoffice.khulna.gov.bd
==================================================
[+] Domain exhausted. Finishing up: https://districtoffice.khulna.gov.bd
==================================================
[*] STARTING NEW DOMAIN: https://ansarvdp.sylhetsadar.sylhet.gov.bd
==================================================
[+] Domain exhausted. Finishing up: https://ansarvdp.sylhetsadar.sylhet.gov.bd
==================================================
[*] STARTING NEW DOMAIN: https://doe.khulnadiv.gov.bd
==================================================
[+] Domain exhausted. Finishing up: https://doe.khulnadiv.gov.bd
==================================================
[*] STARTING NEW DOMAIN: https://dohar.dhaka.gov.bd
==================================================
[+] Domain exhausted. Finishing up: https://dohar.dhaka.gov.bd
==================================================
[*] STARTING NEW DOMAIN: https://raosylhet.krishibank.gov.bd
==================================================
[+] Domain exhausted. Finishing up: https://raosylhet.krishibank.gov.bd
==================================================
[*] STARTING NEW DOMAIN: https://dao.khaliajuri.netrokona.gov.bd
==================================================
[+] Domain exhausted. Finishing up: https://dao.khaliajuri.netrokona.gov.bd
==================================================
[*] STARTING NEW DOMAIN: https://dncrp.bogra.gov.bd
==================================================
[+] Domain exhausted. Finishing up: https://dncrp.bogra.gov.bd
==================================================
[*] STARTING NEW DOMAIN: https://doict.baliakandi.rajbari.gov.bd
==================================================
[+] Domain exhausted. Finishing up: https://doict.baliakandi.rajbari.gov.bd
==================================================
[*] STARTING NEW DOMAIN: https://deb137320.dhakaeducationboard.gov.bd
==================================================
[+] Domain exhausted. Finishing up: https://deb137320.dhakaeducationboard.gov.bd
==================================================
[*] STARTING NEW DOMAIN: https://deb114690.dhakaeducationboard.gov.bd
==================================================
[+] Domain exhausted. Finishing up: https://deb114690.dhakaeducationboard.gov.bd
==================================================
[*] STARTING NEW DOMAIN: https://dot.portal.gov.bd
==================================================
[+] Domain exhausted. Finishing up: https://dot.portal.gov.bd
==================================================
[*] STARTING NEW DOMAIN: https://dwa.shibganj.chapainawabganj.gov.bd
==================================================
[+] Domain exhausted. Finishing up: https://dwa.shibganj.chapainawabganj.gov.bd
==================================================
[*] STARTING NEW DOMAIN: https://bwdb.faridpur.gov.bd
==================================================
[+] Domain exhausted. Finishing up: https://bwdb.faridpur.gov.bd
==================================================
[*] STARTING NEW DOMAIN: https://doict.sherpur.gov.bd
==================================================
[+] Domain exhausted. Finishing up: https://doict.sherpur.gov.bd
==================================================
[*] STARTING NEW DOMAIN: https://deb136260.dhakaeducationboard.gov.bd
==================================================
[+] Domain exhausted. Finishing up: https://deb136260.dhakaeducationboard.gov.bd
==================================================
[*] STARTING NEW DOMAIN: https://deb138799.dhakaeducationboard.gov.bd
==================================================
[+] Domain exhausted. Finishing up: https://deb138799.dhakaeducationboard.gov.bd
==================================================
[*] STARTING NEW DOMAIN: https://brdb.kurigram.gov.bd
==================================================
[+] Domain exhausted. Finishing up: https://brdb.kurigram.gov.bd
==================================================
[*] STARTING NEW DOMAIN: https://deb135098.dhakaeducationboard.gov.bd
==================================================
[+] Domain exhausted. Finishing up: https://deb135098.dhakaeducationboard.gov.bd
==================================================
[*] STARTING NEW DOMAIN: https://doict.sunamganj.gov.bd
==================================================
[+] Domain exhausted. Finishing up: https://doict.sunamganj.gov.bd
==================================================
[*] STARTING NEW DOMAIN: https://doj.chandpur.gov.bd
==================================================
[+] Domain exhausted. Finishing up: https://doj.chandpur.gov.bd
==================================================
[*] STARTING NEW DOMAIN: https://deb138781.dhakaeducationboard.gov.bd
==================================================
[+] Domain exhausted. Finishing up: https://deb138781.dhakaeducationboard.gov.bd
==================================================
[*] STARTING NEW DOMAIN: https://deo.chhatak.sunamganj.gov.bd
==================================================
[+] Domain exhausted. Finishing up: https://deo.chhatak.sunamganj.gov.bd
==================================================
[*] STARTING NEW DOMAIN: https://deb130681.dhakaeducationboard.gov.bd
==================================================
[+] Domain exhausted. Finishing up: https://deb130681.dhakaeducationboard.gov.bd
==================================================
[*] STARTING NEW DOMAIN: https://brdb.charrajibpur.kurigram.gov.bd
==================================================
[+] Domain exhausted. Finishing up: https://brdb.charrajibpur.kurigram.gov.bd
==================================================
[*] STARTING NEW DOMAIN: https://bfsa.gaibandha.gov.bd
==================================================
[+] Domain exhausted. Finishing up: https://bfsa.gaibandha.gov.bd
==================================================
[*] STARTING NEW DOMAIN: https://ansarvdp.barura.comilla.gov.bd
==================================================
[+] Domain exhausted. Finishing up: https://ansarvdp.barura.comilla.gov.bd
==================================================
[*] STARTING NEW DOMAIN: https://doict.sonargaon.narayanganj.gov.bd
==================================================
[+] Domain exhausted. Finishing up: https://doict.sonargaon.narayanganj.gov.bd
==================================================
[*] STARTING NEW DOMAIN: https://deb138747.dhakaeducationboard.gov.bd
==================================================
[+] Domain exhausted. Finishing up: https://deb138747.dhakaeducationboard.gov.bd
==================================================
[*] STARTING NEW DOMAIN: https://dls.jhenaidah.gov.bd
==================================================
[+] Domain exhausted. Finishing up: https://dls.jhenaidah.gov.bd
==================================================
[*] STARTING NEW DOMAIN: https://chanharaup.chittagong.gov.bd
==================================================
[+] Domain exhausted. Finishing up: https://chanharaup.chittagong.gov.bd
==================================================
[*] STARTING NEW DOMAIN: https://accctg1.chittagong.gov.bd
==================================================
[+] Domain exhausted. Finishing up: https://accctg1.chittagong.gov.bd
==================================================
[*] STARTING NEW DOMAIN: https://deb137146.dhakaeducationboard.gov.bd
==================================================
[+] Domain exhausted. Finishing up: https://deb137146.dhakaeducationboard.gov.bd
==================================================
[*] STARTING NEW DOMAIN: https://ansarvdp.parshuram.feni.gov.bd
==================================================
[+] Domain exhausted. Finishing up: https://ansarvdp.parshuram.feni.gov.bd
==================================================
[*] STARTING NEW DOMAIN: https://deb130641.dhakaeducationboard.gov.bd
==================================================
[+] Domain exhausted. Finishing up: https://deb130641.dhakaeducationboard.gov.bd
==================================================
[*] STARTING NEW DOMAIN: https://deb134683.dhakaeducationboard.gov.bd
==================================================
[+] Domain exhausted. Finishing up: https://deb134683.dhakaeducationboard.gov.bd
==================================================
[*] STARTING NEW DOMAIN: https://asu.haluaghat.mymensingh.gov.bd
==================================================
[+] Domain exhausted. Finishing up: https://asu.haluaghat.mymensingh.gov.bd
==================================================
[*] STARTING NEW DOMAIN: https://doe.satkhira.gov.bd
==================================================
[+] Domain exhausted. Finishing up: https://doe.satkhira.gov.bd
==================================================
[*] STARTING NEW DOMAIN: https://baragangdiasecondaryschool.jessoreboard.gov.bd
==================================================
[+] Domain exhausted. Finishing up: https://baragangdiasecondaryschool.jessoreboard.gov.bd
==================================================
[*] STARTING NEW DOMAIN: https://ghagoaup.gaibandha.gov.bd
==================================================
[+] Domain exhausted. Finishing up: https://ghagoaup.gaibandha.gov.bd
==================================================
[*] STARTING NEW DOMAIN: https://fpmu.mofood.gov.bd
==================================================
[+] Domain exhausted. Finishing up: https://fpmu.mofood.gov.bd
==================================================
[*] STARTING NEW DOMAIN: https://betarnews.thakurgaon.gov.bd
==================================================
[+] Domain exhausted. Finishing up: https://betarnews.thakurgaon.gov.bd
==================================================
[*] STARTING NEW DOMAIN: https://doict.sadar.manikganj.gov.bd
==================================================
[+] Domain exhausted. Finishing up: https://doict.sadar.manikganj.gov.bd
==================================================
[*] STARTING NEW DOMAIN: https://forest.titas.comilla.gov.bd
==================================================
[+] Domain exhausted. Finishing up: https://forest.titas.comilla.gov.bd
==================================================
[*] STARTING NEW DOMAIN: https://dls.sylhet.gov.bd
==================================================
[+] Domain exhausted. Finishing up: https://dls.sylhet.gov.bd
==================================================
[*] STARTING NEW DOMAIN: https://dphe.dhunot.bogra.gov.bd
==================================================
[+] Domain exhausted. Finishing up: https://dphe.dhunot.bogra.gov.bd
==================================================
[*] STARTING NEW DOMAIN: https://biam.gov.bd
==================================================
[+] Domain exhausted. Finishing up: https://biam.gov.bd
==================================================
[*] STARTING NEW DOMAIN: https://fireservice.louhajanj.munshiganj.gov.bd
==================================================
[+] Domain exhausted. Finishing up: https://fireservice.louhajanj.munshiganj.gov.bd
==================================================
[*] STARTING NEW DOMAIN: https://fireservice.sadar.patuakhali.gov.bd
==================================================
[+] Domain exhausted. Finishing up: https://fireservice.sadar.patuakhali.gov.bd
==================================================
[*] STARTING NEW DOMAIN: https://fireservice.boalmari.faridpur.gov.bd
==================================================
[+] Domain exhausted. Finishing up: https://fireservice.boalmari.faridpur.gov.bd
==================================================
[*] STARTING NEW DOMAIN: https://deb110451.dhakaeducationboard.gov.bd
==================================================
[+] Domain exhausted. Finishing up: https://deb110451.dhakaeducationboard.gov.bd
==================================================
[*] STARTING NEW DOMAIN: https://dpe.baliadangi.thakurgaon.gov.bd
==================================================
[+] Domain exhausted. Finishing up: https://dpe.baliadangi.thakurgaon.gov.bd
==================================================
[*] STARTING NEW DOMAIN: https://dphe.kanaighat.sylhet.gov.bd
==================================================
[+] Domain exhausted. Finishing up: https://dphe.kanaighat.sylhet.gov.bd
==================================================
[*] STARTING NEW DOMAIN: https://sr.paba.rajshahi.gov.bd
==================================================
[+] Domain exhausted. Finishing up: https://sr.paba.rajshahi.gov.bd
==================================================
[*] STARTING NEW DOMAIN: http://smnsecondaryschool.jessoreboard.gov.bd
==================================================
[+] Domain exhausted. Finishing up: http://smnsecondaryschool.jessoreboard.gov.bd
==================================================
[*] STARTING NEW DOMAIN: https://food.mathbaria.pirojpur.gov.bd
==================================================
[+] Domain exhausted. Finishing up: https://food.mathbaria.pirojpur.gov.bd
==================================================
[*] STARTING NEW DOMAIN: https://fisheries.nesarabad.pirojpur.gov.bd
==================================================
[+] Domain exhausted. Finishing up: https://fisheries.nesarabad.pirojpur.gov.bd
==================================================
[*] STARTING NEW DOMAIN: https://food.sherpur.gov.bd
==================================================
[+] Domain exhausted. Finishing up: https://food.sherpur.gov.bd
==================================================
[*] STARTING NEW DOMAIN: https://fireservice.magura.gov.bd
==================================================
[+] Domain exhausted. Finishing up: https://fireservice.magura.gov.bd
==================================================
[*] STARTING NEW DOMAIN: https://ddobadc.brahmanbaria.gov.bd
==================================================
[+] Domain exhausted. Finishing up: https://ddobadc.brahmanbaria.gov.bd
==================================================
[*] STARTING NEW DOMAIN: https://fpo.derai.sunamganj.gov.bd
==================================================
[+] Domain exhausted. Finishing up: https://fpo.derai.sunamganj.gov.bd
==================================================
[*] STARTING NEW DOMAIN: https://food.ishurdi.pabna.gov.bd
==================================================
[+] Domain exhausted. Finishing up: https://food.ishurdi.pabna.gov.bd
==================================================
[*] STARTING NEW DOMAIN: https://fireservice.satkania.chittagong.gov.bd
==================================================
[+] Domain exhausted. Finishing up: https://fireservice.satkania.chittagong.gov.bd
==================================================
[*] STARTING NEW DOMAIN: https://brta.meherpur.gov.bd
==================================================
[+] Domain exhausted. Finishing up: https://brta.meherpur.gov.bd
==================================================
[*] STARTING NEW DOMAIN: https://fpo.rangpur.gov.bd
==================================================
[+] Domain exhausted. Finishing up: https://fpo.rangpur.gov.bd
==================================================
[*] STARTING NEW DOMAIN: https://fpo.daudkandi.comilla.gov.bd
==================================================
[+] Domain exhausted. Finishing up: https://fpo.daudkandi.comilla.gov.bd
==================================================
[*] STARTING NEW DOMAIN: https://acl.dowarabazar.sunamganj.gov.bd
==================================================
[+] Domain exhausted. Finishing up: https://acl.dowarabazar.sunamganj.gov.bd
==================================================
[*] STARTING NEW DOMAIN: https://bastaup.dhaka.gov.bd
==================================================
[+] Domain exhausted. Finishing up: https://bastaup.dhaka.gov.bd
==================================================
[*] STARTING NEW DOMAIN: https://galanggyaup.bandarban.gov.bd
==================================================
[+] Domain exhausted. Finishing up: https://galanggyaup.bandarban.gov.bd
==================================================
[*] STARTING NEW DOMAIN: https://acl.panchari.khagrachhari.gov.bd
==================================================
[+] Domain exhausted. Finishing up: https://acl.panchari.khagrachhari.gov.bd
==================================================
[*] STARTING NEW DOMAIN: https://fisheries.sreebordi.sherpur.gov.bd
==================================================
[+] Domain exhausted. Finishing up: https://fisheries.sreebordi.sherpur.gov.bd
==================================================
[*] STARTING NEW DOMAIN: https://fisheries.sadar.faridpur.gov.bd
==================================================
[+] Domain exhausted. Finishing up: https://fisheries.sadar.faridpur.gov.bd
==================================================
[*] STARTING NEW DOMAIN: https://ansarvdp.bakerganj.barisal.gov.bd
==================================================
[+] Domain exhausted. Finishing up: https://ansarvdp.bakerganj.barisal.gov.bd
==================================================
[*] STARTING NEW DOMAIN: https://sfdf.bhedarganj.shariatpur.gov.bd
==================================================
[+] Domain exhausted. Finishing up: https://sfdf.bhedarganj.shariatpur.gov.bd
==================================================
[*] STARTING NEW DOMAIN: https://pio.shahrasti.chandpur.gov.bd
==================================================
[+] Domain exhausted. Finishing up: https://pio.shahrasti.chandpur.gov.bd
==================================================
[*] STARTING NEW DOMAIN: https://police.ghatail.tangail.gov.bd
==================================================
[+] Domain exhausted. Finishing up: https://police.ghatail.tangail.gov.bd
==================================================
[*] STARTING NEW DOMAIN: https://forest.hajiganj.chandpur.gov.bd
==================================================
[+] Domain exhausted. Finishing up: https://forest.hajiganj.chandpur.gov.bd
==================================================
[*] STARTING NEW DOMAIN: https://pio.zajira.shariatpur.gov.bd
==================================================
[+] Domain exhausted. Finishing up: https://pio.zajira.shariatpur.gov.bd
==================================================
[*] STARTING NEW DOMAIN: https://dss.sadarpur.faridpur.gov.bd
==================================================
[+] Domain exhausted. Finishing up: https://dss.sadarpur.faridpur.gov.bd
==================================================
[*] STARTING NEW DOMAIN: https://bamuniaup.nilphamari.gov.bd
==================================================
[+] Domain exhausted. Finishing up: https://bamuniaup.nilphamari.gov.bd
==================================================
[*] STARTING NEW DOMAIN: https://deb109510.dhakaeducationboard.gov.bd
==================================================
[+] Domain exhausted. Finishing up: https://deb109510.dhakaeducationboard.gov.bd
==================================================
[*] STARTING NEW DOMAIN: https://singair.manikganj.gov.bd
==================================================
[+] Domain exhausted. Finishing up: https://singair.manikganj.gov.bd
==================================================
[*] STARTING NEW DOMAIN: https://dls.khagrachhari.gov.bd
==================================================
[+] Domain exhausted. Finishing up: https://dls.khagrachhari.gov.bd
==================================================
[*] STARTING NEW DOMAIN: https://forest.mohadevpur.naogaon.gov.bd
==================================================
[+] Domain exhausted. Finishing up: https://forest.mohadevpur.naogaon.gov.bd
==================================================
[*] STARTING NEW DOMAIN: https://ebek.satkania.chittagong.gov.bd
==================================================
[+] Domain exhausted. Finishing up: https://ebek.satkania.chittagong.gov.bd
==================================================
[*] STARTING NEW DOMAIN: https://pio.tarash.sirajganj.gov.bd
==================================================
[+] Domain exhausted. Finishing up: https://pio.tarash.sirajganj.gov.bd
==================================================
[*] STARTING NEW DOMAIN: https://fothepurup.sylhet.gov.bd
==================================================
[+] Domain exhausted. Finishing up: https://fothepurup.sylhet.gov.bd
==================================================
[*] STARTING NEW DOMAIN: https://dss.kishorganj.nilphamari.gov.bd
==================================================
[+] Domain exhausted. Finishing up: https://dss.kishorganj.nilphamari.gov.bd
==================================================
[*] STARTING NEW DOMAIN: http://patharapalliunnayansecondaryschool.jessoreboard.gov.bd
==================================================
[+] Domain exhausted. Finishing up: http://patharapalliunnayansecondaryschool.jessoreboard.gov.bd
==================================================
[*] STARTING NEW DOMAIN: https://dwa.bochaganj.dinajpur.gov.bd
==================================================
[+] Domain exhausted. Finishing up: https://dwa.bochaganj.dinajpur.gov.bd
==================================================
[*] STARTING NEW DOMAIN: https://acl.birganj.dinajpur.gov.bd
==================================================
[+] Domain exhausted. Finishing up: https://acl.birganj.dinajpur.gov.bd
==================================================
[*] STARTING NEW DOMAIN: https://fpo.nesarabad.pirojpur.gov.bd
==================================================
[+] Domain exhausted. Finishing up: https://fpo.nesarabad.pirojpur.gov.bd
==================================================
[*] STARTING NEW DOMAIN: https://fpo.sadar.chandpur.gov.bd
==================================================
[+] Domain exhausted. Finishing up: https://fpo.sadar.chandpur.gov.bd
==================================================
[*] STARTING NEW DOMAIN: https://sr.gowainghat.sylhet.gov.bd
==================================================
[+] Domain exhausted. Finishing up: https://sr.gowainghat.sylhet.gov.bd
==================================================
[*] STARTING NEW DOMAIN: https://dam.shibpur.narsingdi.gov.bd
==================================================
[+] Domain exhausted. Finishing up: https://dam.shibpur.narsingdi.gov.bd
==================================================
[*] STARTING NEW DOMAIN: https://fpo.rajoir.madaripur.gov.bd
==================================================
[+] Domain exhausted. Finishing up: https://fpo.rajoir.madaripur.gov.bd
==================================================
[*] STARTING NEW DOMAIN: https://deb110024.dhakaeducationboard.gov.bd
==================================================
[+] Domain exhausted. Finishing up: https://deb110024.dhakaeducationboard.gov.bd
==================================================
[*] STARTING NEW DOMAIN: https://classvi.dinajpurboard.gov.bd
==================================================
[+] Domain exhausted. Finishing up: https://classvi.dinajpurboard.gov.bd
==================================================
[*] STARTING NEW DOMAIN: https://coastguard.chandpur.gov.bd
==================================================
[+] Domain exhausted. Finishing up: https://coastguard.chandpur.gov.bd
==================================================
[*] STARTING NEW DOMAIN: https://coop.muktagacha.mymensingh.gov.bd
==================================================
[+] Domain exhausted. Finishing up: https://coop.muktagacha.mymensingh.gov.bd
==================================================
[*] STARTING NEW DOMAIN: https://cooparative.dhunot.bogra.gov.bd
==================================================
[+] Domain exhausted. Finishing up: https://cooparative.dhunot.bogra.gov.bd
==================================================
[*] STARTING NEW DOMAIN: https://fpo.shibganj.chapainawabganj.gov.bd
==================================================
[+] Domain exhausted. Finishing up: https://fpo.shibganj.chapainawabganj.gov.bd
==================================================
[*] STARTING NEW DOMAIN: https://cooparative.mymensinghdiv.gov.bd
==================================================
[+] Domain exhausted. Finishing up: https://cooparative.mymensinghdiv.gov.bd
==================================================
[*] STARTING NEW DOMAIN: https://dss.naogaonsadar.naogaon.gov.bd
==================================================
[+] Domain exhausted. Finishing up: https://dss.naogaonsadar.naogaon.gov.bd
==================================================
[*] STARTING NEW DOMAIN: https://hed.jamalpur.gov.bd
==================================================
[+] Domain exhausted. Finishing up: https://hed.jamalpur.gov.bd
==================================================
[*] STARTING NEW DOMAIN: https://health.gaibandhasadar.gaibandha.gov.bd
==================================================
[+] Domain exhausted. Finishing up: https://health.gaibandhasadar.gaibandha.gov.bd
==================================================
[*] STARTING NEW DOMAIN: https://fri.mymensingh.gov.bd
==================================================
[+] Domain exhausted. Finishing up: https://fri.mymensingh.gov.bd
==================================================
[*] STARTING NEW DOMAIN: https://cspilotsecondaryschool.jessoreboard.gov.bd
==================================================
[+] Domain exhausted. Finishing up: https://cspilotsecondaryschool.jessoreboard.gov.bd
==================================================
[*] STARTING NEW DOMAIN: https://health.sadar.coxsbazar.gov.bd
==================================================
[+] Domain exhausted. Finishing up: https://health.sadar.coxsbazar.gov.bd
==================================================
[*] STARTING NEW DOMAIN: https://garisharup.shariatpur.gov.bd
==================================================
[+] Domain exhausted. Finishing up: https://garisharup.shariatpur.gov.bd
==================================================
[*] STARTING NEW DOMAIN: https://dss.munshiganj.gov.bd
==================================================
[+] Domain exhausted. Finishing up: https://dss.munshiganj.gov.bd
==================================================
[*] STARTING NEW DOMAIN: https://dae.jhenaigati.sherpur.gov.bd
==================================================
[+] Domain exhausted. Finishing up: https://dae.jhenaigati.sherpur.gov.bd
==================================================
[*] STARTING NEW DOMAIN: https://health.bandar.narayanganj.gov.bd
==================================================
[+] Domain exhausted. Finishing up: https://health.bandar.narayanganj.gov.bd
==================================================
[*] STARTING NEW DOMAIN: https://hathazari.chittagong.gov.bd
==================================================
[+] Domain exhausted. Finishing up: https://hathazari.chittagong.gov.bd
==================================================
[*] STARTING NEW DOMAIN: https://dae.savar.dhaka.gov.bd
==================================================
[+] Domain exhausted. Finishing up: https://dae.savar.dhaka.gov.bd
==================================================
[*] STARTING NEW DOMAIN: https://dam.madhupur.tangail.gov.bd
==================================================
[+] Domain exhausted. Finishing up: https://dam.madhupur.tangail.gov.bd
==================================================
[*] STARTING NEW DOMAIN: https://hospital.bagerhat.gov.bd
==================================================
[+] Domain exhausted. Finishing up: https://hospital.bagerhat.gov.bd
==================================================
[*] STARTING NEW DOMAIN: https://haidgaonup.chittagong.gov.bd
==================================================
[+] Domain exhausted. Finishing up: https://haidgaonup.chittagong.gov.bd
==================================================
[*] STARTING NEW DOMAIN: https://dao.jessore.gov.bd
==================================================
[+] Domain exhausted. Finishing up: https://dao.jessore.gov.bd
==================================================
[*] STARTING NEW DOMAIN: https://dao.matlabsouth.chandpur.gov.bd
==================================================
[+] Domain exhausted. Finishing up: https://dao.matlabsouth.chandpur.gov.bd
==================================================
[*] STARTING NEW DOMAIN: https://gohatnorthup.chandpur.gov.bd
==================================================
[+] Domain exhausted. Finishing up: https://gohatnorthup.chandpur.gov.bd
==================================================
[*] STARTING NEW DOMAIN: https://data.sob.gov.bd
==================================================
[+] Domain exhausted. Finishing up: https://data.sob.gov.bd
==================================================
[*] STARTING NEW DOMAIN: https://dcc.dhakadiv.gov.bd
==================================================
[+] Domain exhausted. Finishing up: https://dcc.dhakadiv.gov.bd
==================================================
[*] STARTING NEW DOMAIN: https://deb108171.dhakaeducationboard.gov.bd
==================================================
[+] Domain exhausted. Finishing up: https://deb108171.dhakaeducationboard.gov.bd
==================================================
[*] STARTING NEW DOMAIN: https://deb108004.dhakaeducationboard.gov.bd
==================================================
[+] Domain exhausted. Finishing up: https://deb108004.dhakaeducationboard.gov.bd
==================================================
[*] STARTING NEW DOMAIN: https://health.rajarhat.kurigram.gov.bd
==================================================
[+] Domain exhausted. Finishing up: https://health.rajarhat.kurigram.gov.bd
==================================================
[*] STARTING NEW DOMAIN: https://deb108427.dhakaeducationboard.gov.bd
==================================================
[+] Domain exhausted. Finishing up: https://deb108427.dhakaeducationboard.gov.bd
==================================================
[*] STARTING NEW DOMAIN: https://deb108570.dhakaeducationboard.gov.bd
==================================================
[+] Domain exhausted. Finishing up: https://deb108570.dhakaeducationboard.gov.bd
==================================================
[*] STARTING NEW DOMAIN: https://jobs.coastguard.gov.bd
==================================================
[+] Domain exhausted. Finishing up: https://jobs.coastguard.gov.bd
==================================================
[*] STARTING NEW DOMAIN: https://deb108805.dhakaeducationboard.gov.bd
==================================================
[+] Domain exhausted. Finishing up: https://deb108805.dhakaeducationboard.gov.bd
==================================================
[*] STARTING NEW DOMAIN: https://deb108939.dhakaeducationboard.gov.bd
==================================================
[+] Domain exhausted. Finishing up: https://deb108939.dhakaeducationboard.gov.bd
==================================================
[*] STARTING NEW DOMAIN: https://deb109068.dhakaeducationboard.gov.bd
==================================================
[+] Domain exhausted. Finishing up: https://deb109068.dhakaeducationboard.gov.bd
==================================================
[*] STARTING NEW DOMAIN: https://jorabariup.nilphamari.gov.bd
==================================================
[+] Domain exhausted. Finishing up: https://jorabariup.nilphamari.gov.bd
==================================================
[*] STARTING NEW DOMAIN: https://deb109440.dhakaeducationboard.gov.bd
==================================================
[+] Domain exhausted. Finishing up: https://deb109440.dhakaeducationboard.gov.bd
==================================================
[*] STARTING NEW DOMAIN: https://jagadishpurmirzapurismailsecondaryschool.jessoreboard.gov.bd
==================================================
[+] Domain exhausted. Finishing up: https://jagadishpurmirzapurismailsecondaryschool.jessoreboard.gov.bd
==================================================
[*] STARTING NEW DOMAIN: https://deb109603.dhakaeducationboard.gov.bd
==================================================
[+] Domain exhausted. Finishing up: https://deb109603.dhakaeducationboard.gov.bd
==================================================
[*] STARTING NEW DOMAIN: https://deb109788.dhakaeducationboard.gov.bd
==================================================
[+] Domain exhausted. Finishing up: https://deb109788.dhakaeducationboard.gov.bd
==================================================
[*] STARTING NEW DOMAIN: https://acl.comillasadar.comilla.gov.bd
==================================================
[+] Domain exhausted. Finishing up: https://acl.comillasadar.comilla.gov.bd
==================================================
[*] STARTING NEW DOMAIN: https://deb109933.dhakaeducationboard.gov.bd
==================================================
[+] Domain exhausted. Finishing up: https://deb109933.dhakaeducationboard.gov.bd
==================================================
[*] STARTING NEW DOMAIN: https://deb110022.dhakaeducationboard.gov.bd
==================================================
[+] Domain exhausted. Finishing up: https://deb110022.dhakaeducationboard.gov.bd
==================================================
[*] STARTING NEW DOMAIN: https://joyeeta.gov.bd
==================================================
[+] Domain exhausted. Finishing up: https://joyeeta.gov.bd
==================================================
[*] STARTING NEW DOMAIN: https://sr.porsha.naogaon.gov.bd
==================================================
[+] Domain exhausted. Finishing up: https://sr.porsha.naogaon.gov.bd
==================================================
[*] STARTING NEW DOMAIN: https://deb110435.dhakaeducationboard.gov.bd
==================================================
[+] Domain exhausted. Finishing up: https://deb110435.dhakaeducationboard.gov.bd
==================================================
[*] STARTING NEW DOMAIN: https://rpec.rajshahi.gov.bd
==================================================
[+] Domain exhausted. Finishing up: https://rpec.rajshahi.gov.bd
==================================================
[*] STARTING NEW DOMAIN: https://deb111034.dhakaeducationboard.gov.bd
==================================================
[+] Domain exhausted. Finishing up: https://deb111034.dhakaeducationboard.gov.bd
==================================================
[*] STARTING NEW DOMAIN: https://sreepursecondarygirlsschool.jessoreboard.gov.bd
==================================================
[+] Domain exhausted. Finishing up: https://sreepursecondarygirlsschool.jessoreboard.gov.bd
==================================================
[*] STARTING NEW DOMAIN: https://rinfo.khulnadiv.gov.bd
==================================================
[+] Domain exhausted. Finishing up: https://rinfo.khulnadiv.gov.bd
==================================================
[*] STARTING NEW DOMAIN: https://mats.tungipara.gopalganj.gov.bd
==================================================
[+] Domain exhausted. Finishing up: https://mats.tungipara.gopalganj.gov.bd
==================================================
[*] STARTING NEW DOMAIN: https://deb111137.dhakaeducationboard.gov.bd
==================================================
[+] Domain exhausted. Finishing up: https://deb111137.dhakaeducationboard.gov.bd
==================================================
[*] STARTING NEW DOMAIN: https://deb111432.dhakaeducationboard.gov.bd
==================================================
[+] Domain exhausted. Finishing up: https://deb111432.dhakaeducationboard.gov.bd
==================================================
[*] STARTING NEW DOMAIN: https://lged.nageshwari.kurigram.gov.bd
==================================================
[+] Domain exhausted. Finishing up: https://lged.nageshwari.kurigram.gov.bd
==================================================
[*] STARTING NEW DOMAIN: https://deb111550.dhakaeducationboard.gov.bd
==================================================
[+] Domain exhausted. Finishing up: https://deb111550.dhakaeducationboard.gov.bd
==================================================
[*] STARTING NEW DOMAIN: https://kmsecondarygirlsschool.jessoreboard.gov.bd
==================================================
[+] Domain exhausted. Finishing up: https://kmsecondarygirlsschool.jessoreboard.gov.bd
==================================================
[*] STARTING NEW DOMAIN: https://ansarvdp.naogaon.gov.bd
==================================================
[+] Domain exhausted. Finishing up: https://ansarvdp.naogaon.gov.bd
==================================================
[*] STARTING NEW DOMAIN: https://deb112112.dhakaeducationboard.gov.bd
==================================================
[+] Domain exhausted. Finishing up: https://deb112112.dhakaeducationboard.gov.bd
==================================================
[*] STARTING NEW DOMAIN: https://deb112073.dhakaeducationboard.gov.bd
==================================================
[+] Domain exhausted. Finishing up: https://deb112073.dhakaeducationboard.gov.bd
==================================================
[*] STARTING NEW DOMAIN: https://lged.rajshahi.gov.bd
==================================================
[+] Domain exhausted. Finishing up: https://lged.rajshahi.gov.bd
==================================================
[*] STARTING NEW DOMAIN: https://lged.pirojpur.gov.bd
==================================================
[+] Domain exhausted. Finishing up: https://lged.pirojpur.gov.bd
==================================================
[*] STARTING NEW DOMAIN: https://deb112689.dhakaeducationboard.gov.bd
==================================================
[+] Domain exhausted. Finishing up: https://deb112689.dhakaeducationboard.gov.bd
==================================================
[*] STARTING NEW DOMAIN: https://lged.tarakanda.mymensingh.gov.bd
==================================================
[+] Domain exhausted. Finishing up: https://lged.tarakanda.mymensingh.gov.bd
==================================================
[*] STARTING NEW DOMAIN: https://lged.ashuganj.brahmanbaria.gov.bd
==================================================
[+] Domain exhausted. Finishing up: https://lged.ashuganj.brahmanbaria.gov.bd
==================================================
[*] STARTING NEW DOMAIN: https://deb112846.dhakaeducationboard.gov.bd
==================================================
[+] Domain exhausted. Finishing up: https://deb112846.dhakaeducationboard.gov.bd
==================================================
[*] STARTING NEW DOMAIN: https://madanpurup.bhola.gov.bd
==================================================
[+] Domain exhausted. Finishing up: https://madanpurup.bhola.gov.bd
==================================================
[*] STARTING NEW DOMAIN: https://pti.gazipur.gov.bd
==================================================
[+] Domain exhausted. Finishing up: https://pti.gazipur.gov.bd
==================================================
[*] STARTING NEW DOMAIN: https://deb113331.dhakaeducationboard.gov.bd
==================================================
[+] Domain exhausted. Finishing up: https://deb113331.dhakaeducationboard.gov.bd
==================================================
[*] STARTING NEW DOMAIN: https://deb113306.dhakaeducationboard.gov.bd
==================================================
[+] Domain exhausted. Finishing up: https://deb113306.dhakaeducationboard.gov.bd
==================================================
[*] STARTING NEW DOMAIN: https://mail.rhd.gov.bd
==================================================
[+] Domain exhausted. Finishing up: https://mail.rhd.gov.bd
==================================================
[*] STARTING NEW DOMAIN: https://lged.sadar.bagerhat.gov.bd
==================================================
[+] Domain exhausted. Finishing up: https://lged.sadar.bagerhat.gov.bd
==================================================
[*] STARTING NEW DOMAIN: https://lged.bijoynagar.brahmanbaria.gov.bd
==================================================
[+] Domain exhausted. Finishing up: https://lged.bijoynagar.brahmanbaria.gov.bd
==================================================
[*] STARTING NEW DOMAIN: https://deb113799.dhakaeducationboard.gov.bd
==================================================
[+] Domain exhausted. Finishing up: https://deb113799.dhakaeducationboard.gov.bd
==================================================
[*] STARTING NEW DOMAIN: https://deb113983.dhakaeducationboard.gov.bd
==================================================
[+] Domain exhausted. Finishing up: https://deb113983.dhakaeducationboard.gov.bd
==================================================
[*] STARTING NEW DOMAIN: https://prison.bagerhat.gov.bd
==================================================
[+] Domain exhausted. Finishing up: https://prison.bagerhat.gov.bd
==================================================
[*] STARTING NEW DOMAIN: https://deb114147.dhakaeducationboard.gov.bd
==================================================
[+] Domain exhausted. Finishing up: https://deb114147.dhakaeducationboard.gov.bd
==================================================
[*] STARTING NEW DOMAIN: https://sataishkatibrammandangasecondaryschool.jessoreboard.gov.bd
==================================================
[+] Domain exhausted. Finishing up: https://sataishkatibrammandangasecondaryschool.jessoreboard.gov.bd
==================================================
[*] STARTING NEW DOMAIN: http://pio.atpara.netrokona.gov.bd
==================================================
[+] Domain exhausted. Finishing up: http://pio.atpara.netrokona.gov.bd
==================================================
[*] STARTING NEW DOMAIN: https://pbs.khetlal.joypurhat.gov.bd
==================================================
[+] Domain exhausted. Finishing up: https://pbs.khetlal.joypurhat.gov.bd
==================================================
[*] STARTING NEW DOMAIN: https://bbs.rangabali.patuakhali.gov.bd
==================================================
[+] Domain exhausted. Finishing up: https://bbs.rangabali.patuakhali.gov.bd
==================================================
[*] STARTING NEW DOMAIN: https://mailserver25.roc.gov.bd
==================================================
[+] Domain exhausted. Finishing up: https://mailserver25.roc.gov.bd
==================================================
[*] STARTING NEW DOMAIN: https://bbs.lalmohan.bhola.gov.bd
==================================================
[+] Domain exhausted. Finishing up: https://bbs.lalmohan.bhola.gov.bd
==================================================
[*] STARTING NEW DOMAIN: https://deb114411.dhakaeducationboard.gov.bd
==================================================
[+] Domain exhausted. Finishing up: https://deb114411.dhakaeducationboard.gov.bd
==================================================
[*] STARTING NEW DOMAIN: https://betar.khulna.gov.bd
==================================================
[+] Domain exhausted. Finishing up: https://betar.khulna.gov.bd
==================================================
[*] STARTING NEW DOMAIN: https://bfcb.gov.bd
==================================================
[+] Domain exhausted. Finishing up: https://bfcb.gov.bd
==================================================
[*] STARTING NEW DOMAIN: https://deb114596.dhakaeducationboard.gov.bd
==================================================
[+] Domain exhausted. Finishing up: https://deb114596.dhakaeducationboard.gov.bd
==================================================
[*] STARTING NEW DOMAIN: https://brdb.kapasia.gazipur.gov.bd
==================================================
[+] Domain exhausted. Finishing up: https://brdb.kapasia.gazipur.gov.bd
==================================================
[*] STARTING NEW DOMAIN: https://health.sreepur.magura.gov.bd
==================================================
[+] Domain exhausted. Finishing up: https://health.sreepur.magura.gov.bd
==================================================
[*] STARTING NEW DOMAIN: https://bscic.rajshahi.gov.bd
==================================================
[+] Domain exhausted. Finishing up: https://bscic.rajshahi.gov.bd
==================================================
[*] STARTING NEW DOMAIN: https://deb130722.dhakaeducationboard.gov.bd
==================================================
[+] Domain exhausted. Finishing up: https://deb130722.dhakaeducationboard.gov.bd
==================================================
[*] STARTING NEW DOMAIN: https://brdb.kalapara.patuakhali.gov.bd
==================================================
[+] Domain exhausted. Finishing up: https://brdb.kalapara.patuakhali.gov.bd
==================================================
[*] STARTING NEW DOMAIN: https://deb130642.dhakaeducationboard.gov.bd
==================================================
[+] Domain exhausted. Finishing up: https://deb130642.dhakaeducationboard.gov.bd
==================================================
[*] STARTING NEW DOMAIN: https://brdb.khansama.dinajpur.gov.bd
==================================================
[+] Domain exhausted. Finishing up: https://brdb.khansama.dinajpur.gov.bd
==================================================
[*] STARTING NEW DOMAIN: https://brdb.nesarabad.pirojpur.gov.bd
==================================================
[+] Domain exhausted. Finishing up: https://brdb.nesarabad.pirojpur.gov.bd
==================================================
[*] STARTING NEW DOMAIN: https://mail.mhapsd.gov.bd
==================================================
[+] Domain exhausted. Finishing up: https://mail.mhapsd.gov.bd
==================================================
[*] STARTING NEW DOMAIN: https://deb109192.dhakaeducationboard.gov.bd
==================================================
[+] Domain exhausted. Finishing up: https://deb109192.dhakaeducationboard.gov.bd
==================================================
[*] STARTING NEW DOMAIN: https://kazdiasecondarygirlsschool.jessoreboard.gov.bd
==================================================
[+] Domain exhausted. Finishing up: https://kazdiasecondarygirlsschool.jessoreboard.gov.bd
==================================================
[*] STARTING NEW DOMAIN: https://deb113280.dhakaeducationboard.gov.bd
==================================================
[+] Domain exhausted. Finishing up: https://deb113280.dhakaeducationboard.gov.bd
==================================================
[*] STARTING NEW DOMAIN: https://deb112488.dhakaeducationboard.gov.bd
==================================================
[+] Domain exhausted. Finishing up: https://deb112488.dhakaeducationboard.gov.bd
==================================================
[*] STARTING NEW DOMAIN: https://deb132087.dhakaeducationboard.gov.bd
==================================================
[+] Domain exhausted. Finishing up: https://deb132087.dhakaeducationboard.gov.bd
==================================================
[*] STARTING NEW DOMAIN: https://doj.ghatail.tangail.gov.bd
==================================================
[+] Domain exhausted. Finishing up: https://doj.ghatail.tangail.gov.bd
==================================================
[*] STARTING NEW DOMAIN: https://rc.gov.bd
==================================================
[+] Domain exhausted. Finishing up: https://rc.gov.bd
==================================================
[*] STARTING NEW DOMAIN: https://ec.gazipur.gov.bd
==================================================
[+] Domain exhausted. Finishing up: https://ec.gazipur.gov.bd
==================================================
[*] STARTING NEW DOMAIN: https://eo.saghata.gaibandha.gov.bd
==================================================
[+] Domain exhausted. Finishing up: https://eo.saghata.gaibandha.gov.bd
==================================================
[*] STARTING NEW DOMAIN: https://forest.narayanganj.gov.bd
==================================================
[+] Domain exhausted. Finishing up: https://forest.narayanganj.gov.bd
==================================================
[*] STARTING NEW DOMAIN: https://fisheries.satkhirasadar.satkhira.gov.bd
==================================================
[+] Domain exhausted. Finishing up: https://fisheries.satkhirasadar.satkhira.gov.bd
==================================================
[*] STARTING NEW DOMAIN: https://jhikargachamlsecondaryschool.jessoreboard.gov.bd
==================================================
[+] Domain exhausted. Finishing up: https://jhikargachamlsecondaryschool.jessoreboard.gov.bd
==================================================
[*] STARTING NEW DOMAIN: https://health.kamalnagar.lakshmipur.gov.bd
==================================================
[+] Domain exhausted. Finishing up: https://health.kamalnagar.lakshmipur.gov.bd
==================================================
[*] STARTING NEW DOMAIN: https://mail.nbr.gov.bd
==================================================
[+] Domain exhausted. Finishing up: https://mail.nbr.gov.bd
==================================================
[*] STARTING NEW DOMAIN: https://pdbf.kathalia.jhalakathi.gov.bd
==================================================
[+] Domain exhausted. Finishing up: https://pdbf.kathalia.jhalakathi.gov.bd
==================================================
[*] STARTING NEW DOMAIN: https://uddyansecondaryschool.jessoreboard.gov.bd
==================================================
[+] Domain exhausted. Finishing up: https://uddyansecondaryschool.jessoreboard.gov.bd
==================================================
[*] STARTING NEW DOMAIN: https://deb136335.dhakaeducationboard.gov.bd
==================================================
[+] Domain exhausted. Finishing up: https://deb136335.dhakaeducationboard.gov.bd
==================================================
[*] STARTING NEW DOMAIN: https://deb136777.dhakaeducationboard.gov.bd
==================================================
[+] Domain exhausted. Finishing up: https://deb136777.dhakaeducationboard.gov.bd
==================================================
[*] STARTING NEW DOMAIN: https://uitrce.titas.comilla.gov.bd
==================================================
[+] Domain exhausted. Finishing up: https://uitrce.titas.comilla.gov.bd
==================================================
[*] STARTING NEW DOMAIN: https://uitrce.sarail.brahmanbaria.gov.bd
==================================================
[+] Domain exhausted. Finishing up: https://uitrce.sarail.brahmanbaria.gov.bd
==================================================
[*] STARTING NEW DOMAIN: https://deb137107.dhakaeducationboard.gov.bd
==================================================
[+] Domain exhausted. Finishing up: https://deb137107.dhakaeducationboard.gov.bd
==================================================
[*] STARTING NEW DOMAIN: https://shilpakala.rajshahi.gov.bd
==================================================
[+] Domain exhausted. Finishing up: https://shilpakala.rajshahi.gov.bd
==================================================
[*] STARTING NEW DOMAIN: https://deb137585.dhakaeducationboard.gov.bd
==================================================
[+] Domain exhausted. Finishing up: https://deb137585.dhakaeducationboard.gov.bd
==================================================
[*] STARTING NEW DOMAIN: https://urc.mujibnagar.meherpur.gov.bd
==================================================
[+] Domain exhausted. Finishing up: https://urc.mujibnagar.meherpur.gov.bd
==================================================
[*] STARTING NEW DOMAIN: https://deb137913.dhakaeducationboard.gov.bd
==================================================
[+] Domain exhausted. Finishing up: https://deb137913.dhakaeducationboard.gov.bd
==================================================
[*] STARTING NEW DOMAIN: https://urc.pirganj.thakurgaon.gov.bd
==================================================
[+] Domain exhausted. Finishing up: https://urc.pirganj.thakurgaon.gov.bd
==================================================
[*] STARTING NEW DOMAIN: https://urc.sadarsouth.comilla.gov.bd
==================================================
[+] Domain exhausted. Finishing up: https://urc.sadarsouth.comilla.gov.bd
==================================================
[*] STARTING NEW DOMAIN: https://uss.bahubal.habiganj.gov.bd
==================================================
[+] Domain exhausted. Finishing up: https://uss.bahubal.habiganj.gov.bd
==================================================
[*] STARTING NEW DOMAIN: https://vcdhighschool.jessoreboard.gov.bd
==================================================
[+] Domain exhausted. Finishing up: https://vcdhighschool.jessoreboard.gov.bd
==================================================
[*] STARTING NEW DOMAIN: https://webmail.bmd.gov.bd
==================================================
[+] Domain exhausted. Finishing up: https://webmail.bmd.gov.bd
==================================================
[*] STARTING NEW DOMAIN: https://deb138632.dhakaeducationboard.gov.bd
==================================================
[+] Domain exhausted. Finishing up: https://deb138632.dhakaeducationboard.gov.bd
==================================================
[*] STARTING NEW DOMAIN: https://yeakubpur.feni.gov.bd
==================================================
[+] Domain exhausted. Finishing up: https://yeakubpur.feni.gov.bd
==================================================
[*] STARTING NEW DOMAIN: https://youth.delduar.tangail.gov.bd
==================================================
[+] Domain exhausted. Finishing up: https://youth.delduar.tangail.gov.bd
==================================================
[*] STARTING NEW DOMAIN: https://deb138925.dhakaeducationboard.gov.bd
==================================================
[+] Domain exhausted. Finishing up: https://deb138925.dhakaeducationboard.gov.bd
==================================================
[*] STARTING NEW DOMAIN: https://youth.kalai.joypurhat.gov.bd
==================================================
[+] Domain exhausted. Finishing up: https://youth.kalai.joypurhat.gov.bd
==================================================
[*] STARTING NEW DOMAIN: https://youth.khagrachhari.gov.bd
==================================================
[+] Domain exhausted. Finishing up: https://youth.khagrachhari.gov.bd
==================================================
[*] STARTING NEW DOMAIN: https://tsc.narail.gov.bd
==================================================
[+] Domain exhausted. Finishing up: https://tsc.narail.gov.bd
==================================================
[*] STARTING NEW DOMAIN: https://rdo.barisaldiv.gov.bd
==================================================
[+] Domain exhausted. Finishing up: https://rdo.barisaldiv.gov.bd
==================================================
[*] STARTING NEW DOMAIN: https://deb138943.dhakaeducationboard.gov.bd
==================================================
[+] Domain exhausted. Finishing up: https://deb138943.dhakaeducationboard.gov.bd
==================================================
[*] STARTING NEW DOMAIN: https://deb190154.dhakaeducationboard.gov.bd
==================================================
[+] Domain exhausted. Finishing up: https://deb190154.dhakaeducationboard.gov.bd
==================================================
[*] STARTING NEW DOMAIN: https://deb139890.dhakaeducationboard.gov.bd
==================================================
[+] Domain exhausted. Finishing up: https://deb139890.dhakaeducationboard.gov.bd
==================================================
[*] STARTING NEW DOMAIN: https://zpsatkhira.gov.bd
==================================================
[+] Domain exhausted. Finishing up: https://zpsatkhira.gov.bd
==================================================
[*] STARTING NEW DOMAIN: https://zso.kaliganj.satkhira.gov.bd
==================================================
[+] Domain exhausted. Finishing up: https://zso.kaliganj.satkhira.gov.bd
==================================================
[*] STARTING NEW DOMAIN: https://deo.barhatta.netrokona.gov.bd
==================================================
[+] Domain exhausted. Finishing up: https://deo.barhatta.netrokona.gov.bd
==================================================
[*] STARTING NEW DOMAIN: https://zso.pabna.gov.bd
==================================================
[+] Domain exhausted. Finishing up: https://zso.pabna.gov.bd
==================================================
[*] STARTING NEW DOMAIN: http://cooperative.pirgonj.rangpur.gov.bd
==================================================
[+] Domain exhausted. Finishing up: http://cooperative.pirgonj.rangpur.gov.bd
==================================================
[*] STARTING NEW DOMAIN: https://tamabil.blpa.gov.bd
==================================================
[+] Domain exhausted. Finishing up: https://tamabil.blpa.gov.bd
==================================================
[*] STARTING NEW DOMAIN: https://deo.gangachara.rangpur.gov.bd
==================================================
[+] Domain exhausted. Finishing up: https://deo.gangachara.rangpur.gov.bd
==================================================
[*] STARTING NEW DOMAIN: http://deb113427.dhakaeducationboard.gov.bd
==================================================
[+] Domain exhausted. Finishing up: http://deb113427.dhakaeducationboard.gov.bd
==================================================
[*] STARTING NEW DOMAIN: http://deb110400.dhakaeducationboard.gov.bd
==================================================
[+] Domain exhausted. Finishing up: http://deb110400.dhakaeducationboard.gov.bd
==================================================
[*] STARTING NEW DOMAIN: https://sataraabbastechnicalandbmcollege.jessoreboard.gov.bd
==================================================
[+] Domain exhausted. Finishing up: https://sataraabbastechnicalandbmcollege.jessoreboard.gov.bd
==================================================
[*] STARTING NEW DOMAIN: https://desa.portal.gov.bd
==================================================
[+] Domain exhausted. Finishing up: https://desa.portal.gov.bd
==================================================
[*] STARTING NEW DOMAIN: https://shurasecondaryschool.jessoreboard.gov.bd
==================================================
[+] Domain exhausted. Finishing up: https://shurasecondaryschool.jessoreboard.gov.bd
==================================================
[*] STARTING NEW DOMAIN: https://dhansagarpallimangalsecondaryschool.jessoreboard.gov.bd
==================================================
[+] Domain exhausted. Finishing up: https://dhansagarpallimangalsecondaryschool.jessoreboard.gov.bd
==================================================
[*] STARTING NEW DOMAIN: https://singasholpurup.narail.gov.bd
==================================================
[+] Domain exhausted. Finishing up: https://singasholpurup.narail.gov.bd
==================================================
[*] STARTING NEW DOMAIN: https://totthoapa.shalikha.magura.gov.bd
==================================================
[+] Domain exhausted. Finishing up: https://totthoapa.shalikha.magura.gov.bd
==================================================
[*] STARTING NEW DOMAIN: https://digholia.khulna.gov.bd
==================================================
[+] Domain exhausted. Finishing up: https://digholia.khulna.gov.bd
==================================================
[*] STARTING NEW DOMAIN: https://tsc.naogaon.gov.bd
==================================================
[+] Domain exhausted. Finishing up: https://tsc.naogaon.gov.bd
==================================================
[*] STARTING NEW DOMAIN: https://barisalboard.gov.bd
==================================================
[+] Domain exhausted. Finishing up: https://barisalboard.gov.bd
==================================================
[*] STARTING NEW DOMAIN: https://sr.kotchandpur.jhenaidah.gov.bd
==================================================
[+] Domain exhausted. Finishing up: https://sr.kotchandpur.jhenaidah.gov.bd
==================================================
[*] STARTING NEW DOMAIN: https://ucdo.feni.gov.bd
==================================================
[+] Domain exhausted. Finishing up: https://ucdo.feni.gov.bd
==================================================
[*] STARTING NEW DOMAIN: https://dls.gior.manikganj.gov.bd
==================================================
[+] Domain exhausted. Finishing up: https://dls.gior.manikganj.gov.bd
==================================================
[*] STARTING NEW DOMAIN: https://dls.gomostapur.chapainawabganj.gov.bd
==================================================
[+] Domain exhausted. Finishing up: https://dls.gomostapur.chapainawabganj.gov.bd
==================================================
[*] STARTING NEW DOMAIN: https://dls.madhukhali.faridpur.gov.bd
==================================================
[+] Domain exhausted. Finishing up: https://dls.madhukhali.faridpur.gov.bd
==================================================
[*] STARTING NEW DOMAIN: https://dls.madhupur.tangail.gov.bd
==================================================
[+] Domain exhausted. Finishing up: https://dls.madhupur.tangail.gov.bd
==================================================
[*] STARTING NEW DOMAIN: https://ukhiya.coxsbazar.gov.bd
==================================================
[+] Domain exhausted. Finishing up: https://ukhiya.coxsbazar.gov.bd
==================================================
[*] STARTING NEW DOMAIN: https://dls.sadar.madaripur.gov.bd
==================================================
[+] Domain exhausted. Finishing up: https://dls.sadar.madaripur.gov.bd
==================================================
[*] STARTING NEW DOMAIN: https://bbs.pabnasadar.pabna.gov.bd
==================================================
[+] Domain exhausted. Finishing up: https://bbs.pabnasadar.pabna.gov.bd
==================================================
[*] STARTING NEW DOMAIN: https://dncrp.rajshahi.gov.bd
==================================================
[+] Domain exhausted. Finishing up: https://dncrp.rajshahi.gov.bd
==================================================
[*] STARTING NEW DOMAIN: https://doe.barisal.gov.bd
==================================================
[+] Domain exhausted. Finishing up: https://doe.barisal.gov.bd
==================================================
[*] STARTING NEW DOMAIN: https://mohajonpursecondaryschool.jessoreboard.gov.bd
==================================================
[+] Domain exhausted. Finishing up: https://mohajonpursecondaryschool.jessoreboard.gov.bd
==================================================
[*] STARTING NEW DOMAIN: https://natunbazarunitedjuniorhighschool.jessoreboard.gov.bd
==================================================
[+] Domain exhausted. Finishing up: https://natunbazarunitedjuniorhighschool.jessoreboard.gov.bd
==================================================
[*] STARTING NEW DOMAIN: https://doict.chittagong.gov.bd
==================================================
[+] Domain exhausted. Finishing up: https://doict.chittagong.gov.bd
==================================================
[*] STARTING NEW DOMAIN: https://doict.dasar.madaripur.gov.bd
==================================================
[+] Domain exhausted. Finishing up: https://doict.dasar.madaripur.gov.bd
==================================================
[*] STARTING NEW DOMAIN: https://bhuapur.tangail.gov.bd
==================================================
[+] Domain exhausted. Finishing up: https://bhuapur.tangail.gov.bd
==================================================
[*] STARTING NEW DOMAIN: https://doict.haluaghat.mymensingh.gov.bd
==================================================
[+] Domain exhausted. Finishing up: https://doict.haluaghat.mymensingh.gov.bd
==================================================
[*] STARTING NEW DOMAIN: https://urc.nangalkot.comilla.gov.bd
==================================================
[+] Domain exhausted. Finishing up: https://urc.nangalkot.comilla.gov.bd
==================================================
[*] STARTING NEW DOMAIN: https://doict.panchagarh.gov.bd
==================================================
[+] Domain exhausted. Finishing up: https://doict.panchagarh.gov.bd
==================================================
[*] STARTING NEW DOMAIN: https://blri.faridpur.gov.bd
==================================================
[+] Domain exhausted. Finishing up: https://blri.faridpur.gov.bd
==================================================
[*] STARTING NEW DOMAIN: https://bnfe.manikganj.gov.bd
==================================================
[+] Domain exhausted. Finishing up: https://bnfe.manikganj.gov.bd
==================================================
[*] STARTING NEW DOMAIN: https://dot.narsingdi.gov.bd
==================================================
[+] Domain exhausted. Finishing up: https://dot.narsingdi.gov.bd
==================================================
[*] STARTING NEW DOMAIN: https://betar.gov.bd
==================================================
[+] Domain exhausted. Finishing up: https://betar.gov.bd
==================================================
[*] STARTING NEW DOMAIN: https://dpe.panchari.khagrachhari.gov.bd
==================================================
[+] Domain exhausted. Finishing up: https://dpe.panchari.khagrachhari.gov.bd
==================================================
[*] STARTING NEW DOMAIN: https://biwta.narayanganj.gov.bd
==================================================
[+] Domain exhausted. Finishing up: https://biwta.narayanganj.gov.bd
==================================================
[*] STARTING NEW DOMAIN: https://dpe.nabiganj.habiganj.gov.bd
==================================================
[+] Domain exhausted. Finishing up: https://dpe.nabiganj.habiganj.gov.bd
==================================================
[*] STARTING NEW DOMAIN: https://bscic.patuakhali.gov.bd
==================================================
[+] Domain exhausted. Finishing up: https://bscic.patuakhali.gov.bd
==================================================
[*] STARTING NEW DOMAIN: https://bmp.gov.bd
==================================================
[+] Domain exhausted. Finishing up: https://bmp.gov.bd
==================================================
[*] STARTING NEW DOMAIN: https://dphe.manirampur.jessore.gov.bd
==================================================
[+] Domain exhausted. Finishing up: https://dphe.manirampur.jessore.gov.bd
==================================================
[*] STARTING NEW DOMAIN: https://bnfe.sherpur.gov.bd
==================================================
[+] Domain exhausted. Finishing up: https://bnfe.sherpur.gov.bd
==================================================
[*] STARTING NEW DOMAIN: https://sebasanghagirlshighschool.jessoreboard.gov.bd
==================================================
[+] Domain exhausted. Finishing up: https://sebasanghagirlshighschool.jessoreboard.gov.bd
==================================================
[*] STARTING NEW DOMAIN: https://roc.gov.bd
==================================================
[+] Domain exhausted. Finishing up: https://roc.gov.bd
==================================================
[*] STARTING NEW DOMAIN: https://btri.bcsir.gov.bd
==================================================
[+] Domain exhausted. Finishing up: https://btri.bcsir.gov.bd
==================================================
[*] STARTING NEW DOMAIN: https://bhotmariup.lalmonirhat.gov.bd
==================================================
[+] Domain exhausted. Finishing up: https://bhotmariup.lalmonirhat.gov.bd
==================================================
[*] STARTING NEW DOMAIN: https://bsti.rajshahi.gov.bd
==================================================
[+] Domain exhausted. Finishing up: https://bsti.rajshahi.gov.bd
==================================================
[*] STARTING NEW DOMAIN: https://ds.gov.bd
==================================================
[+] Domain exhausted. Finishing up: https://ds.gov.bd
==================================================
[*] STARTING NEW DOMAIN: https://dss.akkelpur.joypurhat.gov.bd
==================================================
[+] Domain exhausted. Finishing up: https://dss.akkelpur.joypurhat.gov.bd
==================================================
[*] STARTING NEW DOMAIN: https://dshe.mymensinghdiv.gov.bd
==================================================
[+] Domain exhausted. Finishing up: https://dshe.mymensinghdiv.gov.bd
==================================================
[*] STARTING NEW DOMAIN: https://dss.hatia.noakhali.gov.bd
==================================================
[+] Domain exhausted. Finishing up: https://dss.hatia.noakhali.gov.bd
==================================================
[*] STARTING NEW DOMAIN: https://dss.nalchity.jhalakathi.gov.bd
==================================================
[+] Domain exhausted. Finishing up: https://dss.nalchity.jhalakathi.gov.bd
==================================================
[*] STARTING NEW DOMAIN: https://dss.kushtia.gov.bd
==================================================
[+] Domain exhausted. Finishing up: https://dss.kushtia.gov.bd
==================================================
[*] STARTING NEW DOMAIN: https://dvh.narsingdi.gov.bd
==================================================
[+] Domain exhausted. Finishing up: https://dvh.narsingdi.gov.bd
==================================================
[*] STARTING NEW DOMAIN: https://durbacharasecondaryschool.jessoreboard.gov.bd
==================================================
[+] Domain exhausted. Finishing up: https://durbacharasecondaryschool.jessoreboard.gov.bd
==================================================
[*] STARTING NEW DOMAIN: https://dwa.gouripur.mymensingh.gov.bd
==================================================
[+] Domain exhausted. Finishing up: https://dwa.gouripur.mymensingh.gov.bd
==================================================
[*] STARTING NEW DOMAIN: https://dwa.khagrachhari.gov.bd
==================================================
[+] Domain exhausted. Finishing up: https://dwa.khagrachhari.gov.bd
==================================================
[*] STARTING NEW DOMAIN: https://dwa.monohardi.narsingdi.gov.bd
==================================================
[+] Domain exhausted. Finishing up: https://dwa.monohardi.narsingdi.gov.bd
==================================================
[*] STARTING NEW DOMAIN: https://ebailbond.judiciary.gov.bd
==================================================
[+] Domain exhausted. Finishing up: https://ebailbond.judiciary.gov.bd
==================================================
[*] STARTING NEW DOMAIN: https://dwa.thakurgaonsadar.thakurgaon.gov.bd
==================================================
[+] Domain exhausted. Finishing up: https://dwa.thakurgaonsadar.thakurgaon.gov.bd
==================================================
[*] STARTING NEW DOMAIN: https://ebek.nabinagar.brahmanbaria.gov.bd
==================================================
[+] Domain exhausted. Finishing up: https://ebek.nabinagar.brahmanbaria.gov.bd
==================================================
[*] STARTING NEW DOMAIN: https://ec.nageshwari.kurigram.gov.bd
==================================================
[+] Domain exhausted. Finishing up: https://ec.nageshwari.kurigram.gov.bd
==================================================
[*] STARTING NEW DOMAIN: https://ec.mymensinghsadar.mymensingh.gov.bd
==================================================
[+] Domain exhausted. Finishing up: https://ec.mymensinghsadar.mymensingh.gov.bd
==================================================
[*] STARTING NEW DOMAIN: https://ec.mithamoin.kishoreganj.gov.bd
==================================================
[+] Domain exhausted. Finishing up: https://ec.mithamoin.kishoreganj.gov.bd
==================================================
[*] STARTING NEW DOMAIN: https://ec.sadar.noakhali.gov.bd
==================================================
[+] Domain exhausted. Finishing up: https://ec.sadar.noakhali.gov.bd
==================================================
[*] STARTING NEW DOMAIN: https://eed.basail.tangail.gov.bd
==================================================
[+] Domain exhausted. Finishing up: https://eed.basail.tangail.gov.bd
==================================================
[*] STARTING NEW DOMAIN: https://eed.kutubdia.coxsbazar.gov.bd
==================================================
[+] Domain exhausted. Finishing up: https://eed.kutubdia.coxsbazar.gov.bd
==================================================
[*] STARTING NEW DOMAIN: https://emobile.ecourt.gov.bd
==================================================
[+] Domain exhausted. Finishing up: https://emobile.ecourt.gov.bd
==================================================
[*] STARTING NEW DOMAIN: https://faruaup.rangamati.gov.bd
==================================================
[+] Domain exhausted. Finishing up: https://faruaup.rangamati.gov.bd
==================================================
[*] STARTING NEW DOMAIN: https://urc.matlabnorth.chandpur.gov.bd
==================================================
[+] Domain exhausted. Finishing up: https://urc.matlabnorth.chandpur.gov.bd
==================================================
[*] STARTING NEW DOMAIN: https://fireservice.bancharampur.brahmanbaria.gov.bd
==================================================
[+] Domain exhausted. Finishing up: https://fireservice.bancharampur.brahmanbaria.gov.bd
==================================================
[*] STARTING NEW DOMAIN: https://fireservice.balaganj.sylhet.gov.bd
==================================================
[+] Domain exhausted. Finishing up: https://fireservice.balaganj.sylhet.gov.bd
==================================================
[*] STARTING NEW DOMAIN: http://ansarvdp.rajapur.jhalakathi.gov.bd
==================================================
[+] Domain exhausted. Finishing up: http://ansarvdp.rajapur.jhalakathi.gov.bd
==================================================
[*] STARTING NEW DOMAIN: https://fireservice.parshuram.feni.gov.bd
==================================================
[+] Domain exhausted. Finishing up: https://fireservice.parshuram.feni.gov.bd
==================================================
[*] STARTING NEW DOMAIN: https://fireservice.sadar.gopalganj.gov.bd
==================================================
[+] Domain exhausted. Finishing up: https://fireservice.sadar.gopalganj.gov.bd
==================================================
[*] STARTING NEW DOMAIN: https://youth.comillasadar.comilla.gov.bd
==================================================
[+] Domain exhausted. Finishing up: https://youth.comillasadar.comilla.gov.bd
==================================================
[*] STARTING NEW DOMAIN: https://fisheries.daulatpur.kushtia.gov.bd
==================================================
[+] Domain exhausted. Finishing up: https://fisheries.daulatpur.kushtia.gov.bd
==================================================
[*] STARTING NEW DOMAIN: https://fisheries.rupganj.narayanganj.gov.bd
==================================================
[+] Domain exhausted. Finishing up: https://fisheries.rupganj.narayanganj.gov.bd
==================================================
[*] STARTING NEW DOMAIN: http://deb107958.dhakaeducationboard.gov.bd
==================================================
[+] Domain exhausted. Finishing up: http://deb107958.dhakaeducationboard.gov.bd
==================================================
[*] STARTING NEW DOMAIN: https://food.boalkhali.chittagong.gov.bd
==================================================
[+] Domain exhausted. Finishing up: https://food.boalkhali.chittagong.gov.bd
==================================================
[*] STARTING NEW DOMAIN: https://fisheries.tazumuddin.bhola.gov.bd
==================================================
[+] Domain exhausted. Finishing up: https://fisheries.tazumuddin.bhola.gov.bd
==================================================
[*] STARTING NEW DOMAIN: http://deb109214.dhakaeducationboard.gov.bd
==================================================
[+] Domain exhausted. Finishing up: http://deb109214.dhakaeducationboard.gov.bd
==================================================
[*] STARTING NEW DOMAIN: https://zp.gopalganj.gov.bd
==================================================
[+] Domain exhausted. Finishing up: https://zp.gopalganj.gov.bd
==================================================
[*] STARTING NEW DOMAIN: https://food.patgram.lalmonirhat.gov.bd
==================================================
[+] Domain exhausted. Finishing up: https://food.patgram.lalmonirhat.gov.bd
==================================================
[*] STARTING NEW DOMAIN: https://food.mongla.bagerhat.gov.bd
==================================================
[+] Domain exhausted. Finishing up: https://food.mongla.bagerhat.gov.bd
==================================================
[*] STARTING NEW DOMAIN: https://forest.matiranga.khagrachhari.gov.bd
==================================================
[+] Domain exhausted. Finishing up: https://forest.matiranga.khagrachhari.gov.bd
==================================================
[*] STARTING NEW DOMAIN: https://forest.chittagongdiv.gov.bd
==================================================
[+] Domain exhausted. Finishing up: https://forest.chittagongdiv.gov.bd
==================================================
[*] STARTING NEW DOMAIN: http://deb113585.dhakaeducationboard.gov.bd
==================================================
[+] Domain exhausted. Finishing up: http://deb113585.dhakaeducationboard.gov.bd
==================================================
[*] STARTING NEW DOMAIN: https://forest.sapahar.naogaon.gov.bd
==================================================
[+] Domain exhausted. Finishing up: https://forest.sapahar.naogaon.gov.bd
==================================================
[*] STARTING NEW DOMAIN: https://fpo.kuliarchar.kishoreganj.gov.bd
==================================================
[+] Domain exhausted. Finishing up: https://fpo.kuliarchar.kishoreganj.gov.bd
==================================================
[*] STARTING NEW DOMAIN: https://shishuacademy.chuadanga.gov.bd
==================================================
[+] Domain exhausted. Finishing up: https://shishuacademy.chuadanga.gov.bd
==================================================
[*] STARTING NEW DOMAIN: https://fpo.shahrasti.chandpur.gov.bd
==================================================
[+] Domain exhausted. Finishing up: https://fpo.shahrasti.chandpur.gov.bd
==================================================
[*] STARTING NEW DOMAIN: https://fpo.sherpur.bogra.gov.bd
==================================================
[+] Domain exhausted. Finishing up: https://fpo.sherpur.bogra.gov.bd
==================================================
[*] STARTING NEW DOMAIN: https://galaup.manikganj.gov.bd
==================================================
[+] Domain exhausted. Finishing up: https://galaup.manikganj.gov.bd
==================================================
[*] STARTING NEW DOMAIN: https://gazariaup.gaibandha.gov.bd
==================================================
[+] Domain exhausted. Finishing up: https://gazariaup.gaibandha.gov.bd
==================================================
[*] STARTING NEW DOMAIN: https://godagari.rajshahi.gov.bd
==================================================
[+] Domain exhausted. Finishing up: https://godagari.rajshahi.gov.bd
==================================================
[*] STARTING NEW DOMAIN: https://gohatsouthup.chandpur.gov.bd
==================================================
[+] Domain exhausted. Finishing up: https://gohatsouthup.chandpur.gov.bd
==================================================
[*] STARTING NEW DOMAIN: https://hcrc.kishoreganj.gov.bd
==================================================
[+] Domain exhausted. Finishing up: https://hcrc.kishoreganj.gov.bd
==================================================
[*] STARTING NEW DOMAIN: https://hazipurup.magura.gov.bd
==================================================
[+] Domain exhausted. Finishing up: https://hazipurup.magura.gov.bd
==================================================
[*] STARTING NEW DOMAIN: https://health.kashiani.gopalganj.gov.bd
==================================================
[+] Domain exhausted. Finishing up: https://health.kashiani.gopalganj.gov.bd
==================================================
[*] STARTING NEW DOMAIN: https://health.kanaighat.sylhet.gov.bd
==================================================
[+] Domain exhausted. Finishing up: https://health.kanaighat.sylhet.gov.bd
==================================================
[*] STARTING NEW DOMAIN: https://spiceresearch.magura.gov.bd
==================================================
[+] Domain exhausted. Finishing up: https://spiceresearch.magura.gov.bd
==================================================
[*] STARTING NEW DOMAIN: https://health.sujanagar.pabna.gov.bd
==================================================
[+] Domain exhausted. Finishing up: https://health.sujanagar.pabna.gov.bd
==================================================
[*] STARTING NEW DOMAIN: https://hogoldangacollege.jessoreboard.gov.bd
==================================================
[+] Domain exhausted. Finishing up: https://hogoldangacollege.jessoreboard.gov.bd
==================================================
[*] STARTING NEW DOMAIN: https://sr.fakirhat.bagerhat.gov.bd
==================================================
[+] Domain exhausted. Finishing up: https://sr.fakirhat.bagerhat.gov.bd
==================================================
[*] STARTING NEW DOMAIN: https://info.dinajpur.gov.bd
==================================================
[+] Domain exhausted. Finishing up: https://info.dinajpur.gov.bd
==================================================
[*] STARTING NEW DOMAIN: https://info.pabna.gov.bd
==================================================
[+] Domain exhausted. Finishing up: https://info.pabna.gov.bd
==================================================
[*] STARTING NEW DOMAIN: https://sr.habiganjsadar.habiganj.gov.bd
==================================================
[+] Domain exhausted. Finishing up: https://sr.habiganjsadar.habiganj.gov.bd
==================================================
[*] STARTING NEW DOMAIN: https://jamgaonup.bogra.gov.bd
==================================================
[+] Domain exhausted. Finishing up: https://jamgaonup.bogra.gov.bd
==================================================
[*] STARTING NEW DOMAIN: https://jibannagaradarshamohilacollege.jessoreboard.gov.bd
==================================================
[+] Domain exhausted. Finishing up: https://jibannagaradarshamohilacollege.jessoreboard.gov.bd
==================================================
[*] STARTING NEW DOMAIN: https://jhenidahgovtsecondarygirlsschool.jessoreboard.gov.bd
==================================================
[+] Domain exhausted. Finishing up: https://jhenidahgovtsecondarygirlsschool.jessoreboard.gov.bd
==================================================
[*] STARTING NEW DOMAIN: https://kadirjangalup.kishoreganj.gov.bd
==================================================
[+] Domain exhausted. Finishing up: https://kadirjangalup.kishoreganj.gov.bd
==================================================
[*] STARTING NEW DOMAIN: https://kalikapurup.patuakhali.gov.bd
==================================================
[+] Domain exhausted. Finishing up: https://kalikapurup.patuakhali.gov.bd
==================================================
[*] STARTING NEW DOMAIN: https://sr.sadar.gopalganj.gov.bd
==================================================
[+] Domain exhausted. Finishing up: https://sr.sadar.gopalganj.gov.bd
==================================================
[*] STARTING NEW DOMAIN: https://kapaliasecondaryschool.jessoreboard.gov.bd
==================================================
[+] Domain exhausted. Finishing up: https://kapaliasecondaryschool.jessoreboard.gov.bd
==================================================
[*] STARTING NEW DOMAIN: https://khdc.gov.bd
==================================================
[+] Domain exhausted. Finishing up: https://khdc.gov.bd
==================================================
[*] STARTING NEW DOMAIN: https://ldtax-portal-stage.land.gov.bd
==================================================
[+] Domain exhausted. Finishing up: https://ldtax-portal-stage.land.gov.bd
==================================================
[*] STARTING NEW DOMAIN: https://suchiparasouthup.chandpur.gov.bd
==================================================
[+] Domain exhausted. Finishing up: https://suchiparasouthup.chandpur.gov.bd
==================================================
[*] STARTING NEW DOMAIN: https://lged.alfadanga.faridpur.gov.bd
==================================================
[+] Domain exhausted. Finishing up: https://lged.alfadanga.faridpur.gov.bd
==================================================
[*] STARTING NEW DOMAIN: https://lged.banaripara.barisal.gov.bd
==================================================
[+] Domain exhausted. Finishing up: https://lged.banaripara.barisal.gov.bd
==================================================
[*] STARTING NEW DOMAIN: https://tax.dhakadiv.gov.bd
==================================================
[+] Domain exhausted. Finishing up: https://tax.dhakadiv.gov.bd
==================================================
[*] STARTING NEW DOMAIN: https://lged.sadar.pirojpur.gov.bd
==================================================
[+] Domain exhausted. Finishing up: https://lged.sadar.pirojpur.gov.bd
==================================================
[*] STARTING NEW DOMAIN: https://lged.shalikha.magura.gov.bd
==================================================
[+] Domain exhausted. Finishing up: https://lged.shalikha.magura.gov.bd
==================================================
[*] STARTING NEW DOMAIN: https://lged.savar.dhaka.gov.bd
==================================================
[+] Domain exhausted. Finishing up: https://lged.savar.dhaka.gov.bd
==================================================
[*] STARTING NEW DOMAIN: https://lri.portal.gov.bd
==================================================
[+] Domain exhausted. Finishing up: https://lri.portal.gov.bd
==================================================
[*] STARTING NEW DOMAIN: https://mail.bmdf.gov.bd
==================================================
[+] Domain exhausted. Finishing up: https://mail.bmdf.gov.bd
==================================================
[*] STARTING NEW DOMAIN: https://madhukhali.faridpur.gov.bd
==================================================
[+] Domain exhausted. Finishing up: https://madhukhali.faridpur.gov.bd
==================================================
[*] STARTING NEW DOMAIN: https://makhaldangadinonathpursecondaryschool.jessoreboard.gov.bd
==================================================
[+] Domain exhausted. Finishing up: https://makhaldangadinonathpursecondaryschool.jessoreboard.gov.bd
==================================================
[*] STARTING NEW DOMAIN: https://totthoapa.dumki.patuakhali.gov.bd
==================================================
[+] Domain exhausted. Finishing up: https://totthoapa.dumki.patuakhali.gov.bd
==================================================
[*] STARTING NEW DOMAIN: https://mieebadc.rangpur.gov.bd
==================================================
[+] Domain exhausted. Finishing up: https://mieebadc.rangpur.gov.bd
==================================================
[*] STARTING NEW DOMAIN: https://milanisecondaryschool.jessoreboard.gov.bd
==================================================
[+] Domain exhausted. Finishing up: https://milanisecondaryschool.jessoreboard.gov.bd
==================================================
[*] STARTING NEW DOMAIN: https://totthoapa.sadar.faridpur.gov.bd
==================================================
[+] Domain exhausted. Finishing up: https://totthoapa.sadar.faridpur.gov.bd
==================================================
[*] STARTING NEW DOMAIN: https://mohonpurup.sunamganj.gov.bd
==================================================
[+] Domain exhausted. Finishing up: https://mohonpurup.sunamganj.gov.bd
==================================================
[*] STARTING NEW DOMAIN: https://nachnaparaup.barguna.gov.bd
==================================================
[+] Domain exhausted. Finishing up: https://nachnaparaup.barguna.gov.bd
==================================================
[*] STARTING NEW DOMAIN: https://mymensingh.ccie.gov.bd
==================================================
[+] Domain exhausted. Finishing up: https://mymensingh.ccie.gov.bd
==================================================
[*] STARTING NEW DOMAIN: https://nengisecondaryschool.jessoreboard.gov.bd
==================================================
[+] Domain exhausted. Finishing up: https://nengisecondaryschool.jessoreboard.gov.bd
==================================================
[*] STARTING NEW DOMAIN: https://nbjsecondaryschool.jessoreboard.gov.bd
==================================================
[+] Domain exhausted. Finishing up: https://nbjsecondaryschool.jessoreboard.gov.bd
==================================================
[*] STARTING NEW DOMAIN: https://noltonaup.barguna.gov.bd
==================================================
[+] Domain exhausted. Finishing up: https://noltonaup.barguna.gov.bd
==================================================
[*] STARTING NEW DOMAIN: https://nizampursecondaryschool.jessoreboard.gov.bd
==================================================
[+] Domain exhausted. Finishing up: https://nizampursecondaryschool.jessoreboard.gov.bd
==================================================
[*] STARTING NEW DOMAIN: https://sr.singiar.manikganj.gov.bd
==================================================
[+] Domain exhausted. Finishing up: https://sr.singiar.manikganj.gov.bd
==================================================
[*] STARTING NEW DOMAIN: https://orgbdr.portal.gov.bd
==================================================
[+] Domain exhausted. Finishing up: https://orgbdr.portal.gov.bd
==================================================
[*] STARTING NEW DOMAIN: https://sspb.kishoreganj.gov.bd
==================================================
[+] Domain exhausted. Finishing up: https://sspb.kishoreganj.gov.bd
==================================================
[*] STARTING NEW DOMAIN: https://telecom.police.gov.bd
==================================================
[+] Domain exhausted. Finishing up: https://telecom.police.gov.bd
==================================================
[*] STARTING NEW DOMAIN: https://tsc.nilphamari.gov.bd
==================================================
[+] Domain exhausted. Finishing up: https://tsc.nilphamari.gov.bd
==================================================
[*] STARTING NEW DOMAIN: https://pio.sandwip.chittagong.gov.bd
==================================================
[+] Domain exhausted. Finishing up: https://pio.sandwip.chittagong.gov.bd
==================================================
[*] STARTING NEW DOMAIN: https://pio.pabnasadar.pabna.gov.bd
==================================================
[+] Domain exhausted. Finishing up: https://pio.pabnasadar.pabna.gov.bd
==================================================
[*] STARTING NEW DOMAIN: https://police.companiganj.noakhali.gov.bd
==================================================
[+] Domain exhausted. Finishing up: https://police.companiganj.noakhali.gov.bd
==================================================
[*] STARTING NEW DOMAIN: https://police.bhola.gov.bd
==================================================
[+] Domain exhausted. Finishing up: https://police.bhola.gov.bd
==================================================
[*] STARTING NEW DOMAIN: https://police.kaliganj.satkhira.gov.bd
==================================================
[+] Domain exhausted. Finishing up: https://police.kaliganj.satkhira.gov.bd
==================================================
[*] STARTING NEW DOMAIN: https://police.kushtia.gov.bd
==================================================
[+] Domain exhausted. Finishing up: https://police.kushtia.gov.bd
==================================================
[*] STARTING NEW DOMAIN: https://police.sreepur.gazipur.gov.bd
==================================================
[+] Domain exhausted. Finishing up: https://police.sreepur.gazipur.gov.bd
==================================================
[*] STARTING NEW DOMAIN: https://post.chauddagram.comilla.gov.bd
==================================================
[+] Domain exhausted. Finishing up: https://post.chauddagram.comilla.gov.bd
==================================================
[*] STARTING NEW DOMAIN: https://post.bhola.gov.bd
==================================================
[+] Domain exhausted. Finishing up: https://post.bhola.gov.bd
==================================================
[*] STARTING NEW DOMAIN: https://post.sreepur.gazipur.gov.bd
==================================================
[+] Domain exhausted. Finishing up: https://post.sreepur.gazipur.gov.bd
==================================================
[*] STARTING NEW DOMAIN: https://post.sharsha.jessore.gov.bd
==================================================
[+] Domain exhausted. Finishing up: https://post.sharsha.jessore.gov.bd
==================================================
[*] STARTING NEW DOMAIN: https://pozip.nachol.chapainawabganj.gov.bd
==================================================
[+] Domain exhausted. Finishing up: https://pozip.nachol.chapainawabganj.gov.bd
==================================================
[*] STARTING NEW DOMAIN: https://psb.gior.manikganj.gov.bd
==================================================
[+] Domain exhausted. Finishing up: https://psb.gior.manikganj.gov.bd
==================================================
[*] STARTING NEW DOMAIN: https://psb.fulbari.dinajpur.gov.bd
==================================================
[+] Domain exhausted. Finishing up: https://psb.fulbari.dinajpur.gov.bd
==================================================
[*] STARTING NEW DOMAIN: https://publiclibrary.panchagarh.gov.bd
==================================================
[+] Domain exhausted. Finishing up: https://publiclibrary.panchagarh.gov.bd
==================================================
[*] STARTING NEW DOMAIN: https://publiclibrary.kurigram.gov.bd
==================================================
[+] Domain exhausted. Finishing up: https://publiclibrary.kurigram.gov.bd
==================================================
[*] STARTING NEW DOMAIN: https://rafinagarup.sunamganj.gov.bd
==================================================
[+] Domain exhausted. Finishing up: https://rafinagarup.sunamganj.gov.bd
==================================================
[*] STARTING NEW DOMAIN: https://rajarkulup.coxsbazar.gov.bd
==================================================
[+] Domain exhausted. Finishing up: https://rajarkulup.coxsbazar.gov.bd
==================================================
[*] STARTING NEW DOMAIN: https://ranajitpursecondaryschoolkushtiasadar.jessoreboard.gov.bd
==================================================
[+] Domain exhausted. Finishing up: https://ranajitpursecondaryschoolkushtiasadar.jessoreboard.gov.bd
==================================================
[*] STARTING NEW DOMAIN: https://revpaulssecondaryschool.jessoreboard.gov.bd
==================================================
[+] Domain exhausted. Finishing up: https://revpaulssecondaryschool.jessoreboard.gov.bd
==================================================
[*] STARTING NEW DOMAIN: https://rhd.bandarban.gov.bd
==================================================
[+] Domain exhausted. Finishing up: https://rhd.bandarban.gov.bd
==================================================
[*] STARTING NEW DOMAIN: https://rlsrdi.tangail.gov.bd
==================================================
[+] Domain exhausted. Finishing up: https://rlsrdi.tangail.gov.bd
==================================================
[*] STARTING NEW DOMAIN: https://rsca.barisaldiv.gov.bd
==================================================
[+] Domain exhausted. Finishing up: https://rsca.barisaldiv.gov.bd
==================================================
[*] STARTING NEW DOMAIN: https://bbrnsunitedsecondaryschool.jessoreboard.gov.bd
==================================================
[+] Domain exhausted. Finishing up: https://bbrnsunitedsecondaryschool.jessoreboard.gov.bd
==================================================
[*] STARTING NEW DOMAIN: https://acl.kaliganj.jhenaidah.gov.bd
==================================================
[+] Domain exhausted. Finishing up: https://acl.kaliganj.jhenaidah.gov.bd
==================================================
[*] STARTING NEW DOMAIN: https://ramjanpurup.madaripur.gov.bd
==================================================
[+] Domain exhausted. Finishing up: https://ramjanpurup.madaripur.gov.bd
==================================================
[*] STARTING NEW DOMAIN: https://bbs.madhupur.tangail.gov.bd
==================================================
[+] Domain exhausted. Finishing up: https://bbs.madhupur.tangail.gov.bd
==================================================
[*] STARTING NEW DOMAIN: https://betar.rangpurdiv.gov.bd
==================================================
[+] Domain exhausted. Finishing up: https://betar.rangpurdiv.gov.bd
==================================================
[*] STARTING NEW DOMAIN: https://bwdb.meherpur.gov.bd
==================================================
[+] Domain exhausted. Finishing up: https://bwdb.meherpur.gov.bd
==================================================
[*] STARTING NEW DOMAIN: https://brdb.sherpur.bogra.gov.bd
==================================================
[+] Domain exhausted. Finishing up: https://brdb.sherpur.bogra.gov.bd
==================================================
[*] STARTING NEW DOMAIN: https://deb113000.dhakaeducationboard.gov.bd
==================================================
[+] Domain exhausted. Finishing up: https://deb113000.dhakaeducationboard.gov.bd
==================================================
[*] STARTING NEW DOMAIN: https://doict.gov.bd
==================================================
[+] Domain exhausted. Finishing up: https://doict.gov.bd
==================================================
[*] STARTING NEW DOMAIN: https://ec.pakundia.kishoreganj.gov.bd
==================================================
[+] Domain exhausted. Finishing up: https://ec.pakundia.kishoreganj.gov.bd
==================================================
[*] STARTING NEW DOMAIN: https://mail.ngoab.gov.bd
==================================================
[+] Domain exhausted. Finishing up: https://mail.ngoab.gov.bd
==================================================
[*] STARTING NEW DOMAIN: https://pollymongoljuniorschool.jessoreboard.gov.bd
==================================================
[+] Domain exhausted. Finishing up: https://pollymongoljuniorschool.jessoreboard.gov.bd
==================================================
[*] STARTING NEW DOMAIN: https://sahasjoykhaligovtprimaryschool.jessoreboard.gov.bd
==================================================
[+] Domain exhausted. Finishing up: https://sahasjoykhaligovtprimaryschool.jessoreboard.gov.bd
==================================================
[*] STARTING NEW DOMAIN: https://ulamoyekhalisecondaryschool.jessoreboard.gov.bd
==================================================
[+] Domain exhausted. Finishing up: https://ulamoyekhalisecondaryschool.jessoreboard.gov.bd
==================================================
[*] STARTING NEW DOMAIN: https://urc.daganbhuiyan.feni.gov.bd
==================================================
[+] Domain exhausted. Finishing up: https://urc.daganbhuiyan.feni.gov.bd
==================================================
[*] STARTING NEW DOMAIN: https://urc.mymensinghsadar.mymensingh.gov.bd
==================================================
[+] Domain exhausted. Finishing up: https://urc.mymensinghsadar.mymensingh.gov.bd
==================================================
[*] STARTING NEW DOMAIN: https://webmail.dgfood.gov.bd
==================================================
[+] Domain exhausted. Finishing up: https://webmail.dgfood.gov.bd
==================================================
[*] STARTING NEW DOMAIN: https://youth.belaichari.rangamati.gov.bd
==================================================
[+] Domain exhausted. Finishing up: https://youth.belaichari.rangamati.gov.bd
==================================================
[*] STARTING NEW DOMAIN: https://youth.faridgonj.chandpur.gov.bd
==================================================
[+] Domain exhausted. Finishing up: https://youth.faridgonj.chandpur.gov.bd
==================================================
[*] STARTING NEW DOMAIN: https://youth.mohadevpur.naogaon.gov.bd
==================================================
[+] Domain exhausted. Finishing up: https://youth.mohadevpur.naogaon.gov.bd
==================================================
[*] STARTING NEW DOMAIN: https://youth.shailkupa.jhenaidah.gov.bd
==================================================
[+] Domain exhausted. Finishing up: https://youth.shailkupa.jhenaidah.gov.bd
==================================================
[*] STARTING NEW DOMAIN: https://zso.bhaluka.mymensingh.gov.bd
==================================================
[+] Domain exhausted. Finishing up: https://zso.bhaluka.mymensingh.gov.bd
==================================================
[*] STARTING NEW DOMAIN: http://barengasammilanibidyapith.jessoreboard.gov.bd
==================================================
[+] Domain exhausted. Finishing up: http://barengasammilanibidyapith.jessoreboard.gov.bd
==================================================
[*] STARTING NEW DOMAIN: http://copenhagen.mofa.gov.bd
==================================================
[+] Domain exhausted. Finishing up: http://copenhagen.mofa.gov.bd
==================================================
[*] STARTING NEW DOMAIN: http://deb110500.dhakaeducationboard.gov.bd
==================================================
[+] Domain exhausted. Finishing up: http://deb110500.dhakaeducationboard.gov.bd
==================================================
[*] STARTING NEW DOMAIN: https://satbariasecondaryschool.jessoreboard.gov.bd
==================================================
[+] Domain exhausted. Finishing up: https://satbariasecondaryschool.jessoreboard.gov.bd
==================================================
[*] STARTING NEW DOMAIN: https://shovanabirazmoyeesecondaryschool.jessoreboard.gov.bd
==================================================
[+] Domain exhausted. Finishing up: https://shovanabirazmoyeesecondaryschool.jessoreboard.gov.bd
==================================================
[*] STARTING NEW DOMAIN: https://smbadc.netrokona.gov.bd
==================================================
[+] Domain exhausted. Finishing up: https://smbadc.netrokona.gov.bd
==================================================
[*] STARTING NEW DOMAIN: https://sonargaonmuseum.gov.bd
==================================================
[+] Domain exhausted. Finishing up: https://sonargaonmuseum.gov.bd
==================================================
[*] STARTING NEW DOMAIN: https://sr.austagram.kishoreganj.gov.bd
==================================================
[+] Domain exhausted. Finishing up: https://sr.austagram.kishoreganj.gov.bd
==================================================
[*] STARTING NEW DOMAIN: https://sr.jhenaigati.sherpur.gov.bd
==================================================
[+] Domain exhausted. Finishing up: https://sr.jhenaigati.sherpur.gov.bd
==================================================
[*] STARTING NEW DOMAIN: https://sr.sadar.manikganj.gov.bd
==================================================
[+] Domain exhausted. Finishing up: https://sr.sadar.manikganj.gov.bd
==================================================
[*] STARTING NEW DOMAIN: https://sreekalasecondaryschool.jessoreboard.gov.bd
==================================================
[+] Domain exhausted. Finishing up: https://sreekalasecondaryschool.jessoreboard.gov.bd
==================================================
[*] STARTING NEW DOMAIN: https://taltali.barguna.gov.bd
==================================================
[+] Domain exhausted. Finishing up: https://taltali.barguna.gov.bd
==================================================
[*] STARTING NEW DOMAIN: https://talondoup.rajshahi.gov.bd
==================================================
[+] Domain exhausted. Finishing up: https://talondoup.rajshahi.gov.bd
==================================================
[*] STARTING NEW DOMAIN: https://taxeszone4dhaka.gov.bd
==================================================
[+] Domain exhausted. Finishing up: https://taxeszone4dhaka.gov.bd
==================================================
[*] STARTING NEW DOMAIN: https://tici.gov.bd
==================================================
[+] Domain exhausted. Finishing up: https://tici.gov.bd
==================================================
[*] STARTING NEW DOMAIN: https://totthoapa.khetlal.joypurhat.gov.bd
==================================================
[+] Domain exhausted. Finishing up: https://totthoapa.khetlal.joypurhat.gov.bd
==================================================
[*] STARTING NEW DOMAIN: https://tsc.rangpur.gov.bd
==================================================
[+] Domain exhausted. Finishing up: https://tsc.rangpur.gov.bd
==================================================
[*] STARTING NEW DOMAIN: https://tscsaltha.faridpur.gov.bd
==================================================
[+] Domain exhausted. Finishing up: https://tscsaltha.faridpur.gov.bd
==================================================
[*] STARTING NEW DOMAIN: https://uitrce.chunarughat.habiganj.gov.bd
==================================================
[+] Domain exhausted. Finishing up: https://uitrce.chunarughat.habiganj.gov.bd
[*] All websites in the text file have been fully crawled! Shutting down.
