[*] Seeds loaded from data/crawled_alive_gov_bd_sites.txt.

🚀 Starting Domain-by-Domain Spider...

==================================================
[*] STARTING NEW DOMAIN: https://seo.comillasadar.comilla.gov.bd
==================================================
[+] Domain exhausted. Finishing up: https://seo.comillasadar.comilla.gov.bd
==================================================
[*] STARTING NEW DOMAIN: https://dao.coxsbazar.gov.bd
==================================================
[+] Domain exhausted. Finishing up: https://dao.coxsbazar.gov.bd
==================================================
[*] STARTING NEW DOMAIN: https://deb112424.dhakaeducationboard.gov.bd
==================================================
[+] Domain exhausted. Finishing up: https://deb112424.dhakaeducationboard.gov.bd
==================================================
[*] STARTING NEW DOMAIN: https://ansarvdp.comilla.gov.bd
==================================================
[+] Domain exhausted. Finishing up: https://ansarvdp.comilla.gov.bd
==================================================
[*] STARTING NEW DOMAIN: https://deb113049.dhakaeducationboard.gov.bd
==================================================
[+] Domain exhausted. Finishing up: https://deb113049.dhakaeducationboard.gov.bd
==================================================
[*] STARTING NEW DOMAIN: https://dr.barisaldiv.gov.bd
==================================================
[+] Domain exhausted. Finishing up: https://dr.barisaldiv.gov.bd
==================================================
[*] STARTING NEW DOMAIN: https://totthoapa.bagatipara.natore.gov.bd
==================================================
[+] Domain exhausted. Finishing up: https://totthoapa.bagatipara.natore.gov.bd
==================================================
[*] STARTING NEW DOMAIN: https://dae.langadu.rangamati.gov.bd
==================================================
[+] Domain exhausted. Finishing up: https://dae.langadu.rangamati.gov.bd
==================================================
[*] STARTING NEW DOMAIN: https://dae.nazirpur.pirojpur.gov.bd
==================================================
[+] Domain exhausted. Finishing up: https://dae.nazirpur.pirojpur.gov.bd
==================================================
[*] STARTING NEW DOMAIN: https://doe.jhenaidah.gov.bd
==================================================
[+] Domain exhausted. Finishing up: https://doe.jhenaidah.gov.bd
==================================================
[*] STARTING NEW DOMAIN: https://psosk.feni.gov.bd
==================================================
[+] Domain exhausted. Finishing up: https://psosk.feni.gov.bd
==================================================
[*] STARTING NEW DOMAIN: https://bbs.monohargonj.comilla.gov.bd
==================================================
[+] Domain exhausted. Finishing up: https://bbs.monohargonj.comilla.gov.bd
==================================================
[*] STARTING NEW DOMAIN: https://bbs.pirgacha.rangpur.gov.bd
==================================================
[+] Domain exhausted. Finishing up: https://bbs.pirgacha.rangpur.gov.bd
==================================================
[*] STARTING NEW DOMAIN: https://boaliup.gaibandha.gov.bd
==================================================
[+] Domain exhausted. Finishing up: https://boaliup.gaibandha.gov.bd
==================================================
[*] STARTING NEW DOMAIN: https://bmet.rangamati.gov.bd
==================================================
[+] Domain exhausted. Finishing up: https://bmet.rangamati.gov.bd
==================================================
[*] STARTING NEW DOMAIN: https://sr.sundarganj.gaibandha.gov.bd
==================================================
[+] Domain exhausted. Finishing up: https://sr.sundarganj.gaibandha.gov.bd
==================================================
[*] STARTING NEW DOMAIN: https://bmet.mymensingh.gov.bd
==================================================
[+] Domain exhausted. Finishing up: https://bmet.mymensingh.gov.bd
==================================================
[*] STARTING NEW DOMAIN: https://joypursecondaryschool.jessoreboard.gov.bd
==================================================
[+] Domain exhausted. Finishing up: https://joypursecondaryschool.jessoreboard.gov.bd
==================================================
[*] STARTING NEW DOMAIN: https://dao.lakhai.habiganj.gov.bd
==================================================
[+] Domain exhausted. Finishing up: https://dao.lakhai.habiganj.gov.bd
==================================================
[*] STARTING NEW DOMAIN: https://galimpurup.dhaka.gov.bd
==================================================
[+] Domain exhausted. Finishing up: https://galimpurup.dhaka.gov.bd
==================================================
[*] STARTING NEW DOMAIN: https://kaichailup.faridpur.gov.bd
==================================================
[+] Domain exhausted. Finishing up: https://kaichailup.faridpur.gov.bd
==================================================
[*] STARTING NEW DOMAIN: https://dhumghatadarshasecondaryschool.jessoreboard.gov.bd
==================================================
[+] Domain exhausted. Finishing up: https://dhumghatadarshasecondaryschool.jessoreboard.gov.bd
==================================================
[*] STARTING NEW DOMAIN: https://nangalkot.comilla.gov.bd
==================================================
[+] Domain exhausted. Finishing up: https://nangalkot.comilla.gov.bd
==================================================
[*] STARTING NEW DOMAIN: https://dls.dinajpur.gov.bd
==================================================
[+] Domain exhausted. Finishing up: https://dls.dinajpur.gov.bd
==================================================
[*] STARTING NEW DOMAIN: https://explosives.khulna.gov.bd
==================================================
[+] Domain exhausted. Finishing up: https://explosives.khulna.gov.bd
==================================================
[*] STARTING NEW DOMAIN: https://panishorup.brahmanbaria.gov.bd
==================================================
[+] Domain exhausted. Finishing up: https://panishorup.brahmanbaria.gov.bd
==================================================
[*] STARTING NEW DOMAIN: https://fid.portal.gov.bd
==================================================
[+] Domain exhausted. Finishing up: https://fid.portal.gov.bd
==================================================
[*] STARTING NEW DOMAIN: https://pbs.lalmohan.bhola.gov.bd
==================================================
[+] Domain exhausted. Finishing up: https://pbs.lalmohan.bhola.gov.bd
==================================================
[*] STARTING NEW DOMAIN: https://dls.dhobaura.mymensingh.gov.bd
==================================================
[+] Domain exhausted. Finishing up: https://dls.dhobaura.mymensingh.gov.bd
==================================================
[*] STARTING NEW DOMAIN: https://pbs1.birganj.dinajpur.gov.bd
==================================================
[+] Domain exhausted. Finishing up: https://pbs1.birganj.dinajpur.gov.bd
==================================================
[*] STARTING NEW DOMAIN: https://dpe.nesarabad.pirojpur.gov.bd
==================================================
[+] Domain exhausted. Finishing up: https://dpe.nesarabad.pirojpur.gov.bd
==================================================
[*] STARTING NEW DOMAIN: http://aic.chittagong.gov.bd
==================================================
[+] Domain exhausted. Finishing up: http://aic.chittagong.gov.bd
==================================================
[*] STARTING NEW DOMAIN: https://pdbf.dhanbari.tangail.gov.bd
==================================================
[+] Domain exhausted. Finishing up: https://pdbf.dhanbari.tangail.gov.bd
==================================================
[*] STARTING NEW DOMAIN: https://eed.barkal.rangamati.gov.bd
==================================================
[+] Domain exhausted. Finishing up: https://eed.barkal.rangamati.gov.bd
==================================================
[*] STARTING NEW DOMAIN: https://pdbf.madan.netrokona.gov.bd
==================================================
[+] Domain exhausted. Finishing up: https://pdbf.madan.netrokona.gov.bd
==================================================
[*] STARTING NEW DOMAIN: https://pio.bheramara.kushtia.gov.bd
==================================================
[+] Domain exhausted. Finishing up: https://pio.bheramara.kushtia.gov.bd
==================================================
[*] STARTING NEW DOMAIN: https://pio.bahubal.habiganj.gov.bd
==================================================
[+] Domain exhausted. Finishing up: https://pio.bahubal.habiganj.gov.bd
==================================================
[*] STARTING NEW DOMAIN: https://urc.agailjhara.barisal.gov.bd
==================================================
[+] Domain exhausted. Finishing up: https://urc.agailjhara.barisal.gov.bd
==================================================
[*] STARTING NEW DOMAIN: https://forest.melandah.jamalpur.gov.bd
==================================================
[+] Domain exhausted. Finishing up: https://forest.melandah.jamalpur.gov.bd
==================================================
[*] STARTING NEW DOMAIN: https://kayaislamiasecondaryschool.jessoreboard.gov.bd
==================================================
[+] Domain exhausted. Finishing up: https://kayaislamiasecondaryschool.jessoreboard.gov.bd
==================================================
[*] STARTING NEW DOMAIN: https://uitrce.pakundia.kishoreganj.gov.bd
==================================================
[+] Domain exhausted. Finishing up: https://uitrce.pakundia.kishoreganj.gov.bd
==================================================
[*] STARTING NEW DOMAIN: https://narayanganjsadarsr.narayanganjsadar.narayanganj.gov.bd
==================================================
[+] Domain exhausted. Finishing up: https://narayanganjsadarsr.narayanganjsadar.narayanganj.gov.bd
==================================================
[*] STARTING NEW DOMAIN: https://uitrce.tongibari.munshiganj.gov.bd
==================================================
[+] Domain exhausted. Finishing up: https://uitrce.tongibari.munshiganj.gov.bd
==================================================
[*] STARTING NEW DOMAIN: https://kumlaisecondaryschool.jessoreboard.gov.bd
==================================================
[+] Domain exhausted. Finishing up: https://kumlaisecondaryschool.jessoreboard.gov.bd
==================================================
[*] STARTING NEW DOMAIN: https://fireservice.parbatipur.dinajpur.gov.bd
==================================================
[+] Domain exhausted. Finishing up: https://fireservice.parbatipur.dinajpur.gov.bd
==================================================
[*] STARTING NEW DOMAIN: https://tangail.police.gov.bd
==================================================
[+] Domain exhausted. Finishing up: https://tangail.police.gov.bd
==================================================
[*] STARTING NEW DOMAIN: https://fireservice.chatmohar.pabna.gov.bd
==================================================
[+] Domain exhausted. Finishing up: https://fireservice.chatmohar.pabna.gov.bd
==================================================
[*] STARTING NEW DOMAIN: https://urc.dinajpursadar.dinajpur.gov.bd
==================================================
[+] Domain exhausted. Finishing up: https://urc.dinajpursadar.dinajpur.gov.bd
==================================================
[*] STARTING NEW DOMAIN: https://dss.adamdighi.bogra.gov.bd
==================================================
[+] Domain exhausted. Finishing up: https://dss.adamdighi.bogra.gov.bd
==================================================
[*] STARTING NEW DOMAIN: https://food.sadar.munshiganj.gov.bd
==================================================
[+] Domain exhausted. Finishing up: https://food.sadar.munshiganj.gov.bd
==================================================
[*] STARTING NEW DOMAIN: https://mumch.portal.gov.bd
==================================================
[+] Domain exhausted. Finishing up: https://mumch.portal.gov.bd
==================================================
[*] STARTING NEW DOMAIN: https://fpo.sarail.brahmanbaria.gov.bd
==================================================
[+] Domain exhausted. Finishing up: https://fpo.sarail.brahmanbaria.gov.bd
==================================================
[*] STARTING NEW DOMAIN: https://vekotmaribelaisecondaryschool.jessoreboard.gov.bd
==================================================
[+] Domain exhausted. Finishing up: https://vekotmaribelaisecondaryschool.jessoreboard.gov.bd
==================================================
[*] STARTING NEW DOMAIN: https://pozip.belkuchi.sirajganj.gov.bd
==================================================
[+] Domain exhausted. Finishing up: https://pozip.belkuchi.sirajganj.gov.bd
==================================================
[*] STARTING NEW DOMAIN: https://info.natore.gov.bd
==================================================
[+] Domain exhausted. Finishing up: https://info.natore.gov.bd
==================================================
[*] STARTING NEW DOMAIN: https://wewb.narsingdi.gov.bd
==================================================
[+] Domain exhausted. Finishing up: https://wewb.narsingdi.gov.bd
==================================================
[*] STARTING NEW DOMAIN: https://sfdf.nachol.chapainawabganj.gov.bd
==================================================
[+] Domain exhausted. Finishing up: https://sfdf.nachol.chapainawabganj.gov.bd
==================================================
[*] STARTING NEW DOMAIN: https://upashaharhighschool.jessoreboard.gov.bd
==================================================
[+] Domain exhausted. Finishing up: https://upashaharhighschool.jessoreboard.gov.bd
==================================================
[*] STARTING NEW DOMAIN: https://pio.austagram.kishoreganj.gov.bd
==================================================
[+] Domain exhausted. Finishing up: https://pio.austagram.kishoreganj.gov.bd
==================================================
[*] STARTING NEW DOMAIN: https://pio.niamatpur.naogaon.gov.bd
==================================================
[+] Domain exhausted. Finishing up: https://pio.niamatpur.naogaon.gov.bd
==================================================
[*] STARTING NEW DOMAIN: https://deb131453.dhakaeducationboard.gov.bd
==================================================
[+] Domain exhausted. Finishing up: https://deb131453.dhakaeducationboard.gov.bd
==================================================
[*] STARTING NEW DOMAIN: https://coop.khulnadiv.gov.bd
==================================================
[+] Domain exhausted. Finishing up: https://coop.khulnadiv.gov.bd
==================================================
[*] STARTING NEW DOMAIN: https://customs.brahmanbaria.gov.bd
==================================================
[+] Domain exhausted. Finishing up: https://customs.brahmanbaria.gov.bd
==================================================
[*] STARTING NEW DOMAIN: https://ebek.alikadam.bandarban.gov.bd
==================================================
[+] Domain exhausted. Finishing up: https://ebek.alikadam.bandarban.gov.bd
==================================================
[*] STARTING NEW DOMAIN: https://pwd.patuakhali.gov.bd
==================================================
[+] Domain exhausted. Finishing up: https://pwd.patuakhali.gov.bd
==================================================
[*] STARTING NEW DOMAIN: https://btcl.fulbari.dinajpur.gov.bd
==================================================
[+] Domain exhausted. Finishing up: https://btcl.fulbari.dinajpur.gov.bd
==================================================
[*] STARTING NEW DOMAIN: http://doict.atpara.netrokona.gov.bd
==================================================
[+] Domain exhausted. Finishing up: http://doict.atpara.netrokona.gov.bd
==================================================
[*] STARTING NEW DOMAIN: https://psb.nabiganj.habiganj.gov.bd
==================================================
[+] Domain exhausted. Finishing up: https://psb.nabiganj.habiganj.gov.bd
==================================================
[*] STARTING NEW DOMAIN: https://dae.gouripur.mymensingh.gov.bd
==================================================
[+] Domain exhausted. Finishing up: https://dae.gouripur.mymensingh.gov.bd
==================================================
[*] STARTING NEW DOMAIN: https://deb108717.dhakaeducationboard.gov.bd
==================================================
[+] Domain exhausted. Finishing up: https://deb108717.dhakaeducationboard.gov.bd
==================================================
[*] STARTING NEW DOMAIN: http://hcdoulatpur.khulna.gov.bd
==================================================
[+] Domain exhausted. Finishing up: http://hcdoulatpur.khulna.gov.bd
==================================================
[*] STARTING NEW DOMAIN: https://prison2.sylhet.gov.bd
==================================================
[+] Domain exhausted. Finishing up: https://prison2.sylhet.gov.bd
==================================================
[*] STARTING NEW DOMAIN: https://deb108236.dhakaeducationboard.gov.bd
==================================================
[+] Domain exhausted. Finishing up: https://deb108236.dhakaeducationboard.gov.bd
==================================================
[*] STARTING NEW DOMAIN: https://cooparative.sadar.rajbari.gov.bd
==================================================
[+] Domain exhausted. Finishing up: https://cooparative.sadar.rajbari.gov.bd
==================================================
[*] STARTING NEW DOMAIN: https://rajtextilesecondaryschool.jessoreboard.gov.bd
==================================================
[+] Domain exhausted. Finishing up: https://rajtextilesecondaryschool.jessoreboard.gov.bd
==================================================
[*] STARTING NEW DOMAIN: https://atghorkurianaup.pirojpur.gov.bd
==================================================
[+] Domain exhausted. Finishing up: https://atghorkurianaup.pirojpur.gov.bd
==================================================
[*] STARTING NEW DOMAIN: https://rajanagarup.chittagong.gov.bd
==================================================
[+] Domain exhausted. Finishing up: https://rajanagarup.chittagong.gov.bd
==================================================
[*] STARTING NEW DOMAIN: https://deb111010.dhakaeducationboard.gov.bd
==================================================
[+] Domain exhausted. Finishing up: https://deb111010.dhakaeducationboard.gov.bd
==================================================
[*] STARTING NEW DOMAIN: http://deb107994.dhakaeducationboard.gov.bd
==================================================
[+] Domain exhausted. Finishing up: http://deb107994.dhakaeducationboard.gov.bd
==================================================
[*] STARTING NEW DOMAIN: https://deb113413.dhakaeducationboard.gov.bd
==================================================
[+] Domain exhausted. Finishing up: https://deb113413.dhakaeducationboard.gov.bd
==================================================
[*] STARTING NEW DOMAIN: https://so.ruma.bandarban.gov.bd
==================================================
[+] Domain exhausted. Finishing up: https://so.ruma.bandarban.gov.bd
==================================================
[*] STARTING NEW DOMAIN: https://ps.lalmonirhat.gov.bd
==================================================
[+] Domain exhausted. Finishing up: https://ps.lalmonirhat.gov.bd
==================================================
[*] STARTING NEW DOMAIN: https://ansarvdp.kalai.joypurhat.gov.bd
==================================================
[+] Domain exhausted. Finishing up: https://ansarvdp.kalai.joypurhat.gov.bd
==================================================
[*] STARTING NEW DOMAIN: https://silkupup.chittagong.gov.bd
==================================================
[+] Domain exhausted. Finishing up: https://silkupup.chittagong.gov.bd
==================================================
[*] STARTING NEW DOMAIN: https://psosk.morrelganj.bagerhat.gov.bd
==================================================
[+] Domain exhausted. Finishing up: https://psosk.morrelganj.bagerhat.gov.bd
==================================================
[*] STARTING NEW DOMAIN: https://pdbf.sadar.munshiganj.gov.bd
==================================================
[+] Domain exhausted. Finishing up: https://pdbf.sadar.munshiganj.gov.bd
==================================================
[*] STARTING NEW DOMAIN: https://rrf.rajshahidiv.gov.bd
==================================================
[+] Domain exhausted. Finishing up: https://rrf.rajshahidiv.gov.bd
==================================================
[*] STARTING NEW DOMAIN: https://alhazkaziabdulwahedsecondaryschool.jessoreboard.gov.bd
==================================================
[+] Domain exhausted. Finishing up: https://alhazkaziabdulwahedsecondaryschool.jessoreboard.gov.bd
==================================================
[*] STARTING NEW DOMAIN: https://sadar.noakhali.gov.bd
==================================================
[+] Domain exhausted. Finishing up: https://sadar.noakhali.gov.bd
==================================================
[*] STARTING NEW DOMAIN: https://deb113608.dhakaeducationboard.gov.bd
==================================================
[+] Domain exhausted. Finishing up: https://deb113608.dhakaeducationboard.gov.bd
==================================================
[*] STARTING NEW DOMAIN: https://savings.brahmanbaria.gov.bd
==================================================
[+] Domain exhausted. Finishing up: https://savings.brahmanbaria.gov.bd
==================================================
[*] STARTING NEW DOMAIN: https://pttc.narail.gov.bd
==================================================
[+] Domain exhausted. Finishing up: https://pttc.narail.gov.bd
==================================================
[*] STARTING NEW DOMAIN: https://post.jhikargacha.jessore.gov.bd
==================================================
[+] Domain exhausted. Finishing up: https://post.jhikargacha.jessore.gov.bd
==================================================
[*] STARTING NEW DOMAIN: https://publiclibrary.dhakadiv.gov.bd
==================================================
[+] Domain exhausted. Finishing up: https://publiclibrary.dhakadiv.gov.bd
==================================================
[*] STARTING NEW DOMAIN: https://dao.kutubdia.coxsbazar.gov.bd
==================================================
[+] Domain exhausted. Finishing up: https://dao.kutubdia.coxsbazar.gov.bd
==================================================
[*] STARTING NEW DOMAIN: https://sadiachandpurup.sirajganj.gov.bd
==================================================
[+] Domain exhausted. Finishing up: https://sadiachandpurup.sirajganj.gov.bd
==================================================
[*] STARTING NEW DOMAIN: https://pbs.nabinagar.brahmanbaria.gov.bd
==================================================
[+] Domain exhausted. Finishing up: https://pbs.nabinagar.brahmanbaria.gov.bd
==================================================
[*] STARTING NEW DOMAIN: https://pwd.chittagong.gov.bd
==================================================
[+] Domain exhausted. Finishing up: https://pwd.chittagong.gov.bd
==================================================
[*] STARTING NEW DOMAIN: https://irbadc.shariatpur.gov.bd
==================================================
[+] Domain exhausted. Finishing up: https://irbadc.shariatpur.gov.bd
==================================================
[*] STARTING NEW DOMAIN: https://rangpurzo.pkb.gov.bd
==================================================
[+] Domain exhausted. Finishing up: https://rangpurzo.pkb.gov.bd
==================================================
[*] STARTING NEW DOMAIN: https://deb111161.dhakaeducationboard.gov.bd
==================================================
[+] Domain exhausted. Finishing up: https://deb111161.dhakaeducationboard.gov.bd
==================================================
[*] STARTING NEW DOMAIN: https://sakhipursecondaryschool.jessoreboard.gov.bd
==================================================
[+] Domain exhausted. Finishing up: https://sakhipursecondaryschool.jessoreboard.gov.bd
==================================================
[*] STARTING NEW DOMAIN: https://badc.chandpur.gov.bd
==================================================
[+] Domain exhausted. Finishing up: https://badc.chandpur.gov.bd
==================================================
[*] STARTING NEW DOMAIN: https://gcb.gov.bd
==================================================
[+] Domain exhausted. Finishing up: https://gcb.gov.bd
==================================================
[*] STARTING NEW DOMAIN: https://sadar.faridpur.gov.bd
==================================================
[+] Domain exhausted. Finishing up: https://sadar.faridpur.gov.bd
==================================================
[*] STARTING NEW DOMAIN: https://deb108981.dhakaeducationboard.gov.bd
==================================================
[+] Domain exhausted. Finishing up: https://deb108981.dhakaeducationboard.gov.bd
==================================================
[*] STARTING NEW DOMAIN: https://plainlandethnic.portal.gov.bd
==================================================
[+] Domain exhausted. Finishing up: https://plainlandethnic.portal.gov.bd
==================================================
[*] STARTING NEW DOMAIN: https://cybercrime.gov.bd
==================================================
[+] Domain exhausted. Finishing up: https://cybercrime.gov.bd
==================================================
[*] STARTING NEW DOMAIN: https://sfdf.ramganj.lakshmipur.gov.bd
==================================================
[+] Domain exhausted. Finishing up: https://sfdf.ramganj.lakshmipur.gov.bd
==================================================
[*] STARTING NEW DOMAIN: https://bahadurpursecondarygirlsschool.jessoreboard.gov.bd
==================================================
[+] Domain exhausted. Finishing up: https://bahadurpursecondarygirlsschool.jessoreboard.gov.bd
==================================================
[*] STARTING NEW DOMAIN: https://kachiaup4.bhola.gov.bd
==================================================
[+] Domain exhausted. Finishing up: https://kachiaup4.bhola.gov.bd
==================================================
[*] STARTING NEW DOMAIN: https://brdb.boalkhali.chittagong.gov.bd
==================================================
[+] Domain exhausted. Finishing up: https://brdb.boalkhali.chittagong.gov.bd
==================================================
[*] STARTING NEW DOMAIN: https://ansarvdp.mohadevpur.naogaon.gov.bd
==================================================
[+] Domain exhausted. Finishing up: https://ansarvdp.mohadevpur.naogaon.gov.bd
==================================================
[*] STARTING NEW DOMAIN: https://gabtalasecondaryschool.jessoreboard.gov.bd
==================================================
[+] Domain exhausted. Finishing up: https://gabtalasecondaryschool.jessoreboard.gov.bd
==================================================
[*] STARTING NEW DOMAIN: https://dalbugonjup.patuakhali.gov.bd
==================================================
[+] Domain exhausted. Finishing up: https://dalbugonjup.patuakhali.gov.bd
==================================================
[*] STARTING NEW DOMAIN: https://pio.bandar.narayanganj.gov.bd
==================================================
[+] Domain exhausted. Finishing up: https://pio.bandar.narayanganj.gov.bd
==================================================
[*] STARTING NEW DOMAIN: https://cooparative.abhaynagar.jessore.gov.bd
==================================================
[+] Domain exhausted. Finishing up: https://cooparative.abhaynagar.jessore.gov.bd
==================================================
[*] STARTING NEW DOMAIN: https://indrasecondaryschool.jessoreboard.gov.bd
==================================================
[+] Domain exhausted. Finishing up: https://indrasecondaryschool.jessoreboard.gov.bd
==================================================
[*] STARTING NEW DOMAIN: https://ansarvdp.banaripara.barisal.gov.bd
==================================================
[+] Domain exhausted. Finishing up: https://ansarvdp.banaripara.barisal.gov.bd
==================================================
[*] STARTING NEW DOMAIN: https://deb112885.dhakaeducationboard.gov.bd
==================================================
[+] Domain exhausted. Finishing up: https://deb112885.dhakaeducationboard.gov.bd
==================================================
[*] STARTING NEW DOMAIN: https://fpo.nabiganj.habiganj.gov.bd
==================================================
[+] Domain exhausted. Finishing up: https://fpo.nabiganj.habiganj.gov.bd
==================================================
[*] STARTING NEW DOMAIN: https://deb108223.dhakaeducationboard.gov.bd
==================================================
[+] Domain exhausted. Finishing up: https://deb108223.dhakaeducationboard.gov.bd
==================================================
[*] STARTING NEW DOMAIN: https://ec.babuganj.barisal.gov.bd
==================================================
[+] Domain exhausted. Finishing up: https://ec.babuganj.barisal.gov.bd
==================================================
[*] STARTING NEW DOMAIN: https://health.nondigram.bogra.gov.bd
==================================================
[+] Domain exhausted. Finishing up: https://health.nondigram.bogra.gov.bd
==================================================
[*] STARTING NEW DOMAIN: https://deb112209.dhakaeducationboard.gov.bd
==================================================
[+] Domain exhausted. Finishing up: https://deb112209.dhakaeducationboard.gov.bd
==================================================
[*] STARTING NEW DOMAIN: https://deb109468.dhakaeducationboard.gov.bd
==================================================
[+] Domain exhausted. Finishing up: https://deb109468.dhakaeducationboard.gov.bd
==================================================
[*] STARTING NEW DOMAIN: https://dao.kalapara.patuakhali.gov.bd
==================================================
[+] Domain exhausted. Finishing up: https://dao.kalapara.patuakhali.gov.bd
==================================================
[*] STARTING NEW DOMAIN: https://deb111069.dhakaeducationboard.gov.bd
==================================================
[+] Domain exhausted. Finishing up: https://deb111069.dhakaeducationboard.gov.bd
==================================================
[*] STARTING NEW DOMAIN: https://police.kaptai.rangamati.gov.bd
==================================================
[+] Domain exhausted. Finishing up: https://police.kaptai.rangamati.gov.bd
==================================================
[*] STARTING NEW DOMAIN: https://doict.bogra.gov.bd
==================================================
[+] Domain exhausted. Finishing up: https://doict.bogra.gov.bd
==================================================
[*] STARTING NEW DOMAIN: http://joganiadnsecondaryschool.jessoreboard.gov.bd
==================================================
[+] Domain exhausted. Finishing up: http://joganiadnsecondaryschool.jessoreboard.gov.bd
==================================================
[*] STARTING NEW DOMAIN: https://deb112769.dhakaeducationboard.gov.bd
==================================================
[+] Domain exhausted. Finishing up: https://deb112769.dhakaeducationboard.gov.bd
==================================================
[*] STARTING NEW DOMAIN: https://post.titas.comilla.gov.bd
==================================================
[+] Domain exhausted. Finishing up: https://post.titas.comilla.gov.bd
==================================================
[*] STARTING NEW DOMAIN: https://dam.coxsbazar.gov.bd
==================================================
[+] Domain exhausted. Finishing up: https://dam.coxsbazar.gov.bd
==================================================
[*] STARTING NEW DOMAIN: https://ansarvdp.bhanga.faridpur.gov.bd
==================================================
[+] Domain exhausted. Finishing up: https://ansarvdp.bhanga.faridpur.gov.bd
==================================================
[*] STARTING NEW DOMAIN: https://sr.nageshwari.kurigram.gov.bd
==================================================
[+] Domain exhausted. Finishing up: https://sr.nageshwari.kurigram.gov.bd
==================================================
[*] STARTING NEW DOMAIN: https://dam.pangsa.rajbari.gov.bd
==================================================
[+] Domain exhausted. Finishing up: https://dam.pangsa.rajbari.gov.bd
==================================================
[*] STARTING NEW DOMAIN: https://pbs.kachua.bagerhat.gov.bd
==================================================
[+] Domain exhausted. Finishing up: https://pbs.kachua.bagerhat.gov.bd
==================================================
[*] STARTING NEW DOMAIN: https://dss.kaptai.rangamati.gov.bd
==================================================
[+] Domain exhausted. Finishing up: https://dss.kaptai.rangamati.gov.bd
==================================================
[*] STARTING NEW DOMAIN: https://dam.kurigram.gov.bd
==================================================
[+] Domain exhausted. Finishing up: https://dam.kurigram.gov.bd
==================================================
[*] STARTING NEW DOMAIN: https://dam.dumuria.khulna.gov.bd
==================================================
[+] Domain exhausted. Finishing up: https://dam.dumuria.khulna.gov.bd
==================================================
[*] STARTING NEW DOMAIN: https://police.debhata.satkhira.gov.bd
==================================================
[+] Domain exhausted. Finishing up: https://police.debhata.satkhira.gov.bd
==================================================
[*] STARTING NEW DOMAIN: https://health.rampal.bagerhat.gov.bd
==================================================
[+] Domain exhausted. Finishing up: https://health.rampal.bagerhat.gov.bd
==================================================
[*] STARTING NEW DOMAIN: https://deb108731.dhakaeducationboard.gov.bd
==================================================
[+] Domain exhausted. Finishing up: https://deb108731.dhakaeducationboard.gov.bd
==================================================
[*] STARTING NEW DOMAIN: http://deb107939.dhakaeducationboard.gov.bd
==================================================
[+] Domain exhausted. Finishing up: http://deb107939.dhakaeducationboard.gov.bd
==================================================
[*] STARTING NEW DOMAIN: https://cooparative.mathbaria.pirojpur.gov.bd
==================================================
[+] Domain exhausted. Finishing up: https://cooparative.mathbaria.pirojpur.gov.bd
==================================================
[*] STARTING NEW DOMAIN: https://hatiardangasecondarygirlsschool.jessoreboard.gov.bd
==================================================
[+] Domain exhausted. Finishing up: https://hatiardangasecondarygirlsschool.jessoreboard.gov.bd
==================================================
[*] STARTING NEW DOMAIN: https://deb112851.dhakaeducationboard.gov.bd
==================================================
[+] Domain exhausted. Finishing up: https://deb112851.dhakaeducationboard.gov.bd
==================================================
[*] STARTING NEW DOMAIN: https://fpo.homna.comilla.gov.bd
==================================================
[+] Domain exhausted. Finishing up: https://fpo.homna.comilla.gov.bd
==================================================
[*] STARTING NEW DOMAIN: https://dao.chandina.comilla.gov.bd
==================================================
[+] Domain exhausted. Finishing up: https://dao.chandina.comilla.gov.bd
==================================================
[*] STARTING NEW DOMAIN: https://deb114018.dhakaeducationboard.gov.bd
==================================================
[+] Domain exhausted. Finishing up: https://deb114018.dhakaeducationboard.gov.bd
==================================================
[*] STARTING NEW DOMAIN: https://forest.nachol.chapainawabganj.gov.bd
==================================================
[+] Domain exhausted. Finishing up: https://forest.nachol.chapainawabganj.gov.bd
==================================================
[*] STARTING NEW DOMAIN: https://jaripbiswascollege.jessoreboard.gov.bd
==================================================
[+] Domain exhausted. Finishing up: https://jaripbiswascollege.jessoreboard.gov.bd
==================================================
[*] STARTING NEW DOMAIN: https://ebek.phulpur.mymensingh.gov.bd
==================================================
[+] Domain exhausted. Finishing up: https://ebek.phulpur.mymensingh.gov.bd
==================================================
[*] STARTING NEW DOMAIN: https://dwa.dhamoirhat.naogaon.gov.bd
==================================================
[+] Domain exhausted. Finishing up: https://dwa.dhamoirhat.naogaon.gov.bd
==================================================
[*] STARTING NEW DOMAIN: https://dss.sadar.chandpur.gov.bd
==================================================
[+] Domain exhausted. Finishing up: https://dss.sadar.chandpur.gov.bd
==================================================
[*] STARTING NEW DOMAIN: https://bakuaup.thakurgaon.gov.bd
==================================================
[+] Domain exhausted. Finishing up: https://bakuaup.thakurgaon.gov.bd
==================================================
[*] STARTING NEW DOMAIN: https://deb114224.dhakaeducationboard.gov.bd
==================================================
[+] Domain exhausted. Finishing up: https://deb114224.dhakaeducationboard.gov.bd
==================================================
[*] STARTING NEW DOMAIN: https://fulbari.dinajpur.gov.bd
==================================================
[+] Domain exhausted. Finishing up: https://fulbari.dinajpur.gov.bd
==================================================
[*] STARTING NEW DOMAIN: https://mole.gov.bd
==================================================
[+] Domain exhausted. Finishing up: https://mole.gov.bd
==================================================
[*] STARTING NEW DOMAIN: https://deb111414.dhakaeducationboard.gov.bd
==================================================
[+] Domain exhausted. Finishing up: https://deb111414.dhakaeducationboard.gov.bd
==================================================
[*] STARTING NEW DOMAIN: https://ciseg.khagrachhari.gov.bd
==================================================
[+] Domain exhausted. Finishing up: https://ciseg.khagrachhari.gov.bd
==================================================
[*] STARTING NEW DOMAIN: https://dncrp.moulvibazar.gov.bd
==================================================
[+] Domain exhausted. Finishing up: https://dncrp.moulvibazar.gov.bd
==================================================
[*] STARTING NEW DOMAIN: https://dao.wazirpur.barisal.gov.bd
==================================================
[+] Domain exhausted. Finishing up: https://dao.wazirpur.barisal.gov.bd
==================================================
[*] STARTING NEW DOMAIN: https://deb109939.dhakaeducationboard.gov.bd
==================================================
[+] Domain exhausted. Finishing up: https://deb109939.dhakaeducationboard.gov.bd
==================================================
[*] STARTING NEW DOMAIN: https://fsmf.parbatipur.dinajpur.gov.bd
==================================================
[+] Domain exhausted. Finishing up: https://fsmf.parbatipur.dinajpur.gov.bd
==================================================
[*] STARTING NEW DOMAIN: http://dwa.dupchanchia.bogra.gov.bd
==================================================
[+] Domain exhausted. Finishing up: http://dwa.dupchanchia.bogra.gov.bd
==================================================
[*] STARTING NEW DOMAIN: https://pdbf.shahjadpur.sirajganj.gov.bd
==================================================
[+] Domain exhausted. Finishing up: https://pdbf.shahjadpur.sirajganj.gov.bd
==================================================
[*] STARTING NEW DOMAIN: https://sr.brahmanpara.comilla.gov.bd
==================================================
[+] Domain exhausted. Finishing up: https://sr.brahmanpara.comilla.gov.bd
==================================================
[*] STARTING NEW DOMAIN: https://doe.rajshahidiv.gov.bd
==================================================
[+] Domain exhausted. Finishing up: https://doe.rajshahidiv.gov.bd
==================================================
[*] STARTING NEW DOMAIN: http://agdiashimuliadalatifsecondaryschool.jessoreboard.gov.bd
==================================================
[+] Domain exhausted. Finishing up: http://agdiashimuliadalatifsecondaryschool.jessoreboard.gov.bd
==================================================
[*] STARTING NEW DOMAIN: https://southkhaliup.bagerhat.gov.bd
==================================================
[+] Domain exhausted. Finishing up: https://southkhaliup.bagerhat.gov.bd
==================================================
[*] STARTING NEW DOMAIN: https://islamicfoundation.rangamati.gov.bd
==================================================
[+] Domain exhausted. Finishing up: https://islamicfoundation.rangamati.gov.bd
==================================================
[*] STARTING NEW DOMAIN: https://pdbf.mirpur.kushtia.gov.bd
==================================================
[+] Domain exhausted. Finishing up: https://pdbf.mirpur.kushtia.gov.bd
==================================================
[*] STARTING NEW DOMAIN: https://ansarvdp.dighinala.khagrachhari.gov.bd
==================================================
[+] Domain exhausted. Finishing up: https://ansarvdp.dighinala.khagrachhari.gov.bd
==================================================
[*] STARTING NEW DOMAIN: https://dam.shariatpur.gov.bd
==================================================
[+] Domain exhausted. Finishing up: https://dam.shariatpur.gov.bd
==================================================
[*] STARTING NEW DOMAIN: https://deb113494.dhakaeducationboard.gov.bd
==================================================
[+] Domain exhausted. Finishing up: https://deb113494.dhakaeducationboard.gov.bd
==================================================
[*] STARTING NEW DOMAIN: https://health.mymensinghsadar.mymensingh.gov.bd
==================================================
[+] Domain exhausted. Finishing up: https://health.mymensinghsadar.mymensingh.gov.bd
==================================================
[*] STARTING NEW DOMAIN: https://dol.sreemangal.moulvibazar.gov.bd
==================================================
[+] Domain exhausted. Finishing up: https://dol.sreemangal.moulvibazar.gov.bd
==================================================
[*] STARTING NEW DOMAIN: https://ec.gangni.meherpur.gov.bd
==================================================
[+] Domain exhausted. Finishing up: https://ec.gangni.meherpur.gov.bd
==================================================
[*] STARTING NEW DOMAIN: https://cpp.mirsharai.chittagong.gov.bd
==================================================
[+] Domain exhausted. Finishing up: https://cpp.mirsharai.chittagong.gov.bd
==================================================
[*] STARTING NEW DOMAIN: https://poragachishoptopallijuniorgirlshighschool.jessoreboard.gov.bd
==================================================
[+] Domain exhausted. Finishing up: https://poragachishoptopallijuniorgirlshighschool.jessoreboard.gov.bd
==================================================
[*] STARTING NEW DOMAIN: https://bstft.portal.gov.bd
==================================================
[+] Domain exhausted. Finishing up: https://bstft.portal.gov.bd
==================================================
[*] STARTING NEW DOMAIN: https://dgda.chittagong.gov.bd
==================================================
[+] Domain exhausted. Finishing up: https://dgda.chittagong.gov.bd
==================================================
[*] STARTING NEW DOMAIN: https://deb131962.dhakaeducationboard.gov.bd
==================================================
[+] Domain exhausted. Finishing up: https://deb131962.dhakaeducationboard.gov.bd
==================================================
[*] STARTING NEW DOMAIN: https://deo.jaintiapur.sylhet.gov.bd
==================================================
[+] Domain exhausted. Finishing up: https://deo.jaintiapur.sylhet.gov.bd
==================================================
[*] STARTING NEW DOMAIN: https://deb114401.dhakaeducationboard.gov.bd
==================================================
[+] Domain exhausted. Finishing up: https://deb114401.dhakaeducationboard.gov.bd
==================================================
[*] STARTING NEW DOMAIN: https://doict.atghoria.pabna.gov.bd
==================================================
[+] Domain exhausted. Finishing up: https://doict.atghoria.pabna.gov.bd
==================================================
[*] STARTING NEW DOMAIN: https://deo.kamarkhand.sirajganj.gov.bd
==================================================
[+] Domain exhausted. Finishing up: https://deo.kamarkhand.sirajganj.gov.bd
==================================================
[*] STARTING NEW DOMAIN: https://deb113436.dhakaeducationboard.gov.bd
==================================================
[+] Domain exhausted. Finishing up: https://deb113436.dhakaeducationboard.gov.bd
==================================================
[*] STARTING NEW DOMAIN: https://bof.gov.bd
==================================================
[+] Domain exhausted. Finishing up: https://bof.gov.bd
==================================================
[*] STARTING NEW DOMAIN: https://deb130710.dhakaeducationboard.gov.bd
==================================================
[+] Domain exhausted. Finishing up: https://deb130710.dhakaeducationboard.gov.bd
==================================================
[*] STARTING NEW DOMAIN: https://deb114040.dhakaeducationboard.gov.bd
==================================================
[+] Domain exhausted. Finishing up: https://deb114040.dhakaeducationboard.gov.bd
==================================================
[*] STARTING NEW DOMAIN: https://doict.bishwambarpur.sunamganj.gov.bd
==================================================
[+] Domain exhausted. Finishing up: https://doict.bishwambarpur.sunamganj.gov.bd
==================================================
[*] STARTING NEW DOMAIN: https://dls.shalla.sunamganj.gov.bd
==================================================
[+] Domain exhausted. Finishing up: https://dls.shalla.sunamganj.gov.bd
==================================================
[*] STARTING NEW DOMAIN: https://pbs.bagha.rajshahi.gov.bd
==================================================
[+] Domain exhausted. Finishing up: https://pbs.bagha.rajshahi.gov.bd
==================================================
[*] STARTING NEW DOMAIN: https://deb138616.dhakaeducationboard.gov.bd
==================================================
[+] Domain exhausted. Finishing up: https://deb138616.dhakaeducationboard.gov.bd
==================================================
[*] STARTING NEW DOMAIN: https://dighaliamamajidsecondaryschool.jessoreboard.gov.bd
==================================================
[+] Domain exhausted. Finishing up: https://dighaliamamajidsecondaryschool.jessoreboard.gov.bd
==================================================
[*] STARTING NEW DOMAIN: https://deb114279.dhakaeducationboard.gov.bd
==================================================
[+] Domain exhausted. Finishing up: https://deb114279.dhakaeducationboard.gov.bd
==================================================
[*] STARTING NEW DOMAIN: https://deo.naria.shariatpur.gov.bd
==================================================
[+] Domain exhausted. Finishing up: https://deo.naria.shariatpur.gov.bd
==================================================
[*] STARTING NEW DOMAIN: https://deluabariup.rajshahi.gov.bd
==================================================
[+] Domain exhausted. Finishing up: https://deluabariup.rajshahi.gov.bd
==================================================
[*] STARTING NEW DOMAIN: https://dphe.godagari.rajshahi.gov.bd
==================================================
[+] Domain exhausted. Finishing up: https://dphe.godagari.rajshahi.gov.bd
==================================================
[*] STARTING NEW DOMAIN: https://deb134142.dhakaeducationboard.gov.bd
==================================================
[+] Domain exhausted. Finishing up: https://deb134142.dhakaeducationboard.gov.bd
==================================================
[*] STARTING NEW DOMAIN: https://doict.sadar.khagrachhari.gov.bd
==================================================
[+] Domain exhausted. Finishing up: https://doict.sadar.khagrachhari.gov.bd
==================================================
[*] STARTING NEW DOMAIN: https://bhurulianagbatisecondaryschool.jessoreboard.gov.bd
==================================================
[+] Domain exhausted. Finishing up: https://bhurulianagbatisecondaryschool.jessoreboard.gov.bd
==================================================
[*] STARTING NEW DOMAIN: https://deb114204.dhakaeducationboard.gov.bd
==================================================
[+] Domain exhausted. Finishing up: https://deb114204.dhakaeducationboard.gov.bd
==================================================
[*] STARTING NEW DOMAIN: https://dhamoirup.dinajpur.gov.bd
==================================================
[+] Domain exhausted. Finishing up: https://dhamoirup.dinajpur.gov.bd
==================================================
[*] STARTING NEW DOMAIN: https://bfsa.dhakadiv.gov.bd
==================================================
[+] Domain exhausted. Finishing up: https://bfsa.dhakadiv.gov.bd
==================================================
[*] STARTING NEW DOMAIN: https://deb113282.dhakaeducationboard.gov.bd
==================================================
[+] Domain exhausted. Finishing up: https://deb113282.dhakaeducationboard.gov.bd
==================================================
[*] STARTING NEW DOMAIN: https://doj.kalmakanda.netrokona.gov.bd
==================================================
[+] Domain exhausted. Finishing up: https://doj.kalmakanda.netrokona.gov.bd
==================================================
[*] STARTING NEW DOMAIN: https://bmda.nawabganj.dinajpur.gov.bd
==================================================
[+] Domain exhausted. Finishing up: https://bmda.nawabganj.dinajpur.gov.bd
==================================================
[*] STARTING NEW DOMAIN: https://deb112783.dhakaeducationboard.gov.bd
==================================================
[+] Domain exhausted. Finishing up: https://deb112783.dhakaeducationboard.gov.bd
==================================================
[*] STARTING NEW DOMAIN: https://sekenderpursecondaryschool.jessoreboard.gov.bd
==================================================
[+] Domain exhausted. Finishing up: https://sekenderpursecondaryschool.jessoreboard.gov.bd
==================================================
[*] STARTING NEW DOMAIN: https://deb130751.dhakaeducationboard.gov.bd
==================================================
[+] Domain exhausted. Finishing up: https://deb130751.dhakaeducationboard.gov.bd
==================================================
[*] STARTING NEW DOMAIN: https://ttc.bogra.gov.bd
==================================================
[+] Domain exhausted. Finishing up: https://ttc.bogra.gov.bd
==================================================
[*] STARTING NEW DOMAIN: https://deb190056.dhakaeducationboard.gov.bd
==================================================
[+] Domain exhausted. Finishing up: https://deb190056.dhakaeducationboard.gov.bd
==================================================
[*] STARTING NEW DOMAIN: https://doict.singiar.manikganj.gov.bd
==================================================
[+] Domain exhausted. Finishing up: https://doict.singiar.manikganj.gov.bd
==================================================
[*] STARTING NEW DOMAIN: https://doict.sonatala.bogra.gov.bd
==================================================
[+] Domain exhausted. Finishing up: https://doict.sonatala.bogra.gov.bd
==================================================
[*] STARTING NEW DOMAIN: https://badarpurup.bhola.gov.bd
==================================================
[+] Domain exhausted. Finishing up: https://badarpurup.bhola.gov.bd
==================================================
[*] STARTING NEW DOMAIN: https://deo.nalchity.jhalakathi.gov.bd
==================================================
[+] Domain exhausted. Finishing up: https://deo.nalchity.jhalakathi.gov.bd
==================================================
[*] STARTING NEW DOMAIN: https://dshe.karnafuli.chittagong.gov.bd
==================================================
[+] Domain exhausted. Finishing up: https://dshe.karnafuli.chittagong.gov.bd
==================================================
[*] STARTING NEW DOMAIN: https://barabariajonabalifokirgirlsschool.jessoreboard.gov.bd
==================================================
[+] Domain exhausted. Finishing up: https://barabariajonabalifokirgirlsschool.jessoreboard.gov.bd
==================================================
[*] STARTING NEW DOMAIN: https://deb135952.dhakaeducationboard.gov.bd
==================================================
[+] Domain exhausted. Finishing up: https://deb135952.dhakaeducationboard.gov.bd
==================================================
[*] STARTING NEW DOMAIN: https://sfdf.phulpur.mymensingh.gov.bd
==================================================
[+] Domain exhausted. Finishing up: https://sfdf.phulpur.mymensingh.gov.bd
==================================================
[*] STARTING NEW DOMAIN: https://pdbf.sakhipur.tangail.gov.bd
==================================================
[+] Domain exhausted. Finishing up: https://pdbf.sakhipur.tangail.gov.bd
==================================================
[*] STARTING NEW DOMAIN: https://doict.tungipara.gopalganj.gov.bd
==================================================
[+] Domain exhausted. Finishing up: https://doict.tungipara.gopalganj.gov.bd
==================================================
[*] STARTING NEW DOMAIN: https://dls.taltali.barguna.gov.bd
==================================================
[+] Domain exhausted. Finishing up: https://dls.taltali.barguna.gov.bd
==================================================
[*] STARTING NEW DOMAIN: https://feni.police.gov.bd
==================================================
[+] Domain exhausted. Finishing up: https://feni.police.gov.bd
==================================================
[*] STARTING NEW DOMAIN: http://ati.jhenaidah.gov.bd
==================================================
[+] Domain exhausted. Finishing up: http://ati.jhenaidah.gov.bd
==================================================
[*] STARTING NEW DOMAIN: https://brdb.aditmari.lalmonirhat.gov.bd
==================================================
[+] Domain exhausted. Finishing up: https://brdb.aditmari.lalmonirhat.gov.bd
==================================================
[*] STARTING NEW DOMAIN: https://aclbakalia.chittagong.gov.bd
==================================================
[+] Domain exhausted. Finishing up: https://aclbakalia.chittagong.gov.bd
==================================================
[*] STARTING NEW DOMAIN: https://badcfertilizer.kushtia.gov.bd
==================================================
[+] Domain exhausted. Finishing up: https://badcfertilizer.kushtia.gov.bd
==================================================
[*] STARTING NEW DOMAIN: https://dhanikholaup.mymensingh.gov.bd
==================================================
[+] Domain exhausted. Finishing up: https://dhanikholaup.mymensingh.gov.bd
==================================================
[*] STARTING NEW DOMAIN: https://dphe.barlekha.moulvibazar.gov.bd
==================================================
[+] Domain exhausted. Finishing up: https://dphe.barlekha.moulvibazar.gov.bd
==================================================
[*] STARTING NEW DOMAIN: https://dwa.gangni.meherpur.gov.bd
==================================================
[+] Domain exhausted. Finishing up: https://dwa.gangni.meherpur.gov.bd
==================================================
[*] STARTING NEW DOMAIN: https://sr.debidwar.comilla.gov.bd
==================================================
[+] Domain exhausted. Finishing up: https://sr.debidwar.comilla.gov.bd
==================================================
[*] STARTING NEW DOMAIN: https://deo.sitakunda.chittagong.gov.bd
==================================================
[+] Domain exhausted. Finishing up: https://deo.sitakunda.chittagong.gov.bd
==================================================
[*] STARTING NEW DOMAIN: https://pdbf.puthia.rajshahi.gov.bd
==================================================
[+] Domain exhausted. Finishing up: https://pdbf.puthia.rajshahi.gov.bd
==================================================
[*] STARTING NEW DOMAIN: https://deb138965.dhakaeducationboard.gov.bd
==================================================
[+] Domain exhausted. Finishing up: https://deb138965.dhakaeducationboard.gov.bd
==================================================
[*] STARTING NEW DOMAIN: https://deo.nawabganj.dinajpur.gov.bd
==================================================
[+] Domain exhausted. Finishing up: https://deo.nawabganj.dinajpur.gov.bd
==================================================
[*] STARTING NEW DOMAIN: https://charparbotiup.noakhali.gov.bd
==================================================
[+] Domain exhausted. Finishing up: https://charparbotiup.noakhali.gov.bd
==================================================
[*] STARTING NEW DOMAIN: https://deo.kaliakair.gazipur.gov.bd
==================================================
[+] Domain exhausted. Finishing up: https://deo.kaliakair.gazipur.gov.bd
==================================================
[*] STARTING NEW DOMAIN: https://deo.mathbaria.pirojpur.gov.bd
==================================================
[+] Domain exhausted. Finishing up: https://deo.mathbaria.pirojpur.gov.bd
==================================================
[*] STARTING NEW DOMAIN: https://bdgfcl.brahmanbaria.gov.bd
==================================================
[+] Domain exhausted. Finishing up: https://bdgfcl.brahmanbaria.gov.bd
==================================================
[*] STARTING NEW DOMAIN: https://fireservice.chittagongdiv.gov.bd
==================================================
[+] Domain exhausted. Finishing up: https://fireservice.chittagongdiv.gov.bd
==================================================
[*] STARTING NEW DOMAIN: https://deb190004.dhakaeducationboard.gov.bd
==================================================
[+] Domain exhausted. Finishing up: https://deb190004.dhakaeducationboard.gov.bd
==================================================
[*] STARTING NEW DOMAIN: https://dls.debiganj.panchagarh.gov.bd
==================================================
[+] Domain exhausted. Finishing up: https://dls.debiganj.panchagarh.gov.bd
==================================================
[*] STARTING NEW DOMAIN: https://deb114379.dhakaeducationboard.gov.bd
==================================================
[+] Domain exhausted. Finishing up: https://deb114379.dhakaeducationboard.gov.bd
==================================================
[*] STARTING NEW DOMAIN: https://dls.bhairab.kishoreganj.gov.bd
==================================================
[+] Domain exhausted. Finishing up: https://dls.bhairab.kishoreganj.gov.bd
==================================================
[*] STARTING NEW DOMAIN: https://dpe.khetlal.joypurhat.gov.bd
==================================================
[+] Domain exhausted. Finishing up: https://dpe.khetlal.joypurhat.gov.bd
==================================================
[*] STARTING NEW DOMAIN: https://deb113269.dhakaeducationboard.gov.bd
==================================================
[+] Domain exhausted. Finishing up: https://deb113269.dhakaeducationboard.gov.bd
==================================================
[*] STARTING NEW DOMAIN: https://deo.sherpur.gov.bd
==================================================
[+] Domain exhausted. Finishing up: https://deo.sherpur.gov.bd
==================================================
[*] STARTING NEW DOMAIN: https://dlao.netrokona.gov.bd
==================================================
[+] Domain exhausted. Finishing up: https://dlao.netrokona.gov.bd
==================================================
[*] STARTING NEW DOMAIN: https://dphe.sadar.bogra.gov.bd
==================================================
[+] Domain exhausted. Finishing up: https://dphe.sadar.bogra.gov.bd
==================================================
[*] STARTING NEW DOMAIN: https://deb130825.dhakaeducationboard.gov.bd
==================================================
[+] Domain exhausted. Finishing up: https://deb130825.dhakaeducationboard.gov.bd
==================================================
[*] STARTING NEW DOMAIN: https://dlrms.land.gov.bd
==================================================
[+] Domain exhausted. Finishing up: https://dlrms.land.gov.bd
==================================================
[*] STARTING NEW DOMAIN: https://bttc.bandarban.gov.bd
==================================================
[+] Domain exhausted. Finishing up: https://bttc.bandarban.gov.bd
==================================================
[*] STARTING NEW DOMAIN: https://deb136904.dhakaeducationboard.gov.bd
==================================================
[+] Domain exhausted. Finishing up: https://deb136904.dhakaeducationboard.gov.bd
==================================================
[*] STARTING NEW DOMAIN: https://deb138358.dhakaeducationboard.gov.bd
==================================================
[+] Domain exhausted. Finishing up: https://deb138358.dhakaeducationboard.gov.bd
==================================================
[*] STARTING NEW DOMAIN: https://shikarmongolup.madaripur.gov.bd
==================================================
[+] Domain exhausted. Finishing up: https://shikarmongolup.madaripur.gov.bd
==================================================
[*] STARTING NEW DOMAIN: https://smmatluburrahmansecondaryschool.jessoreboard.gov.bd
==================================================
[+] Domain exhausted. Finishing up: https://smmatluburrahmansecondaryschool.jessoreboard.gov.bd
==================================================
[*] STARTING NEW DOMAIN: https://dls.kushtiasadar.kushtia.gov.bd
==================================================
[+] Domain exhausted. Finishing up: https://dls.kushtiasadar.kushtia.gov.bd
==================================================
[*] STARTING NEW DOMAIN: https://deb131489.dhakaeducationboard.gov.bd
==================================================
[+] Domain exhausted. Finishing up: https://deb131489.dhakaeducationboard.gov.bd
==================================================
[*] STARTING NEW DOMAIN: https://eed.munshiganj.gov.bd
==================================================
[+] Domain exhausted. Finishing up: https://eed.munshiganj.gov.bd
==================================================
[*] STARTING NEW DOMAIN: https://deb134463.dhakaeducationboard.gov.bd
==================================================
[+] Domain exhausted. Finishing up: https://deb134463.dhakaeducationboard.gov.bd
==================================================
[*] STARTING NEW DOMAIN: https://deb140508.dhakaeducationboard.gov.bd
==================================================
[+] Domain exhausted. Finishing up: https://deb140508.dhakaeducationboard.gov.bd
==================================================
[*] STARTING NEW DOMAIN: https://doict.teknaf.coxsbazar.gov.bd
==================================================
[+] Domain exhausted. Finishing up: https://doict.teknaf.coxsbazar.gov.bd
==================================================
[*] STARTING NEW DOMAIN: https://bac.portal.gov.bd
==================================================
[+] Domain exhausted. Finishing up: https://bac.portal.gov.bd
==================================================
[*] STARTING NEW DOMAIN: https://deb190001.dhakaeducationboard.gov.bd
==================================================
[+] Domain exhausted. Finishing up: https://deb190001.dhakaeducationboard.gov.bd
==================================================
[*] STARTING NEW DOMAIN: https://brdshimatajuniorsecondaryhighschool.jessoreboard.gov.bd
==================================================
[+] Domain exhausted. Finishing up: https://brdshimatajuniorsecondaryhighschool.jessoreboard.gov.bd
==================================================
[*] STARTING NEW DOMAIN: https://dls.jamalpursadar.jamalpur.gov.bd
==================================================
[+] Domain exhausted. Finishing up: https://dls.jamalpursadar.jamalpur.gov.bd
==================================================
[*] STARTING NEW DOMAIN: https://doict.islampur.jamalpur.gov.bd
==================================================
[+] Domain exhausted. Finishing up: https://doict.islampur.jamalpur.gov.bd
==================================================
[*] STARTING NEW DOMAIN: https://dadpursecondaryschool.jessoreboard.gov.bd
==================================================
[+] Domain exhausted. Finishing up: https://dadpursecondaryschool.jessoreboard.gov.bd
==================================================
[*] STARTING NEW DOMAIN: https://passport.rajshahi.gov.bd
==================================================
[+] Domain exhausted. Finishing up: https://passport.rajshahi.gov.bd
==================================================
[*] STARTING NEW DOMAIN: https://somajsohildeoup.netrokona.gov.bd
==================================================
[+] Domain exhausted. Finishing up: https://somajsohildeoup.netrokona.gov.bd
==================================================
[*] STARTING NEW DOMAIN: https://ctholiaup.feni.gov.bd
==================================================
[+] Domain exhausted. Finishing up: https://ctholiaup.feni.gov.bd
==================================================
[*] STARTING NEW DOMAIN: https://health.bijoynagar.brahmanbaria.gov.bd
==================================================
[+] Domain exhausted. Finishing up: https://health.bijoynagar.brahmanbaria.gov.bd
==================================================
[*] STARTING NEW DOMAIN: https://bbs.mohadevpur.naogaon.gov.bd
==================================================
[+] Domain exhausted. Finishing up: https://bbs.mohadevpur.naogaon.gov.bd
==================================================
[*] STARTING NEW DOMAIN: https://deb137651.dhakaeducationboard.gov.bd
==================================================
[+] Domain exhausted. Finishing up: https://deb137651.dhakaeducationboard.gov.bd
==================================================
[*] STARTING NEW DOMAIN: https://bbs.kurigram.gov.bd
==================================================
[+] Domain exhausted. Finishing up: https://bbs.kurigram.gov.bd
==================================================
[*] STARTING NEW DOMAIN: https://police.syedpur.nilphamari.gov.bd
==================================================
[+] Domain exhausted. Finishing up: https://police.syedpur.nilphamari.gov.bd
==================================================
[*] STARTING NEW DOMAIN: https://dls.akhaura.brahmanbaria.gov.bd
==================================================
[+] Domain exhausted. Finishing up: https://dls.akhaura.brahmanbaria.gov.bd
==================================================
[*] STARTING NEW DOMAIN: https://pti.meherpur.gov.bd
==================================================
[+] Domain exhausted. Finishing up: https://pti.meherpur.gov.bd
==================================================
[*] STARTING NEW DOMAIN: https://bkttc.chittagong.gov.bd
==================================================
[+] Domain exhausted. Finishing up: https://bkttc.chittagong.gov.bd
==================================================
[*] STARTING NEW DOMAIN: https://dwa.barguna.gov.bd
==================================================
[+] Domain exhausted. Finishing up: https://dwa.barguna.gov.bd
==================================================
[*] STARTING NEW DOMAIN: https://deb114378.dhakaeducationboard.gov.bd
==================================================
[+] Domain exhausted. Finishing up: https://deb114378.dhakaeducationboard.gov.bd
==================================================
[*] STARTING NEW DOMAIN: https://deb114621.dhakaeducationboard.gov.bd
==================================================
[+] Domain exhausted. Finishing up: https://deb114621.dhakaeducationboard.gov.bd
==================================================
[*] STARTING NEW DOMAIN: https://dss.sakhipur.tangail.gov.bd
==================================================
[+] Domain exhausted. Finishing up: https://dss.sakhipur.tangail.gov.bd
==================================================
[*] STARTING NEW DOMAIN: https://daulatpurdaynightcollege.jessoreboard.gov.bd
==================================================
[+] Domain exhausted. Finishing up: https://daulatpurdaynightcollege.jessoreboard.gov.bd
==================================================
[*] STARTING NEW DOMAIN: https://lged.beanibazar.sylhet.gov.bd
==================================================
[+] Domain exhausted. Finishing up: https://lged.beanibazar.sylhet.gov.bd
==================================================
[*] STARTING NEW DOMAIN: https://bmmaagtsc.habiganj.gov.bd
==================================================
[+] Domain exhausted. Finishing up: https://bmmaagtsc.habiganj.gov.bd
==================================================
[*] STARTING NEW DOMAIN: https://govtiqbalnagarsecondarygirlsschool.jessoreboard.gov.bd
==================================================
[+] Domain exhausted. Finishing up: https://govtiqbalnagarsecondarygirlsschool.jessoreboard.gov.bd
==================================================
[*] STARTING NEW DOMAIN: https://lakshmipashaup.narail.gov.bd
==================================================
[+] Domain exhausted. Finishing up: https://lakshmipashaup.narail.gov.bd
==================================================
[*] STARTING NEW DOMAIN: https://cooparative.doulatkhan.bhola.gov.bd
==================================================
[+] Domain exhausted. Finishing up: https://cooparative.doulatkhan.bhola.gov.bd
==================================================
[*] STARTING NEW DOMAIN: https://joarganjsr.mirsharai.chittagong.gov.bd
==================================================
[+] Domain exhausted. Finishing up: https://joarganjsr.mirsharai.chittagong.gov.bd
==================================================
[*] STARTING NEW DOMAIN: https://bnfe.pabna.gov.bd
==================================================
[+] Domain exhausted. Finishing up: https://bnfe.pabna.gov.bd
==================================================
[*] STARTING NEW DOMAIN: https://gemco.gov.bd
==================================================
[+] Domain exhausted. Finishing up: https://gemco.gov.bd
==================================================
[*] STARTING NEW DOMAIN: https://lged.panchagarh.gov.bd
==================================================
[+] Domain exhausted. Finishing up: https://lged.panchagarh.gov.bd
==================================================
[*] STARTING NEW DOMAIN: https://brdb.shariakandi.bogra.gov.bd
==================================================
[+] Domain exhausted. Finishing up: https://brdb.shariakandi.bogra.gov.bd
==================================================
[*] STARTING NEW DOMAIN: https://hort.dae.gov.bd
==================================================
[+] Domain exhausted. Finishing up: https://hort.dae.gov.bd
==================================================
[*] STARTING NEW DOMAIN: https://deb110578.dhakaeducationboard.gov.bd
==================================================
[+] Domain exhausted. Finishing up: https://deb110578.dhakaeducationboard.gov.bd
==================================================
[*] STARTING NEW DOMAIN: https://brdb.guimara.khagrachhari.gov.bd
==================================================
[+] Domain exhausted. Finishing up: https://brdb.guimara.khagrachhari.gov.bd
==================================================
[*] STARTING NEW DOMAIN: https://deb109197.dhakaeducationboard.gov.bd
==================================================
[+] Domain exhausted. Finishing up: https://deb109197.dhakaeducationboard.gov.bd
==================================================
[*] STARTING NEW DOMAIN: https://police.sadar.rajbari.gov.bd
==================================================
[+] Domain exhausted. Finishing up: https://police.sadar.rajbari.gov.bd
==================================================
[*] STARTING NEW DOMAIN: https://fpo.sreenagar.munshiganj.gov.bd
==================================================
[+] Domain exhausted. Finishing up: https://fpo.sreenagar.munshiganj.gov.bd
==================================================
[*] STARTING NEW DOMAIN: https://kangshaup.sherpur.gov.bd
==================================================
[+] Domain exhausted. Finishing up: https://kangshaup.sherpur.gov.bd
==================================================
[*] STARTING NEW DOMAIN: https://cooparative.pathorghata.barguna.gov.bd
==================================================
[+] Domain exhausted. Finishing up: https://cooparative.pathorghata.barguna.gov.bd
==================================================
[*] STARTING NEW DOMAIN: https://sreepurup.comilla.gov.bd
==================================================
[+] Domain exhausted. Finishing up: https://sreepurup.comilla.gov.bd
==================================================
[*] STARTING NEW DOMAIN: https://chalishiaup.jessore.gov.bd
==================================================
[+] Domain exhausted. Finishing up: https://chalishiaup.jessore.gov.bd
==================================================
[*] STARTING NEW DOMAIN: https://deb108876.dhakaeducationboard.gov.bd
==================================================
[+] Domain exhausted. Finishing up: https://deb108876.dhakaeducationboard.gov.bd
==================================================
[*] STARTING NEW DOMAIN: https://badcfertilizer.jashore.gov.bd
==================================================
[+] Domain exhausted. Finishing up: https://badcfertilizer.jashore.gov.bd
==================================================
[*] STARTING NEW DOMAIN: https://brdb.barura.comilla.gov.bd
==================================================
[+] Domain exhausted. Finishing up: https://brdb.barura.comilla.gov.bd
==================================================
[*] STARTING NEW DOMAIN: https://inatganjup.habiganj.gov.bd
==================================================
[+] Domain exhausted. Finishing up: https://inatganjup.habiganj.gov.bd
==================================================
[*] STARTING NEW DOMAIN: https://brta.joypurhat.gov.bd
==================================================
[+] Domain exhausted. Finishing up: https://brta.joypurhat.gov.bd
==================================================
[*] STARTING NEW DOMAIN: https://ec.ghatail.tangail.gov.bd
==================================================
[+] Domain exhausted. Finishing up: https://ec.ghatail.tangail.gov.bd
==================================================
[*] STARTING NEW DOMAIN: https://harinakundupilotschoolandcollege.jessoreboard.gov.bd
==================================================
[+] Domain exhausted. Finishing up: https://harinakundupilotschoolandcollege.jessoreboard.gov.bd
==================================================
[*] STARTING NEW DOMAIN: https://deb110330.dhakaeducationboard.gov.bd
==================================================
[+] Domain exhausted. Finishing up: https://deb110330.dhakaeducationboard.gov.bd
==================================================
[*] STARTING NEW DOMAIN: https://ebek.mohammadpur.magura.gov.bd
==================================================
[+] Domain exhausted. Finishing up: https://ebek.mohammadpur.magura.gov.bd
==================================================
[*] STARTING NEW DOMAIN: https://irbadc.chatmohar.pabna.gov.bd
==================================================
[+] Domain exhausted. Finishing up: https://irbadc.chatmohar.pabna.gov.bd
==================================================
[*] STARTING NEW DOMAIN: https://deb111145.dhakaeducationboard.gov.bd
==================================================
[+] Domain exhausted. Finishing up: https://deb111145.dhakaeducationboard.gov.bd
==================================================
[*] STARTING NEW DOMAIN: https://dwa.jaldhaka.nilphamari.gov.bd
==================================================
[+] Domain exhausted. Finishing up: https://dwa.jaldhaka.nilphamari.gov.bd
==================================================
[*] STARTING NEW DOMAIN: https://fqochilahati.domar.nilphamari.gov.bd
==================================================
[+] Domain exhausted. Finishing up: https://fqochilahati.domar.nilphamari.gov.bd
==================================================
[*] STARTING NEW DOMAIN: https://deb110000.dhakaeducationboard.gov.bd
==================================================
[+] Domain exhausted. Finishing up: https://deb110000.dhakaeducationboard.gov.bd
==================================================
[*] STARTING NEW DOMAIN: https://sangrampurup.ghatail.tangail.gov.bd
==================================================
[+] Domain exhausted. Finishing up: https://sangrampurup.ghatail.tangail.gov.bd
==================================================
[*] STARTING NEW DOMAIN: https://urc.harinakundu.jhenaidah.gov.bd
==================================================
[+] Domain exhausted. Finishing up: https://urc.harinakundu.jhenaidah.gov.bd
==================================================
[*] STARTING NEW DOMAIN: https://gabkhalisecondaryschool.jessoreboard.gov.bd
==================================================
[+] Domain exhausted. Finishing up: https://gabkhalisecondaryschool.jessoreboard.gov.bd
==================================================
[*] STARTING NEW DOMAIN: https://brdb.patiya.chittagong.gov.bd
==================================================
[+] Domain exhausted. Finishing up: https://brdb.patiya.chittagong.gov.bd
==================================================
[*] STARTING NEW DOMAIN: https://ec.dhakadiv.gov.bd
==================================================
[+] Domain exhausted. Finishing up: https://ec.dhakadiv.gov.bd
==================================================
[*] STARTING NEW DOMAIN: https://scouts.gov.bd
==================================================
[+] Domain exhausted. Finishing up: https://scouts.gov.bd
==================================================
[*] STARTING NEW DOMAIN: https://janatasecondaryschool.jessoreboard.gov.bd
==================================================
[+] Domain exhausted. Finishing up: https://janatasecondaryschool.jessoreboard.gov.bd
==================================================
[*] STARTING NEW DOMAIN: https://deb108256.dhakaeducationboard.gov.bd
==================================================
[+] Domain exhausted. Finishing up: https://deb108256.dhakaeducationboard.gov.bd
==================================================
[*] STARTING NEW DOMAIN: https://food.khansama.dinajpur.gov.bd
==================================================
[+] Domain exhausted. Finishing up: https://food.khansama.dinajpur.gov.bd
==================================================
[*] STARTING NEW DOMAIN: https://dao.nalchity.jhalakathi.gov.bd
==================================================
[+] Domain exhausted. Finishing up: https://dao.nalchity.jhalakathi.gov.bd
==================================================
[*] STARTING NEW DOMAIN: https://deb109903.dhakaeducationboard.gov.bd
==================================================
[+] Domain exhausted. Finishing up: https://deb109903.dhakaeducationboard.gov.bd
==================================================
[*] STARTING NEW DOMAIN: https://food.chhagalnaiya.feni.gov.bd
==================================================
[+] Domain exhausted. Finishing up: https://food.chhagalnaiya.feni.gov.bd
==================================================
[*] STARTING NEW DOMAIN: https://drr.portal.gov.bd
==================================================
[+] Domain exhausted. Finishing up: https://drr.portal.gov.bd
==================================================
[*] STARTING NEW DOMAIN: https://hcdae.meherpur.gov.bd
==================================================
[+] Domain exhausted. Finishing up: https://hcdae.meherpur.gov.bd
==================================================
[*] STARTING NEW DOMAIN: https://chaksreeabcsecondaryschool.jessoreboard.gov.bd
==================================================
[+] Domain exhausted. Finishing up: https://chaksreeabcsecondaryschool.jessoreboard.gov.bd
==================================================
[*] STARTING NEW DOMAIN: https://fpo.birampur.dinajpur.gov.bd
==================================================
[+] Domain exhausted. Finishing up: https://fpo.birampur.dinajpur.gov.bd
==================================================
[*] STARTING NEW DOMAIN: https://info.joypurhat.gov.bd
==================================================
[+] Domain exhausted. Finishing up: https://info.joypurhat.gov.bd
==================================================
[*] STARTING NEW DOMAIN: https://police.sarishabari.jamalpur.gov.bd
==================================================
[+] Domain exhausted. Finishing up: https://police.sarishabari.jamalpur.gov.bd
==================================================
[*] STARTING NEW DOMAIN: https://basatiup.mymensingh.gov.bd
==================================================
[+] Domain exhausted. Finishing up: https://basatiup.mymensingh.gov.bd
==================================================
[*] STARTING NEW DOMAIN: https://jhenidahspsecondaryschool.jessoreboard.gov.bd
==================================================
[+] Domain exhausted. Finishing up: https://jhenidahspsecondaryschool.jessoreboard.gov.bd
==================================================
[*] STARTING NEW DOMAIN: https://rajshahizn.touristpolice.gov.bd
==================================================
[+] Domain exhausted. Finishing up: https://rajshahizn.touristpolice.gov.bd
==================================================
[*] STARTING NEW DOMAIN: https://deb138330.dhakaeducationboard.gov.bd
==================================================
[+] Domain exhausted. Finishing up: https://deb138330.dhakaeducationboard.gov.bd
==================================================
[*] STARTING NEW DOMAIN: https://joradahasecondaryschool.jessoreboard.gov.bd
==================================================
[+] Domain exhausted. Finishing up: https://joradahasecondaryschool.jessoreboard.gov.bd
==================================================
[*] STARTING NEW DOMAIN: https://deb110805.dhakaeducationboard.gov.bd
==================================================
[+] Domain exhausted. Finishing up: https://deb110805.dhakaeducationboard.gov.bd
==================================================
[*] STARTING NEW DOMAIN: https://fireservice.taltali.barguna.gov.bd
==================================================
[+] Domain exhausted. Finishing up: https://fireservice.taltali.barguna.gov.bd
==================================================
[*] STARTING NEW DOMAIN: https://shishuacademy.comilla.gov.bd
==================================================
[+] Domain exhausted. Finishing up: https://shishuacademy.comilla.gov.bd
==================================================
[*] STARTING NEW DOMAIN: https://sr.narsingdisadar.narsingdi.gov.bd
==================================================
[+] Domain exhausted. Finishing up: https://sr.narsingdisadar.narsingdi.gov.bd
==================================================
[*] STARTING NEW DOMAIN: https://seo.shajahanpur.bogra.gov.bd
==================================================
[+] Domain exhausted. Finishing up: https://seo.shajahanpur.bogra.gov.bd
==================================================
[*] STARTING NEW DOMAIN: https://fpo.birganj.dinajpur.gov.bd
==================================================
[+] Domain exhausted. Finishing up: https://fpo.birganj.dinajpur.gov.bd
==================================================
[*] STARTING NEW DOMAIN: https://jobsbiwta.gov.bd
==================================================
[+] Domain exhausted. Finishing up: https://jobsbiwta.gov.bd
==================================================
[*] STARTING NEW DOMAIN: https://tax.rajbari.gov.bd
==================================================
[+] Domain exhausted. Finishing up: https://tax.rajbari.gov.bd
==================================================
[*] STARTING NEW DOMAIN: https://ansarvdp.palashbari.gaibandha.gov.bd
==================================================
[+] Domain exhausted. Finishing up: https://ansarvdp.palashbari.gaibandha.gov.bd
==================================================
[*] STARTING NEW DOMAIN: https://health.fulbaria.mymensingh.gov.bd
==================================================
[+] Domain exhausted. Finishing up: https://health.fulbaria.mymensingh.gov.bd
==================================================
[*] STARTING NEW DOMAIN: https://brdb.sirajganjsadar.sirajganj.gov.bd
==================================================
[+] Domain exhausted. Finishing up: https://brdb.sirajganjsadar.sirajganj.gov.bd
==================================================
[*] STARTING NEW DOMAIN: https://food.banaripara.barisal.gov.bd
==================================================
[+] Domain exhausted. Finishing up: https://food.banaripara.barisal.gov.bd
==================================================
[*] STARTING NEW DOMAIN: https://islamicfoundation.noakhali.gov.bd
==================================================
[+] Domain exhausted. Finishing up: https://islamicfoundation.noakhali.gov.bd
==================================================
[*] STARTING NEW DOMAIN: https://deb112556.dhakaeducationboard.gov.bd
==================================================
[+] Domain exhausted. Finishing up: https://deb112556.dhakaeducationboard.gov.bd
==================================================
[*] STARTING NEW DOMAIN: https://fisheries.narsingdisadar.narsingdi.gov.bd
==================================================
[+] Domain exhausted. Finishing up: https://fisheries.narsingdisadar.narsingdi.gov.bd
==================================================
[*] STARTING NEW DOMAIN: https://garjoniyaup.coxsbazar.gov.bd
==================================================
[+] Domain exhausted. Finishing up: https://garjoniyaup.coxsbazar.gov.bd
==================================================
[*] STARTING NEW DOMAIN: https://deb110467.dhakaeducationboard.gov.bd
==================================================
[+] Domain exhausted. Finishing up: https://deb110467.dhakaeducationboard.gov.bd
==================================================
[*] STARTING NEW DOMAIN: https://brta.faridpur.gov.bd
==================================================
[+] Domain exhausted. Finishing up: https://brta.faridpur.gov.bd
==================================================
[*] STARTING NEW DOMAIN: https://automation.bepza.gov.bd
==================================================
[+] Domain exhausted. Finishing up: https://automation.bepza.gov.bd
==================================================
[*] STARTING NEW DOMAIN: https://health.chakaria.coxsbazar.gov.bd
==================================================
[+] Domain exhausted. Finishing up: https://health.chakaria.coxsbazar.gov.bd
==================================================
[*] STARTING NEW DOMAIN: https://bscic.faridpur.gov.bd
==================================================
[+] Domain exhausted. Finishing up: https://bscic.faridpur.gov.bd
==================================================
[*] STARTING NEW DOMAIN: https://po.chuadanga.gov.bd
==================================================
[+] Domain exhausted. Finishing up: https://po.chuadanga.gov.bd
==================================================
[*] STARTING NEW DOMAIN: https://pozip.sarankhola.bagerhat.gov.bd
==================================================
[+] Domain exhausted. Finishing up: https://pozip.sarankhola.bagerhat.gov.bd
==================================================
[*] STARTING NEW DOMAIN: https://dphe.badargonj.rangpur.gov.bd
==================================================
[+] Domain exhausted. Finishing up: https://dphe.badargonj.rangpur.gov.bd
==================================================
[*] STARTING NEW DOMAIN: https://fisheries.rangunia.chittagong.gov.bd
==================================================
[+] Domain exhausted. Finishing up: https://fisheries.rangunia.chittagong.gov.bd
==================================================
[*] STARTING NEW DOMAIN: https://deb108598.dhakaeducationboard.gov.bd
==================================================
[+] Domain exhausted. Finishing up: https://deb108598.dhakaeducationboard.gov.bd
==================================================
[*] STARTING NEW DOMAIN: https://manirampurgovtsecondarygirlsschool.jessoreboard.gov.bd
==================================================
[+] Domain exhausted. Finishing up: https://manirampurgovtsecondarygirlsschool.jessoreboard.gov.bd
==================================================
[*] STARTING NEW DOMAIN: https://dss.senbug.noakhali.gov.bd
==================================================
[+] Domain exhausted. Finishing up: https://dss.senbug.noakhali.gov.bd
==================================================
[*] STARTING NEW DOMAIN: https://deb109812.dhakaeducationboard.gov.bd
==================================================
[+] Domain exhausted. Finishing up: https://deb109812.dhakaeducationboard.gov.bd
==================================================
[*] STARTING NEW DOMAIN: https://bhbfcsouth.dhaka.gov.bd
==================================================
[+] Domain exhausted. Finishing up: https://bhbfcsouth.dhaka.gov.bd
==================================================
[*] STARTING NEW DOMAIN: https://seo.hakimpur.dinajpur.gov.bd
==================================================
[+] Domain exhausted. Finishing up: https://seo.hakimpur.dinajpur.gov.bd
==================================================
[*] STARTING NEW DOMAIN: https://forest.shalla.sunamganj.gov.bd
==================================================
[+] Domain exhausted. Finishing up: https://forest.shalla.sunamganj.gov.bd
==================================================
[*] STARTING NEW DOMAIN: https://deb110976.dhakaeducationboard.gov.bd
==================================================
[+] Domain exhausted. Finishing up: https://deb110976.dhakaeducationboard.gov.bd
==================================================
[*] STARTING NEW DOMAIN: https://brdb.monohargonj.comilla.gov.bd
==================================================
[+] Domain exhausted. Finishing up: https://brdb.monohargonj.comilla.gov.bd
==================================================
[*] STARTING NEW DOMAIN: https://sfdf.sarishabari.jamalpur.gov.bd
==================================================
[+] Domain exhausted. Finishing up: https://sfdf.sarishabari.jamalpur.gov.bd
==================================================
[*] STARTING NEW DOMAIN: https://ansarvdp.hatibandha.lalmonirhat.gov.bd
==================================================
[+] Domain exhausted. Finishing up: https://ansarvdp.hatibandha.lalmonirhat.gov.bd
==================================================
[*] STARTING NEW DOMAIN: https://seo.sreenagar.munshiganj.gov.bd
==================================================
[+] Domain exhausted. Finishing up: https://seo.sreenagar.munshiganj.gov.bd
==================================================
[*] STARTING NEW DOMAIN: https://forest.mymensinghdiv.gov.bd
==================================================
[+] Domain exhausted. Finishing up: https://forest.mymensinghdiv.gov.bd
==================================================
[*] STARTING NEW DOMAIN: https://deb111541.dhakaeducationboard.gov.bd
==================================================
[+] Domain exhausted. Finishing up: https://deb111541.dhakaeducationboard.gov.bd
==================================================
[*] STARTING NEW DOMAIN: https://ebek.bishwambarpur.sunamganj.gov.bd
==================================================
[+] Domain exhausted. Finishing up: https://ebek.bishwambarpur.sunamganj.gov.bd
==================================================
[*] STARTING NEW DOMAIN: https://fpo.netrokonasadar.netrokona.gov.bd
==================================================
[+] Domain exhausted. Finishing up: https://fpo.netrokonasadar.netrokona.gov.bd
==================================================
[*] STARTING NEW DOMAIN: https://mail.ptd.gov.bd
==================================================
[+] Domain exhausted. Finishing up: https://mail.ptd.gov.bd
==================================================
[*] STARTING NEW DOMAIN: https://ebek.kachua.bagerhat.gov.bd
==================================================
[+] Domain exhausted. Finishing up: https://ebek.kachua.bagerhat.gov.bd
==================================================
[*] STARTING NEW DOMAIN: https://service.ashrayanpmo.gov.bd
==================================================
[+] Domain exhausted. Finishing up: https://service.ashrayanpmo.gov.bd
==================================================
[*] STARTING NEW DOMAIN: https://pbs.pirgacha.rangpur.gov.bd
==================================================
[+] Domain exhausted. Finishing up: https://pbs.pirgacha.rangpur.gov.bd
==================================================
[*] STARTING NEW DOMAIN: https://maheshpurgovernmentdegreecollege.jessoreboard.gov.bd
==================================================
[+] Domain exhausted. Finishing up: https://maheshpurgovernmentdegreecollege.jessoreboard.gov.bd
==================================================
[*] STARTING NEW DOMAIN: https://fpo.kalmakanda.netrokona.gov.bd
==================================================
[+] Domain exhausted. Finishing up: https://fpo.kalmakanda.netrokona.gov.bd
==================================================
[*] STARTING NEW DOMAIN: https://food.sadar.jessore.gov.bd
==================================================
[+] Domain exhausted. Finishing up: https://food.sadar.jessore.gov.bd
==================================================
[*] STARTING NEW DOMAIN: https://btcl.meherpur.gov.bd
==================================================
[+] Domain exhausted. Finishing up: https://btcl.meherpur.gov.bd
==================================================
[*] STARTING NEW DOMAIN: https://bgb.khulnadiv.gov.bd
==================================================
[+] Domain exhausted. Finishing up: https://bgb.khulnadiv.gov.bd
==================================================
[*] STARTING NEW DOMAIN: https://sfdf.kumarkhali.kushtia.gov.bd
==================================================
[+] Domain exhausted. Finishing up: https://sfdf.kumarkhali.kushtia.gov.bd
==================================================
[*] STARTING NEW DOMAIN: https://deb111413.dhakaeducationboard.gov.bd
==================================================
[+] Domain exhausted. Finishing up: https://deb111413.dhakaeducationboard.gov.bd
==================================================
[*] STARTING NEW DOMAIN: https://ec.charfesson.bhola.gov.bd
==================================================
[+] Domain exhausted. Finishing up: https://ec.charfesson.bhola.gov.bd
==================================================
[*] STARTING NEW DOMAIN: https://dphe.panchagarhsadar.panchagarh.gov.bd
==================================================
[+] Domain exhausted. Finishing up: https://dphe.panchagarhsadar.panchagarh.gov.bd
==================================================
[*] STARTING NEW DOMAIN: https://acl.iswarganj.mymensingh.gov.bd
==================================================
[+] Domain exhausted. Finishing up: https://acl.iswarganj.mymensingh.gov.bd
==================================================
[*] STARTING NEW DOMAIN: https://dwa.netrokona.gov.bd
==================================================
[+] Domain exhausted. Finishing up: https://dwa.netrokona.gov.bd
==================================================
[*] STARTING NEW DOMAIN: https://nagarkanda.faridpur.gov.bd
==================================================
[+] Domain exhausted. Finishing up: https://nagarkanda.faridpur.gov.bd
==================================================
[*] STARTING NEW DOMAIN: https://dwa.chandina.comilla.gov.bd
==================================================
[+] Domain exhausted. Finishing up: https://dwa.chandina.comilla.gov.bd
==================================================
[*] STARTING NEW DOMAIN: https://dwa.bamna.barguna.gov.bd
==================================================
[+] Domain exhausted. Finishing up: https://dwa.bamna.barguna.gov.bd
==================================================
[*] STARTING NEW DOMAIN: https://fpo.kaliakair.gazipur.gov.bd
==================================================
[+] Domain exhausted. Finishing up: https://fpo.kaliakair.gazipur.gov.bd
==================================================
[*] STARTING NEW DOMAIN: https://bbs.comilla.gov.bd
==================================================
[+] Domain exhausted. Finishing up: https://bbs.comilla.gov.bd
==================================================
[*] STARTING NEW DOMAIN: https://dss.laxmichhari.khagrachhari.gov.bd
==================================================
[+] Domain exhausted. Finishing up: https://dss.laxmichhari.khagrachhari.gov.bd
==================================================
[*] STARTING NEW DOMAIN: https://dphe.laxmichhari.khagrachhari.gov.bd
==================================================
[+] Domain exhausted. Finishing up: https://dphe.laxmichhari.khagrachhari.gov.bd
==================================================
[*] STARTING NEW DOMAIN: https://totthoapa.karimgonj.kishoreganj.gov.bd
==================================================
[+] Domain exhausted. Finishing up: https://totthoapa.karimgonj.kishoreganj.gov.bd
==================================================
[*] STARTING NEW DOMAIN: https://drro.rajbari.gov.bd
==================================================
[+] Domain exhausted. Finishing up: https://drro.rajbari.gov.bd
==================================================
[*] STARTING NEW DOMAIN: https://eed.bandarban.gov.bd
==================================================
[+] Domain exhausted. Finishing up: https://eed.bandarban.gov.bd
==================================================
[*] STARTING NEW DOMAIN: https://fisheries.sadar.munshiganj.gov.bd
==================================================
[+] Domain exhausted. Finishing up: https://fisheries.sadar.munshiganj.gov.bd
==================================================
[*] STARTING NEW DOMAIN: https://ansarvdp.charghat.rajshahi.gov.bd
==================================================
[+] Domain exhausted. Finishing up: https://ansarvdp.charghat.rajshahi.gov.bd
==================================================
[*] STARTING NEW DOMAIN: https://ec.magurasadar.magura.gov.bd
==================================================
[+] Domain exhausted. Finishing up: https://ec.magurasadar.magura.gov.bd
==================================================
[*] STARTING NEW DOMAIN: https://brta.jhenaidah.gov.bd
==================================================
[+] Domain exhausted. Finishing up: https://brta.jhenaidah.gov.bd
==================================================
[*] STARTING NEW DOMAIN: https://pio.rupganj.narayanganj.gov.bd
==================================================
[+] Domain exhausted. Finishing up: https://pio.rupganj.narayanganj.gov.bd
==================================================
[*] STARTING NEW DOMAIN: https://deb112760.dhakaeducationboard.gov.bd
==================================================
[+] Domain exhausted. Finishing up: https://deb112760.dhakaeducationboard.gov.bd
==================================================
[*] STARTING NEW DOMAIN: http://mrv.eis.gov.bd
==================================================
[+] Domain exhausted. Finishing up: http://mrv.eis.gov.bd
==================================================
[*] STARTING NEW DOMAIN: https://ps.muladi.barisal.gov.bd
==================================================
[+] Domain exhausted. Finishing up: https://ps.muladi.barisal.gov.bd
==================================================
[*] STARTING NEW DOMAIN: https://kodaliashohidnagarup.faridpur.gov.bd
==================================================
[+] Domain exhausted. Finishing up: https://kodaliashohidnagarup.faridpur.gov.bd
==================================================
[*] STARTING NEW DOMAIN: https://ebek.hatia.noakhali.gov.bd
==================================================
[+] Domain exhausted. Finishing up: https://ebek.hatia.noakhali.gov.bd
==================================================
[*] STARTING NEW DOMAIN: https://probashi.gov.bd
==================================================
[+] Domain exhausted. Finishing up: https://probashi.gov.bd
==================================================
[*] STARTING NEW DOMAIN: https://deb133745.dhakaeducationboard.gov.bd
==================================================
[+] Domain exhausted. Finishing up: https://deb133745.dhakaeducationboard.gov.bd
==================================================
[*] STARTING NEW DOMAIN: https://chargoalparasecondaryschool.jessoreboard.gov.bd
==================================================
[+] Domain exhausted. Finishing up: https://chargoalparasecondaryschool.jessoreboard.gov.bd
==================================================
[*] STARTING NEW DOMAIN: https://kanainagortechnicalandbusinessmanagementgirlscollege.jessoreboard.gov.bd
==================================================
[+] Domain exhausted. Finishing up: https://kanainagortechnicalandbusinessmanagementgirlscollege.jessoreboard.gov.bd
==================================================
[*] STARTING NEW DOMAIN: https://lrb.rangpurdiv.gov.bd
==================================================
[+] Domain exhausted. Finishing up: https://lrb.rangpurdiv.gov.bd
==================================================
[*] STARTING NEW DOMAIN: https://ansarvdp.mohalchari.khagrachhari.gov.bd
==================================================
[+] Domain exhausted. Finishing up: https://ansarvdp.mohalchari.khagrachhari.gov.bd
==================================================
[*] STARTING NEW DOMAIN: https://kanchiparaup.gaibandha.gov.bd
==================================================
[+] Domain exhausted. Finishing up: https://kanchiparaup.gaibandha.gov.bd
==================================================
[*] STARTING NEW DOMAIN: https://deb134877.dhakaeducationboard.gov.bd
==================================================
[+] Domain exhausted. Finishing up: https://deb134877.dhakaeducationboard.gov.bd
==================================================
[*] STARTING NEW DOMAIN: https://drro.panchagarh.gov.bd
==================================================
[+] Domain exhausted. Finishing up: https://drro.panchagarh.gov.bd
==================================================
[*] STARTING NEW DOMAIN: https://training.gov.bd
==================================================
[+] Domain exhausted. Finishing up: https://training.gov.bd
==================================================
[*] STARTING NEW DOMAIN: https://tarundiaup.mymensingh.gov.bd
==================================================
[+] Domain exhausted. Finishing up: https://tarundiaup.mymensingh.gov.bd
==================================================
[*] STARTING NEW DOMAIN: https://e-service.ngoab.gov.bd
==================================================
[+] Domain exhausted. Finishing up: https://e-service.ngoab.gov.bd
==================================================
[*] STARTING NEW DOMAIN: https://lged.bandarban.gov.bd
==================================================
[+] Domain exhausted. Finishing up: https://lged.bandarban.gov.bd
==================================================
[*] STARTING NEW DOMAIN: https://dphe.bhaluka.mymensingh.gov.bd
==================================================
[+] Domain exhausted. Finishing up: https://dphe.bhaluka.mymensingh.gov.bd
==================================================
[*] STARTING NEW DOMAIN: https://fdil.manikganj.gov.bd
==================================================
[+] Domain exhausted. Finishing up: https://fdil.manikganj.gov.bd
==================================================
[*] STARTING NEW DOMAIN: https://kdacollege.jessoreboard.gov.bd
==================================================
[+] Domain exhausted. Finishing up: https://kdacollege.jessoreboard.gov.bd
==================================================
[*] STARTING NEW DOMAIN: https://rariparasecondaryschool.jessoreboard.gov.bd
==================================================
[+] Domain exhausted. Finishing up: https://rariparasecondaryschool.jessoreboard.gov.bd
==================================================
[*] STARTING NEW DOMAIN: https://ansarvdp.kamolganj.moulvibazar.gov.bd
==================================================
[+] Domain exhausted. Finishing up: https://ansarvdp.kamolganj.moulvibazar.gov.bd
==================================================
[*] STARTING NEW DOMAIN: https://bmda.joypurhat.gov.bd
==================================================
[+] Domain exhausted. Finishing up: https://bmda.joypurhat.gov.bd
==================================================
[*] STARTING NEW DOMAIN: https://deb130886.dhakaeducationboard.gov.bd
==================================================
[+] Domain exhausted. Finishing up: https://deb130886.dhakaeducationboard.gov.bd
==================================================
[*] STARTING NEW DOMAIN: https://deb139032.dhakaeducationboard.gov.bd
==================================================
[+] Domain exhausted. Finishing up: https://deb139032.dhakaeducationboard.gov.bd
==================================================
[*] STARTING NEW DOMAIN: https://dls.dharmapasha.sunamganj.gov.bd
==================================================
[+] Domain exhausted. Finishing up: https://dls.dharmapasha.sunamganj.gov.bd
==================================================
[*] STARTING NEW DOMAIN: https://deb114328.dhakaeducationboard.gov.bd
==================================================
[+] Domain exhausted. Finishing up: https://deb114328.dhakaeducationboard.gov.bd
==================================================
[*] STARTING NEW DOMAIN: https://deb138774.dhakaeducationboard.gov.bd
==================================================
[+] Domain exhausted. Finishing up: https://deb138774.dhakaeducationboard.gov.bd
==================================================
[*] STARTING NEW DOMAIN: https://dinajpur.parjatan.portal.gov.bd
==================================================
[+] Domain exhausted. Finishing up: https://dinajpur.parjatan.portal.gov.bd
==================================================
[*] STARTING NEW DOMAIN: https://mail.dncc.gov.bd
==================================================
[+] Domain exhausted. Finishing up: https://mail.dncc.gov.bd
==================================================
[*] STARTING NEW DOMAIN: https://nesco.portal.gov.bd
==================================================
[+] Domain exhausted. Finishing up: https://nesco.portal.gov.bd
==================================================
[*] STARTING NEW DOMAIN: https://srdiro.cumilla.gov.bd
==================================================
[+] Domain exhausted. Finishing up: https://srdiro.cumilla.gov.bd
==================================================
[*] STARTING NEW DOMAIN: https://mail.erd.gov.bd
==================================================
[+] Domain exhausted. Finishing up: https://mail.erd.gov.bd
==================================================
[*] STARTING NEW DOMAIN: https://tvirangamati.portal.gov.bd
==================================================
[+] Domain exhausted. Finishing up: https://tvirangamati.portal.gov.bd
==================================================
[*] STARTING NEW DOMAIN: https://dshc.chunarughat.habiganj.gov.bd
==================================================
[+] Domain exhausted. Finishing up: https://dshc.chunarughat.habiganj.gov.bd
==================================================
[*] STARTING NEW DOMAIN: https://kdakhanjahanaligovthighschool.jessoreboard.gov.bd
==================================================
[+] Domain exhausted. Finishing up: https://kdakhanjahanaligovthighschool.jessoreboard.gov.bd
==================================================
[*] STARTING NEW DOMAIN: https://ramzannagaruniontofazzelvidyapith.jessoreboard.gov.bd
==================================================
[+] Domain exhausted. Finishing up: https://ramzannagaruniontofazzelvidyapith.jessoreboard.gov.bd
==================================================
[*] STARTING NEW DOMAIN: https://moubhogenurafrojalijuniorgirlsschool.jessoreboard.gov.bd
==================================================
[+] Domain exhausted. Finishing up: https://moubhogenurafrojalijuniorgirlsschool.jessoreboard.gov.bd
==================================================
[*] STARTING NEW DOMAIN: https://porsha.naogaon.gov.bd
==================================================
[+] Domain exhausted. Finishing up: https://porsha.naogaon.gov.bd
==================================================
[*] STARTING NEW DOMAIN: https://deb134025.dhakaeducationboard.gov.bd
==================================================
[+] Domain exhausted. Finishing up: https://deb134025.dhakaeducationboard.gov.bd
==================================================
[*] STARTING NEW DOMAIN: https://deo.lakshmipur.gov.bd
==================================================
[+] Domain exhausted. Finishing up: https://deo.lakshmipur.gov.bd
==================================================
[*] STARTING NEW DOMAIN: https://brdb.daulatpur.manikganj.gov.bd
==================================================
[+] Domain exhausted. Finishing up: https://brdb.daulatpur.manikganj.gov.bd
==================================================
[*] STARTING NEW DOMAIN: https://deb113990.dhakaeducationboard.gov.bd
==================================================
[+] Domain exhausted. Finishing up: https://deb113990.dhakaeducationboard.gov.bd
==================================================
[*] STARTING NEW DOMAIN: https://nmst.gov.bd
==================================================
[+] Domain exhausted. Finishing up: https://nmst.gov.bd
==================================================
[*] STARTING NEW DOMAIN: https://dnc.chandpur.gov.bd
==================================================
[+] Domain exhausted. Finishing up: https://dnc.chandpur.gov.bd
==================================================
[*] STARTING NEW DOMAIN: https://kishorganj.nilphamari.gov.bd
==================================================
[+] Domain exhausted. Finishing up: https://kishorganj.nilphamari.gov.bd
==================================================
[*] STARTING NEW DOMAIN: https://deb136637.dhakaeducationboard.gov.bd
==================================================
[+] Domain exhausted. Finishing up: https://deb136637.dhakaeducationboard.gov.bd
==================================================
[*] STARTING NEW DOMAIN: https://dls.chakaria.coxsbazar.gov.bd
==================================================
[+] Domain exhausted. Finishing up: https://dls.chakaria.coxsbazar.gov.bd
==================================================
[*] STARTING NEW DOMAIN: https://deb113653.dhakaeducationboard.gov.bd
==================================================
[+] Domain exhausted. Finishing up: https://deb113653.dhakaeducationboard.gov.bd
==================================================
[*] STARTING NEW DOMAIN: https://rajapursecondarygirlsschool.jessoreboard.gov.bd
==================================================
[+] Domain exhausted. Finishing up: https://rajapursecondarygirlsschool.jessoreboard.gov.bd
==================================================
[*] STARTING NEW DOMAIN: https://salehabegummohilacollegeharinakundu.jessoreboard.gov.bd
==================================================
[+] Domain exhausted. Finishing up: https://salehabegummohilacollegeharinakundu.jessoreboard.gov.bd
==================================================
[*] STARTING NEW DOMAIN: https://deb113159.dhakaeducationboard.gov.bd
==================================================
[+] Domain exhausted. Finishing up: https://deb113159.dhakaeducationboard.gov.bd
==================================================
[*] STARTING NEW DOMAIN: https://deb134171.dhakaeducationboard.gov.bd
==================================================
[+] Domain exhausted. Finishing up: https://deb134171.dhakaeducationboard.gov.bd
==================================================
[*] STARTING NEW DOMAIN: https://dls.durgapur.rajshahi.gov.bd
==================================================
[+] Domain exhausted. Finishing up: https://dls.durgapur.rajshahi.gov.bd
==================================================
[*] STARTING NEW DOMAIN: https://kaichapurup.mymensingh.gov.bd
==================================================
[+] Domain exhausted. Finishing up: https://kaichapurup.mymensingh.gov.bd
==================================================
[*] STARTING NEW DOMAIN: https://deb135233.dhakaeducationboard.gov.bd
==================================================
[+] Domain exhausted. Finishing up: https://deb135233.dhakaeducationboard.gov.bd
==================================================
[*] STARTING NEW DOMAIN: https://nalchiraup.barisal.gov.bd
==================================================
[+] Domain exhausted. Finishing up: https://nalchiraup.barisal.gov.bd
==================================================
[*] STARTING NEW DOMAIN: https://ansarvdp.sirajganjsadar.sirajganj.gov.bd
==================================================
[+] Domain exhausted. Finishing up: https://ansarvdp.sirajganjsadar.sirajganj.gov.bd
==================================================
[*] STARTING NEW DOMAIN: https://mfacademy.portal.gov.bd
==================================================
[+] Domain exhausted. Finishing up: https://mfacademy.portal.gov.bd
==================================================
[*] STARTING NEW DOMAIN: https://deo.rupsha.khulna.gov.bd
==================================================
[+] Domain exhausted. Finishing up: https://deo.rupsha.khulna.gov.bd
==================================================
[*] STARTING NEW DOMAIN: https://bscic.lalmonirhat.gov.bd
==================================================
[+] Domain exhausted. Finishing up: https://bscic.lalmonirhat.gov.bd
==================================================
[*] STARTING NEW DOMAIN: https://deb114362.dhakaeducationboard.gov.bd
==================================================
[+] Domain exhausted. Finishing up: https://deb114362.dhakaeducationboard.gov.bd
==================================================
[*] STARTING NEW DOMAIN: https://banglabandhaup.panchagarh.gov.bd
==================================================
[+] Domain exhausted. Finishing up: https://banglabandhaup.panchagarh.gov.bd
==================================================
[*] STARTING NEW DOMAIN: https://dshe.madarganj.jamalpur.gov.bd
==================================================
[+] Domain exhausted. Finishing up: https://dshe.madarganj.jamalpur.gov.bd
==================================================
[*] STARTING NEW DOMAIN: https://kamalnagarudoyonsecondarygirlsschool.jessoreboard.gov.bd
==================================================
[+] Domain exhausted. Finishing up: https://kamalnagarudoyonsecondarygirlsschool.jessoreboard.gov.bd
==================================================
[*] STARTING NEW DOMAIN: https://deb137260.dhakaeducationboard.gov.bd
==================================================
[+] Domain exhausted. Finishing up: https://deb137260.dhakaeducationboard.gov.bd
==================================================
[*] STARTING NEW DOMAIN: https://dnc.jhalakathi.gov.bd
==================================================
[+] Domain exhausted. Finishing up: https://dnc.jhalakathi.gov.bd
==================================================
[*] STARTING NEW DOMAIN: https://deb112912.dhakaeducationboard.gov.bd
==================================================
[+] Domain exhausted. Finishing up: https://deb112912.dhakaeducationboard.gov.bd
==================================================
[*] STARTING NEW DOMAIN: https://ttckamarkhand.sirajganj.gov.bd
==================================================
[+] Domain exhausted. Finishing up: https://ttckamarkhand.sirajganj.gov.bd
==================================================
[*] STARTING NEW DOMAIN: https://sammilitabidyapith.jessoreboard.gov.bd
==================================================
[+] Domain exhausted. Finishing up: https://sammilitabidyapith.jessoreboard.gov.bd
==================================================
[*] STARTING NEW DOMAIN: https://totthoapa.dakshinsurma.sylhet.gov.bd
==================================================
[+] Domain exhausted. Finishing up: https://totthoapa.dakshinsurma.sylhet.gov.bd
==================================================
[*] STARTING NEW DOMAIN: https://dwa.domar.nilphamari.gov.bd
==================================================
[+] Domain exhausted. Finishing up: https://dwa.domar.nilphamari.gov.bd
==================================================
[*] STARTING NEW DOMAIN: https://cdcb.gazipur.gov.bd
==================================================
[+] Domain exhausted. Finishing up: https://cdcb.gazipur.gov.bd
==================================================
[*] STARTING NEW DOMAIN: https://koloshparup.sherpur.gov.bd
==================================================
[+] Domain exhausted. Finishing up: https://koloshparup.sherpur.gov.bd
==================================================
[*] STARTING NEW DOMAIN: https://health.bhairab.kishoreganj.gov.bd
==================================================
[+] Domain exhausted. Finishing up: https://health.bhairab.kishoreganj.gov.bd
==================================================
[*] STARTING NEW DOMAIN: https://post.barkal.rangamati.gov.bd
==================================================
[+] Domain exhausted. Finishing up: https://post.barkal.rangamati.gov.bd
==================================================
[*] STARTING NEW DOMAIN: https://kathalia.jhalakathi.gov.bd
==================================================
[+] Domain exhausted. Finishing up: https://kathalia.jhalakathi.gov.bd
==================================================
[*] STARTING NEW DOMAIN: https://tax.narsingdi.gov.bd
==================================================
[+] Domain exhausted. Finishing up: https://tax.narsingdi.gov.bd
==================================================
[*] STARTING NEW DOMAIN: https://totthoapa.panchbibi.joypurhat.gov.bd
==================================================
[+] Domain exhausted. Finishing up: https://totthoapa.panchbibi.joypurhat.gov.bd
==================================================
[*] STARTING NEW DOMAIN: https://dls.debidwar.comilla.gov.bd
==================================================
[+] Domain exhausted. Finishing up: https://dls.debidwar.comilla.gov.bd
==================================================
[*] STARTING NEW DOMAIN: https://lged.itna.kishoreganj.gov.bd
==================================================
[+] Domain exhausted. Finishing up: https://lged.itna.kishoreganj.gov.bd
==================================================
[*] STARTING NEW DOMAIN: https://totthoapa.barhatta.netrokona.gov.bd
==================================================
[+] Domain exhausted. Finishing up: https://totthoapa.barhatta.netrokona.gov.bd
==================================================
[*] STARTING NEW DOMAIN: https://eo.gobindaganj.gaibandha.gov.bd
==================================================
[+] Domain exhausted. Finishing up: https://eo.gobindaganj.gaibandha.gov.bd
==================================================
[*] STARTING NEW DOMAIN: https://karaparaup.bagerhat.gov.bd
==================================================
[+] Domain exhausted. Finishing up: https://karaparaup.bagerhat.gov.bd
==================================================
[*] STARTING NEW DOMAIN: https://rhd.madaripur.gov.bd
==================================================
[+] Domain exhausted. Finishing up: https://rhd.madaripur.gov.bd
==================================================
[*] STARTING NEW DOMAIN: https://urc.nandail.mymensingh.gov.bd
==================================================
[+] Domain exhausted. Finishing up: https://urc.nandail.mymensingh.gov.bd
==================================================
[*] STARTING NEW DOMAIN: https://chapapurup.bogra.gov.bd
==================================================
[+] Domain exhausted. Finishing up: https://chapapurup.bogra.gov.bd
==================================================
[*] STARTING NEW DOMAIN: https://dss.pirojpur.gov.bd
==================================================
[+] Domain exhausted. Finishing up: https://dss.pirojpur.gov.bd
==================================================
[*] STARTING NEW DOMAIN: https://youth.joypurhatsadar.joypurhat.gov.bd
==================================================
[+] Domain exhausted. Finishing up: https://youth.joypurhatsadar.joypurhat.gov.bd
==================================================
[*] STARTING NEW DOMAIN: https://dwa.dumuria.khulna.gov.bd
==================================================
[+] Domain exhausted. Finishing up: https://dwa.dumuria.khulna.gov.bd
==================================================
[*] STARTING NEW DOMAIN: https://youth.ajmiriganj.habiganj.gov.bd
==================================================
[+] Domain exhausted. Finishing up: https://youth.ajmiriganj.habiganj.gov.bd
==================================================
[*] STARTING NEW DOMAIN: https://urc.tarash.sirajganj.gov.bd
==================================================
[+] Domain exhausted. Finishing up: https://urc.tarash.sirajganj.gov.bd
==================================================
[*] STARTING NEW DOMAIN: https://urc.bagatipara.natore.gov.bd
==================================================
[+] Domain exhausted. Finishing up: https://urc.bagatipara.natore.gov.bd
==================================================
[*] STARTING NEW DOMAIN: https://lged.adamdighi.bogra.gov.bd
==================================================
[+] Domain exhausted. Finishing up: https://lged.adamdighi.bogra.gov.bd
==================================================
[*] STARTING NEW DOMAIN: https://zso.debidwar.comilla.gov.bd
==================================================
[+] Domain exhausted. Finishing up: https://zso.debidwar.comilla.gov.bd
==================================================
[*] STARTING NEW DOMAIN: https://youth.rangamati.gov.bd
==================================================
[+] Domain exhausted. Finishing up: https://youth.rangamati.gov.bd
==================================================
[*] STARTING NEW DOMAIN: https://zp.lakshmipur.gov.bd
==================================================
[+] Domain exhausted. Finishing up: https://zp.lakshmipur.gov.bd
==================================================
[*] STARTING NEW DOMAIN: https://wzpdcl2.faridpur.gov.bd
==================================================
[+] Domain exhausted. Finishing up: https://wzpdcl2.faridpur.gov.bd
==================================================
[*] STARTING NEW DOMAIN: https://wzpdcl.mongla.bagerhat.gov.bd
==================================================
[+] Domain exhausted. Finishing up: https://wzpdcl.mongla.bagerhat.gov.bd
==================================================
[*] STARTING NEW DOMAIN: https://youth.tarakanda.mymensingh.gov.bd
==================================================
[+] Domain exhausted. Finishing up: https://youth.tarakanda.mymensingh.gov.bd
==================================================
[*] STARTING NEW DOMAIN: https://uitrce.islampur.jamalpur.gov.bd
==================================================
[+] Domain exhausted. Finishing up: https://uitrce.islampur.jamalpur.gov.bd
==================================================
[*] STARTING NEW DOMAIN: https://bangladesh.gov.bd/pages/static-pages/69a55ba386514399668e4e89
==================================================
[+] Domain exhausted. Finishing up: https://bangladesh.gov.bd/pages/static-pages/69a55ba386514399668e4e89
==================================================
[*] STARTING NEW DOMAIN: https://zialasecondaryschool.jessoreboard.gov.bd
==================================================
[+] Domain exhausted. Finishing up: https://zialasecondaryschool.jessoreboard.gov.bd
==================================================
[*] STARTING NEW DOMAIN: https://urc.chauhali.sirajganj.gov.bd
==================================================
[+] Domain exhausted. Finishing up: https://urc.chauhali.sirajganj.gov.bd
==================================================
[*] STARTING NEW DOMAIN: http://bbs.abhaynagar.jessore.gov.bd
==================================================
[+] Domain exhausted. Finishing up: http://bbs.abhaynagar.jessore.gov.bd
==================================================
[*] STARTING NEW DOMAIN: https://fsmf.naogaonsadar.naogaon.gov.bd
==================================================
[+] Domain exhausted. Finishing up: https://fsmf.naogaonsadar.naogaon.gov.bd
==================================================
[*] STARTING NEW DOMAIN: https://lged.nagarpur.tangail.gov.bd
==================================================
[+] Domain exhausted. Finishing up: https://lged.nagarpur.tangail.gov.bd
==================================================
[*] STARTING NEW DOMAIN: https://nesco.gov.bd
==================================================
[+] Domain exhausted. Finishing up: https://nesco.gov.bd
==================================================
[*] STARTING NEW DOMAIN: https://forest.nesarabad.pirojpur.gov.bd
==================================================
[+] Domain exhausted. Finishing up: https://forest.nesarabad.pirojpur.gov.bd
==================================================
[*] STARTING NEW DOMAIN: https://kuchipattiup.shariatpur.gov.bd
==================================================
[+] Domain exhausted. Finishing up: https://kuchipattiup.shariatpur.gov.bd
==================================================
[*] STARTING NEW DOMAIN: https://pbs.tarash.sirajganj.gov.bd
==================================================
[+] Domain exhausted. Finishing up: https://pbs.tarash.sirajganj.gov.bd
==================================================
[*] STARTING NEW DOMAIN: https://dshe.rajbari.gov.bd
==================================================
[+] Domain exhausted. Finishing up: https://dshe.rajbari.gov.bd
==================================================
[*] STARTING NEW DOMAIN: https://janashaktisecondarygirlsschool.jessoreboard.gov.bd
==================================================
[+] Domain exhausted. Finishing up: https://janashaktisecondarygirlsschool.jessoreboard.gov.bd
==================================================
[*] STARTING NEW DOMAIN: https://ofrd.faridpur.gov.bd
==================================================
[+] Domain exhausted. Finishing up: https://ofrd.faridpur.gov.bd
==================================================
[*] STARTING NEW DOMAIN: https://pio.nawabganj.dhaka.gov.bd
==================================================
[+] Domain exhausted. Finishing up: https://pio.nawabganj.dhaka.gov.bd
==================================================
[*] STARTING NEW DOMAIN: https://haramiaup.chittagong.gov.bd
==================================================
[+] Domain exhausted. Finishing up: https://haramiaup.chittagong.gov.bd
==================================================
[*] STARTING NEW DOMAIN: https://mpemr.gov.bd
==================================================
[+] Domain exhausted. Finishing up: https://mpemr.gov.bd
==================================================
[*] STARTING NEW DOMAIN: https://pmis.dgnm.gov.bd
==================================================
[+] Domain exhausted. Finishing up: https://pmis.dgnm.gov.bd
==================================================
[*] STARTING NEW DOMAIN: https://islamicfoundation.gaibandha.gov.bd
==================================================
[+] Domain exhausted. Finishing up: https://islamicfoundation.gaibandha.gov.bd
==================================================
[*] STARTING NEW DOMAIN: https://monoranjankapuriacollege.jessoreboard.gov.bd
==================================================
[+] Domain exhausted. Finishing up: https://monoranjankapuriacollege.jessoreboard.gov.bd
==================================================
[*] STARTING NEW DOMAIN: https://police.bhandaria.pirojpur.gov.bd
==================================================
[+] Domain exhausted. Finishing up: https://police.bhandaria.pirojpur.gov.bd
==================================================
[*] STARTING NEW DOMAIN: https://fpo.barisaldiv.gov.bd
==================================================
[+] Domain exhausted. Finishing up: https://fpo.barisaldiv.gov.bd
==================================================
[*] STARTING NEW DOMAIN: https://lged.shantiganj.sunamganj.gov.bd
==================================================
[+] Domain exhausted. Finishing up: https://lged.shantiganj.sunamganj.gov.bd
==================================================
[*] STARTING NEW DOMAIN: https://pio.birampur.dinajpur.gov.bd
==================================================
[+] Domain exhausted. Finishing up: https://pio.birampur.dinajpur.gov.bd
==================================================
[*] STARTING NEW DOMAIN: https://deluabarisecondaryschool.jessoreboard.gov.bd
==================================================
[+] Domain exhausted. Finishing up: https://deluabarisecondaryschool.jessoreboard.gov.bd
==================================================
[*] STARTING NEW DOMAIN: https://holdiarg.bfidc.gov.bd
==================================================
[+] Domain exhausted. Finishing up: https://holdiarg.bfidc.gov.bd
==================================================
[*] STARTING NEW DOMAIN: https://mail.gemco.gov.bd
==================================================
[+] Domain exhausted. Finishing up: https://mail.gemco.gov.bd
==================================================
[*] STARTING NEW DOMAIN: https://food.kamalnagar.lakshmipur.gov.bd
==================================================
[+] Domain exhausted. Finishing up: https://food.kamalnagar.lakshmipur.gov.bd
==================================================
[*] STARTING NEW DOMAIN: https://kariakhalijuniorgirlsschool.jessoreboard.gov.bd
==================================================
[+] Domain exhausted. Finishing up: https://kariakhalijuniorgirlsschool.jessoreboard.gov.bd
==================================================
[*] STARTING NEW DOMAIN: https://passport.gaibandha.gov.bd
==================================================
[+] Domain exhausted. Finishing up: https://passport.gaibandha.gov.bd
==================================================
[*] STARTING NEW DOMAIN: https://health.naria.shariatpur.gov.bd
==================================================
[+] Domain exhausted. Finishing up: https://health.naria.shariatpur.gov.bd
==================================================
[*] STARTING NEW DOMAIN: https://islamicfoundation.kahaloo.bogra.gov.bd
==================================================
[+] Domain exhausted. Finishing up: https://islamicfoundation.kahaloo.bogra.gov.bd
==================================================
[*] STARTING NEW DOMAIN: https://mochta.khagrachhari.gov.bd
==================================================
[+] Domain exhausted. Finishing up: https://mochta.khagrachhari.gov.bd
==================================================
[*] STARTING NEW DOMAIN: https://police.nagarpur.tangail.gov.bd
==================================================
[+] Domain exhausted. Finishing up: https://police.nagarpur.tangail.gov.bd
==================================================
[*] STARTING NEW DOMAIN: https://hfwc.ghatail.tangail.gov.bd
==================================================
[+] Domain exhausted. Finishing up: https://hfwc.ghatail.tangail.gov.bd
==================================================
[*] STARTING NEW DOMAIN: https://motiharps.rmp.gov.bd
==================================================
[+] Domain exhausted. Finishing up: https://motiharps.rmp.gov.bd
==================================================
[*] STARTING NEW DOMAIN: https://police.kasba.brahmanbaria.gov.bd
==================================================
[+] Domain exhausted. Finishing up: https://police.kasba.brahmanbaria.gov.bd
==================================================
[*] STARTING NEW DOMAIN: https://food.rangamati.gov.bd
==================================================
[+] Domain exhausted. Finishing up: https://food.rangamati.gov.bd
==================================================
[*] STARTING NEW DOMAIN: https://khalishakundisecondaryschool.jessoreboard.gov.bd
==================================================
[+] Domain exhausted. Finishing up: https://khalishakundisecondaryschool.jessoreboard.gov.bd
==================================================
[*] STARTING NEW DOMAIN: https://pbs2.baraigram.natore.gov.bd
==================================================
[+] Domain exhausted. Finishing up: https://pbs2.baraigram.natore.gov.bd
==================================================
[*] STARTING NEW DOMAIN: https://zso.debiganj.panchagarh.gov.bd
==================================================
[+] Domain exhausted. Finishing up: https://zso.debiganj.panchagarh.gov.bd
==================================================
[*] STARTING NEW DOMAIN: https://jms.thakurgaon.gov.bd
==================================================
[+] Domain exhausted. Finishing up: https://jms.thakurgaon.gov.bd
==================================================
[*] STARTING NEW DOMAIN: https://nmi.portal.gov.bd
==================================================
[+] Domain exhausted. Finishing up: https://nmi.portal.gov.bd
==================================================
[*] STARTING NEW DOMAIN: https://post.karimgonj.kishoreganj.gov.bd
==================================================
[+] Domain exhausted. Finishing up: https://post.karimgonj.kishoreganj.gov.bd
==================================================
[*] STARTING NEW DOMAIN: https://idealmohilacollege.jessoreboard.gov.bd
==================================================
[+] Domain exhausted. Finishing up: https://idealmohilacollege.jessoreboard.gov.bd
==================================================
[*] STARTING NEW DOMAIN: https://passport.khagrachhari.gov.bd
==================================================
[+] Domain exhausted. Finishing up: https://passport.khagrachhari.gov.bd
==================================================
[*] STARTING NEW DOMAIN: https://food.barguna.gov.bd
==================================================
[+] Domain exhausted. Finishing up: https://food.barguna.gov.bd
==================================================
[*] STARTING NEW DOMAIN: https://hed.barguna.gov.bd
==================================================
[+] Domain exhausted. Finishing up: https://hed.barguna.gov.bd
==================================================
[*] STARTING NEW DOMAIN: https://manirampurup.jessore.gov.bd
==================================================
[+] Domain exhausted. Finishing up: https://manirampurup.jessore.gov.bd
==================================================
[*] STARTING NEW DOMAIN: https://pio.magurasadar.magura.gov.bd
==================================================
[+] Domain exhausted. Finishing up: https://pio.magurasadar.magura.gov.bd
==================================================
[*] STARTING NEW DOMAIN: https://fpo.sylhet.gov.bd
==================================================
[+] Domain exhausted. Finishing up: https://fpo.sylhet.gov.bd
==================================================
[*] STARTING NEW DOMAIN: https://moa.gov.bd
==================================================
[+] Domain exhausted. Finishing up: https://moa.gov.bd
==================================================
[*] STARTING NEW DOMAIN: https://police.noakhali.gov.bd
==================================================
[+] Domain exhausted. Finishing up: https://police.noakhali.gov.bd
==================================================
[*] STARTING NEW DOMAIN: https://fpo.tarash.sirajganj.gov.bd
==================================================
[+] Domain exhausted. Finishing up: https://fpo.tarash.sirajganj.gov.bd
==================================================
[*] STARTING NEW DOMAIN: https://lwcsopura.rajshahi.gov.bd
==================================================
[+] Domain exhausted. Finishing up: https://lwcsopura.rajshahi.gov.bd
==================================================
[*] STARTING NEW DOMAIN: https://police.narail.gov.bd
==================================================
[+] Domain exhausted. Finishing up: https://police.narail.gov.bd
==================================================
[*] STARTING NEW DOMAIN: https://health.dakshinsurma.sylhet.gov.bd
==================================================
[+] Domain exhausted. Finishing up: https://health.dakshinsurma.sylhet.gov.bd
==================================================
[*] STARTING NEW DOMAIN: https://mail.mincom.gov.bd
==================================================
[+] Domain exhausted. Finishing up: https://mail.mincom.gov.bd
==================================================
[*] STARTING NEW DOMAIN: https://police.joypurhatsadar.joypurhat.gov.bd
==================================================
[+] Domain exhausted. Finishing up: https://police.joypurhatsadar.joypurhat.gov.bd
==================================================
[*] STARTING NEW DOMAIN: https://hargajup.manikganj.gov.bd
==================================================
[+] Domain exhausted. Finishing up: https://hargajup.manikganj.gov.bd
==================================================
[*] STARTING NEW DOMAIN: https://mobachariup.khagrachhari.gov.bd
==================================================
[+] Domain exhausted. Finishing up: https://mobachariup.khagrachhari.gov.bd
==================================================
[*] STARTING NEW DOMAIN: https://police.rajoir.madaripur.gov.bd
==================================================
[+] Domain exhausted. Finishing up: https://police.rajoir.madaripur.gov.bd
==================================================
[*] STARTING NEW DOMAIN: https://forest.zajira.shariatpur.gov.bd
==================================================
[+] Domain exhausted. Finishing up: https://forest.zajira.shariatpur.gov.bd
==================================================
[*] STARTING NEW DOMAIN: https://kmhhighschool.jessoreboard.gov.bd
==================================================
[+] Domain exhausted. Finishing up: https://kmhhighschool.jessoreboard.gov.bd
==================================================
[*] STARTING NEW DOMAIN: https://panchgachiup.kurigram.gov.bd
==================================================
[+] Domain exhausted. Finishing up: https://panchgachiup.kurigram.gov.bd
==================================================
[*] STARTING NEW DOMAIN: https://food.bishwanath.sylhet.gov.bd
==================================================
[+] Domain exhausted. Finishing up: https://food.bishwanath.sylhet.gov.bd
==================================================
[*] STARTING NEW DOMAIN: https://islamicfoundation.kendua.netrokona.gov.bd
==================================================
[+] Domain exhausted. Finishing up: https://islamicfoundation.kendua.netrokona.gov.bd
==================================================
[*] STARTING NEW DOMAIN: https://panchagarhsadarup.panchagarh.gov.bd
==================================================
[+] Domain exhausted. Finishing up: https://panchagarhsadarup.panchagarh.gov.bd
==================================================
[*] STARTING NEW DOMAIN: https://pozip.sapahar.naogaon.gov.bd
==================================================
[+] Domain exhausted. Finishing up: https://pozip.sapahar.naogaon.gov.bd
==================================================
[*] STARTING NEW DOMAIN: https://harishankarpurjcsecondaryschool.jessoreboard.gov.bd
==================================================
[+] Domain exhausted. Finishing up: https://harishankarpurjcsecondaryschool.jessoreboard.gov.bd
==================================================
[*] STARTING NEW DOMAIN: https://mail.skt.gov.bd
==================================================
[+] Domain exhausted. Finishing up: https://mail.skt.gov.bd
==================================================
[*] STARTING NEW DOMAIN: https://pmgctg.bdpost.gov.bd
==================================================
[+] Domain exhausted. Finishing up: https://pmgctg.bdpost.gov.bd
==================================================
[*] STARTING NEW DOMAIN: https://health.nachol.chapainawabganj.gov.bd
==================================================
[+] Domain exhausted. Finishing up: https://health.nachol.chapainawabganj.gov.bd
==================================================
[*] STARTING NEW DOMAIN: https://nittanandapursecondaryschool.jessoreboard.gov.bd
==================================================
[+] Domain exhausted. Finishing up: https://nittanandapursecondaryschool.jessoreboard.gov.bd
==================================================
[*] STARTING NEW DOMAIN: https://poduaup.comilla.gov.bd
==================================================
[+] Domain exhausted. Finishing up: https://poduaup.comilla.gov.bd
==================================================
[*] STARTING NEW DOMAIN: https://galachipaup.patuakhali.gov.bd
==================================================
[+] Domain exhausted. Finishing up: https://galachipaup.patuakhali.gov.bd
==================================================
[*] STARTING NEW DOMAIN: https://lakhyarcharup.coxsbazar.gov.bd
==================================================
[+] Domain exhausted. Finishing up: https://lakhyarcharup.coxsbazar.gov.bd
==================================================
[*] STARTING NEW DOMAIN: https://perfectenglishversionjuniorschool.jessoreboard.gov.bd
==================================================
[+] Domain exhausted. Finishing up: https://perfectenglishversionjuniorschool.jessoreboard.gov.bd
==================================================
[*] STARTING NEW DOMAIN: https://hospitallist.rangunia.chittagong.gov.bd
==================================================
[+] Domain exhausted. Finishing up: https://hospitallist.rangunia.chittagong.gov.bd
==================================================
[*] STARTING NEW DOMAIN: https://mymensingh.police.gov.bd
==================================================
[+] Domain exhausted. Finishing up: https://mymensingh.police.gov.bd
==================================================
[*] STARTING NEW DOMAIN: https://fpo.mohammadpur.magura.gov.bd
==================================================
[+] Domain exhausted. Finishing up: https://fpo.mohammadpur.magura.gov.bd
==================================================
[*] STARTING NEW DOMAIN: https://laksmikholagtpallimangalsecondaryschool.jessoreboard.gov.bd
==================================================
[+] Domain exhausted. Finishing up: https://laksmikholagtpallimangalsecondaryschool.jessoreboard.gov.bd
==================================================
[*] STARTING NEW DOMAIN: https://pdbf.bhuapur.tangail.gov.bd
==================================================
[+] Domain exhausted. Finishing up: https://pdbf.bhuapur.tangail.gov.bd
==================================================
[*] STARTING NEW DOMAIN: https://fireservice.morrelganj.bagerhat.gov.bd
==================================================
[+] Domain exhausted. Finishing up: https://fireservice.morrelganj.bagerhat.gov.bd
==================================================
[*] STARTING NEW DOMAIN: https://irbadc.dhaka.gov.bd
==================================================
[+] Domain exhausted. Finishing up: https://irbadc.dhaka.gov.bd
==================================================
[*] STARTING NEW DOMAIN: https://paharpurlakhipursecondaryschool.jessoreboard.gov.bd
==================================================
[+] Domain exhausted. Finishing up: https://paharpurlakhipursecondaryschool.jessoreboard.gov.bd
==================================================
[*] STARTING NEW DOMAIN: https://pourashava.muktagacha.mymensingh.gov.bd
==================================================
[+] Domain exhausted. Finishing up: https://pourashava.muktagacha.mymensingh.gov.bd
==================================================
[*] STARTING NEW DOMAIN: https://igcrt.bcsir.gov.bd
==================================================
[+] Domain exhausted. Finishing up: https://igcrt.bcsir.gov.bd
==================================================
[*] STARTING NEW DOMAIN: https://mof.gov.bd
==================================================
[+] Domain exhausted. Finishing up: https://mof.gov.bd
==================================================
[*] STARTING NEW DOMAIN: https://pio.harirampur.manikganj.gov.bd
==================================================
[+] Domain exhausted. Finishing up: https://pio.harirampur.manikganj.gov.bd
==================================================
[*] STARTING NEW DOMAIN: https://forest.louhajanj.munshiganj.gov.bd
==================================================
[+] Domain exhausted. Finishing up: https://forest.louhajanj.munshiganj.gov.bd
==================================================
[*] STARTING NEW DOMAIN: https://jbmsecondaryschool.jessoreboard.gov.bd
==================================================
[+] Domain exhausted. Finishing up: https://jbmsecondaryschool.jessoreboard.gov.bd
==================================================
[*] STARTING NEW DOMAIN: https://pdbf.meherpur.gov.bd
==================================================
[+] Domain exhausted. Finishing up: https://pdbf.meherpur.gov.bd
==================================================
[*] STARTING NEW DOMAIN: https://youth.boda.panchagarh.gov.bd
==================================================
[+] Domain exhausted. Finishing up: https://youth.boda.panchagarh.gov.bd
==================================================
[*] STARTING NEW DOMAIN: https://urphaup.sherpur.gov.bd
==================================================
[+] Domain exhausted. Finishing up: https://urphaup.sherpur.gov.bd
==================================================
[*] STARTING NEW DOMAIN: https://urc.phulchari.gaibandha.gov.bd
==================================================
[+] Domain exhausted. Finishing up: https://urc.phulchari.gaibandha.gov.bd
==================================================
[*] STARTING NEW DOMAIN: https://youth.naldanga.natore.gov.bd
==================================================
[+] Domain exhausted. Finishing up: https://youth.naldanga.natore.gov.bd
==================================================
[*] STARTING NEW DOMAIN: https://youth.mymensingh.gov.bd
==================================================
[+] Domain exhausted. Finishing up: https://youth.mymensingh.gov.bd
==================================================
[*] STARTING NEW DOMAIN: https://urc.tala.satkhira.gov.bd
==================================================
[+] Domain exhausted. Finishing up: https://urc.tala.satkhira.gov.bd
==================================================
[*] STARTING NEW DOMAIN: https://urc.shyamnagar.satkhira.gov.bd
==================================================
[+] Domain exhausted. Finishing up: https://urc.shyamnagar.satkhira.gov.bd
==================================================
[*] STARTING NEW DOMAIN: https://urc.jibannagar.chuadanga.gov.bd
==================================================
[+] Domain exhausted. Finishing up: https://urc.jibannagar.chuadanga.gov.bd
==================================================
[*] STARTING NEW DOMAIN: https://youth.saltha.faridpur.gov.bd
==================================================
[+] Domain exhausted. Finishing up: https://youth.saltha.faridpur.gov.bd
==================================================
[*] STARTING NEW DOMAIN: https://tabranabakrishnasecondaryschool.jessoreboard.gov.bd
==================================================
[+] Domain exhausted. Finishing up: https://tabranabakrishnasecondaryschool.jessoreboard.gov.bd
==================================================
[*] STARTING NEW DOMAIN: https://soamol.narsingdi.gov.bd
==================================================
[+] Domain exhausted. Finishing up: https://soamol.narsingdi.gov.bd
==================================================
[*] STARTING NEW DOMAIN: https://sreekanthopurkrjuniorhighschool.jessoreboard.gov.bd
==================================================
[+] Domain exhausted. Finishing up: https://sreekanthopurkrjuniorhighschool.jessoreboard.gov.bd
==================================================
[*] STARTING NEW DOMAIN: https://psosk.kishoreganj.gov.bd
==================================================
[+] Domain exhausted. Finishing up: https://psosk.kishoreganj.gov.bd
==================================================
[*] STARTING NEW DOMAIN: https://satighatasecondaryschool.jessoreboard.gov.bd
==================================================
[+] Domain exhausted. Finishing up: https://satighatasecondaryschool.jessoreboard.gov.bd
==================================================
[*] STARTING NEW DOMAIN: https://tscbhairab.kishoreganj.gov.bd
==================================================
[+] Domain exhausted. Finishing up: https://tscbhairab.kishoreganj.gov.bd
==================================================
[*] STARTING NEW DOMAIN: https://sr.damudya.shariatpur.gov.bd
==================================================
[+] Domain exhausted. Finishing up: https://sr.damudya.shariatpur.gov.bd
==================================================
[*] STARTING NEW DOMAIN: https://support@pibelearning.gov.bd
==================================================
[+] Domain exhausted. Finishing up: https://support@pibelearning.gov.bd
==================================================
[*] STARTING NEW DOMAIN: https://totthoapa.sundarganj.gaibandha.gov.bd
==================================================
[+] Domain exhausted. Finishing up: https://totthoapa.sundarganj.gaibandha.gov.bd
==================================================
[*] STARTING NEW DOMAIN: https://sr.fulbaria.mymensingh.gov.bd
==================================================
[+] Domain exhausted. Finishing up: https://sr.fulbaria.mymensingh.gov.bd
==================================================
[*] STARTING NEW DOMAIN: https://totthoapa.durgapur.netrokona.gov.bd
==================================================
[+] Domain exhausted. Finishing up: https://totthoapa.durgapur.netrokona.gov.bd
==================================================
[*] STARTING NEW DOMAIN: https://sr.nabiganj.habiganj.gov.bd
==================================================
[+] Domain exhausted. Finishing up: https://sr.nabiganj.habiganj.gov.bd
==================================================
[*] STARTING NEW DOMAIN: https://sprashidiasecondaryschool.jessoreboard.gov.bd
==================================================
[+] Domain exhausted. Finishing up: https://sprashidiasecondaryschool.jessoreboard.gov.bd
==================================================
[*] STARTING NEW DOMAIN: https://tilakpurup.joypurhat.gov.bd
==================================================
[+] Domain exhausted. Finishing up: https://tilakpurup.joypurhat.gov.bd
==================================================
[*] STARTING NEW DOMAIN: http://dls.madan.netrokona.gov.bd
==================================================
[+] Domain exhausted. Finishing up: http://dls.madan.netrokona.gov.bd
==================================================
[*] STARTING NEW DOMAIN: https://teotaup.manikganj.gov.bd
==================================================
[+] Domain exhausted. Finishing up: https://teotaup.manikganj.gov.bd
==================================================
[*] STARTING NEW DOMAIN: https://ueo.bahubal.habiganj.gov.bd
==================================================
[+] Domain exhausted. Finishing up: https://ueo.bahubal.habiganj.gov.bd
==================================================
[*] STARTING NEW DOMAIN: https://taraliup.satkhira.gov.bd
==================================================
[+] Domain exhausted. Finishing up: https://taraliup.satkhira.gov.bd
==================================================
[*] STARTING NEW DOMAIN: https://pwd.brahmanbaria.gov.bd
==================================================
[+] Domain exhausted. Finishing up: https://pwd.brahmanbaria.gov.bd
==================================================
[*] STARTING NEW DOMAIN: https://rangpur.parjatan.portal.gov.bd
==================================================
[+] Domain exhausted. Finishing up: https://rangpur.parjatan.portal.gov.bd
==================================================
[*] STARTING NEW DOMAIN: https://raochandpur.krishibank.gov.bd
==================================================
[+] Domain exhausted. Finishing up: https://raochandpur.krishibank.gov.bd
==================================================
[*] STARTING NEW DOMAIN: https://northhamsadiup.lakshmipur.gov.bd
==================================================
[+] Domain exhausted. Finishing up: https://northhamsadiup.lakshmipur.gov.bd
==================================================
[*] STARTING NEW DOMAIN: https://rcb.gov.bd
==================================================
[+] Domain exhausted. Finishing up: https://rcb.gov.bd
==================================================
[*] STARTING NEW DOMAIN: https://munsefpursecondaryschool.jessoreboard.gov.bd
==================================================
[+] Domain exhausted. Finishing up: https://munsefpursecondaryschool.jessoreboard.gov.bd
==================================================
[*] STARTING NEW DOMAIN: https://monohargonj.comilla.gov.bd
==================================================
[+] Domain exhausted. Finishing up: https://monohargonj.comilla.gov.bd
==================================================
[*] STARTING NEW DOMAIN: https://ebek.khaliajuri.netrokona.gov.bd
==================================================
[+] Domain exhausted. Finishing up: https://ebek.khaliajuri.netrokona.gov.bd
==================================================
[*] STARTING NEW DOMAIN: https://dshe.bandarban.gov.bd
==================================================
[+] Domain exhausted. Finishing up: https://dshe.bandarban.gov.bd
==================================================
[*] STARTING NEW DOMAIN: https://deb108776.dhakaeducationboard.gov.bd
==================================================
[+] Domain exhausted. Finishing up: https://deb108776.dhakaeducationboard.gov.bd
==================================================
[*] STARTING NEW DOMAIN: https://dwa.bhandaria.pirojpur.gov.bd
==================================================
[+] Domain exhausted. Finishing up: https://dwa.bhandaria.pirojpur.gov.bd
==================================================
[*] STARTING NEW DOMAIN: https://bmda.chapainawabganj.gov.bd
==================================================
[+] Domain exhausted. Finishing up: https://bmda.chapainawabganj.gov.bd
==================================================
[*] STARTING NEW DOMAIN: https://acl.nondigram.bogra.gov.bd
==================================================
[+] Domain exhausted. Finishing up: https://acl.nondigram.bogra.gov.bd
==================================================
[*] STARTING NEW DOMAIN: https://ailab.rajshahi.gov.bd
==================================================
[+] Domain exhausted. Finishing up: https://ailab.rajshahi.gov.bd
==================================================
[*] STARTING NEW DOMAIN: https://deo.sadar.patuakhali.gov.bd
==================================================
[+] Domain exhausted. Finishing up: https://deo.sadar.patuakhali.gov.bd
==================================================
[*] STARTING NEW DOMAIN: https://banishantapinakpanisecondaryschool.jessoreboard.gov.bd
==================================================
[+] Domain exhausted. Finishing up: https://banishantapinakpanisecondaryschool.jessoreboard.gov.bd
==================================================
[*] STARTING NEW DOMAIN: https://doict.sadarsouth.comilla.gov.bd
==================================================
[+] Domain exhausted. Finishing up: https://doict.sadarsouth.comilla.gov.bd
==================================================
[*] STARTING NEW DOMAIN: https://deb109428.dhakaeducationboard.gov.bd
==================================================
[+] Domain exhausted. Finishing up: https://deb109428.dhakaeducationboard.gov.bd
==================================================
[*] STARTING NEW DOMAIN: https://bbs.singra.natore.gov.bd
==================================================
[+] Domain exhausted. Finishing up: https://bbs.singra.natore.gov.bd
==================================================
[*] STARTING NEW DOMAIN: https://ebek.laxmichhari.khagrachhari.gov.bd
==================================================
[+] Domain exhausted. Finishing up: https://ebek.laxmichhari.khagrachhari.gov.bd
==================================================
[*] STARTING NEW DOMAIN: https://dwa.mongla.bagerhat.gov.bd
==================================================
[+] Domain exhausted. Finishing up: https://dwa.mongla.bagerhat.gov.bd
==================================================
[*] STARTING NEW DOMAIN: https://cooparative.chittagongdiv.gov.bd
==================================================
[+] Domain exhausted. Finishing up: https://cooparative.chittagongdiv.gov.bd
==================================================
[*] STARTING NEW DOMAIN: https://chadpaiup.bagerhat.gov.bd
==================================================
[+] Domain exhausted. Finishing up: https://chadpaiup.bagerhat.gov.bd
==================================================
[*] STARTING NEW DOMAIN: https://goalgramsecondaryschool.jessoreboard.gov.bd
==================================================
[+] Domain exhausted. Finishing up: https://goalgramsecondaryschool.jessoreboard.gov.bd
==================================================
[*] STARTING NEW DOMAIN: https://brdb.kawkhali.pirojpur.gov.bd
==================================================
[+] Domain exhausted. Finishing up: https://brdb.kawkhali.pirojpur.gov.bd
==================================================
[*] STARTING NEW DOMAIN: https://deo.dimla.nilphamari.gov.bd
==================================================
[+] Domain exhausted. Finishing up: https://deo.dimla.nilphamari.gov.bd
==================================================
[*] STARTING NEW DOMAIN: https://deb110686.dhakaeducationboard.gov.bd
==================================================
[+] Domain exhausted. Finishing up: https://deb110686.dhakaeducationboard.gov.bd
==================================================
[*] STARTING NEW DOMAIN: https://shailkupa.jhenaidah.gov.bd
==================================================
[+] Domain exhausted. Finishing up: https://shailkupa.jhenaidah.gov.bd
==================================================
[*] STARTING NEW DOMAIN: https://tildangajuniorhighschool.jessoreboard.gov.bd
==================================================
[+] Domain exhausted. Finishing up: https://tildangajuniorhighschool.jessoreboard.gov.bd
==================================================
[*] STARTING NEW DOMAIN: https://brdb.fakirhat.bagerhat.gov.bd
==================================================
[+] Domain exhausted. Finishing up: https://brdb.fakirhat.bagerhat.gov.bd
==================================================
[*] STARTING NEW DOMAIN: https://bkiict.bcc.gov.bd
==================================================
[+] Domain exhausted. Finishing up: https://bkiict.bcc.gov.bd
==================================================
[*] STARTING NEW DOMAIN: https://fiqcdhaka.fisheries.gov.bd
==================================================
[+] Domain exhausted. Finishing up: https://fiqcdhaka.fisheries.gov.bd
==================================================
[*] STARTING NEW DOMAIN: https://police.nawabganj.dinajpur.gov.bd
==================================================
[+] Domain exhausted. Finishing up: https://police.nawabganj.dinajpur.gov.bd
==================================================
[*] STARTING NEW DOMAIN: https://bharoljuniorhighschool.jessoreboard.gov.bd
==================================================
[+] Domain exhausted. Finishing up: https://bharoljuniorhighschool.jessoreboard.gov.bd
==================================================
[*] STARTING NEW DOMAIN: https://deb108032.dhakaeducationboard.gov.bd
==================================================
[+] Domain exhausted. Finishing up: https://deb108032.dhakaeducationboard.gov.bd
==================================================
[*] STARTING NEW DOMAIN: https://seo.kachua.bagerhat.gov.bd
==================================================
[+] Domain exhausted. Finishing up: https://seo.kachua.bagerhat.gov.bd
==================================================
[*] STARTING NEW DOMAIN: https://cdbcrc.rangpur.gov.bd
==================================================
[+] Domain exhausted. Finishing up: https://cdbcrc.rangpur.gov.bd
==================================================
[*] STARTING NEW DOMAIN: https://deb113921.dhakaeducationboard.gov.bd
==================================================
[+] Domain exhausted. Finishing up: https://deb113921.dhakaeducationboard.gov.bd
==================================================
[*] STARTING NEW DOMAIN: https://eed.raipura.narsingdi.gov.bd
==================================================
[+] Domain exhausted. Finishing up: https://eed.raipura.narsingdi.gov.bd
==================================================
[*] STARTING NEW DOMAIN: https://seo.daulatpur.kushtia.gov.bd
==================================================
[+] Domain exhausted. Finishing up: https://seo.daulatpur.kushtia.gov.bd
==================================================
[*] STARTING NEW DOMAIN: https://badc.rajshahi.gov.bd
==================================================
[+] Domain exhausted. Finishing up: https://badc.rajshahi.gov.bd
==================================================
[*] STARTING NEW DOMAIN: https://sbmch.barisal.gov.bd
==================================================
[+] Domain exhausted. Finishing up: https://sbmch.barisal.gov.bd
==================================================
[*] STARTING NEW DOMAIN: https://andhasecondaryschool.jessoreboard.gov.bd
==================================================
[+] Domain exhausted. Finishing up: https://andhasecondaryschool.jessoreboard.gov.bd
==================================================
[*] STARTING NEW DOMAIN: https://deb110019.dhakaeducationboard.gov.bd
==================================================
[+] Domain exhausted. Finishing up: https://deb110019.dhakaeducationboard.gov.bd
==================================================
[*] STARTING NEW DOMAIN: https://keraniganjsouthpolice.keraniganj.dhaka.gov.bd
==================================================
[+] Domain exhausted. Finishing up: https://keraniganjsouthpolice.keraniganj.dhaka.gov.bd
==================================================
[*] STARTING NEW DOMAIN: https://binnabaydup.narsingdi.gov.bd
==================================================
[+] Domain exhausted. Finishing up: https://binnabaydup.narsingdi.gov.bd
==================================================
[*] STARTING NEW DOMAIN: https://chalnabandarsecondaryschool.jessoreboard.gov.bd
==================================================
[+] Domain exhausted. Finishing up: https://chalnabandarsecondaryschool.jessoreboard.gov.bd
==================================================
[*] STARTING NEW DOMAIN: https://satbariaup.comilla.gov.bd
==================================================
[+] Domain exhausted. Finishing up: https://satbariaup.comilla.gov.bd
==================================================
[*] STARTING NEW DOMAIN: https://doict.ashuganj.brahmanbaria.gov.bd
==================================================
[+] Domain exhausted. Finishing up: https://doict.ashuganj.brahmanbaria.gov.bd
==================================================
[*] STARTING NEW DOMAIN: https://babukhaliadarshacollege.jessoreboard.gov.bd
==================================================
[+] Domain exhausted. Finishing up: https://babukhaliadarshacollege.jessoreboard.gov.bd
==================================================
[*] STARTING NEW DOMAIN: https://deb133939.dhakaeducationboard.gov.bd
==================================================
[+] Domain exhausted. Finishing up: https://deb133939.dhakaeducationboard.gov.bd
==================================================
[*] STARTING NEW DOMAIN: https://fireservice.sylhetsadar.sylhet.gov.bd
==================================================
[+] Domain exhausted. Finishing up: https://fireservice.sylhetsadar.sylhet.gov.bd
==================================================
[*] STARTING NEW DOMAIN: https://deb111116.dhakaeducationboard.gov.bd
==================================================
[+] Domain exhausted. Finishing up: https://deb111116.dhakaeducationboard.gov.bd
==================================================
[*] STARTING NEW DOMAIN: https://acl.gior.manikganj.gov.bd
==================================================
[+] Domain exhausted. Finishing up: https://acl.gior.manikganj.gov.bd
==================================================
[*] STARTING NEW DOMAIN: https://shampurjuniorsecondarygirlsschool.jessoreboard.gov.bd
==================================================
[+] Domain exhausted. Finishing up: https://shampurjuniorsecondarygirlsschool.jessoreboard.gov.bd
==================================================
[*] STARTING NEW DOMAIN: https://baramchalup.moulvibazar.gov.bd
==================================================
[+] Domain exhausted. Finishing up: https://baramchalup.moulvibazar.gov.bd
==================================================
[*] STARTING NEW DOMAIN: https://deb109862.dhakaeducationboard.gov.bd
==================================================
[+] Domain exhausted. Finishing up: https://deb109862.dhakaeducationboard.gov.bd
==================================================
[*] STARTING NEW DOMAIN: https://bcstaxacademy.portal.gov.bd
==================================================
[+] Domain exhausted. Finishing up: https://bcstaxacademy.portal.gov.bd
==================================================
[*] STARTING NEW DOMAIN: https://austadharup.mymensingh.gov.bd
==================================================
[+] Domain exhausted. Finishing up: https://austadharup.mymensingh.gov.bd
==================================================
[*] STARTING NEW DOMAIN: https://ansarvdp.sherpursadar.sherpur.gov.bd
==================================================
[+] Domain exhausted. Finishing up: https://ansarvdp.sherpursadar.sherpur.gov.bd
==================================================
[*] STARTING NEW DOMAIN: http://ati.faridpur.gov.bd
==================================================
[+] Domain exhausted. Finishing up: http://ati.faridpur.gov.bd
==================================================
[*] STARTING NEW DOMAIN: https://fireservice.jaldhaka.nilphamari.gov.bd
==================================================
[+] Domain exhausted. Finishing up: https://fireservice.jaldhaka.nilphamari.gov.bd
==================================================
[*] STARTING NEW DOMAIN: https://eo.phulchari.gaibandha.gov.bd
==================================================
[+] Domain exhausted. Finishing up: https://eo.phulchari.gaibandha.gov.bd
==================================================
[*] STARTING NEW DOMAIN: https://deb135971.dhakaeducationboard.gov.bd
==================================================
[+] Domain exhausted. Finishing up: https://deb135971.dhakaeducationboard.gov.bd
==================================================
[*] STARTING NEW DOMAIN: https://daharmasiahatiuttarparajuniorhighschool.jessoreboard.gov.bd
==================================================
[+] Domain exhausted. Finishing up: https://daharmasiahatiuttarparajuniorhighschool.jessoreboard.gov.bd
==================================================
[*] STARTING NEW DOMAIN: https://dao.muladi.barisal.gov.bd
==================================================
[+] Domain exhausted. Finishing up: https://dao.muladi.barisal.gov.bd
==================================================
[*] STARTING NEW DOMAIN: https://asu.kishorganj.nilphamari.gov.bd
==================================================
[+] Domain exhausted. Finishing up: https://asu.kishorganj.nilphamari.gov.bd
==================================================
[*] STARTING NEW DOMAIN: https://brdb.damurhuda.chuadanga.gov.bd
==================================================
[+] Domain exhausted. Finishing up: https://brdb.damurhuda.chuadanga.gov.bd
==================================================
[*] STARTING NEW DOMAIN: https://ansarvdp.thanchi.bandarban.gov.bd
==================================================
[+] Domain exhausted. Finishing up: https://ansarvdp.thanchi.bandarban.gov.bd
==================================================
[*] STARTING NEW DOMAIN: https://rhd.nilphamari.gov.bd
==================================================
[+] Domain exhausted. Finishing up: https://rhd.nilphamari.gov.bd
==================================================
[*] STARTING NEW DOMAIN: https://cooparative.morrelganj.bagerhat.gov.bd
==================================================
[+] Domain exhausted. Finishing up: https://cooparative.morrelganj.bagerhat.gov.bd
==================================================
[*] STARTING NEW DOMAIN: https://dife.manikganj.gov.bd
==================================================
[+] Domain exhausted. Finishing up: https://dife.manikganj.gov.bd
==================================================
[*] STARTING NEW DOMAIN: https://deb109559.dhakaeducationboard.gov.bd
==================================================
[+] Domain exhausted. Finishing up: https://deb109559.dhakaeducationboard.gov.bd
==================================================
[*] STARTING NEW DOMAIN: https://acl.akkelpur.joypurhat.gov.bd
==================================================
[+] Domain exhausted. Finishing up: https://acl.akkelpur.joypurhat.gov.bd
==================================================
[*] STARTING NEW DOMAIN: https://dshe.mymensingh.gov.bd
==================================================
[+] Domain exhausted. Finishing up: https://dshe.mymensingh.gov.bd
==================================================
[*] STARTING NEW DOMAIN: https://ansarvdp.khagrachhari.gov.bd
==================================================
[+] Domain exhausted. Finishing up: https://ansarvdp.khagrachhari.gov.bd
==================================================
[*] STARTING NEW DOMAIN: https://ansarvdp.kamarkhand.sirajganj.gov.bd
==================================================
[+] Domain exhausted. Finishing up: https://ansarvdp.kamarkhand.sirajganj.gov.bd
==================================================
[*] STARTING NEW DOMAIN: https://brdb.hizla.barisal.gov.bd
==================================================
[+] Domain exhausted. Finishing up: https://brdb.hizla.barisal.gov.bd
==================================================
[*] STARTING NEW DOMAIN: https://bmeb.ebmeb.gov.bd
==================================================
[+] Domain exhausted. Finishing up: https://bmeb.ebmeb.gov.bd
==================================================
[*] STARTING NEW DOMAIN: https://brdb.gobindaganj.gaibandha.gov.bd
==================================================
[+] Domain exhausted. Finishing up: https://brdb.gobindaganj.gaibandha.gov.bd
==================================================
[*] STARTING NEW DOMAIN: https://bangarabazarthana.muradnagar.comilla.gov.bd
==================================================
[+] Domain exhausted. Finishing up: https://bangarabazarthana.muradnagar.comilla.gov.bd
==================================================
[*] STARTING NEW DOMAIN: https://hbfc.tangail.gov.bd
==================================================
[+] Domain exhausted. Finishing up: https://hbfc.tangail.gov.bd
==================================================
[*] STARTING NEW DOMAIN: https://post.sirajganj.gov.bd
==================================================
[+] Domain exhausted. Finishing up: https://post.sirajganj.gov.bd
==================================================
[*] STARTING NEW DOMAIN: https://shimasmritysecondarybiddyapith.jessoreboard.gov.bd
==================================================
[+] Domain exhausted. Finishing up: https://shimasmritysecondarybiddyapith.jessoreboard.gov.bd
==================================================
[*] STARTING NEW DOMAIN: https://dls.tazumuddin.bhola.gov.bd
==================================================
[+] Domain exhausted. Finishing up: https://dls.tazumuddin.bhola.gov.bd
==================================================
[*] STARTING NEW DOMAIN: https://bbs.jibannagar.chuadanga.gov.bd
==================================================
[+] Domain exhausted. Finishing up: https://bbs.jibannagar.chuadanga.gov.bd
==================================================
[*] STARTING NEW DOMAIN: https://aic.nilphamari.gov.bd
==================================================
[+] Domain exhausted. Finishing up: https://aic.nilphamari.gov.bd
==================================================
[*] STARTING NEW DOMAIN: https://bbs.atrai.naogaon.gov.bd
==================================================
[+] Domain exhausted. Finishing up: https://bbs.atrai.naogaon.gov.bd
==================================================
[*] STARTING NEW DOMAIN: https://ansarvdp.savar.dhaka.gov.bd
==================================================
[+] Domain exhausted. Finishing up: https://ansarvdp.savar.dhaka.gov.bd
==================================================
[*] STARTING NEW DOMAIN: https://bancharampur.brahmanbaria.gov.bd
==================================================
[+] Domain exhausted. Finishing up: https://bancharampur.brahmanbaria.gov.bd
==================================================
[*] STARTING NEW DOMAIN: https://badc.manikganj.gov.bd
==================================================
[+] Domain exhausted. Finishing up: https://badc.manikganj.gov.bd
==================================================
[*] STARTING NEW DOMAIN: https://post.taltali.barguna.gov.bd
==================================================
[+] Domain exhausted. Finishing up: https://post.taltali.barguna.gov.bd
==================================================
[*] STARTING NEW DOMAIN: https://deb109249.dhakaeducationboard.gov.bd
==================================================
[+] Domain exhausted. Finishing up: https://deb109249.dhakaeducationboard.gov.bd
==================================================
[*] STARTING NEW DOMAIN: https://deb140316.dhakaeducationboard.gov.bd
==================================================
[+] Domain exhausted. Finishing up: https://deb140316.dhakaeducationboard.gov.bd
==================================================
[*] STARTING NEW DOMAIN: https://cms.erp.pwd.gov.bd
==================================================
[+] Domain exhausted. Finishing up: https://cms.erp.pwd.gov.bd
==================================================
[*] STARTING NEW DOMAIN: https://dao.badalgachi.naogaon.gov.bd
==================================================
[+] Domain exhausted. Finishing up: https://dao.badalgachi.naogaon.gov.bd
==================================================
[*] STARTING NEW DOMAIN: https://baghutia.jessore.gov.bd
==================================================
[+] Domain exhausted. Finishing up: https://baghutia.jessore.gov.bd
==================================================
[*] STARTING NEW DOMAIN: https://customs.khulnadiv.gov.bd
==================================================
[+] Domain exhausted. Finishing up: https://customs.khulnadiv.gov.bd
==================================================
[*] STARTING NEW DOMAIN: https://cs.kishoreganj.gov.bd
==================================================
[+] Domain exhausted. Finishing up: https://cs.kishoreganj.gov.bd
==================================================
[*] STARTING NEW DOMAIN: https://chotfaliasecondaryschool.jessoreboard.gov.bd
==================================================
[+] Domain exhausted. Finishing up: https://chotfaliasecondaryschool.jessoreboard.gov.bd
==================================================
[*] STARTING NEW DOMAIN: https://acl.ajmiriganj.habiganj.gov.bd
==================================================
[+] Domain exhausted. Finishing up: https://acl.ajmiriganj.habiganj.gov.bd
==================================================
[*] STARTING NEW DOMAIN: https://cooparative.monpura.bhola.gov.bd
==================================================
[+] Domain exhausted. Finishing up: https://cooparative.monpura.bhola.gov.bd
==================================================
[*] STARTING NEW DOMAIN: https://bscic.gopalganj.gov.bd
==================================================
[+] Domain exhausted. Finishing up: https://bscic.gopalganj.gov.bd
==================================================
[*] STARTING NEW DOMAIN: https://chowgachadegreecollege.jessoreboard.gov.bd
==================================================
[+] Domain exhausted. Finishing up: https://chowgachadegreecollege.jessoreboard.gov.bd
==================================================
[*] STARTING NEW DOMAIN: https://customs.moulvibazar.gov.bd
==================================================
[+] Domain exhausted. Finishing up: https://customs.moulvibazar.gov.bd
==================================================
[*] STARTING NEW DOMAIN: https://cooparative.amtali.barguna.gov.bd
==================================================
[+] Domain exhausted. Finishing up: https://cooparative.amtali.barguna.gov.bd
==================================================
[*] STARTING NEW DOMAIN: https://sfdf.brahmanpara.comilla.gov.bd
==================================================
[+] Domain exhausted. Finishing up: https://sfdf.brahmanpara.comilla.gov.bd
==================================================
[*] STARTING NEW DOMAIN: https://acl.kahaloo.bogra.gov.bd
==================================================
[+] Domain exhausted. Finishing up: https://acl.kahaloo.bogra.gov.bd
==================================================
[*] STARTING NEW DOMAIN: https://cooparative.sylhetsadar.sylhet.gov.bd
==================================================
[+] Domain exhausted. Finishing up: https://cooparative.sylhetsadar.sylhet.gov.bd
==================================================
[*] STARTING NEW DOMAIN: https://dwa.sandwip.chittagong.gov.bd
==================================================
[+] Domain exhausted. Finishing up: https://dwa.sandwip.chittagong.gov.bd
==================================================
[*] STARTING NEW DOMAIN: https://dae.bishwanath.sylhet.gov.bd
==================================================
[+] Domain exhausted. Finishing up: https://dae.bishwanath.sylhet.gov.bd
==================================================
[*] STARTING NEW DOMAIN: https://osmaninagar.sylhet.gov.bd
==================================================
[+] Domain exhausted. Finishing up: https://osmaninagar.sylhet.gov.bd
==================================================
[*] STARTING NEW DOMAIN: https://dwa.kushtiasadar.kushtia.gov.bd
==================================================
[+] Domain exhausted. Finishing up: https://dwa.kushtiasadar.kushtia.gov.bd
==================================================
[*] STARTING NEW DOMAIN: https://coa-revenue.portal.gov.bd
==================================================
[+] Domain exhausted. Finishing up: https://coa-revenue.portal.gov.bd
==================================================
[*] STARTING NEW DOMAIN: https://eed.sadar.bandarban.gov.bd
==================================================
[+] Domain exhausted. Finishing up: https://eed.sadar.bandarban.gov.bd
==================================================
[*] STARTING NEW DOMAIN: https://dae.parbatipur.dinajpur.gov.bd
==================================================
[+] Domain exhausted. Finishing up: https://dae.parbatipur.dinajpur.gov.bd
==================================================
[*] STARTING NEW DOMAIN: https://customs.pirojpur.gov.bd
==================================================
[+] Domain exhausted. Finishing up: https://customs.pirojpur.gov.bd
==================================================
[*] STARTING NEW DOMAIN: https://dwa.khetlal.joypurhat.gov.bd
==================================================
[+] Domain exhausted. Finishing up: https://dwa.khetlal.joypurhat.gov.bd
==================================================
[*] STARTING NEW DOMAIN: https://asu.akkelpur.joypurhat.gov.bd
==================================================
[+] Domain exhausted. Finishing up: https://asu.akkelpur.joypurhat.gov.bd
==================================================
[*] STARTING NEW DOMAIN: https://savings.rangamati.gov.bd
==================================================
[+] Domain exhausted. Finishing up: https://savings.rangamati.gov.bd
==================================================
[*] STARTING NEW DOMAIN: https://cooparative.saltha.faridpur.gov.bd
==================================================
[+] Domain exhausted. Finishing up: https://cooparative.saltha.faridpur.gov.bd
==================================================
[*] STARTING NEW DOMAIN: https://ebek.gouripur.mymensingh.gov.bd
==================================================
[+] Domain exhausted. Finishing up: https://ebek.gouripur.mymensingh.gov.bd
==================================================
[*] STARTING NEW DOMAIN: https://deb109856.dhakaeducationboard.gov.bd
==================================================
[+] Domain exhausted. Finishing up: https://deb109856.dhakaeducationboard.gov.bd
==================================================
[*] STARTING NEW DOMAIN: https://deb108372.dhakaeducationboard.gov.bd
==================================================
[+] Domain exhausted. Finishing up: https://deb108372.dhakaeducationboard.gov.bd
==================================================
[*] STARTING NEW DOMAIN: https://deb110572.dhakaeducationboard.gov.bd
==================================================
[+] Domain exhausted. Finishing up: https://deb110572.dhakaeducationboard.gov.bd
==================================================
[*] STARTING NEW DOMAIN: https://ebek.madan.netrokona.gov.bd
==================================================
[+] Domain exhausted. Finishing up: https://ebek.madan.netrokona.gov.bd
==================================================
[*] STARTING NEW DOMAIN: https://dae.sadar.lakshmipur.gov.bd
==================================================
[+] Domain exhausted. Finishing up: https://dae.sadar.lakshmipur.gov.bd
==================================================
[*] STARTING NEW DOMAIN: https://post.madaripur.gov.bd
==================================================
[+] Domain exhausted. Finishing up: https://post.madaripur.gov.bd
==================================================
[*] STARTING NEW DOMAIN: https://deb109378.dhakaeducationboard.gov.bd
==================================================
[+] Domain exhausted. Finishing up: https://deb109378.dhakaeducationboard.gov.bd
==================================================
[*] STARTING NEW DOMAIN: https://shayestaganj.habiganj.gov.bd
==================================================
[+] Domain exhausted. Finishing up: https://shayestaganj.habiganj.gov.bd
==================================================
[*] STARTING NEW DOMAIN: https://cooparative.sadar.khagrachhari.gov.bd
==================================================
[+] Domain exhausted. Finishing up: https://cooparative.sadar.khagrachhari.gov.bd
==================================================
[*] STARTING NEW DOMAIN: http://ansarvdp.hakimpur.dinajpur.gov.bd
==================================================
[+] Domain exhausted. Finishing up: http://ansarvdp.hakimpur.dinajpur.gov.bd
==================================================
[*] STARTING NEW DOMAIN: https://deb108796.dhakaeducationboard.gov.bd
==================================================
[+] Domain exhausted. Finishing up: https://deb108796.dhakaeducationboard.gov.bd
==================================================
[*] STARTING NEW DOMAIN: https://deo.joypurhat.gov.bd
==================================================
[+] Domain exhausted. Finishing up: https://deo.joypurhat.gov.bd
==================================================
[*] STARTING NEW DOMAIN: https://deb110658.dhakaeducationboard.gov.bd
==================================================
[+] Domain exhausted. Finishing up: https://deb110658.dhakaeducationboard.gov.bd
==================================================
[*] STARTING NEW DOMAIN: http://bhatiariup.chittagong.gov.bd
==================================================
[+] Domain exhausted. Finishing up: http://bhatiariup.chittagong.gov.bd
==================================================
[*] STARTING NEW DOMAIN: https://dwa.chapainawabganj.gov.bd
==================================================
[+] Domain exhausted. Finishing up: https://dwa.chapainawabganj.gov.bd
==================================================
[*] STARTING NEW DOMAIN: https://cooperative.pirganj.thakurgaon.gov.bd
==================================================
[+] Domain exhausted. Finishing up: https://cooperative.pirganj.thakurgaon.gov.bd
==================================================
[*] STARTING NEW DOMAIN: https://ansarvdp.porsha.naogaon.gov.bd
==================================================
[+] Domain exhausted. Finishing up: https://ansarvdp.porsha.naogaon.gov.bd
==================================================
[*] STARTING NEW DOMAIN: https://ec.kaliganj.satkhira.gov.bd
==================================================
[+] Domain exhausted. Finishing up: https://ec.kaliganj.satkhira.gov.bd
==================================================
[*] STARTING NEW DOMAIN: https://ec.bera.pabna.gov.bd
==================================================
[+] Domain exhausted. Finishing up: https://ec.bera.pabna.gov.bd
==================================================
[*] STARTING NEW DOMAIN: https://doict.fenchuganj.sylhet.gov.bd
==================================================
[+] Domain exhausted. Finishing up: https://doict.fenchuganj.sylhet.gov.bd
==================================================
[*] STARTING NEW DOMAIN: https://css.noakhali.gov.bd
==================================================
[+] Domain exhausted. Finishing up: https://css.noakhali.gov.bd
==================================================
[*] STARTING NEW DOMAIN: https://dae.shibpur.narsingdi.gov.bd
==================================================
[+] Domain exhausted. Finishing up: https://dae.shibpur.narsingdi.gov.bd
==================================================
[*] STARTING NEW DOMAIN: https://deb109515.dhakaeducationboard.gov.bd
==================================================
[+] Domain exhausted. Finishing up: https://deb109515.dhakaeducationboard.gov.bd
==================================================
[*] STARTING NEW DOMAIN: https://customs.meherpur.gov.bd
==================================================
[+] Domain exhausted. Finishing up: https://customs.meherpur.gov.bd
==================================================
[*] STARTING NEW DOMAIN: https://deb109536.dhakaeducationboard.gov.bd
==================================================
[+] Domain exhausted. Finishing up: https://deb109536.dhakaeducationboard.gov.bd
==================================================
[*] STARTING NEW DOMAIN: https://ec.narsingdisadar.narsingdi.gov.bd
==================================================
[+] Domain exhausted. Finishing up: https://ec.narsingdisadar.narsingdi.gov.bd
==================================================
[*] STARTING NEW DOMAIN: https://bbs.bamna.barguna.gov.bd
==================================================
[+] Domain exhausted. Finishing up: https://bbs.bamna.barguna.gov.bd
==================================================
[*] STARTING NEW DOMAIN: https://btcl.lalmonirhat.gov.bd
==================================================
[+] Domain exhausted. Finishing up: https://btcl.lalmonirhat.gov.bd
==================================================
[*] STARTING NEW DOMAIN: https://deb109734.dhakaeducationboard.gov.bd
==================================================
[+] Domain exhausted. Finishing up: https://deb109734.dhakaeducationboard.gov.bd
==================================================
[*] STARTING NEW DOMAIN: https://cs.chandpur.gov.bd
==================================================
[+] Domain exhausted. Finishing up: https://cs.chandpur.gov.bd
==================================================
[*] STARTING NEW DOMAIN: https://ansarvdp.lohagara.narail.gov.bd
==================================================
[+] Domain exhausted. Finishing up: https://ansarvdp.lohagara.narail.gov.bd
==================================================
[*] STARTING NEW DOMAIN: https://dwa.nabiganj.habiganj.gov.bd
==================================================
[+] Domain exhausted. Finishing up: https://dwa.nabiganj.habiganj.gov.bd
==================================================
[*] STARTING NEW DOMAIN: https://savings.patuakhali.gov.bd
==================================================
[+] Domain exhausted. Finishing up: https://savings.patuakhali.gov.bd
==================================================
[*] STARTING NEW DOMAIN: https://ec.dashmina.patuakhali.gov.bd
==================================================
[+] Domain exhausted. Finishing up: https://ec.dashmina.patuakhali.gov.bd
==================================================
[*] STARTING NEW DOMAIN: https://deb110664.dhakaeducationboard.gov.bd
==================================================
[+] Domain exhausted. Finishing up: https://deb110664.dhakaeducationboard.gov.bd
==================================================
[*] STARTING NEW DOMAIN: https://deb109860.dhakaeducationboard.gov.bd
==================================================
[+] Domain exhausted. Finishing up: https://deb109860.dhakaeducationboard.gov.bd
==================================================
[*] STARTING NEW DOMAIN: https://deb134556.dhakaeducationboard.gov.bd
==================================================
[+] Domain exhausted. Finishing up: https://deb134556.dhakaeducationboard.gov.bd
==================================================
[*] STARTING NEW DOMAIN: https://bscic.natore.gov.bd
==================================================
[+] Domain exhausted. Finishing up: https://bscic.natore.gov.bd
==================================================
[*] STARTING NEW DOMAIN: https://customs.jhenaidah.gov.bd
==================================================
[+] Domain exhausted. Finishing up: https://customs.jhenaidah.gov.bd
==================================================
[*] STARTING NEW DOMAIN: https://savings.natore.gov.bd
==================================================
[+] Domain exhausted. Finishing up: https://savings.natore.gov.bd
==================================================
[*] STARTING NEW DOMAIN: https://ascbadc.bandarban.gov.bd
==================================================
[+] Domain exhausted. Finishing up: https://ascbadc.bandarban.gov.bd
==================================================
[*] STARTING NEW DOMAIN: https://dae.lalmonirhat.gov.bd
==================================================
[+] Domain exhausted. Finishing up: https://dae.lalmonirhat.gov.bd
==================================================
[*] STARTING NEW DOMAIN: https://seo.gior.manikganj.gov.bd
==================================================
[+] Domain exhausted. Finishing up: https://seo.gior.manikganj.gov.bd
==================================================
[*] STARTING NEW DOMAIN: https://ebek.moheshkhali.coxsbazar.gov.bd
==================================================
[+] Domain exhausted. Finishing up: https://ebek.moheshkhali.coxsbazar.gov.bd
==================================================
[*] STARTING NEW DOMAIN: https://ansarvdp.narsingdisadar.narsingdi.gov.bd
==================================================
[+] Domain exhausted. Finishing up: https://ansarvdp.narsingdisadar.narsingdi.gov.bd
==================================================
[*] STARTING NEW DOMAIN: https://ec.sonaimuri.noakhali.gov.bd
==================================================
[+] Domain exhausted. Finishing up: https://ec.sonaimuri.noakhali.gov.bd
==================================================
[*] STARTING NEW DOMAIN: https://ec.kotalipara.gopalganj.gov.bd
==================================================
[+] Domain exhausted. Finishing up: https://ec.kotalipara.gopalganj.gov.bd
==================================================
[*] STARTING NEW DOMAIN: https://esifhsc.comillaboard.gov.bd
==================================================
[+] Domain exhausted. Finishing up: https://esifhsc.comillaboard.gov.bd
==================================================
[*] STARTING NEW DOMAIN: https://deb110042.dhakaeducationboard.gov.bd
==================================================
[+] Domain exhausted. Finishing up: https://deb110042.dhakaeducationboard.gov.bd
==================================================
[*] STARTING NEW DOMAIN: https://ec.hatia.noakhali.gov.bd
==================================================
[+] Domain exhausted. Finishing up: https://ec.hatia.noakhali.gov.bd
==================================================
[*] STARTING NEW DOMAIN: https://dvh.rajshahi.gov.bd
==================================================
[+] Domain exhausted. Finishing up: https://dvh.rajshahi.gov.bd
==================================================
[*] STARTING NEW DOMAIN: https://ebek.fultola.khulna.gov.bd
==================================================
[+] Domain exhausted. Finishing up: https://ebek.fultola.khulna.gov.bd
==================================================
[*] STARTING NEW DOMAIN: https://deb110445.dhakaeducationboard.gov.bd
==================================================
[+] Domain exhausted. Finishing up: https://deb110445.dhakaeducationboard.gov.bd
==================================================
[*] STARTING NEW DOMAIN: https://ec.manikchari.khagrachhari.gov.bd
==================================================
[+] Domain exhausted. Finishing up: https://ec.manikchari.khagrachhari.gov.bd
==================================================
[*] STARTING NEW DOMAIN: https://dwa.kamalnagar.lakshmipur.gov.bd
==================================================
[+] Domain exhausted. Finishing up: https://dwa.kamalnagar.lakshmipur.gov.bd
==================================================
[*] STARTING NEW DOMAIN: https://ec.baraigram.natore.gov.bd
==================================================
[+] Domain exhausted. Finishing up: https://ec.baraigram.natore.gov.bd
==================================================
[*] STARTING NEW DOMAIN: http://nagdahup.chuadanga.gov.bd
==================================================
[+] Domain exhausted. Finishing up: http://nagdahup.chuadanga.gov.bd
==================================================
[*] STARTING NEW DOMAIN: https://deb108511.dhakaeducationboard.gov.bd
==================================================
[+] Domain exhausted. Finishing up: https://deb108511.dhakaeducationboard.gov.bd
==================================================
[*] STARTING NEW DOMAIN: https://ansarvdp.bauphal.patuakhali.gov.bd
==================================================
[+] Domain exhausted. Finishing up: https://ansarvdp.bauphal.patuakhali.gov.bd
==================================================
[*] STARTING NEW DOMAIN: https://armukhijoarderjalaluddinsecondaryschool.jessoreboard.gov.bd
==================================================
[+] Domain exhausted. Finishing up: https://armukhijoarderjalaluddinsecondaryschool.jessoreboard.gov.bd
==================================================
[*] STARTING NEW DOMAIN: https://brdb.morrelganj.bagerhat.gov.bd
==================================================
[+] Domain exhausted. Finishing up: https://brdb.morrelganj.bagerhat.gov.bd
==================================================
[*] STARTING NEW DOMAIN: https://taxcircle12.dinajpur.gov.bd
==================================================
[+] Domain exhausted. Finishing up: https://taxcircle12.dinajpur.gov.bd
==================================================
[*] STARTING NEW DOMAIN: https://seo.dewangonj.jamalpur.gov.bd
==================================================
[+] Domain exhausted. Finishing up: https://seo.dewangonj.jamalpur.gov.bd
==================================================
[*] STARTING NEW DOMAIN: https://dae.trishal.mymensingh.gov.bd
==================================================
[+] Domain exhausted. Finishing up: https://dae.trishal.mymensingh.gov.bd
==================================================
[*] STARTING NEW DOMAIN: https://deb110641.dhakaeducationboard.gov.bd
==================================================
[+] Domain exhausted. Finishing up: https://deb110641.dhakaeducationboard.gov.bd
==================================================
[*] STARTING NEW DOMAIN: https://deb108310.dhakaeducationboard.gov.bd
==================================================
[+] Domain exhausted. Finishing up: https://deb108310.dhakaeducationboard.gov.bd
==================================================
[*] STARTING NEW DOMAIN: https://scc.gov.bd
==================================================
[+] Domain exhausted. Finishing up: https://scc.gov.bd
==================================================
[*] STARTING NEW DOMAIN: http://adorshashammilonisecondarygirlsschool.jessoreboard.gov.bd
==================================================
[+] Domain exhausted. Finishing up: http://adorshashammilonisecondarygirlsschool.jessoreboard.gov.bd
==================================================
[*] STARTING NEW DOMAIN: http://qis.gov.bd
==================================================
[+] Domain exhausted. Finishing up: http://qis.gov.bd
==================================================
[*] STARTING NEW DOMAIN: https://deb109129.dhakaeducationboard.gov.bd
==================================================
[+] Domain exhausted. Finishing up: https://deb109129.dhakaeducationboard.gov.bd
==================================================
[*] STARTING NEW DOMAIN: https://deb108001.dhakaeducationboard.gov.bd
==================================================
[+] Domain exhausted. Finishing up: https://deb108001.dhakaeducationboard.gov.bd
==================================================
[*] STARTING NEW DOMAIN: https://deb110733.dhakaeducationboard.gov.bd
==================================================
[+] Domain exhausted. Finishing up: https://deb110733.dhakaeducationboard.gov.bd
==================================================
[*] STARTING NEW DOMAIN: https://bbs.khetlal.joypurhat.gov.bd
==================================================
[+] Domain exhausted. Finishing up: https://bbs.khetlal.joypurhat.gov.bd
==================================================
[*] STARTING NEW DOMAIN: https://deb108401.dhakaeducationboard.gov.bd
==================================================
[+] Domain exhausted. Finishing up: https://deb108401.dhakaeducationboard.gov.bd
==================================================
[*] STARTING NEW DOMAIN: https://savings.sunamganj.gov.bd
==================================================
[+] Domain exhausted. Finishing up: https://savings.sunamganj.gov.bd
==================================================
[*] STARTING NEW DOMAIN: https://deb111403.dhakaeducationboard.gov.bd
==================================================
[+] Domain exhausted. Finishing up: https://deb111403.dhakaeducationboard.gov.bd
==================================================
[*] STARTING NEW DOMAIN: https://dam.hajiganj.chandpur.gov.bd
==================================================
[+] Domain exhausted. Finishing up: https://dam.hajiganj.chandpur.gov.bd
==================================================
[*] STARTING NEW DOMAIN: https://ansarvdp.bhangura.pabna.gov.bd
==================================================
[+] Domain exhausted. Finishing up: https://ansarvdp.bhangura.pabna.gov.bd
==================================================
[*] STARTING NEW DOMAIN: https://deb113141.dhakaeducationboard.gov.bd
==================================================
[+] Domain exhausted. Finishing up: https://deb113141.dhakaeducationboard.gov.bd
==================================================
[*] STARTING NEW DOMAIN: https://deb108409.dhakaeducationboard.gov.bd
==================================================
[+] Domain exhausted. Finishing up: https://deb108409.dhakaeducationboard.gov.bd
==================================================
[*] STARTING NEW DOMAIN: https://acl.dakshinsurma.sylhet.gov.bd
==================================================
[+] Domain exhausted. Finishing up: https://acl.dakshinsurma.sylhet.gov.bd
==================================================
[*] STARTING NEW DOMAIN: https://deb108676.dhakaeducationboard.gov.bd
==================================================
[+] Domain exhausted. Finishing up: https://deb108676.dhakaeducationboard.gov.bd
==================================================
[*] STARTING NEW DOMAIN: https://ansarvdp.trishal.mymensingh.gov.bd
==================================================
[+] Domain exhausted. Finishing up: https://ansarvdp.trishal.mymensingh.gov.bd
==================================================
[*] STARTING NEW DOMAIN: https://dao.karnafuli.chittagong.gov.bd
==================================================
[+] Domain exhausted. Finishing up: https://dao.karnafuli.chittagong.gov.bd
==================================================
[*] STARTING NEW DOMAIN: https://pbs.baliadangi.thakurgaon.gov.bd
==================================================
[+] Domain exhausted. Finishing up: https://pbs.baliadangi.thakurgaon.gov.bd
==================================================
[*] STARTING NEW DOMAIN: https://ailhashup.chuadanga.gov.bd
==================================================
[+] Domain exhausted. Finishing up: https://ailhashup.chuadanga.gov.bd
==================================================
[*] STARTING NEW DOMAIN: https://seo.atrai.naogaon.gov.bd
==================================================
[+] Domain exhausted. Finishing up: https://seo.atrai.naogaon.gov.bd
==================================================
[*] STARTING NEW DOMAIN: https://kumkhalisecondaryschool.jessoreboard.gov.bd
==================================================
[+] Domain exhausted. Finishing up: https://kumkhalisecondaryschool.jessoreboard.gov.bd
==================================================
[*] STARTING NEW DOMAIN: https://daogaonup.mymensingh.gov.bd
==================================================
[+] Domain exhausted. Finishing up: https://daogaonup.mymensingh.gov.bd
==================================================
[*] STARTING NEW DOMAIN: https://deb114528.dhakaeducationboard.gov.bd
==================================================
[+] Domain exhausted. Finishing up: https://deb114528.dhakaeducationboard.gov.bd
==================================================
[*] STARTING NEW DOMAIN: https://seo.saturia.manikganj.gov.bd
==================================================
[+] Domain exhausted. Finishing up: https://seo.saturia.manikganj.gov.bd
==================================================
[*] STARTING NEW DOMAIN: https://dao.gosairhat.shariatpur.gov.bd
==================================================
[+] Domain exhausted. Finishing up: https://dao.gosairhat.shariatpur.gov.bd
==================================================
[*] STARTING NEW DOMAIN: https://caebadc.rangpur.gov.bd
==================================================
[+] Domain exhausted. Finishing up: https://caebadc.rangpur.gov.bd
==================================================
[*] STARTING NEW DOMAIN: https://deb111780.dhakaeducationboard.gov.bd
==================================================
[+] Domain exhausted. Finishing up: https://deb111780.dhakaeducationboard.gov.bd
==================================================
[*] STARTING NEW DOMAIN: https://dakshinbhagdakshinup.moulvibazar.gov.bd
==================================================
[+] Domain exhausted. Finishing up: https://dakshinbhagdakshinup.moulvibazar.gov.bd
==================================================
[*] STARTING NEW DOMAIN: https://dao.botiaghata.khulna.gov.bd
==================================================
[+] Domain exhausted. Finishing up: https://dao.botiaghata.khulna.gov.bd
==================================================
[*] STARTING NEW DOMAIN: http://abcdhighschool.jessoreboard.gov.bd
==================================================
[+] Domain exhausted. Finishing up: http://abcdhighschool.jessoreboard.gov.bd
==================================================
[*] STARTING NEW DOMAIN: https://deb111258.dhakaeducationboard.gov.bd
==================================================
[+] Domain exhausted. Finishing up: https://deb111258.dhakaeducationboard.gov.bd
==================================================
[*] STARTING NEW DOMAIN: https://deb112902.dhakaeducationboard.gov.bd
==================================================
[+] Domain exhausted. Finishing up: https://deb112902.dhakaeducationboard.gov.bd
==================================================
[*] STARTING NEW DOMAIN: https://alipuraup.narsingdi.gov.bd
==================================================
[+] Domain exhausted. Finishing up: https://alipuraup.narsingdi.gov.bd
==================================================
[*] STARTING NEW DOMAIN: https://badc.gangachara.rangpur.gov.bd
==================================================
[+] Domain exhausted. Finishing up: https://badc.gangachara.rangpur.gov.bd
==================================================
[*] STARTING NEW DOMAIN: https://keshabpurhighersecondaryschool.jessoreboard.gov.bd
==================================================
[+] Domain exhausted. Finishing up: https://keshabpurhighersecondaryschool.jessoreboard.gov.bd
==================================================
[*] STARTING NEW DOMAIN: https://deb108465.dhakaeducationboard.gov.bd
==================================================
[+] Domain exhausted. Finishing up: https://deb108465.dhakaeducationboard.gov.bd
==================================================
[*] STARTING NEW DOMAIN: https://dam.noakhali.gov.bd
==================================================
[+] Domain exhausted. Finishing up: https://dam.noakhali.gov.bd
==================================================
[*] STARTING NEW DOMAIN: https://dao.nagarkanda.faridpur.gov.bd
==================================================
[+] Domain exhausted. Finishing up: https://dao.nagarkanda.faridpur.gov.bd
==================================================
[*] STARTING NEW DOMAIN: https://badc.kalkini.madaripur.gov.bd
==================================================
[+] Domain exhausted. Finishing up: https://badc.kalkini.madaripur.gov.bd
==================================================
[*] STARTING NEW DOMAIN: https://sfdf.ro.faridpur.gov.bd
==================================================
[+] Domain exhausted. Finishing up: https://sfdf.ro.faridpur.gov.bd
==================================================
[*] STARTING NEW DOMAIN: https://ofrd.bandarban.gov.bd
==================================================
[+] Domain exhausted. Finishing up: https://ofrd.bandarban.gov.bd
==================================================
[*] STARTING NEW DOMAIN: https://deb110798.dhakaeducationboard.gov.bd
==================================================
[+] Domain exhausted. Finishing up: https://deb110798.dhakaeducationboard.gov.bd
==================================================
[*] STARTING NEW DOMAIN: https://police.begumganj.noakhali.gov.bd
==================================================
[+] Domain exhausted. Finishing up: https://police.begumganj.noakhali.gov.bd
==================================================
[*] STARTING NEW DOMAIN: https://ansarvdp.lalpur.natore.gov.bd
==================================================
[+] Domain exhausted. Finishing up: https://ansarvdp.lalpur.natore.gov.bd
==================================================
[*] STARTING NEW DOMAIN: https://deb109100.dhakaeducationboard.gov.bd
==================================================
[+] Domain exhausted. Finishing up: https://deb109100.dhakaeducationboard.gov.bd
==================================================
[*] STARTING NEW DOMAIN: https://deb111061.dhakaeducationboard.gov.bd
==================================================
[+] Domain exhausted. Finishing up: https://deb111061.dhakaeducationboard.gov.bd
==================================================
[*] STARTING NEW DOMAIN: https://deb108691.dhakaeducationboard.gov.bd
==================================================
[+] Domain exhausted. Finishing up: https://deb108691.dhakaeducationboard.gov.bd
==================================================
[*] STARTING NEW DOMAIN: https://deb112079.dhakaeducationboard.gov.bd
==================================================
[+] Domain exhausted. Finishing up: https://deb112079.dhakaeducationboard.gov.bd
==================================================
[*] STARTING NEW DOMAIN: https://deb111887.dhakaeducationboard.gov.bd
==================================================
[+] Domain exhausted. Finishing up: https://deb111887.dhakaeducationboard.gov.bd
==================================================
[*] STARTING NEW DOMAIN: https://post.sonargaon.narayanganj.gov.bd
==================================================
[+] Domain exhausted. Finishing up: https://post.sonargaon.narayanganj.gov.bd
==================================================
[*] STARTING NEW DOMAIN: https://deb109043.dhakaeducationboard.gov.bd
==================================================
[+] Domain exhausted. Finishing up: https://deb109043.dhakaeducationboard.gov.bd
==================================================
[*] STARTING NEW DOMAIN: https://deb112297.dhakaeducationboard.gov.bd
==================================================
[+] Domain exhausted. Finishing up: https://deb112297.dhakaeducationboard.gov.bd
==================================================
[*] STARTING NEW DOMAIN: https://deb108586.dhakaeducationboard.gov.bd
==================================================
[+] Domain exhausted. Finishing up: https://deb108586.dhakaeducationboard.gov.bd
==================================================
[*] STARTING NEW DOMAIN: https://bkget.portal.gov.bd
==================================================
[+] Domain exhausted. Finishing up: https://bkget.portal.gov.bd
==================================================
[*] STARTING NEW DOMAIN: https://deb111885.dhakaeducationboard.gov.bd
==================================================
[+] Domain exhausted. Finishing up: https://deb111885.dhakaeducationboard.gov.bd
==================================================
[*] STARTING NEW DOMAIN: https://deb112000.dhakaeducationboard.gov.bd
==================================================
[+] Domain exhausted. Finishing up: https://deb112000.dhakaeducationboard.gov.bd
==================================================
[*] STARTING NEW DOMAIN: https://deb112034.dhakaeducationboard.gov.bd
==================================================
[+] Domain exhausted. Finishing up: https://deb112034.dhakaeducationboard.gov.bd
==================================================
[*] STARTING NEW DOMAIN: https://deb111873.dhakaeducationboard.gov.bd
==================================================
[+] Domain exhausted. Finishing up: https://deb111873.dhakaeducationboard.gov.bd
==================================================
[*] STARTING NEW DOMAIN: https://deb112138.dhakaeducationboard.gov.bd
==================================================
[+] Domain exhausted. Finishing up: https://deb112138.dhakaeducationboard.gov.bd
==================================================
[*] STARTING NEW DOMAIN: https://deb112509.dhakaeducationboard.gov.bd
==================================================
[+] Domain exhausted. Finishing up: https://deb112509.dhakaeducationboard.gov.bd
==================================================
[*] STARTING NEW DOMAIN: https://lged.kashiani.gopalganj.gov.bd
==================================================
[+] Domain exhausted. Finishing up: https://lged.kashiani.gopalganj.gov.bd
==================================================
[*] STARTING NEW DOMAIN: https://deb111532.dhakaeducationboard.gov.bd
==================================================
[+] Domain exhausted. Finishing up: https://deb111532.dhakaeducationboard.gov.bd
==================================================
[*] STARTING NEW DOMAIN: https://deb112413.dhakaeducationboard.gov.bd
==================================================
[+] Domain exhausted. Finishing up: https://deb112413.dhakaeducationboard.gov.bd
==================================================
[*] STARTING NEW DOMAIN: https://deb113801.dhakaeducationboard.gov.bd
==================================================
[+] Domain exhausted. Finishing up: https://deb113801.dhakaeducationboard.gov.bd
==================================================
[*] STARTING NEW DOMAIN: https://shilpakala.kishoreganj.gov.bd
==================================================
[+] Domain exhausted. Finishing up: https://shilpakala.kishoreganj.gov.bd
==================================================
[*] STARTING NEW DOMAIN: https://deb114284.dhakaeducationboard.gov.bd
==================================================
[+] Domain exhausted. Finishing up: https://deb114284.dhakaeducationboard.gov.bd
==================================================
[*] STARTING NEW DOMAIN: https://deb114104.dhakaeducationboard.gov.bd
==================================================
[+] Domain exhausted. Finishing up: https://deb114104.dhakaeducationboard.gov.bd
==================================================
[*] STARTING NEW DOMAIN: https://deb113661.dhakaeducationboard.gov.bd
==================================================
[+] Domain exhausted. Finishing up: https://deb113661.dhakaeducationboard.gov.bd
==================================================
[*] STARTING NEW DOMAIN: https://deb112405.dhakaeducationboard.gov.bd
==================================================
[+] Domain exhausted. Finishing up: https://deb112405.dhakaeducationboard.gov.bd
==================================================
[*] STARTING NEW DOMAIN: https://deb114246.dhakaeducationboard.gov.bd
==================================================
[+] Domain exhausted. Finishing up: https://deb114246.dhakaeducationboard.gov.bd
==================================================
[*] STARTING NEW DOMAIN: https://pbs.companiganj.noakhali.gov.bd
==================================================
[+] Domain exhausted. Finishing up: https://pbs.companiganj.noakhali.gov.bd
==================================================
[*] STARTING NEW DOMAIN: https://deb113553.dhakaeducationboard.gov.bd
==================================================
[+] Domain exhausted. Finishing up: https://deb113553.dhakaeducationboard.gov.bd
==================================================
[*] STARTING NEW DOMAIN: https://deb112955.dhakaeducationboard.gov.bd
==================================================
[+] Domain exhausted. Finishing up: https://deb112955.dhakaeducationboard.gov.bd
==================================================
[*] STARTING NEW DOMAIN: https://eed.sadar.gazipur.gov.bd
==================================================
[+] Domain exhausted. Finishing up: https://eed.sadar.gazipur.gov.bd
==================================================
[*] STARTING NEW DOMAIN: https://eed.mohonpur.rajshahi.gov.bd
==================================================
[+] Domain exhausted. Finishing up: https://eed.mohonpur.rajshahi.gov.bd
==================================================
[*] STARTING NEW DOMAIN: https://rhd.mymensingh.gov.bd
==================================================
[+] Domain exhausted. Finishing up: https://rhd.mymensingh.gov.bd
==================================================
[*] STARTING NEW DOMAIN: https://deb113624.dhakaeducationboard.gov.bd
==================================================
[+] Domain exhausted. Finishing up: https://deb113624.dhakaeducationboard.gov.bd
==================================================
[*] STARTING NEW DOMAIN: https://pbs.saghata.gaibandha.gov.bd
==================================================
[+] Domain exhausted. Finishing up: https://pbs.saghata.gaibandha.gov.bd
==================================================
[*] STARTING NEW DOMAIN: https://election.narsingdi.gov.bd
==================================================
[+] Domain exhausted. Finishing up: https://election.narsingdi.gov.bd
==================================================
[*] STARTING NEW DOMAIN: https://deb113174.dhakaeducationboard.gov.bd
==================================================
[+] Domain exhausted. Finishing up: https://deb113174.dhakaeducationboard.gov.bd
==================================================
[*] STARTING NEW DOMAIN: https://pio.chandanaish.chittagong.gov.bd
==================================================
[+] Domain exhausted. Finishing up: https://pio.chandanaish.chittagong.gov.bd
==================================================
[*] STARTING NEW DOMAIN: https://pgcl.portal.gov.bd
==================================================
[+] Domain exhausted. Finishing up: https://pgcl.portal.gov.bd
==================================================
[*] STARTING NEW DOMAIN: https://eed.natoresadar.natore.gov.bd
==================================================
[+] Domain exhausted. Finishing up: https://eed.natoresadar.natore.gov.bd
==================================================
[*] STARTING NEW DOMAIN: https://acl.sadar.gazipur.gov.bd
==================================================
[+] Domain exhausted. Finishing up: https://acl.sadar.gazipur.gov.bd
==================================================
[*] STARTING NEW DOMAIN: https://pio.indurkani.pirojpur.gov.bd
==================================================
[+] Domain exhausted. Finishing up: https://pio.indurkani.pirojpur.gov.bd
==================================================
[*] STARTING NEW DOMAIN: https://pdb.kishoreganj.gov.bd
==================================================
[+] Domain exhausted. Finishing up: https://pdb.kishoreganj.gov.bd
==================================================
[*] STARTING NEW DOMAIN: https://deb113296.dhakaeducationboard.gov.bd
==================================================
[+] Domain exhausted. Finishing up: https://deb113296.dhakaeducationboard.gov.bd
==================================================
[*] STARTING NEW DOMAIN: https://4nomithapurup.naogaon.gov.bd
==================================================
[+] Domain exhausted. Finishing up: https://4nomithapurup.naogaon.gov.bd
==================================================
[*] STARTING NEW DOMAIN: https://shyampurshalikajuniorgirlshighschool.jessoreboard.gov.bd
==================================================
[+] Domain exhausted. Finishing up: https://shyampurshalikajuniorgirlshighschool.jessoreboard.gov.bd
==================================================
[*] STARTING NEW DOMAIN: https://pio.kulaura.moulvibazar.gov.bd
==================================================
[+] Domain exhausted. Finishing up: https://pio.kulaura.moulvibazar.gov.bd
==================================================
[*] STARTING NEW DOMAIN: https://police.atwari.panchagarh.gov.bd
==================================================
[+] Domain exhausted. Finishing up: https://police.atwari.panchagarh.gov.bd
==================================================
[*] STARTING NEW DOMAIN: https://arjunaup.tangail.gov.bd
==================================================
[+] Domain exhausted. Finishing up: https://arjunaup.tangail.gov.bd
==================================================
[*] STARTING NEW DOMAIN: https://deb133915.dhakaeducationboard.gov.bd
==================================================
[+] Domain exhausted. Finishing up: https://deb133915.dhakaeducationboard.gov.bd
==================================================
[*] STARTING NEW DOMAIN: https://bbs.boalkhali.chittagong.gov.bd
==================================================
[+] Domain exhausted. Finishing up: https://bbs.boalkhali.chittagong.gov.bd
==================================================
[*] STARTING NEW DOMAIN: https://dhopakhaliup.bagerhat.gov.bd
==================================================
[+] Domain exhausted. Finishing up: https://dhopakhaliup.bagerhat.gov.bd
==================================================
[*] STARTING NEW DOMAIN: https://deb134337.dhakaeducationboard.gov.bd
==================================================
[+] Domain exhausted. Finishing up: https://deb134337.dhakaeducationboard.gov.bd
==================================================
[*] STARTING NEW DOMAIN: https://fisheries.ruma.bandarban.gov.bd
==================================================
[+] Domain exhausted. Finishing up: https://fisheries.ruma.bandarban.gov.bd
==================================================
[*] STARTING NEW DOMAIN: https://dinajpur.polytech.gov.bd
==================================================
[+] Domain exhausted. Finishing up: https://dinajpur.polytech.gov.bd
==================================================
[*] STARTING NEW DOMAIN: https://dls.mirzaganj.patuakhali.gov.bd
==================================================
[+] Domain exhausted. Finishing up: https://dls.mirzaganj.patuakhali.gov.bd
==================================================
[*] STARTING NEW DOMAIN: https://deb134793.dhakaeducationboard.gov.bd
==================================================
[+] Domain exhausted. Finishing up: https://deb134793.dhakaeducationboard.gov.bd
==================================================
[*] STARTING NEW DOMAIN: https://deb135280.dhakaeducationboard.gov.bd
==================================================
[+] Domain exhausted. Finishing up: https://deb135280.dhakaeducationboard.gov.bd
==================================================
[*] STARTING NEW DOMAIN: https://dncrp.chapainawabganj.gov.bd
==================================================
[+] Domain exhausted. Finishing up: https://dncrp.chapainawabganj.gov.bd
==================================================
[*] STARTING NEW DOMAIN: https://deb135302.dhakaeducationboard.gov.bd
==================================================
[+] Domain exhausted. Finishing up: https://deb135302.dhakaeducationboard.gov.bd
==================================================
[*] STARTING NEW DOMAIN: https://deb137354.dhakaeducationboard.gov.bd
==================================================
[+] Domain exhausted. Finishing up: https://deb137354.dhakaeducationboard.gov.bd
==================================================
[*] STARTING NEW DOMAIN: https://acl.dumuria.khulna.gov.bd
==================================================
[+] Domain exhausted. Finishing up: https://acl.dumuria.khulna.gov.bd
==================================================
[*] STARTING NEW DOMAIN: https://seo.bishwambarpur.sunamganj.gov.bd
==================================================
[+] Domain exhausted. Finishing up: https://seo.bishwambarpur.sunamganj.gov.bd
==================================================
[*] STARTING NEW DOMAIN: https://bdskills.gov.bd
==================================================
[+] Domain exhausted. Finishing up: https://bdskills.gov.bd
==================================================
[*] STARTING NEW DOMAIN: https://deb114612.dhakaeducationboard.gov.bd
==================================================
[+] Domain exhausted. Finishing up: https://deb114612.dhakaeducationboard.gov.bd
==================================================
[*] STARTING NEW DOMAIN: https://doict.bhurungamari.kurigram.gov.bd
==================================================
[+] Domain exhausted. Finishing up: https://doict.bhurungamari.kurigram.gov.bd
==================================================
[*] STARTING NEW DOMAIN: https://bkkf.portal.gov.bd
==================================================
[+] Domain exhausted. Finishing up: https://bkkf.portal.gov.bd
==================================================
[*] STARTING NEW DOMAIN: https://deb131392.dhakaeducationboard.gov.bd
==================================================
[+] Domain exhausted. Finishing up: https://deb131392.dhakaeducationboard.gov.bd
==================================================
[*] STARTING NEW DOMAIN: https://doj.basail.tangail.gov.bd
==================================================
[+] Domain exhausted. Finishing up: https://doj.basail.tangail.gov.bd
==================================================
[*] STARTING NEW DOMAIN: https://ballaup.manikganj.gov.bd
==================================================
[+] Domain exhausted. Finishing up: https://ballaup.manikganj.gov.bd
==================================================
[*] STARTING NEW DOMAIN: https://seo.gabtali.bogra.gov.bd
==================================================
[+] Domain exhausted. Finishing up: https://seo.gabtali.bogra.gov.bd
==================================================
[*] STARTING NEW DOMAIN: https://doict.charghat.rajshahi.gov.bd
==================================================
[+] Domain exhausted. Finishing up: https://doict.charghat.rajshahi.gov.bd
==================================================
[*] STARTING NEW DOMAIN: https://doict.adamdighi.bogra.gov.bd
==================================================
[+] Domain exhausted. Finishing up: https://doict.adamdighi.bogra.gov.bd
==================================================
[*] STARTING NEW DOMAIN: https://doict.rajasthali.rangamati.gov.bd
==================================================
[+] Domain exhausted. Finishing up: https://doict.rajasthali.rangamati.gov.bd
==================================================
[*] STARTING NEW DOMAIN: https://deb137182.dhakaeducationboard.gov.bd
==================================================
[+] Domain exhausted. Finishing up: https://deb137182.dhakaeducationboard.gov.bd
==================================================
[*] STARTING NEW DOMAIN: https://dife.sylhet.gov.bd
==================================================
[+] Domain exhausted. Finishing up: https://dife.sylhet.gov.bd
==================================================
[*] STARTING NEW DOMAIN: https://chennai.mofa.gov.bd
==================================================
[+] Domain exhausted. Finishing up: https://chennai.mofa.gov.bd
==================================================
[*] STARTING NEW DOMAIN: https://deb137321.dhakaeducationboard.gov.bd
==================================================
[+] Domain exhausted. Finishing up: https://deb137321.dhakaeducationboard.gov.bd
==================================================
[*] STARTING NEW DOMAIN: https://dncrp.rangamati.gov.bd
==================================================
[+] Domain exhausted. Finishing up: https://dncrp.rangamati.gov.bd
==================================================
[*] STARTING NEW DOMAIN: https://deb135675.dhakaeducationboard.gov.bd
==================================================
[+] Domain exhausted. Finishing up: https://deb135675.dhakaeducationboard.gov.bd
==================================================
[*] STARTING NEW DOMAIN: https://deb109874.dhakaeducationboard.gov.bd
==================================================
[+] Domain exhausted. Finishing up: https://deb109874.dhakaeducationboard.gov.bd
==================================================
[*] STARTING NEW DOMAIN: https://deb137673.dhakaeducationboard.gov.bd
==================================================
[+] Domain exhausted. Finishing up: https://deb137673.dhakaeducationboard.gov.bd
==================================================
[*] STARTING NEW DOMAIN: https://deb190151.dhakaeducationboard.gov.bd
==================================================
[+] Domain exhausted. Finishing up: https://deb190151.dhakaeducationboard.gov.bd
==================================================
[*] STARTING NEW DOMAIN: https://belkaup.gaibandha.gov.bd
==================================================
[+] Domain exhausted. Finishing up: https://belkaup.gaibandha.gov.bd
==================================================
[*] STARTING NEW DOMAIN: https://bbs.mirzapur.tangail.gov.bd
==================================================
[+] Domain exhausted. Finishing up: https://bbs.mirzapur.tangail.gov.bd
==================================================
[*] STARTING NEW DOMAIN: https://deb114711.dhakaeducationboard.gov.bd
==================================================
[+] Domain exhausted. Finishing up: https://deb114711.dhakaeducationboard.gov.bd
==================================================
[*] STARTING NEW DOMAIN: https://deb134111.dhakaeducationboard.gov.bd
==================================================
[+] Domain exhausted. Finishing up: https://deb134111.dhakaeducationboard.gov.bd
==================================================
[*] STARTING NEW DOMAIN: https://brdb.bera.pabna.gov.bd
==================================================
[+] Domain exhausted. Finishing up: https://brdb.bera.pabna.gov.bd
==================================================
[*] STARTING NEW DOMAIN: https://smrakibuzzamansecondaryschool.jessoreboard.gov.bd
==================================================
[+] Domain exhausted. Finishing up: https://smrakibuzzamansecondaryschool.jessoreboard.gov.bd
==================================================
[*] STARTING NEW DOMAIN: https://atu.police.gov.bd
==================================================
[+] Domain exhausted. Finishing up: https://atu.police.gov.bd
==================================================
[*] STARTING NEW DOMAIN: https://shammelonijuniorhighschool.jessoreboard.gov.bd
==================================================
[+] Domain exhausted. Finishing up: https://shammelonijuniorhighschool.jessoreboard.gov.bd
==================================================
[*] STARTING NEW DOMAIN: https://dphe.balaganj.sylhet.gov.bd
==================================================
[+] Domain exhausted. Finishing up: https://dphe.balaganj.sylhet.gov.bd
==================================================
[*] STARTING NEW DOMAIN: https://dpe.bhuapur.tangail.gov.bd
==================================================
[+] Domain exhausted. Finishing up: https://dpe.bhuapur.tangail.gov.bd
==================================================
[*] STARTING NEW DOMAIN: https://dpe.sylhet.gov.bd
==================================================
[+] Domain exhausted. Finishing up: https://dpe.sylhet.gov.bd
==================================================
[*] STARTING NEW DOMAIN: https://bscic.chapainawabganj.gov.bd
==================================================
[+] Domain exhausted. Finishing up: https://bscic.chapainawabganj.gov.bd
==================================================
[*] STARTING NEW DOMAIN: https://10noboliharup.naogaon.gov.bd
==================================================
[+] Domain exhausted. Finishing up: https://10noboliharup.naogaon.gov.bd
==================================================
[*] STARTING NEW DOMAIN: https://khulnacollege.jessoreboard.gov.bd
==================================================
[+] Domain exhausted. Finishing up: https://khulnacollege.jessoreboard.gov.bd
==================================================
[*] STARTING NEW DOMAIN: https://food.gabtali.bogra.gov.bd
==================================================
[+] Domain exhausted. Finishing up: https://food.gabtali.bogra.gov.bd
==================================================
[*] STARTING NEW DOMAIN: https://dpe.kaptai.rangamati.gov.bd
==================================================
[+] Domain exhausted. Finishing up: https://dpe.kaptai.rangamati.gov.bd
==================================================
[*] STARTING NEW DOMAIN: https://drro.kushtia.gov.bd
==================================================
[+] Domain exhausted. Finishing up: https://drro.kushtia.gov.bd
==================================================
[*] STARTING NEW DOMAIN: https://app.roc.gov.bd
==================================================
[+] Domain exhausted. Finishing up: https://app.roc.gov.bd
==================================================
[*] STARTING NEW DOMAIN: https://food.harirampur.manikganj.gov.bd
==================================================
[+] Domain exhausted. Finishing up: https://food.harirampur.manikganj.gov.bd
==================================================
[*] STARTING NEW DOMAIN: https://fisheries.ashuganj.brahmanbaria.gov.bd
==================================================
[+] Domain exhausted. Finishing up: https://fisheries.ashuganj.brahmanbaria.gov.bd
==================================================
[*] STARTING NEW DOMAIN: https://cs.sunamganj.gov.bd
==================================================
[+] Domain exhausted. Finishing up: https://cs.sunamganj.gov.bd
==================================================
[*] STARTING NEW DOMAIN: https://ansarvdp.sonargaon.narayanganj.gov.bd
==================================================
[+] Domain exhausted. Finishing up: https://ansarvdp.sonargaon.narayanganj.gov.bd
==================================================
[*] STARTING NEW DOMAIN: https://dr.narsingdi.gov.bd
==================================================
[+] Domain exhausted. Finishing up: https://dr.narsingdi.gov.bd
==================================================
[*] STARTING NEW DOMAIN: https://fisheries.taltali.barguna.gov.bd
==================================================
[+] Domain exhausted. Finishing up: https://fisheries.taltali.barguna.gov.bd
==================================================
[*] STARTING NEW DOMAIN: https://fireservice.fulgazi.feni.gov.bd
==================================================
[+] Domain exhausted. Finishing up: https://fireservice.fulgazi.feni.gov.bd
==================================================
[*] STARTING NEW DOMAIN: https://fisheries.kishoreganj.gov.bd
==================================================
[+] Domain exhausted. Finishing up: https://fisheries.kishoreganj.gov.bd
==================================================
[*] STARTING NEW DOMAIN: https://dshe.kawkhali.pirojpur.gov.bd
==================================================
[+] Domain exhausted. Finishing up: https://dshe.kawkhali.pirojpur.gov.bd
==================================================
[*] STARTING NEW DOMAIN: https://kkrsecondaryschool.jessoreboard.gov.bd
==================================================
[+] Domain exhausted. Finishing up: https://kkrsecondaryschool.jessoreboard.gov.bd
==================================================
[*] STARTING NEW DOMAIN: https://forest.rajshahidiv.gov.bd
==================================================
[+] Domain exhausted. Finishing up: https://forest.rajshahidiv.gov.bd
==================================================
[*] STARTING NEW DOMAIN: http://adampurbalardhanashalikdhasecondaryschool.jessoreboard.gov.bd
==================================================
[+] Domain exhausted. Finishing up: http://adampurbalardhanashalikdhasecondaryschool.jessoreboard.gov.bd
==================================================
[*] STARTING NEW DOMAIN: https://aic.sirajganj.gov.bd
==================================================
[+] Domain exhausted. Finishing up: https://aic.sirajganj.gov.bd
==================================================
[*] STARTING NEW DOMAIN: https://dr.kurigram.gov.bd
==================================================
[+] Domain exhausted. Finishing up: https://dr.kurigram.gov.bd
==================================================
[*] STARTING NEW DOMAIN: https://forest.sadar.bandarban.gov.bd
==================================================
[+] Domain exhausted. Finishing up: https://forest.sadar.bandarban.gov.bd
==================================================
[*] STARTING NEW DOMAIN: https://fisheries.iswarganj.mymensingh.gov.bd
==================================================
[+] Domain exhausted. Finishing up: https://fisheries.iswarganj.mymensingh.gov.bd
==================================================
[*] STARTING NEW DOMAIN: https://deb135676.dhakaeducationboard.gov.bd
==================================================
[+] Domain exhausted. Finishing up: https://deb135676.dhakaeducationboard.gov.bd
==================================================
[*] STARTING NEW DOMAIN: https://sfdf.bishwanath.sylhet.gov.bd
==================================================
[+] Domain exhausted. Finishing up: https://sfdf.bishwanath.sylhet.gov.bd
==================================================
[*] STARTING NEW DOMAIN: https://atmulup.bogra.gov.bd
==================================================
[+] Domain exhausted. Finishing up: https://atmulup.bogra.gov.bd
==================================================
[*] STARTING NEW DOMAIN: https://mail.bricm.gov.bd
==================================================
[+] Domain exhausted. Finishing up: https://mail.bricm.gov.bd
==================================================
[*] STARTING NEW DOMAIN: https://fisheries.dharmapasha.sunamganj.gov.bd
==================================================
[+] Domain exhausted. Finishing up: https://fisheries.dharmapasha.sunamganj.gov.bd
==================================================
[*] STARTING NEW DOMAIN: https://jrcb.portal.gov.bd
==================================================
[+] Domain exhausted. Finishing up: https://jrcb.portal.gov.bd
==================================================
[*] STARTING NEW DOMAIN: https://fisheries.magurasadar.magura.gov.bd
==================================================
[+] Domain exhausted. Finishing up: https://fisheries.magurasadar.magura.gov.bd
==================================================
[*] STARTING NEW DOMAIN: https://rampalgovtcollege.jessoreboard.gov.bd
==================================================
[+] Domain exhausted. Finishing up: https://rampalgovtcollege.jessoreboard.gov.bd
==================================================
[*] STARTING NEW DOMAIN: https://police.katiadi.kishoreganj.gov.bd
==================================================
[+] Domain exhausted. Finishing up: https://police.katiadi.kishoreganj.gov.bd
==================================================
[*] STARTING NEW DOMAIN: https://police.hossainpur.kishoreganj.gov.bd
==================================================
[+] Domain exhausted. Finishing up: https://police.hossainpur.kishoreganj.gov.bd
==================================================
[*] STARTING NEW DOMAIN: https://pio.tala.satkhira.gov.bd
==================================================
[+] Domain exhausted. Finishing up: https://pio.tala.satkhira.gov.bd
==================================================
[*] STARTING NEW DOMAIN: https://bandar.narayanganj.gov.bd
==================================================
[+] Domain exhausted. Finishing up: https://bandar.narayanganj.gov.bd
==================================================
[*] STARTING NEW DOMAIN: https://dss.gowainghat.sylhet.gov.bd
==================================================
[+] Domain exhausted. Finishing up: https://dss.gowainghat.sylhet.gov.bd
==================================================
[*] STARTING NEW DOMAIN: https://acl.sherpursadar.sherpur.gov.bd
==================================================
[+] Domain exhausted. Finishing up: https://acl.sherpursadar.sherpur.gov.bd
==================================================
[*] STARTING NEW DOMAIN: https://ais.khulna.gov.bd
==================================================
[+] Domain exhausted. Finishing up: https://ais.khulna.gov.bd
==================================================
[*] STARTING NEW DOMAIN: https://dss.habiganj.sadar.habiganj.gov.bd
==================================================
[+] Domain exhausted. Finishing up: https://dss.habiganj.sadar.habiganj.gov.bd
==================================================
[*] STARTING NEW DOMAIN: https://dam.narsingdi.gov.bd
==================================================
[+] Domain exhausted. Finishing up: https://dam.narsingdi.gov.bd
==================================================
[*] STARTING NEW DOMAIN: https://food.sadarsouth.comilla.gov.bd
==================================================
[+] Domain exhausted. Finishing up: https://food.sadarsouth.comilla.gov.bd
==================================================
[*] STARTING NEW DOMAIN: https://pio.patnitala.naogaon.gov.bd
==================================================
[+] Domain exhausted. Finishing up: https://pio.patnitala.naogaon.gov.bd
==================================================
[*] STARTING NEW DOMAIN: https://forest.sadar.barguna.gov.bd
==================================================
[+] Domain exhausted. Finishing up: https://forest.sadar.barguna.gov.bd
==================================================
[*] STARTING NEW DOMAIN: https://efile.dhakaeducationboard.gov.bd
==================================================
[+] Domain exhausted. Finishing up: https://efile.dhakaeducationboard.gov.bd
==================================================
[*] STARTING NEW DOMAIN: https://dss.pangsa.rajbari.gov.bd
==================================================
[+] Domain exhausted. Finishing up: https://dss.pangsa.rajbari.gov.bd
==================================================
[*] STARTING NEW DOMAIN: https://fpo.sadarsouth.comilla.gov.bd
==================================================
[+] Domain exhausted. Finishing up: https://fpo.sadarsouth.comilla.gov.bd
==================================================
[*] STARTING NEW DOMAIN: https://ariaup.kushtia.gov.bd
==================================================
[+] Domain exhausted. Finishing up: https://ariaup.kushtia.gov.bd
==================================================
[*] STARTING NEW DOMAIN: https://tatthoapa.rajasthali.rangamati.gov.bd
==================================================
[+] Domain exhausted. Finishing up: https://tatthoapa.rajasthali.rangamati.gov.bd
==================================================
[*] STARTING NEW DOMAIN: https://sr.belabo.narsingdi.gov.bd
==================================================
[+] Domain exhausted. Finishing up: https://sr.belabo.narsingdi.gov.bd
==================================================
[*] STARTING NEW DOMAIN: https://dss.habiganjsadar.habiganj.gov.bd
==================================================
[+] Domain exhausted. Finishing up: https://dss.habiganjsadar.habiganj.gov.bd
==================================================
[*] STARTING NEW DOMAIN: https://alinagarup.chapainawabganj.gov.bd
==================================================
[+] Domain exhausted. Finishing up: https://alinagarup.chapainawabganj.gov.bd
==================================================
[*] STARTING NEW DOMAIN: https://fpo.jhikargacha.jessore.gov.bd
==================================================
[+] Domain exhausted. Finishing up: https://fpo.jhikargacha.jessore.gov.bd
==================================================
[*] STARTING NEW DOMAIN: https://dam.mymensingh.gov.bd
==================================================
[+] Domain exhausted. Finishing up: https://dam.mymensingh.gov.bd
==================================================
[*] STARTING NEW DOMAIN: https://amjhupi.meherpur.gov.bd
==================================================
[+] Domain exhausted. Finishing up: https://amjhupi.meherpur.gov.bd
==================================================
[*] STARTING NEW DOMAIN: https://deb109200.dhakaeducationboard.gov.bd
==================================================
[+] Domain exhausted. Finishing up: https://deb109200.dhakaeducationboard.gov.bd
==================================================
[*] STARTING NEW DOMAIN: https://pti.bandarban.gov.bd
==================================================
[+] Domain exhausted. Finishing up: https://pti.bandarban.gov.bd
==================================================
[*] STARTING NEW DOMAIN: https://chunarughatup.habiganj.gov.bd
==================================================
[+] Domain exhausted. Finishing up: https://chunarughatup.habiganj.gov.bd
==================================================
[*] STARTING NEW DOMAIN: https://cooparative.belabo.narsingdi.gov.bd
==================================================
[+] Domain exhausted. Finishing up: https://cooparative.belabo.narsingdi.gov.bd
==================================================
[*] STARTING NEW DOMAIN: https://hizla.barisal.gov.bd
==================================================
[+] Domain exhausted. Finishing up: https://hizla.barisal.gov.bd
==================================================
[*] STARTING NEW DOMAIN: https://hosnabadup.barguna.gov.bd
==================================================
[+] Domain exhausted. Finishing up: https://hosnabadup.barguna.gov.bd
==================================================
[*] STARTING NEW DOMAIN: https://cooparative.pangsa.rajbari.gov.bd
==================================================
[+] Domain exhausted. Finishing up: https://cooparative.pangsa.rajbari.gov.bd
==================================================
[*] STARTING NEW DOMAIN: https://dss.louhajanj.munshiganj.gov.bd
==================================================
[+] Domain exhausted. Finishing up: https://dss.louhajanj.munshiganj.gov.bd
==================================================
[*] STARTING NEW DOMAIN: https://hfwc.bishwanath.sylhet.gov.bd
==================================================
[+] Domain exhausted. Finishing up: https://hfwc.bishwanath.sylhet.gov.bd
==================================================
[*] STARTING NEW DOMAIN: https://health.austagram.kishoreganj.gov.bd
==================================================
[+] Domain exhausted. Finishing up: https://health.austagram.kishoreganj.gov.bd
==================================================
[*] STARTING NEW DOMAIN: https://fpo.sadullapur.gaibandha.gov.bd
==================================================
[+] Domain exhausted. Finishing up: https://fpo.sadullapur.gaibandha.gov.bd
==================================================
[*] STARTING NEW DOMAIN: https://czi.narsingdi.gov.bd
==================================================
[+] Domain exhausted. Finishing up: https://czi.narsingdi.gov.bd
==================================================
[*] STARTING NEW DOMAIN: https://customs.nilphamari.gov.bd
==================================================
[+] Domain exhausted. Finishing up: https://customs.nilphamari.gov.bd
==================================================
[*] STARTING NEW DOMAIN: https://goliaranorthup.comilla.gov.bd
==================================================
[+] Domain exhausted. Finishing up: https://goliaranorthup.comilla.gov.bd
==================================================
[*] STARTING NEW DOMAIN: https://health.kahaloo.bogra.gov.bd
==================================================
[+] Domain exhausted. Finishing up: https://health.kahaloo.bogra.gov.bd
==================================================
[*] STARTING NEW DOMAIN: https://dae.kaliganj.lalmonirhat.gov.bd
==================================================
[+] Domain exhausted. Finishing up: https://dae.kaliganj.lalmonirhat.gov.bd
==================================================
[*] STARTING NEW DOMAIN: https://jabarhatup.thakurgaon.gov.bd
==================================================
[+] Domain exhausted. Finishing up: https://jabarhatup.thakurgaon.gov.bd
==================================================
[*] STARTING NEW DOMAIN: https://hatibandha.lalmonirhat.gov.bd
==================================================
[+] Domain exhausted. Finishing up: https://hatibandha.lalmonirhat.gov.bd
==================================================
[*] STARTING NEW DOMAIN: https://dae.titas.comilla.gov.bd
==================================================
[+] Domain exhausted. Finishing up: https://dae.titas.comilla.gov.bd
==================================================
[*] STARTING NEW DOMAIN: https://fri.gov.bd
==================================================
[+] Domain exhausted. Finishing up: https://fri.gov.bd
==================================================
[*] STARTING NEW DOMAIN: https://dao.bhanga.faridpur.gov.bd
==================================================
[+] Domain exhausted. Finishing up: https://dao.bhanga.faridpur.gov.bd
==================================================
[*] STARTING NEW DOMAIN: https://ittayaidealsecondaryschool.jessoreboard.gov.bd
==================================================
[+] Domain exhausted. Finishing up: https://ittayaidealsecondaryschool.jessoreboard.gov.bd
==================================================
[*] STARTING NEW DOMAIN: https://health.hossainpur.kishoreganj.gov.bd
==================================================
[+] Domain exhausted. Finishing up: https://health.hossainpur.kishoreganj.gov.bd
==================================================
[*] STARTING NEW DOMAIN: https://dao.narayanganj.gov.bd
==================================================
[+] Domain exhausted. Finishing up: https://dao.narayanganj.gov.bd
==================================================
[*] STARTING NEW DOMAIN: https://dao.laksam.comilla.gov.bd
==================================================
[+] Domain exhausted. Finishing up: https://dao.laksam.comilla.gov.bd
==================================================
[*] STARTING NEW DOMAIN: https://health.savar.dhaka.gov.bd
==================================================
[+] Domain exhausted. Finishing up: https://health.savar.dhaka.gov.bd
==================================================
[*] STARTING NEW DOMAIN: https://gtcpsecondaryschool.jessoreboard.gov.bd
==================================================
[+] Domain exhausted. Finishing up: https://gtcpsecondaryschool.jessoreboard.gov.bd
==================================================
[*] STARTING NEW DOMAIN: https://deb108023.dhakaeducationboard.gov.bd
==================================================
[+] Domain exhausted. Finishing up: https://deb108023.dhakaeducationboard.gov.bd
==================================================
[*] STARTING NEW DOMAIN: https://deb108349.dhakaeducationboard.gov.bd
==================================================
[+] Domain exhausted. Finishing up: https://deb108349.dhakaeducationboard.gov.bd
==================================================
[*] STARTING NEW DOMAIN: https://deb108311.dhakaeducationboard.gov.bd
==================================================
[+] Domain exhausted. Finishing up: https://deb108311.dhakaeducationboard.gov.bd
==================================================
[*] STARTING NEW DOMAIN: https://deb108458.dhakaeducationboard.gov.bd
==================================================
[+] Domain exhausted. Finishing up: https://deb108458.dhakaeducationboard.gov.bd
==================================================
[*] STARTING NEW DOMAIN: https://deb108605.dhakaeducationboard.gov.bd
==================================================
[+] Domain exhausted. Finishing up: https://deb108605.dhakaeducationboard.gov.bd
==================================================
[*] STARTING NEW DOMAIN: https://deb108800.dhakaeducationboard.gov.bd
==================================================
[+] Domain exhausted. Finishing up: https://deb108800.dhakaeducationboard.gov.bd
==================================================
[*] STARTING NEW DOMAIN: https://police.titas.comilla.gov.bd
==================================================
[+] Domain exhausted. Finishing up: https://police.titas.comilla.gov.bd
==================================================
[*] STARTING NEW DOMAIN: https://deb108986.dhakaeducationboard.gov.bd
==================================================
[+] Domain exhausted. Finishing up: https://deb108986.dhakaeducationboard.gov.bd
==================================================
[*] STARTING NEW DOMAIN: https://hsso.chittagong.gov.bd
==================================================
[+] Domain exhausted. Finishing up: https://hsso.chittagong.gov.bd
==================================================
[*] STARTING NEW DOMAIN: https://hcvajondanga.faridpur.gov.bd
==================================================
[+] Domain exhausted. Finishing up: https://hcvajondanga.faridpur.gov.bd
==================================================
[*] STARTING NEW DOMAIN: https://police.natore.gov.bd
==================================================
[+] Domain exhausted. Finishing up: https://police.natore.gov.bd
==================================================
[*] STARTING NEW DOMAIN: https://deb109579.dhakaeducationboard.gov.bd
==================================================
[+] Domain exhausted. Finishing up: https://deb109579.dhakaeducationboard.gov.bd
==================================================
[*] STARTING NEW DOMAIN: https://deb109666.dhakaeducationboard.gov.bd
==================================================
[+] Domain exhausted. Finishing up: https://deb109666.dhakaeducationboard.gov.bd
==================================================
[*] STARTING NEW DOMAIN: https://deb109675.dhakaeducationboard.gov.bd
==================================================
[+] Domain exhausted. Finishing up: https://deb109675.dhakaeducationboard.gov.bd
==================================================
[*] STARTING NEW DOMAIN: https://powerdivision.gov.bd
==================================================
[+] Domain exhausted. Finishing up: https://powerdivision.gov.bd
==================================================
[*] STARTING NEW DOMAIN: https://deb110095.dhakaeducationboard.gov.bd
==================================================
[+] Domain exhausted. Finishing up: https://deb110095.dhakaeducationboard.gov.bd
==================================================
[*] STARTING NEW DOMAIN: https://police.phulpur.mymensingh.gov.bd
==================================================
[+] Domain exhausted. Finishing up: https://police.phulpur.mymensingh.gov.bd
==================================================
[*] STARTING NEW DOMAIN: https://deb110260.dhakaeducationboard.gov.bd
==================================================
[+] Domain exhausted. Finishing up: https://deb110260.dhakaeducationboard.gov.bd
==================================================
[*] STARTING NEW DOMAIN: https://railway.laksam.comilla.gov.bd
==================================================
[+] Domain exhausted. Finishing up: https://railway.laksam.comilla.gov.bd
==================================================
[*] STARTING NEW DOMAIN: https://deb110728.dhakaeducationboard.gov.bd
==================================================
[+] Domain exhausted. Finishing up: https://deb110728.dhakaeducationboard.gov.bd
==================================================
[*] STARTING NEW DOMAIN: https://ssp.patuakhali.gov.bd
==================================================
[+] Domain exhausted. Finishing up: https://ssp.patuakhali.gov.bd
==================================================
[*] STARTING NEW DOMAIN: https://srifalkatihighschool.jessoreboard.gov.bd
==================================================
[+] Domain exhausted. Finishing up: https://srifalkatihighschool.jessoreboard.gov.bd
==================================================
[*] STARTING NEW DOMAIN: https://deb111136.dhakaeducationboard.gov.bd
==================================================
[+] Domain exhausted. Finishing up: https://deb111136.dhakaeducationboard.gov.bd
==================================================
[*] STARTING NEW DOMAIN: https://lged.jamalpursadar.jamalpur.gov.bd
==================================================
[+] Domain exhausted. Finishing up: https://lged.jamalpursadar.jamalpur.gov.bd
==================================================
[*] STARTING NEW DOMAIN: https://manikarcharup.comilla.gov.bd
==================================================
[+] Domain exhausted. Finishing up: https://manikarcharup.comilla.gov.bd
==================================================
[*] STARTING NEW DOMAIN: https://lged.raigonj.sirajganj.gov.bd
==================================================
[+] Domain exhausted. Finishing up: https://lged.raigonj.sirajganj.gov.bd
==================================================
[*] STARTING NEW DOMAIN: https://deb111587.dhakaeducationboard.gov.bd
==================================================
[+] Domain exhausted. Finishing up: https://deb111587.dhakaeducationboard.gov.bd
==================================================
[*] STARTING NEW DOMAIN: https://katengasecondaryschool.jessoreboard.gov.bd
==================================================
[+] Domain exhausted. Finishing up: https://katengasecondaryschool.jessoreboard.gov.bd
==================================================
[*] STARTING NEW DOMAIN: https://deb111677.dhakaeducationboard.gov.bd
==================================================
[+] Domain exhausted. Finishing up: https://deb111677.dhakaeducationboard.gov.bd
==================================================
[*] STARTING NEW DOMAIN: https://deb111944.dhakaeducationboard.gov.bd
==================================================
[+] Domain exhausted. Finishing up: https://deb111944.dhakaeducationboard.gov.bd
==================================================
[*] STARTING NEW DOMAIN: https://deb112196.dhakaeducationboard.gov.bd
==================================================
[+] Domain exhausted. Finishing up: https://deb112196.dhakaeducationboard.gov.bd
==================================================
[*] STARTING NEW DOMAIN: https://lged.belaichari.rangamati.gov.bd
==================================================
[+] Domain exhausted. Finishing up: https://lged.belaichari.rangamati.gov.bd
==================================================
[*] STARTING NEW DOMAIN: https://kgdcl.portal.gov.bd
==================================================
[+] Domain exhausted. Finishing up: https://kgdcl.portal.gov.bd
==================================================
[*] STARTING NEW DOMAIN: https://deb112451.dhakaeducationboard.gov.bd
==================================================
[+] Domain exhausted. Finishing up: https://deb112451.dhakaeducationboard.gov.bd
==================================================
[*] STARTING NEW DOMAIN: https://deb112476.dhakaeducationboard.gov.bd
==================================================
[+] Domain exhausted. Finishing up: https://deb112476.dhakaeducationboard.gov.bd
==================================================
[*] STARTING NEW DOMAIN: https://deb112690.dhakaeducationboard.gov.bd
==================================================
[+] Domain exhausted. Finishing up: https://deb112690.dhakaeducationboard.gov.bd
==================================================
[*] STARTING NEW DOMAIN: https://mail.baera.gov.bd
==================================================
[+] Domain exhausted. Finishing up: https://mail.baera.gov.bd
==================================================
[*] STARTING NEW DOMAIN: https://deb112926.dhakaeducationboard.gov.bd
==================================================
[+] Domain exhausted. Finishing up: https://deb112926.dhakaeducationboard.gov.bd
==================================================
[*] STARTING NEW DOMAIN: https://mail.doc.gov.bd
==================================================
[+] Domain exhausted. Finishing up: https://mail.doc.gov.bd
==================================================
[*] STARTING NEW DOMAIN: https://deb113092.dhakaeducationboard.gov.bd
==================================================
[+] Domain exhausted. Finishing up: https://deb113092.dhakaeducationboard.gov.bd
==================================================
[*] STARTING NEW DOMAIN: https://deb113173.dhakaeducationboard.gov.bd
==================================================
[+] Domain exhausted. Finishing up: https://deb113173.dhakaeducationboard.gov.bd
==================================================
[*] STARTING NEW DOMAIN: https://madhabpursecondaryschool.jessoreboard.gov.bd
==================================================
[+] Domain exhausted. Finishing up: https://madhabpursecondaryschool.jessoreboard.gov.bd
==================================================
[*] STARTING NEW DOMAIN: https://lged.terokhada.khulna.gov.bd
==================================================
[+] Domain exhausted. Finishing up: https://lged.terokhada.khulna.gov.bd
==================================================
[*] STARTING NEW DOMAIN: https://deb113560.dhakaeducationboard.gov.bd
==================================================
[+] Domain exhausted. Finishing up: https://deb113560.dhakaeducationboard.gov.bd
==================================================
[*] STARTING NEW DOMAIN: https://deb113561.dhakaeducationboard.gov.bd
==================================================
[+] Domain exhausted. Finishing up: https://deb113561.dhakaeducationboard.gov.bd
==================================================
[*] STARTING NEW DOMAIN: https://deb113780.dhakaeducationboard.gov.bd
==================================================
[+] Domain exhausted. Finishing up: https://deb113780.dhakaeducationboard.gov.bd
==================================================
[*] STARTING NEW DOMAIN: https://deb113863.dhakaeducationboard.gov.bd
==================================================
[+] Domain exhausted. Finishing up: https://deb113863.dhakaeducationboard.gov.bd
==================================================
[*] STARTING NEW DOMAIN: https://mirpurjuniorsecondarybiddyaniketon.jessoreboard.gov.bd
==================================================
[+] Domain exhausted. Finishing up: https://mirpurjuniorsecondarybiddyaniketon.jessoreboard.gov.bd
==================================================
[*] STARTING NEW DOMAIN: https://deb114132.dhakaeducationboard.gov.bd
==================================================
[+] Domain exhausted. Finishing up: https://deb114132.dhakaeducationboard.gov.bd
==================================================
[*] STARTING NEW DOMAIN: https://mail.dgfood.gov.bd
==================================================
[+] Domain exhausted. Finishing up: https://mail.dgfood.gov.bd
==================================================
[*] STARTING NEW DOMAIN: https://deb114360.dhakaeducationboard.gov.bd
==================================================
[+] Domain exhausted. Finishing up: https://deb114360.dhakaeducationboard.gov.bd
==================================================
[*] STARTING NEW DOMAIN: https://baligramup.madaripur.gov.bd
==================================================
[+] Domain exhausted. Finishing up: https://baligramup.madaripur.gov.bd
==================================================
[*] STARTING NEW DOMAIN: https://acc.rajshahi.gov.bd
==================================================
[+] Domain exhausted. Finishing up: https://acc.rajshahi.gov.bd
==================================================
[*] STARTING NEW DOMAIN: https://prison.habiganj.gov.bd
==================================================
[+] Domain exhausted. Finishing up: https://prison.habiganj.gov.bd
==================================================
[*] STARTING NEW DOMAIN: https://bbs.purbadhala.netrokona.gov.bd
==================================================
[+] Domain exhausted. Finishing up: https://bbs.purbadhala.netrokona.gov.bd
==================================================
[*] STARTING NEW DOMAIN: https://deb114502.dhakaeducationboard.gov.bd
==================================================
[+] Domain exhausted. Finishing up: https://deb114502.dhakaeducationboard.gov.bd
==================================================
[*] STARTING NEW DOMAIN: https://deb114670.dhakaeducationboard.gov.bd
==================================================
[+] Domain exhausted. Finishing up: https://deb114670.dhakaeducationboard.gov.bd
==================================================
[*] STARTING NEW DOMAIN: https://deb114619.dhakaeducationboard.gov.bd
==================================================
[+] Domain exhausted. Finishing up: https://deb114619.dhakaeducationboard.gov.bd
==================================================
[*] STARTING NEW DOMAIN: https://bmda.khetlal.joypurhat.gov.bd
==================================================
[+] Domain exhausted. Finishing up: https://bmda.khetlal.joypurhat.gov.bd
==================================================
[*] STARTING NEW DOMAIN: https://bimt.portal.gov.bd
==================================================
[+] Domain exhausted. Finishing up: https://bimt.portal.gov.bd
==================================================
[*] STARTING NEW DOMAIN: https://bpgdusecondaryschool.jessoreboard.gov.bd
==================================================
[+] Domain exhausted. Finishing up: https://bpgdusecondaryschool.jessoreboard.gov.bd
==================================================
[*] STARTING NEW DOMAIN: https://bpdb.jaintiapur.sylhet.gov.bd
==================================================
[+] Domain exhausted. Finishing up: https://bpdb.jaintiapur.sylhet.gov.bd
==================================================
[*] STARTING NEW DOMAIN: https://brta.khulna.gov.bd
==================================================
[+] Domain exhausted. Finishing up: https://brta.khulna.gov.bd
==================================================
[*] STARTING NEW DOMAIN: https://brdb.sherpur.gov.bd
==================================================
[+] Domain exhausted. Finishing up: https://brdb.sherpur.gov.bd
==================================================
[*] STARTING NEW DOMAIN: https://bwdb.manirampur.jessore.gov.bd
==================================================
[+] Domain exhausted. Finishing up: https://bwdb.manirampur.jessore.gov.bd
==================================================
[*] STARTING NEW DOMAIN: https://chandipashaup.mymensingh.gov.bd
==================================================
[+] Domain exhausted. Finishing up: https://chandipashaup.mymensingh.gov.bd
==================================================
[*] STARTING NEW DOMAIN: https://deb130892.dhakaeducationboard.gov.bd
==================================================
[+] Domain exhausted. Finishing up: https://deb130892.dhakaeducationboard.gov.bd
==================================================
[*] STARTING NEW DOMAIN: https://d-oracle.nothi.gov.bd
==================================================
[+] Domain exhausted. Finishing up: https://d-oracle.nothi.gov.bd
==================================================
[*] STARTING NEW DOMAIN: https://deb131881.dhakaeducationboard.gov.bd
==================================================
[+] Domain exhausted. Finishing up: https://deb131881.dhakaeducationboard.gov.bd
==================================================
[*] STARTING NEW DOMAIN: https://deb108760.dhakaeducationboard.gov.bd
==================================================
[+] Domain exhausted. Finishing up: https://deb108760.dhakaeducationboard.gov.bd
==================================================
[*] STARTING NEW DOMAIN: https://deb112860.dhakaeducationboard.gov.bd
==================================================
[+] Domain exhausted. Finishing up: https://deb112860.dhakaeducationboard.gov.bd
==================================================
[*] STARTING NEW DOMAIN: https://kamdebpursecondryschool.jessoreboard.gov.bd
==================================================
[+] Domain exhausted. Finishing up: https://kamdebpursecondryschool.jessoreboard.gov.bd
==================================================
[*] STARTING NEW DOMAIN: https://deo.meherpur.gov.bd
==================================================
[+] Domain exhausted. Finishing up: https://deo.meherpur.gov.bd
==================================================
[*] STARTING NEW DOMAIN: https://sca.sirajganj.gov.bd
==================================================
[+] Domain exhausted. Finishing up: https://sca.sirajganj.gov.bd
==================================================
[*] STARTING NEW DOMAIN: https://govtkhanbahadurahsanullacollege.jessoreboard.gov.bd
==================================================
[+] Domain exhausted. Finishing up: https://govtkhanbahadurahsanullacollege.jessoreboard.gov.bd
==================================================
[*] STARTING NEW DOMAIN: https://emis.gov.bd
==================================================
[+] Domain exhausted. Finishing up: https://emis.gov.bd
==================================================
[*] STARTING NEW DOMAIN: https://subidpurup.jhalakathi.gov.bd
==================================================
[+] Domain exhausted. Finishing up: https://subidpurup.jhalakathi.gov.bd
==================================================
[*] STARTING NEW DOMAIN: https://food.kotchandpur.jhenaidah.gov.bd
==================================================
[+] Domain exhausted. Finishing up: https://food.kotchandpur.jhenaidah.gov.bd
==================================================
[*] STARTING NEW DOMAIN: https://deb134723.dhakaeducationboard.gov.bd
==================================================
[+] Domain exhausted. Finishing up: https://deb134723.dhakaeducationboard.gov.bd
==================================================
[*] STARTING NEW DOMAIN: https://totthoapa.tanore.rajshahi.gov.bd
==================================================
[+] Domain exhausted. Finishing up: https://totthoapa.tanore.rajshahi.gov.bd
==================================================
[*] STARTING NEW DOMAIN: https://health.sadar.khagrachhari.gov.bd
==================================================
[+] Domain exhausted. Finishing up: https://health.sadar.khagrachhari.gov.bd
==================================================
[*] STARTING NEW DOMAIN: https://kalowajuniorsecondaryschool.jessoreboard.gov.bd
==================================================
[+] Domain exhausted. Finishing up: https://kalowajuniorsecondaryschool.jessoreboard.gov.bd
==================================================
[*] STARTING NEW DOMAIN: https://radhanagarup.chapainawabganj.gov.bd
==================================================
[+] Domain exhausted. Finishing up: https://radhanagarup.chapainawabganj.gov.bd
==================================================
[*] STARTING NEW DOMAIN: https://old.dls.gov.bd
==================================================
[+] Domain exhausted. Finishing up: https://old.dls.gov.bd
==================================================
[*] STARTING NEW DOMAIN: https://pqsairport.dhaka.gov.bd
==================================================
[+] Domain exhausted. Finishing up: https://pqsairport.dhaka.gov.bd
==================================================
[*] STARTING NEW DOMAIN: https://sundarbansecondarygirlsschool.jessoreboard.gov.bd
==================================================
[+] Domain exhausted. Finishing up: https://sundarbansecondarygirlsschool.jessoreboard.gov.bd
==================================================
[*] STARTING NEW DOMAIN: https://uitrce.lalpur.natore.gov.bd
==================================================
[+] Domain exhausted. Finishing up: https://uitrce.lalpur.natore.gov.bd
==================================================
[*] STARTING NEW DOMAIN: https://deb137089.dhakaeducationboard.gov.bd
==================================================
[+] Domain exhausted. Finishing up: https://deb137089.dhakaeducationboard.gov.bd
==================================================
[*] STARTING NEW DOMAIN: https://urc.akkelpur.joypurhat.gov.bd
==================================================
[+] Domain exhausted. Finishing up: https://urc.akkelpur.joypurhat.gov.bd
==================================================
[*] STARTING NEW DOMAIN: https://ticsecondaryschool.jessoreboard.gov.bd
==================================================
[+] Domain exhausted. Finishing up: https://ticsecondaryschool.jessoreboard.gov.bd
==================================================
[*] STARTING NEW DOMAIN: https://urc.gabtali.bogra.gov.bd
==================================================
[+] Domain exhausted. Finishing up: https://urc.gabtali.bogra.gov.bd
==================================================
[*] STARTING NEW DOMAIN: https://urc.kutubdia.coxsbazar.gov.bd
==================================================
[+] Domain exhausted. Finishing up: https://urc.kutubdia.coxsbazar.gov.bd
==================================================
[*] STARTING NEW DOMAIN: https://deb137755.dhakaeducationboard.gov.bd
==================================================
[+] Domain exhausted. Finishing up: https://deb137755.dhakaeducationboard.gov.bd
==================================================
[*] STARTING NEW DOMAIN: https://site.bba.gov.bd
==================================================
[+] Domain exhausted. Finishing up: https://site.bba.gov.bd
==================================================
[*] STARTING NEW DOMAIN: https://deb137950.dhakaeducationboard.gov.bd
==================================================
[+] Domain exhausted. Finishing up: https://deb137950.dhakaeducationboard.gov.bd
==================================================
[*] STARTING NEW DOMAIN: https://urc.raozan.chittagong.gov.bd
==================================================
[+] Domain exhausted. Finishing up: https://urc.raozan.chittagong.gov.bd
==================================================
[*] STARTING NEW DOMAIN: https://urc.savar.dhaka.gov.bd
==================================================
[+] Domain exhausted. Finishing up: https://urc.savar.dhaka.gov.bd
==================================================
[*] STARTING NEW DOMAIN: https://urc.tahirpur.sunamganj.gov.bd
==================================================
[+] Domain exhausted. Finishing up: https://urc.tahirpur.sunamganj.gov.bd
==================================================
[*] STARTING NEW DOMAIN: https://vhandarikandiup.madaripur.gov.bd
==================================================
[+] Domain exhausted. Finishing up: https://vhandarikandiup.madaripur.gov.bd
==================================================
[*] STARTING NEW DOMAIN: https://wzpdcl.madaripur.gov.bd
==================================================
[+] Domain exhausted. Finishing up: https://wzpdcl.madaripur.gov.bd
==================================================
[*] STARTING NEW DOMAIN: https://talshaharwup.brahmanbaria.gov.bd
==================================================
[+] Domain exhausted. Finishing up: https://talshaharwup.brahmanbaria.gov.bd
==================================================
[*] STARTING NEW DOMAIN: https://youth.birol.dinajpur.gov.bd
==================================================
[+] Domain exhausted. Finishing up: https://youth.birol.dinajpur.gov.bd
==================================================
[*] STARTING NEW DOMAIN: https://nctb.portal.gov.bd
==================================================
[+] Domain exhausted. Finishing up: https://nctb.portal.gov.bd
==================================================
[*] STARTING NEW DOMAIN: https://youth.kawkhali.rangamati.gov.bd
==================================================
[+] Domain exhausted. Finishing up: https://youth.kawkhali.rangamati.gov.bd
==================================================
[*] STARTING NEW DOMAIN: https://sr.kaliganj.lalmonirhat.gov.bd
==================================================
[+] Domain exhausted. Finishing up: https://sr.kaliganj.lalmonirhat.gov.bd
==================================================
[*] STARTING NEW DOMAIN: https://deb139635.dhakaeducationboard.gov.bd
==================================================
[+] Domain exhausted. Finishing up: https://deb139635.dhakaeducationboard.gov.bd
==================================================
[*] STARTING NEW DOMAIN: https://rhd.jhalakathi.gov.bd
==================================================
[+] Domain exhausted. Finishing up: https://rhd.jhalakathi.gov.bd
==================================================
[*] STARTING NEW DOMAIN: https://talimpurup.moulvibazar.gov.bd
==================================================
[+] Domain exhausted. Finishing up: https://talimpurup.moulvibazar.gov.bd
==================================================
[*] STARTING NEW DOMAIN: https://ytc.bandarban.gov.bd
==================================================
[+] Domain exhausted. Finishing up: https://ytc.bandarban.gov.bd
==================================================
[*] STARTING NEW DOMAIN: https://deb139875.dhakaeducationboard.gov.bd
==================================================
[+] Domain exhausted. Finishing up: https://deb139875.dhakaeducationboard.gov.bd
==================================================
[*] STARTING NEW DOMAIN: https://zso.kotchandpur.jhenaidah.gov.bd
==================================================
[+] Domain exhausted. Finishing up: https://zso.kotchandpur.jhenaidah.gov.bd
==================================================
[*] STARTING NEW DOMAIN: https://zso.sherpur.bogra.gov.bd
==================================================
[+] Domain exhausted. Finishing up: https://zso.sherpur.bogra.gov.bd
==================================================
[*] STARTING NEW DOMAIN: https://deo.bajitpur.kishoreganj.gov.bd
==================================================
[+] Domain exhausted. Finishing up: https://deo.bajitpur.kishoreganj.gov.bd
==================================================
[*] STARTING NEW DOMAIN: http://carloan.mod.gov.bd
==================================================
[+] Domain exhausted. Finishing up: http://carloan.mod.gov.bd
==================================================
[*] STARTING NEW DOMAIN: https://totthoapa.chilmari.kurigram.gov.bd
==================================================
[+] Domain exhausted. Finishing up: https://totthoapa.chilmari.kurigram.gov.bd
==================================================
[*] STARTING NEW DOMAIN: http://deb107925.dhakaeducationboard.gov.bd
==================================================
[+] Domain exhausted. Finishing up: http://deb107925.dhakaeducationboard.gov.bd
==================================================
[*] STARTING NEW DOMAIN: https://deo.fakirhat.bagerhat.gov.bd
==================================================
[+] Domain exhausted. Finishing up: https://deo.fakirhat.bagerhat.gov.bd
==================================================
[*] STARTING NEW DOMAIN: http://deb134517.dhakaeducationboard.gov.bd
==================================================
[+] Domain exhausted. Finishing up: http://deb134517.dhakaeducationboard.gov.bd
==================================================
[*] STARTING NEW DOMAIN: http://dshe.bokshiganj.jamalpur.gov.bd
==================================================
[+] Domain exhausted. Finishing up: http://dshe.bokshiganj.jamalpur.gov.bd
==================================================
[*] STARTING NEW DOMAIN: https://deorgachup.habiganj.gov.bd
==================================================
[+] Domain exhausted. Finishing up: https://deorgachup.habiganj.gov.bd
==================================================
[*] STARTING NEW DOMAIN: https://savings.jessore.gov.bd
==================================================
[+] Domain exhausted. Finishing up: https://savings.jessore.gov.bd
==================================================
[*] STARTING NEW DOMAIN: https://dghs.rangpurdiv.gov.bd
==================================================
[+] Domain exhausted. Finishing up: https://dghs.rangpurdiv.gov.bd
==================================================
[*] STARTING NEW DOMAIN: https://sirajganj.gov.bd
==================================================
[+] Domain exhausted. Finishing up: https://sirajganj.gov.bd
==================================================
[*] STARTING NEW DOMAIN: https://lged.shahrasti.chandpur.gov.bd
==================================================
[+] Domain exhausted. Finishing up: https://lged.shahrasti.chandpur.gov.bd
==================================================
[*] STARTING NEW DOMAIN: https://soamol.bhola.gov.bd
==================================================
[+] Domain exhausted. Finishing up: https://soamol.bhola.gov.bd
==================================================
[*] STARTING NEW DOMAIN: https://dls.bahubal.habiganj.gov.bd
==================================================
[+] Domain exhausted. Finishing up: https://dls.bahubal.habiganj.gov.bd
==================================================
[*] STARTING NEW DOMAIN: https://bbs.bera.pabna.gov.bd
==================================================
[+] Domain exhausted. Finishing up: https://bbs.bera.pabna.gov.bd
==================================================
[*] STARTING NEW DOMAIN: https://sr.madarganj.jamalpur.gov.bd
==================================================
[+] Domain exhausted. Finishing up: https://sr.madarganj.jamalpur.gov.bd
==================================================
[*] STARTING NEW DOMAIN: https://dls.fakirhat.bagerhat.gov.bd
==================================================
[+] Domain exhausted. Finishing up: https://dls.fakirhat.bagerhat.gov.bd
==================================================
[*] STARTING NEW DOMAIN: https://uitrce.dimla.nilphamari.gov.bd
==================================================
[+] Domain exhausted. Finishing up: https://uitrce.dimla.nilphamari.gov.bd
==================================================
[*] STARTING NEW DOMAIN: https://uitrce.kaliganj.satkhira.gov.bd
==================================================
[+] Domain exhausted. Finishing up: https://uitrce.kaliganj.satkhira.gov.bd
==================================================
[*] STARTING NEW DOMAIN: https://dls.madaripur.gov.bd
==================================================
[+] Domain exhausted. Finishing up: https://dls.madaripur.gov.bd
==================================================
[*] STARTING NEW DOMAIN: https://pio.parshuram.feni.gov.bd
==================================================
[+] Domain exhausted. Finishing up: https://pio.parshuram.feni.gov.bd
==================================================
[*] STARTING NEW DOMAIN: https://dls.sadar.jhenaidah.gov.bd
==================================================
[+] Domain exhausted. Finishing up: https://dls.sadar.jhenaidah.gov.bd
==================================================
[*] STARTING NEW DOMAIN: https://dls.sirajganj.gov.bd
==================================================
[+] Domain exhausted. Finishing up: https://dls.sirajganj.gov.bd
==================================================
[*] STARTING NEW DOMAIN: https://narikelbariahighschool.jessoreboard.gov.bd
==================================================
[+] Domain exhausted. Finishing up: https://narikelbariahighschool.jessoreboard.gov.bd
==================================================
[*] STARTING NEW DOMAIN: https://pdbf.sherpur.gov.bd
==================================================
[+] Domain exhausted. Finishing up: https://pdbf.sherpur.gov.bd
==================================================
[*] STARTING NEW DOMAIN: https://srdilab.rangamati.gov.bd
==================================================
[+] Domain exhausted. Finishing up: https://srdilab.rangamati.gov.bd
==================================================
[*] STARTING NEW DOMAIN: https://dncrp.netrokona.gov.bd
==================================================
[+] Domain exhausted. Finishing up: https://dncrp.netrokona.gov.bd
==================================================
[*] STARTING NEW DOMAIN: https://doict.bakerganj.barisal.gov.bd
==================================================
[+] Domain exhausted. Finishing up: https://doict.bakerganj.barisal.gov.bd
==================================================
[*] STARTING NEW DOMAIN: https://doict.chougachha.jessore.gov.bd
==================================================
[+] Domain exhausted. Finishing up: https://doict.chougachha.jessore.gov.bd
==================================================
[*] STARTING NEW DOMAIN: https://doict.damurhuda.chuadanga.gov.bd
==================================================
[+] Domain exhausted. Finishing up: https://doict.damurhuda.chuadanga.gov.bd
==================================================
[*] STARTING NEW DOMAIN: https://mail.parjatan.gov.bd
==================================================
[+] Domain exhausted. Finishing up: https://mail.parjatan.gov.bd
==================================================
[*] STARTING NEW DOMAIN: https://doict.juraichari.rangamati.gov.bd
==================================================
[+] Domain exhausted. Finishing up: https://doict.juraichari.rangamati.gov.bd
==================================================
[*] STARTING NEW DOMAIN: https://doict.rajarhat.kurigram.gov.bd
==================================================
[+] Domain exhausted. Finishing up: https://doict.rajarhat.kurigram.gov.bd
==================================================
[*] STARTING NEW DOMAIN: https://doict.rajbari.gov.bd
==================================================
[+] Domain exhausted. Finishing up: https://doict.rajbari.gov.bd
==================================================
[*] STARTING NEW DOMAIN: https://bdpost.portal.gov.bd
==================================================
[+] Domain exhausted. Finishing up: https://bdpost.portal.gov.bd
==================================================
[*] STARTING NEW DOMAIN: https://nssb.cumilla.gov.bd
==================================================
[+] Domain exhausted. Finishing up: https://nssb.cumilla.gov.bd
==================================================
[*] STARTING NEW DOMAIN: https://ssp.chandpur.gov.bd
==================================================
[+] Domain exhausted. Finishing up: https://ssp.chandpur.gov.bd
==================================================
[*] STARTING NEW DOMAIN: https://biruniaup.mymensingh.gov.bd
==================================================
[+] Domain exhausted. Finishing up: https://biruniaup.mymensingh.gov.bd
==================================================
[*] STARTING NEW DOMAIN: https://bnfe.jessore.gov.bd
==================================================
[+] Domain exhausted. Finishing up: https://bnfe.jessore.gov.bd
==================================================
[*] STARTING NEW DOMAIN: https://bmda.paba.rajshahi.gov.bd
==================================================
[+] Domain exhausted. Finishing up: https://bmda.paba.rajshahi.gov.bd
==================================================
[*] STARTING NEW DOMAIN: https://bnfe.kishoreganj.gov.bd
==================================================
[+] Domain exhausted. Finishing up: https://bnfe.kishoreganj.gov.bd
==================================================
[*] STARTING NEW DOMAIN: https://dphe.gopalpur.tangail.gov.bd
==================================================
[+] Domain exhausted. Finishing up: https://dphe.gopalpur.tangail.gov.bd
==================================================
[*] STARTING NEW DOMAIN: https://dphe.dimla.nilphamari.gov.bd
==================================================
[+] Domain exhausted. Finishing up: https://dphe.dimla.nilphamari.gov.bd
==================================================
[*] STARTING NEW DOMAIN: https://webmail.rthd.gov.bd
==================================================
[+] Domain exhausted. Finishing up: https://webmail.rthd.gov.bd
==================================================
[*] STARTING NEW DOMAIN: https://basantapurup.rajbari.gov.bd
==================================================
[+] Domain exhausted. Finishing up: https://basantapurup.rajbari.gov.bd
==================================================
[*] STARTING NEW DOMAIN: https://dphe.pirgacha.rangpur.gov.bd
==================================================
[+] Domain exhausted. Finishing up: https://dphe.pirgacha.rangpur.gov.bd
==================================================
[*] STARTING NEW DOMAIN: https://dphe.satkhira.gov.bd
==================================================
[+] Domain exhausted. Finishing up: https://dphe.satkhira.gov.bd
==================================================
[*] STARTING NEW DOMAIN: https://youth.alikadam.bandarban.gov.bd
==================================================
[+] Domain exhausted. Finishing up: https://youth.alikadam.bandarban.gov.bd
==================================================
[*] STARTING NEW DOMAIN: https://drro.feni.gov.bd
==================================================
[+] Domain exhausted. Finishing up: https://drro.feni.gov.bd
==================================================
[*] STARTING NEW DOMAIN: https://basundiasecondaryschool.jessoreboard.gov.bd
==================================================
[+] Domain exhausted. Finishing up: https://basundiasecondaryschool.jessoreboard.gov.bd
==================================================
[*] STARTING NEW DOMAIN: https://bsti.faridpur.gov.bd
==================================================
[+] Domain exhausted. Finishing up: https://bsti.faridpur.gov.bd
==================================================
[*] STARTING NEW DOMAIN: https://brdb.zakiganj.sylhet.gov.bd
==================================================
[+] Domain exhausted. Finishing up: https://brdb.zakiganj.sylhet.gov.bd
==================================================
[*] STARTING NEW DOMAIN: https://dss.aditmari.lalmonirhat.gov.bd
==================================================
[+] Domain exhausted. Finishing up: https://dss.aditmari.lalmonirhat.gov.bd
==================================================
[*] STARTING NEW DOMAIN: https://dss.boda.panchagarh.gov.bd
==================================================
[+] Domain exhausted. Finishing up: https://dss.boda.panchagarh.gov.bd
==================================================
[*] STARTING NEW DOMAIN: https://youth.kashiani.gopalganj.gov.bd
==================================================
[+] Domain exhausted. Finishing up: https://youth.kashiani.gopalganj.gov.bd
==================================================
[*] STARTING NEW DOMAIN: https://dss.melandah.jamalpur.gov.bd
==================================================
[+] Domain exhausted. Finishing up: https://dss.melandah.jamalpur.gov.bd
==================================================
[*] STARTING NEW DOMAIN: https://dss.ukhiya.coxsbazar.gov.bd
==================================================
[+] Domain exhausted. Finishing up: https://dss.ukhiya.coxsbazar.gov.bd
==================================================
[*] STARTING NEW DOMAIN: https://dss.sherpursadar.sherpur.gov.bd
==================================================
[+] Domain exhausted. Finishing up: https://dss.sherpursadar.sherpur.gov.bd
==================================================
[*] STARTING NEW DOMAIN: https://dwa.joypurhat.gov.bd
==================================================
[+] Domain exhausted. Finishing up: https://dwa.joypurhat.gov.bd
==================================================
[*] STARTING NEW DOMAIN: https://dwa.fulgazi.feni.gov.bd
==================================================
[+] Domain exhausted. Finishing up: https://dwa.fulgazi.feni.gov.bd
==================================================
[*] STARTING NEW DOMAIN: https://dwa.narailsadar.narail.gov.bd
==================================================
[+] Domain exhausted. Finishing up: https://dwa.narailsadar.narail.gov.bd
==================================================
[*] STARTING NEW DOMAIN: https://dwa.sadar.bogra.gov.bd
==================================================
[+] Domain exhausted. Finishing up: https://dwa.sadar.bogra.gov.bd
==================================================
[*] STARTING NEW DOMAIN: https://eastpoilanpurup.sylhet.gov.bd
==================================================
[+] Domain exhausted. Finishing up: https://eastpoilanpurup.sylhet.gov.bd
==================================================
[*] STARTING NEW DOMAIN: https://ebek.daulatpur.manikganj.gov.bd
==================================================
[+] Domain exhausted. Finishing up: https://ebek.daulatpur.manikganj.gov.bd
==================================================
[*] STARTING NEW DOMAIN: https://ebek.sadar.munshiganj.gov.bd
==================================================
[+] Domain exhausted. Finishing up: https://ebek.sadar.munshiganj.gov.bd
==================================================
[*] STARTING NEW DOMAIN: https://ec.nalitabari.sherpur.gov.bd
==================================================
[+] Domain exhausted. Finishing up: https://ec.nalitabari.sherpur.gov.bd
==================================================
[*] STARTING NEW DOMAIN: https://ec.kamarkhand.sirajganj.gov.bd
==================================================
[+] Domain exhausted. Finishing up: https://ec.kamarkhand.sirajganj.gov.bd
==================================================
[*] STARTING NEW DOMAIN: https://ec.purbadhala.netrokona.gov.bd
==================================================
[+] Domain exhausted. Finishing up: https://ec.purbadhala.netrokona.gov.bd
==================================================
[*] STARTING NEW DOMAIN: https://eed.tungipara.gopalganj.gov.bd
==================================================
[+] Domain exhausted. Finishing up: https://eed.tungipara.gopalganj.gov.bd
==================================================
[*] STARTING NEW DOMAIN: https://eed.dakshinsurma.sylhet.gov.bd
==================================================
[+] Domain exhausted. Finishing up: https://eed.dakshinsurma.sylhet.gov.bd
==================================================
[*] STARTING NEW DOMAIN: https://eed1.dhaka.gov.bd
==================================================
[+] Domain exhausted. Finishing up: https://eed1.dhaka.gov.bd
==================================================
[*] STARTING NEW DOMAIN: https://eed.sreenagar.munshiganj.gov.bd
==================================================
[+] Domain exhausted. Finishing up: https://eed.sreenagar.munshiganj.gov.bd
==================================================
[*] STARTING NEW DOMAIN: https://fenerbakup.sunamganj.gov.bd
==================================================
[+] Domain exhausted. Finishing up: https://fenerbakup.sunamganj.gov.bd
==================================================
[*] STARTING NEW DOMAIN: https://urc.bochaganj.dinajpur.gov.bd
==================================================
[+] Domain exhausted. Finishing up: https://urc.bochaganj.dinajpur.gov.bd
==================================================
[*] STARTING NEW DOMAIN: https://fireservice.gabtali.bogra.gov.bd
==================================================
[+] Domain exhausted. Finishing up: https://fireservice.gabtali.bogra.gov.bd
==================================================
[*] STARTING NEW DOMAIN: https://fireservice.kulaura.moulvibazar.gov.bd
==================================================
[+] Domain exhausted. Finishing up: https://fireservice.kulaura.moulvibazar.gov.bd
==================================================
[*] STARTING NEW DOMAIN: https://fireservice.lohagara.chittagong.gov.bd
==================================================
[+] Domain exhausted. Finishing up: https://fireservice.lohagara.chittagong.gov.bd
==================================================
[*] STARTING NEW DOMAIN: https://wzpdcl.pangsa.rajbari.gov.bd
==================================================
[+] Domain exhausted. Finishing up: https://wzpdcl.pangsa.rajbari.gov.bd
==================================================
[*] STARTING NEW DOMAIN: https://wzpdcl2.khulna.gov.bd
==================================================
[+] Domain exhausted. Finishing up: https://wzpdcl2.khulna.gov.bd
==================================================
[*] STARTING NEW DOMAIN: https://fisheries.galachipa.patuakhali.gov.bd
==================================================
[+] Domain exhausted. Finishing up: https://fisheries.galachipa.patuakhali.gov.bd
==================================================
[*] STARTING NEW DOMAIN: https://youth.lalmai.comilla.gov.bd
==================================================
[+] Domain exhausted. Finishing up: https://youth.lalmai.comilla.gov.bd
==================================================
[*] STARTING NEW DOMAIN: https://fisheries.sadar.brahmanbaria.gov.bd
==================================================
[+] Domain exhausted. Finishing up: https://fisheries.sadar.brahmanbaria.gov.bd
==================================================
[*] STARTING NEW DOMAIN: https://food.bhola.gov.bd
==================================================
[+] Domain exhausted. Finishing up: https://food.bhola.gov.bd
==================================================
[*] STARTING NEW DOMAIN: https://fisheriesfarm.gobindaganj.gaibandha.gov.bd
==================================================
[+] Domain exhausted. Finishing up: https://fisheriesfarm.gobindaganj.gaibandha.gov.bd
==================================================
[*] STARTING NEW DOMAIN: http://deb110348.dhakaeducationboard.gov.bd
==================================================
[+] Domain exhausted. Finishing up: http://deb110348.dhakaeducationboard.gov.bd
==================================================
[*] STARTING NEW DOMAIN: https://zso.comilla.gov.bd
==================================================
[+] Domain exhausted. Finishing up: https://zso.comilla.gov.bd
==================================================
[*] STARTING NEW DOMAIN: https://food.tangail.gov.bd
==================================================
[+] Domain exhausted. Finishing up: https://food.tangail.gov.bd
==================================================
[*] STARTING NEW DOMAIN: https://food.natoresadar.natore.gov.bd
==================================================
[+] Domain exhausted. Finishing up: https://food.natoresadar.natore.gov.bd
==================================================
[*] STARTING NEW DOMAIN: https://forest.madarganj.jamalpur.gov.bd
==================================================
[+] Domain exhausted. Finishing up: https://forest.madarganj.jamalpur.gov.bd
==================================================
[*] STARTING NEW DOMAIN: https://forest.chunarughat.habiganj.gov.bd
==================================================
[+] Domain exhausted. Finishing up: https://forest.chunarughat.habiganj.gov.bd
==================================================
[*] STARTING NEW DOMAIN: https://sattyapursecondaryschool.jessoreboard.gov.bd
==================================================
[+] Domain exhausted. Finishing up: https://sattyapursecondaryschool.jessoreboard.gov.bd
==================================================
[*] STARTING NEW DOMAIN: https://fpo.akhaura.brahmanbaria.gov.bd
==================================================
[+] Domain exhausted. Finishing up: https://fpo.akhaura.brahmanbaria.gov.bd
==================================================
[*] STARTING NEW DOMAIN: https://fpo.madhukhali.faridpur.gov.bd
==================================================
[+] Domain exhausted. Finishing up: https://fpo.madhukhali.faridpur.gov.bd
==================================================
[*] STARTING NEW DOMAIN: https://shishuacademy.narayanganj.gov.bd
==================================================
[+] Domain exhausted. Finishing up: https://shishuacademy.narayanganj.gov.bd
==================================================
[*] STARTING NEW DOMAIN: https://fpo.sylhetdiv.gov.bd
==================================================
[+] Domain exhausted. Finishing up: https://fpo.sylhetdiv.gov.bd
==================================================
[*] STARTING NEW DOMAIN: https://fpo.shalikha.magura.gov.bd
==================================================
[+] Domain exhausted. Finishing up: https://fpo.shalikha.magura.gov.bd
==================================================
[*] STARTING NEW DOMAIN: https://gazaliasecondarygirlsschool.jessoreboard.gov.bd
==================================================
[+] Domain exhausted. Finishing up: https://gazaliasecondarygirlsschool.jessoreboard.gov.bd
==================================================
[*] STARTING NEW DOMAIN: https://ghuridahup.gaibandha.gov.bd
==================================================
[+] Domain exhausted. Finishing up: https://ghuridahup.gaibandha.gov.bd
==================================================
[*] STARTING NEW DOMAIN: https://gopalpur.tangail.gov.bd
==================================================
[+] Domain exhausted. Finishing up: https://gopalpur.tangail.gov.bd
==================================================
[*] STARTING NEW DOMAIN: https://gourdwarup.sherpur.gov.bd
==================================================
[+] Domain exhausted. Finishing up: https://gourdwarup.sherpur.gov.bd
==================================================
[*] STARTING NEW DOMAIN: https://hajipurup.narsingdi.gov.bd
==================================================
[+] Domain exhausted. Finishing up: https://hajipurup.narsingdi.gov.bd
==================================================
[*] STARTING NEW DOMAIN: https://soamol.pirojpur.gov.bd
==================================================
[+] Domain exhausted. Finishing up: https://soamol.pirojpur.gov.bd
==================================================
[*] STARTING NEW DOMAIN: https://health.kaharol.dinajpur.gov.bd
==================================================
[+] Domain exhausted. Finishing up: https://health.kaharol.dinajpur.gov.bd
==================================================
[*] STARTING NEW DOMAIN: https://health.shailkupa.jhenaidah.gov.bd
==================================================
[+] Domain exhausted. Finishing up: https://health.shailkupa.jhenaidah.gov.bd
==================================================
[*] STARTING NEW DOMAIN: https://hms.specialbranch.gov.bd
==================================================
[+] Domain exhausted. Finishing up: https://hms.specialbranch.gov.bd
==================================================
[*] STARTING NEW DOMAIN: https://hrwt.mymensinghdiv.gov.bd
==================================================
[+] Domain exhausted. Finishing up: https://hrwt.mymensinghdiv.gov.bd
==================================================
[*] STARTING NEW DOMAIN: https://hlms.rhd.gov.bd
==================================================
[+] Domain exhausted. Finishing up: https://hlms.rhd.gov.bd
==================================================
[*] STARTING NEW DOMAIN: https://hrwt.manikganj.gov.bd
==================================================
[+] Domain exhausted. Finishing up: https://hrwt.manikganj.gov.bd
==================================================
[*] STARTING NEW DOMAIN: https://irbadc.charfesson.bhola.gov.bd
==================================================
[+] Domain exhausted. Finishing up: https://irbadc.charfesson.bhola.gov.bd
==================================================
[*] STARTING NEW DOMAIN: https://ippowrojuniorsecondaryschool.jessoreboard.gov.bd
==================================================
[+] Domain exhausted. Finishing up: https://ippowrojuniorsecondaryschool.jessoreboard.gov.bd
==================================================
[*] STARTING NEW DOMAIN: https://islamicfoundation.narail.gov.bd
==================================================
[+] Domain exhausted. Finishing up: https://islamicfoundation.narail.gov.bd
==================================================
[*] STARTING NEW DOMAIN: https://itnasecondarygirlsschool.jessoreboard.gov.bd
==================================================
[+] Domain exhausted. Finishing up: https://itnasecondarygirlsschool.jessoreboard.gov.bd
==================================================
[*] STARTING NEW DOMAIN: https://sr.purbadhala.netrokona.gov.bd
==================================================
[+] Domain exhausted. Finishing up: https://sr.purbadhala.netrokona.gov.bd
==================================================
[*] STARTING NEW DOMAIN: https://kabirpur.betar.gov.bd
==================================================
[+] Domain exhausted. Finishing up: https://kabirpur.betar.gov.bd
==================================================
[*] STARTING NEW DOMAIN: https://kakrabuniaup.patuakhali.gov.bd
==================================================
[+] Domain exhausted. Finishing up: https://kakrabuniaup.patuakhali.gov.bd
==================================================
[*] STARTING NEW DOMAIN: https://srdi.netrokona.gov.bd
==================================================
[+] Domain exhausted. Finishing up: https://srdi.netrokona.gov.bd
==================================================
[*] STARTING NEW DOMAIN: https://kashimpurgirlsschool.jessoreboard.gov.bd
==================================================
[+] Domain exhausted. Finishing up: https://kashimpurgirlsschool.jessoreboard.gov.bd
==================================================
[*] STARTING NEW DOMAIN: https://sspb.gaibandha.gov.bd
==================================================
[+] Domain exhausted. Finishing up: https://sspb.gaibandha.gov.bd
==================================================
[*] STARTING NEW DOMAIN: https://khulshybazarhighschool.jessoreboard.gov.bd
==================================================
[+] Domain exhausted. Finishing up: https://khulshybazarhighschool.jessoreboard.gov.bd
==================================================
[*] STARTING NEW DOMAIN: https://kutubpur.chuadanga.gov.bd
==================================================
[+] Domain exhausted. Finishing up: https://kutubpur.chuadanga.gov.bd
==================================================
[*] STARTING NEW DOMAIN: https://kushadangaidealhighschool.jessoreboard.gov.bd
==================================================
[+] Domain exhausted. Finishing up: https://kushadangaidealhighschool.jessoreboard.gov.bd
==================================================
[*] STARTING NEW DOMAIN: https://lged.chilmari.kurigram.gov.bd
==================================================
[+] Domain exhausted. Finishing up: https://lged.chilmari.kurigram.gov.bd
==================================================
[*] STARTING NEW DOMAIN: https://lged.dhamoirhat.naogaon.gov.bd
==================================================
[+] Domain exhausted. Finishing up: https://lged.dhamoirhat.naogaon.gov.bd
==================================================
[*] STARTING NEW DOMAIN: https://lged.fulbari.dinajpur.gov.bd
==================================================
[+] Domain exhausted. Finishing up: https://lged.fulbari.dinajpur.gov.bd
==================================================
[*] STARTING NEW DOMAIN: https://lged.kendua.netrokona.gov.bd
==================================================
[+] Domain exhausted. Finishing up: https://lged.kendua.netrokona.gov.bd
==================================================
[*] STARTING NEW DOMAIN: https://tax.sylhetdiv.gov.bd
==================================================
[+] Domain exhausted. Finishing up: https://tax.sylhetdiv.gov.bd
==================================================
[*] STARTING NEW DOMAIN: https://lged.shibaloy.manikganj.gov.bd
==================================================
[+] Domain exhausted. Finishing up: https://lged.shibaloy.manikganj.gov.bd
==================================================
[*] STARTING NEW DOMAIN: https://macademypabna.portal.gov.bd
==================================================
[+] Domain exhausted. Finishing up: https://macademypabna.portal.gov.bd
==================================================
[*] STARTING NEW DOMAIN: https://thakurgaonsadar.thakurgaon.gov.bd
==================================================
[+] Domain exhausted. Finishing up: https://thakurgaonsadar.thakurgaon.gov.bd
==================================================
[*] STARTING NEW DOMAIN: https://mail.bgdcl.gov.bd
==================================================
[+] Domain exhausted. Finishing up: https://mail.bgdcl.gov.bd
==================================================
[*] STARTING NEW DOMAIN: https://malanchaup.bogra.gov.bd
==================================================
[+] Domain exhausted. Finishing up: https://malanchaup.bogra.gov.bd
==================================================
[*] STARTING NEW DOMAIN: https://totthoapa.katiadi.kishoreganj.gov.bd
==================================================
[+] Domain exhausted. Finishing up: https://totthoapa.katiadi.kishoreganj.gov.bd
==================================================
[*] STARTING NEW DOMAIN: https://mfsp.gov.bd
==================================================
[+] Domain exhausted. Finishing up: https://mfsp.gov.bd
==================================================
[*] STARTING NEW DOMAIN: https://minlaw.gov.bd
==================================================
[+] Domain exhausted. Finishing up: https://minlaw.gov.bd
==================================================
[*] STARTING NEW DOMAIN: https://totthoapa.sadar.brahmanbaria.gov.bd
==================================================
[+] Domain exhausted. Finishing up: https://totthoapa.sadar.brahmanbaria.gov.bd
==================================================
[*] STARTING NEW DOMAIN: https://mohonpur.rajshahi.gov.bd
==================================================
[+] Domain exhausted. Finishing up: https://mohonpur.rajshahi.gov.bd
==================================================
[*] STARTING NEW DOMAIN: https://muksudpur.gopalganj.gov.bd
==================================================
[+] Domain exhausted. Finishing up: https://muksudpur.gopalganj.gov.bd
==================================================
[*] STARTING NEW DOMAIN: https://tsc.lalmonirhat.gov.bd
==================================================
[+] Domain exhausted. Finishing up: https://tsc.lalmonirhat.gov.bd
==================================================
[*] STARTING NEW DOMAIN: https://naz.touristpolice.gov.bd
==================================================
[+] Domain exhausted. Finishing up: https://naz.touristpolice.gov.bd
==================================================
[*] STARTING NEW DOMAIN: https://nayabatihazishoriatullahbidyapith.jessoreboard.gov.bd
==================================================
[+] Domain exhausted. Finishing up: https://nayabatihazishoriatullahbidyapith.jessoreboard.gov.bd
==================================================
[*] STARTING NEW DOMAIN: https://ttc.rangpur.gov.bd
==================================================
[+] Domain exhausted. Finishing up: https://ttc.rangpur.gov.bd
==================================================
[*] STARTING NEW DOMAIN: https://nimparaup.rajshahi.gov.bd
==================================================
[+] Domain exhausted. Finishing up: https://nimparaup.rajshahi.gov.bd
==================================================
[*] STARTING NEW DOMAIN: https://oldnothi.bfa.gov.bd
==================================================
[+] Domain exhausted. Finishing up: https://oldnothi.bfa.gov.bd
==================================================
[*] STARTING NEW DOMAIN: https://srdi.rajshahi.gov.bd
==================================================
[+] Domain exhausted. Finishing up: https://srdi.rajshahi.gov.bd
==================================================
[*] STARTING NEW DOMAIN: https://paglakanaiup.jhenaidah.gov.bd
==================================================
[+] Domain exhausted. Finishing up: https://paglakanaiup.jhenaidah.gov.bd
==================================================
[*] STARTING NEW DOMAIN: https://tamtanorthup.chandpur.gov.bd
==================================================
[+] Domain exhausted. Finishing up: https://tamtanorthup.chandpur.gov.bd
==================================================
[*] STARTING NEW DOMAIN: https://totthoapa.homna.comilla.gov.bd
==================================================
[+] Domain exhausted. Finishing up: https://totthoapa.homna.comilla.gov.bd
==================================================
[*] STARTING NEW DOMAIN: https://tscbarura.comilla.gov.bd
==================================================
[+] Domain exhausted. Finishing up: https://tscbarura.comilla.gov.bd
==================================================
[*] STARTING NEW DOMAIN: https://pio.sirajganjsadar.sirajganj.gov.bd
==================================================
[+] Domain exhausted. Finishing up: https://pio.sirajganjsadar.sirajganj.gov.bd
==================================================
[*] STARTING NEW DOMAIN: https://pio.sadar.khagrachhari.gov.bd
==================================================
[+] Domain exhausted. Finishing up: https://pio.sadar.khagrachhari.gov.bd
==================================================
[*] STARTING NEW DOMAIN: https://pirujaliup.gazipur.gov.bd
==================================================
[+] Domain exhausted. Finishing up: https://pirujaliup.gazipur.gov.bd
==================================================
[*] STARTING NEW DOMAIN: https://police.bandarban.gov.bd
==================================================
[+] Domain exhausted. Finishing up: https://police.bandarban.gov.bd
==================================================
[*] STARTING NEW DOMAIN: https://police.lakhai.habiganj.gov.bd
==================================================
[+] Domain exhausted. Finishing up: https://police.lakhai.habiganj.gov.bd
==================================================
[*] STARTING NEW DOMAIN: https://police.lakshmipur.gov.bd
==================================================
[+] Domain exhausted. Finishing up: https://police.lakshmipur.gov.bd
==================================================
[*] STARTING NEW DOMAIN: https://police.patuakhali.gov.bd
==================================================
[+] Domain exhausted. Finishing up: https://police.patuakhali.gov.bd
==================================================
[*] STARTING NEW DOMAIN: https://post.dighinala.khagrachhari.gov.bd
==================================================
[+] Domain exhausted. Finishing up: https://post.dighinala.khagrachhari.gov.bd
==================================================
[*] STARTING NEW DOMAIN: https://post.chapainawabganj.gov.bd
==================================================
[+] Domain exhausted. Finishing up: https://post.chapainawabganj.gov.bd
==================================================
[*] STARTING NEW DOMAIN: https://pozib.kishoreganjsadar.kishoreganj.gov.bd
==================================================
[+] Domain exhausted. Finishing up: https://pozib.kishoreganjsadar.kishoreganj.gov.bd
==================================================
[*] STARTING NEW DOMAIN: https://pozip.begumganj.noakhali.gov.bd
==================================================
[+] Domain exhausted. Finishing up: https://pozip.begumganj.noakhali.gov.bd
==================================================
[*] STARTING NEW DOMAIN: https://pozip.jhikargacha.jessore.gov.bd
==================================================
[+] Domain exhausted. Finishing up: https://pozip.jhikargacha.jessore.gov.bd
==================================================
[*] STARTING NEW DOMAIN: https://psb.nasirnagar.brahmanbaria.gov.bd
==================================================
[+] Domain exhausted. Finishing up: https://psb.nasirnagar.brahmanbaria.gov.bd
==================================================
[*] STARTING NEW DOMAIN: https://psosk.mathbaria.pirojpur.gov.bd
==================================================
[+] Domain exhausted. Finishing up: https://psosk.mathbaria.pirojpur.gov.bd
==================================================
[*] STARTING NEW DOMAIN: https://pti.gopalganj.gov.bd
==================================================
[+] Domain exhausted. Finishing up: https://pti.gopalganj.gov.bd
==================================================
[*] STARTING NEW DOMAIN: https://publiclibrary.brahmanbaria.gov.bd
==================================================
[+] Domain exhausted. Finishing up: https://publiclibrary.brahmanbaria.gov.bd
==================================================
[*] STARTING NEW DOMAIN: https://raipurup.chittagong.gov.bd
==================================================
[+] Domain exhausted. Finishing up: https://raipurup.chittagong.gov.bd
==================================================
[*] STARTING NEW DOMAIN: https://rajnagorbmsecondaryschool.jessoreboard.gov.bd
==================================================
[+] Domain exhausted. Finishing up: https://rajnagorbmsecondaryschool.jessoreboard.gov.bd
==================================================
[*] STARTING NEW DOMAIN: https://ranihatiup.chapainawabganj.gov.bd
==================================================
[+] Domain exhausted. Finishing up: https://ranihatiup.chapainawabganj.gov.bd
==================================================
[*] STARTING NEW DOMAIN: https://rfofisheries.coxsbazar.gov.bd
==================================================
[+] Domain exhausted. Finishing up: https://rfofisheries.coxsbazar.gov.bd
==================================================
[*] STARTING NEW DOMAIN: https://rlo.rangpur.gov.bd
==================================================
[+] Domain exhausted. Finishing up: https://rlo.rangpur.gov.bd
==================================================
[*] STARTING NEW DOMAIN: https://rhd.mymensinghdiv.gov.bd
==================================================
[+] Domain exhausted. Finishing up: https://rhd.mymensinghdiv.gov.bd
==================================================
[*] STARTING NEW DOMAIN: https://rrsecondaryschool.jessoreboard.gov.bd
==================================================
[+] Domain exhausted. Finishing up: https://rrsecondaryschool.jessoreboard.gov.bd
==================================================
[*] STARTING NEW DOMAIN: https://sammilanisecondaryschoolbetalpara.jessoreboard.gov.bd
==================================================
[+] Domain exhausted. Finishing up: https://sammilanisecondaryschoolbetalpara.jessoreboard.gov.bd
==================================================
[*] STARTING NEW DOMAIN: https://barkalup.chittagong.gov.bd
==================================================
[+] Domain exhausted. Finishing up: https://barkalup.chittagong.gov.bd
==================================================
[*] STARTING NEW DOMAIN: https://banglaacademy.gov.bd
==================================================
[+] Domain exhausted. Finishing up: https://banglaacademy.gov.bd
==================================================
[*] STARTING NEW DOMAIN: https://sr.nazirpur.pirojpur.gov.bd
==================================================
[+] Domain exhausted. Finishing up: https://sr.nazirpur.pirojpur.gov.bd
==================================================
[*] STARTING NEW DOMAIN: https://betmorrajparaup.pirojpur.gov.bd
==================================================
[+] Domain exhausted. Finishing up: https://betmorrajparaup.pirojpur.gov.bd
==================================================
[*] STARTING NEW DOMAIN: https://bscic.naogaon.gov.bd
==================================================
[+] Domain exhausted. Finishing up: https://bscic.naogaon.gov.bd
==================================================
[*] STARTING NEW DOMAIN: https://charpatharghataup.chittagong.gov.bd
==================================================
[+] Domain exhausted. Finishing up: https://charpatharghataup.chittagong.gov.bd
==================================================
[*] STARTING NEW DOMAIN: https://dam.pirojpur.gov.bd
==================================================
[+] Domain exhausted. Finishing up: https://dam.pirojpur.gov.bd
==================================================
[*] STARTING NEW DOMAIN: https://deb140507.dhakaeducationboard.gov.bd
==================================================
[+] Domain exhausted. Finishing up: https://deb140507.dhakaeducationboard.gov.bd
==================================================
[*] STARTING NEW DOMAIN: https://dshe.pathorghata.barguna.gov.bd
==================================================
[+] Domain exhausted. Finishing up: https://dshe.pathorghata.barguna.gov.bd
==================================================
[*] STARTING NEW DOMAIN: https://janjalup.rajbari.gov.bd
==================================================
[+] Domain exhausted. Finishing up: https://janjalup.rajbari.gov.bd
==================================================
[*] STARTING NEW DOMAIN: https://lutercharup.comilla.gov.bd
==================================================
[+] Domain exhausted. Finishing up: https://lutercharup.comilla.gov.bd
==================================================
[*] STARTING NEW DOMAIN: https://railway.joypurhat.gov.bd
==================================================
[+] Domain exhausted. Finishing up: https://railway.joypurhat.gov.bd
==================================================
[*] STARTING NEW DOMAIN: https://uitrce.sadarpur.faridpur.gov.bd
==================================================
[+] Domain exhausted. Finishing up: https://uitrce.sadarpur.faridpur.gov.bd
==================================================
[*] STARTING NEW DOMAIN: https://urc.atwari.panchagarh.gov.bd
==================================================
[+] Domain exhausted. Finishing up: https://urc.atwari.panchagarh.gov.bd
==================================================
[*] STARTING NEW DOMAIN: https://urc.fatikchhari.chittagong.gov.bd
==================================================
[+] Domain exhausted. Finishing up: https://urc.fatikchhari.chittagong.gov.bd
==================================================
[*] STARTING NEW DOMAIN: https://vhelaguriup.lalmonirhat.gov.bd
==================================================
[+] Domain exhausted. Finishing up: https://vhelaguriup.lalmonirhat.gov.bd
==================================================
[*] STARTING NEW DOMAIN: https://youth.abhaynagar.jessore.gov.bd
==================================================
[+] Domain exhausted. Finishing up: https://youth.abhaynagar.jessore.gov.bd
==================================================
[*] STARTING NEW DOMAIN: https://youth.daudkandi.comilla.gov.bd
==================================================
[+] Domain exhausted. Finishing up: https://youth.daudkandi.comilla.gov.bd
==================================================
[*] STARTING NEW DOMAIN: https://youth.joypurhat.gov.bd
==================================================
[+] Domain exhausted. Finishing up: https://youth.joypurhat.gov.bd
==================================================
[*] STARTING NEW DOMAIN: https://youth.senbug.noakhali.gov.bd
==================================================
[+] Domain exhausted. Finishing up: https://youth.senbug.noakhali.gov.bd
==================================================
[*] STARTING NEW DOMAIN: https://youth.shalla.sunamganj.gov.bd
==================================================
[+] Domain exhausted. Finishing up: https://youth.shalla.sunamganj.gov.bd
==================================================
[*] STARTING NEW DOMAIN: https://zso.mithapukur.rangpur.gov.bd
==================================================
[+] Domain exhausted. Finishing up: https://zso.mithapukur.rangpur.gov.bd
==================================================
[*] STARTING NEW DOMAIN: http://brdb.mymensingh.gov.bd
==================================================
[+] Domain exhausted. Finishing up: http://brdb.mymensingh.gov.bd
==================================================
[*] STARTING NEW DOMAIN: http://deb108984.dhakaeducationboard.gov.bd
==================================================
[+] Domain exhausted. Finishing up: http://deb108984.dhakaeducationboard.gov.bd
==================================================
[*] STARTING NEW DOMAIN: http://dpe.pirgonj.rangpur.gov.bd
==================================================
[+] Domain exhausted. Finishing up: http://dpe.pirgonj.rangpur.gov.bd
==================================================
[*] STARTING NEW DOMAIN: https://savings.noakhali.gov.bd
==================================================
[+] Domain exhausted. Finishing up: https://savings.noakhali.gov.bd
==================================================
[*] STARTING NEW DOMAIN: https://singherbanglaup.netrokona.gov.bd
==================================================
[+] Domain exhausted. Finishing up: https://singherbanglaup.netrokona.gov.bd
==================================================
[*] STARTING NEW DOMAIN: https://sohagiup.mymensingh.gov.bd
==================================================
[+] Domain exhausted. Finishing up: https://sohagiup.mymensingh.gov.bd
==================================================
[*] STARTING NEW DOMAIN: https://sports.bhola.gov.bd
==================================================
[+] Domain exhausted. Finishing up: https://sports.bhola.gov.bd
==================================================
[*] STARTING NEW DOMAIN: https://sr.birampur.dinajpur.gov.bd
==================================================
[+] Domain exhausted. Finishing up: https://sr.birampur.dinajpur.gov.bd
==================================================
[*] STARTING NEW DOMAIN: https://sr.lohagara.narail.gov.bd
==================================================
[+] Domain exhausted. Finishing up: https://sr.lohagara.narail.gov.bd
==================================================
[*] STARTING NEW DOMAIN: https://sr.ranisankail.thakurgaon.gov.bd
==================================================
[+] Domain exhausted. Finishing up: https://sr.ranisankail.thakurgaon.gov.bd
==================================================
[*] STARTING NEW DOMAIN: https://ssd.gov.bd
==================================================
[+] Domain exhausted. Finishing up: https://ssd.gov.bd
==================================================
[*] STARTING NEW DOMAIN: https://taruaup.brahmanbaria.gov.bd
==================================================
[+] Domain exhausted. Finishing up: https://taruaup.brahmanbaria.gov.bd
==================================================
[*] STARTING NEW DOMAIN: https://tax.magura.gov.bd
==================================================
[+] Domain exhausted. Finishing up: https://tax.magura.gov.bd
==================================================
[*] STARTING NEW DOMAIN: https://tobgiup.bhola.gov.bd
==================================================
[+] Domain exhausted. Finishing up: https://tobgiup.bhola.gov.bd
==================================================
[*] STARTING NEW DOMAIN: https://totthoapa.kamalnagar.lakshmipur.gov.bd
==================================================
[+] Domain exhausted. Finishing up: https://totthoapa.kamalnagar.lakshmipur.gov.bd
==================================================
[*] STARTING NEW DOMAIN: https://totthoapa.ranisankail.thakurgaon.gov.bd
==================================================
[+] Domain exhausted. Finishing up: https://totthoapa.ranisankail.thakurgaon.gov.bd
==================================================
[*] STARTING NEW DOMAIN: https://tscgalachipa.patuakhali.gov.bd
==================================================
[+] Domain exhausted. Finishing up: https://tscgalachipa.patuakhali.gov.bd
==================================================
[*] STARTING NEW DOMAIN: https://ubccl.bagha.rajshahi.gov.bd
==================================================
[+] Domain exhausted. Finishing up: https://ubccl.bagha.rajshahi.gov.bd
==================================================
[*] STARTING NEW DOMAIN: https://uitrce.chatkhil.noakhali.gov.bd
==================================================
[+] Domain exhausted. Finishing up: https://uitrce.chatkhil.noakhali.gov.bd
[*] All websites in the text file have been fully crawled! Shutting down.
