[*] Seeds loaded from data/crawled_alive_gov_bd_sites.txt.

🚀 Starting Domain-by-Domain Spider...

==================================================
[*] STARTING NEW DOMAIN: https://forest.abhaynagar.jessore.gov.bd
==================================================
[+] Domain exhausted. Finishing up: https://forest.abhaynagar.jessore.gov.bd
==================================================
[*] STARTING NEW DOMAIN: https://khurushkhulup.coxsbazar.gov.bd
==================================================
[+] Domain exhausted. Finishing up: https://khurushkhulup.coxsbazar.gov.bd
==================================================
[*] STARTING NEW DOMAIN: https://food.bheramara.kushtia.gov.bd
==================================================
[+] Domain exhausted. Finishing up: https://food.bheramara.kushtia.gov.bd
==================================================
[*] STARTING NEW DOMAIN: https://health.shibganj.bogra.gov.bd
==================================================
[+] Domain exhausted. Finishing up: https://health.shibganj.bogra.gov.bd
==================================================
[*] STARTING NEW DOMAIN: https://health.tongibari.munshiganj.gov.bd
==================================================
[+] Domain exhausted. Finishing up: https://health.tongibari.munshiganj.gov.bd
==================================================
[*] STARTING NEW DOMAIN: https://doict.madaripur.gov.bd
==================================================
[+] Domain exhausted. Finishing up: https://doict.madaripur.gov.bd
==================================================
[*] STARTING NEW DOMAIN: https://omarpurup.sirajganj.gov.bd
==================================================
[+] Domain exhausted. Finishing up: https://omarpurup.sirajganj.gov.bd
==================================================
[*] STARTING NEW DOMAIN: https://doict.kanaighat.sylhet.gov.bd
==================================================
[+] Domain exhausted. Finishing up: https://doict.kanaighat.sylhet.gov.bd
==================================================
[*] STARTING NEW DOMAIN: https://bhaynaup.jhenaidah.gov.bd
==================================================
[+] Domain exhausted. Finishing up: https://bhaynaup.jhenaidah.gov.bd
==================================================
[*] STARTING NEW DOMAIN: https://dphe.sadar.bagerhat.gov.bd
==================================================
[+] Domain exhausted. Finishing up: https://dphe.sadar.bagerhat.gov.bd
==================================================
[*] STARTING NEW DOMAIN: https://gcc.ecourt.gov.bd
==================================================
[+] Domain exhausted. Finishing up: https://gcc.ecourt.gov.bd
==================================================
[*] STARTING NEW DOMAIN: https://dao.sadarpur.faridpur.gov.bd
==================================================
[+] Domain exhausted. Finishing up: https://dao.sadarpur.faridpur.gov.bd
==================================================
[*] STARTING NEW DOMAIN: https://bscic.khagrachhari.gov.bd
==================================================
[+] Domain exhausted. Finishing up: https://bscic.khagrachhari.gov.bd
==================================================
[*] STARTING NEW DOMAIN: https://dls.feni.gov.bd
==================================================
[+] Domain exhausted. Finishing up: https://dls.feni.gov.bd
==================================================
[*] STARTING NEW DOMAIN: https://deb138562.dhakaeducationboard.gov.bd
==================================================
[+] Domain exhausted. Finishing up: https://deb138562.dhakaeducationboard.gov.bd
==================================================
[*] STARTING NEW DOMAIN: https://rajibpurup.kurigram.gov.bd
==================================================
[+] Domain exhausted. Finishing up: https://rajibpurup.kurigram.gov.bd
==================================================
[*] STARTING NEW DOMAIN: https://dwa.kahaloo.bogra.gov.bd
==================================================
[+] Domain exhausted. Finishing up: https://dwa.kahaloo.bogra.gov.bd
==================================================
[*] STARTING NEW DOMAIN: https://deb111524.dhakaeducationboard.gov.bd
==================================================
[+] Domain exhausted. Finishing up: https://deb111524.dhakaeducationboard.gov.bd
==================================================
[*] STARTING NEW DOMAIN: https://passport.khulna.gov.bd
==================================================
[+] Domain exhausted. Finishing up: https://passport.khulna.gov.bd
==================================================
[*] STARTING NEW DOMAIN: https://deo.bera.pabna.gov.bd
==================================================
[+] Domain exhausted. Finishing up: https://deo.bera.pabna.gov.bd
==================================================
[*] STARTING NEW DOMAIN: https://pbs.jhikargacha.jessore.gov.bd
==================================================
[+] Domain exhausted. Finishing up: https://pbs.jhikargacha.jessore.gov.bd
==================================================
[*] STARTING NEW DOMAIN: https://dss.nesarabad.pirojpur.gov.bd
==================================================
[+] Domain exhausted. Finishing up: https://dss.nesarabad.pirojpur.gov.bd
==================================================
[*] STARTING NEW DOMAIN: https://pbs.mirzaganj.patuakhali.gov.bd
==================================================
[+] Domain exhausted. Finishing up: https://pbs.mirzaganj.patuakhali.gov.bd
==================================================
[*] STARTING NEW DOMAIN: https://pdb.habiganj.gov.bd
==================================================
[+] Domain exhausted. Finishing up: https://pdb.habiganj.gov.bd
==================================================
[*] STARTING NEW DOMAIN: https://youth.haimchar.chandpur.gov.bd
==================================================
[+] Domain exhausted. Finishing up: https://youth.haimchar.chandpur.gov.bd
==================================================
[*] STARTING NEW DOMAIN: https://acl.sakhipur.tangail.gov.bd
==================================================
[+] Domain exhausted. Finishing up: https://acl.sakhipur.tangail.gov.bd
==================================================
[*] STARTING NEW DOMAIN: https://deb137144.dhakaeducationboard.gov.bd
==================================================
[+] Domain exhausted. Finishing up: https://deb137144.dhakaeducationboard.gov.bd
==================================================
[*] STARTING NEW DOMAIN: https://pdbf.pirgacha.rangpur.gov.bd
==================================================
[+] Domain exhausted. Finishing up: https://pdbf.pirgacha.rangpur.gov.bd
==================================================
[*] STARTING NEW DOMAIN: https://pio.bhurungamari.kurigram.gov.bd
==================================================
[+] Domain exhausted. Finishing up: https://pio.bhurungamari.kurigram.gov.bd
==================================================
[*] STARTING NEW DOMAIN: https://phulbariup.kurigram.gov.bd
==================================================
[+] Domain exhausted. Finishing up: https://phulbariup.kurigram.gov.bd
==================================================
[*] STARTING NEW DOMAIN: https://urc.natoresadar.natore.gov.bd
==================================================
[+] Domain exhausted. Finishing up: https://urc.natoresadar.natore.gov.bd
==================================================
[*] STARTING NEW DOMAIN: https://fidco.bfidc.gov.bd
==================================================
[+] Domain exhausted. Finishing up: https://fidco.bfidc.gov.bd
==================================================
[*] STARTING NEW DOMAIN: https://farakkabadup.dinajpur.gov.bd
==================================================
[+] Domain exhausted. Finishing up: https://farakkabadup.dinajpur.gov.bd
==================================================
[*] STARTING NEW DOMAIN: https://fireservice.digholia.khulna.gov.bd
==================================================
[+] Domain exhausted. Finishing up: https://fireservice.digholia.khulna.gov.bd
==================================================
[*] STARTING NEW DOMAIN: https://amtaliup.khagrachhari.gov.bd
==================================================
[+] Domain exhausted. Finishing up: https://amtaliup.khagrachhari.gov.bd
==================================================
[*] STARTING NEW DOMAIN: https://urc.thanchi.bandarban.gov.bd
==================================================
[+] Domain exhausted. Finishing up: https://urc.thanchi.bandarban.gov.bd
==================================================
[*] STARTING NEW DOMAIN: https://uitrce.paikgasa.khulna.gov.bd
==================================================
[+] Domain exhausted. Finishing up: https://uitrce.paikgasa.khulna.gov.bd
==================================================
[*] STARTING NEW DOMAIN: https://food.kalapara.patuakhali.gov.bd
==================================================
[+] Domain exhausted. Finishing up: https://food.kalapara.patuakhali.gov.bd
==================================================
[*] STARTING NEW DOMAIN: https://khorhomandertalatalpottiparajuniorhighschool.jessoreboard.gov.bd
==================================================
[+] Domain exhausted. Finishing up: https://khorhomandertalatalpottiparajuniorhighschool.jessoreboard.gov.bd
==================================================
[*] STARTING NEW DOMAIN: https://bagerhat.gov.bd
==================================================
[+] Domain exhausted. Finishing up: https://bagerhat.gov.bd
==================================================
[*] STARTING NEW DOMAIN: https://urc.shailkupa.jhenaidah.gov.bd
==================================================
[+] Domain exhausted. Finishing up: https://urc.shailkupa.jhenaidah.gov.bd
==================================================
[*] STARTING NEW DOMAIN: https://food.pabna.gov.bd
==================================================
[+] Domain exhausted. Finishing up: https://food.pabna.gov.bd
==================================================
[*] STARTING NEW DOMAIN: https://uitrce.habiganjsadar.habiganj.gov.bd
==================================================
[+] Domain exhausted. Finishing up: https://uitrce.habiganjsadar.habiganj.gov.bd
==================================================
[*] STARTING NEW DOMAIN: https://pdbf.khoksa.kushtia.gov.bd
==================================================
[+] Domain exhausted. Finishing up: https://pdbf.khoksa.kushtia.gov.bd
==================================================
[*] STARTING NEW DOMAIN: https://police.barlekha.moulvibazar.gov.bd
==================================================
[+] Domain exhausted. Finishing up: https://police.barlekha.moulvibazar.gov.bd
==================================================
[*] STARTING NEW DOMAIN: https://moukhaligovtprimaryschool.jessoreboard.gov.bd
==================================================
[+] Domain exhausted. Finishing up: https://moukhaligovtprimaryschool.jessoreboard.gov.bd
==================================================
[*] STARTING NEW DOMAIN: https://warpo.chattogram.gov.bd
==================================================
[+] Domain exhausted. Finishing up: https://warpo.chattogram.gov.bd
==================================================
[*] STARTING NEW DOMAIN: https://pqsbetuli.moulvibazar.gov.bd
==================================================
[+] Domain exhausted. Finishing up: https://pqsbetuli.moulvibazar.gov.bd
==================================================
[*] STARTING NEW DOMAIN: https://zso.borhanuddin.bhola.gov.bd
==================================================
[+] Domain exhausted. Finishing up: https://zso.borhanuddin.bhola.gov.bd
==================================================
[*] STARTING NEW DOMAIN: https://urc.kachua.bagerhat.gov.bd
==================================================
[+] Domain exhausted. Finishing up: https://urc.kachua.bagerhat.gov.bd
==================================================
[*] STARTING NEW DOMAIN: https://youth.meghna.comilla.gov.bd
==================================================
[+] Domain exhausted. Finishing up: https://youth.meghna.comilla.gov.bd
==================================================
[*] STARTING NEW DOMAIN: https://pio.kamarkhand.sirajganj.gov.bd
==================================================
[+] Domain exhausted. Finishing up: https://pio.kamarkhand.sirajganj.gov.bd
==================================================
[*] STARTING NEW DOMAIN: http://ec.bokshiganj.jamalpur.gov.bd
==================================================
[+] Domain exhausted. Finishing up: http://ec.bokshiganj.jamalpur.gov.bd
==================================================
[*] STARTING NEW DOMAIN: https://bademazubadalsmritiacademy.jessoreboard.gov.bd
==================================================
[+] Domain exhausted. Finishing up: https://bademazubadalsmritiacademy.jessoreboard.gov.bd
==================================================
[*] STARTING NEW DOMAIN: https://prison.shariatpur.gov.bd
==================================================
[+] Domain exhausted. Finishing up: https://prison.shariatpur.gov.bd
==================================================
[*] STARTING NEW DOMAIN: https://chotamoheshkhaliup.coxsbazar.gov.bd
==================================================
[+] Domain exhausted. Finishing up: https://chotamoheshkhaliup.coxsbazar.gov.bd
==================================================
[*] STARTING NEW DOMAIN: https://deb108754.dhakaeducationboard.gov.bd
==================================================
[+] Domain exhausted. Finishing up: https://deb108754.dhakaeducationboard.gov.bd
==================================================
[*] STARTING NEW DOMAIN: https://lohaliaup.patuakhali.gov.bd
==================================================
[+] Domain exhausted. Finishing up: https://lohaliaup.patuakhali.gov.bd
==================================================
[*] STARTING NEW DOMAIN: https://cgbadc.chuadanga.gov.bd
==================================================
[+] Domain exhausted. Finishing up: https://cgbadc.chuadanga.gov.bd
==================================================
[*] STARTING NEW DOMAIN: https://chapartalaup.brahmanbaria.gov.bd
==================================================
[+] Domain exhausted. Finishing up: https://chapartalaup.brahmanbaria.gov.bd
==================================================
[*] STARTING NEW DOMAIN: https://pttc.munshiganj.gov.bd
==================================================
[+] Domain exhausted. Finishing up: https://pttc.munshiganj.gov.bd
==================================================
[*] STARTING NEW DOMAIN: https://ebek.chilmari.kurigram.gov.bd
==================================================
[+] Domain exhausted. Finishing up: https://ebek.chilmari.kurigram.gov.bd
==================================================
[*] STARTING NEW DOMAIN: https://eastsr.rupganj.narayanganj.gov.bd
==================================================
[+] Domain exhausted. Finishing up: https://eastsr.rupganj.narayanganj.gov.bd
==================================================
[*] STARTING NEW DOMAIN: https://skillsportal.gov.bd
==================================================
[+] Domain exhausted. Finishing up: https://skillsportal.gov.bd
==================================================
[*] STARTING NEW DOMAIN: https://dphe.moheshpur.jhenaidah.gov.bd
==================================================
[+] Domain exhausted. Finishing up: https://dphe.moheshpur.jhenaidah.gov.bd
==================================================
[*] STARTING NEW DOMAIN: https://ansarvdp.matiranga.khagrachhari.gov.bd
==================================================
[+] Domain exhausted. Finishing up: https://ansarvdp.matiranga.khagrachhari.gov.bd
==================================================
[*] STARTING NEW DOMAIN: https://rupdiashaheedsmritycollege.jessoreboard.gov.bd
==================================================
[+] Domain exhausted. Finishing up: https://rupdiashaheedsmritycollege.jessoreboard.gov.bd
==================================================
[*] STARTING NEW DOMAIN: https://jms.joypurhat.gov.bd
==================================================
[+] Domain exhausted. Finishing up: https://jms.joypurhat.gov.bd
==================================================
[*] STARTING NEW DOMAIN: https://mybtcl.btcl.gov.bd
==================================================
[+] Domain exhausted. Finishing up: https://mybtcl.btcl.gov.bd
==================================================
[*] STARTING NEW DOMAIN: https://andulbaria.chuadanga.gov.bd
==================================================
[+] Domain exhausted. Finishing up: https://andulbaria.chuadanga.gov.bd
==================================================
[*] STARTING NEW DOMAIN: https://2nokritipurup.naogaon.gov.bd
==================================================
[+] Domain exhausted. Finishing up: https://2nokritipurup.naogaon.gov.bd
==================================================
[*] STARTING NEW DOMAIN: https://athrogasiaup.barguna.gov.bd
==================================================
[+] Domain exhausted. Finishing up: https://athrogasiaup.barguna.gov.bd
==================================================
[*] STARTING NEW DOMAIN: https://pdbf.betagi.barguna.gov.bd
==================================================
[+] Domain exhausted. Finishing up: https://pdbf.betagi.barguna.gov.bd
==================================================
[*] STARTING NEW DOMAIN: https://sarishaup.mymensingh.gov.bd
==================================================
[+] Domain exhausted. Finishing up: https://sarishaup.mymensingh.gov.bd
==================================================
[*] STARTING NEW DOMAIN: https://bartiaup.manikganj.gov.bd
==================================================
[+] Domain exhausted. Finishing up: https://bartiaup.manikganj.gov.bd
==================================================
[*] STARTING NEW DOMAIN: http://deb108101.dhakaeducationboard.gov.bd
==================================================
[+] Domain exhausted. Finishing up: http://deb108101.dhakaeducationboard.gov.bd
==================================================
[*] STARTING NEW DOMAIN: https://dae.zakiganj.sylhet.gov.bd
==================================================
[+] Domain exhausted. Finishing up: https://dae.zakiganj.sylhet.gov.bd
==================================================
[*] STARTING NEW DOMAIN: https://skssecondaryschool.jessoreboard.gov.bd
==================================================
[+] Domain exhausted. Finishing up: https://skssecondaryschool.jessoreboard.gov.bd
==================================================
[*] STARTING NEW DOMAIN: https://pti.sherpur.gov.bd
==================================================
[+] Domain exhausted. Finishing up: https://pti.sherpur.gov.bd
==================================================
[*] STARTING NEW DOMAIN: https://deb112590.dhakaeducationboard.gov.bd
==================================================
[+] Domain exhausted. Finishing up: https://deb112590.dhakaeducationboard.gov.bd
==================================================
[*] STARTING NEW DOMAIN: https://rangabaliup.patuakhali.gov.bd
==================================================
[+] Domain exhausted. Finishing up: https://rangabaliup.patuakhali.gov.bd
==================================================
[*] STARTING NEW DOMAIN: https://dncrp.lalmonirhat.gov.bd
==================================================
[+] Domain exhausted. Finishing up: https://dncrp.lalmonirhat.gov.bd
==================================================
[*] STARTING NEW DOMAIN: https://rootcertificate.cca.gov.bd
==================================================
[+] Domain exhausted. Finishing up: https://rootcertificate.cca.gov.bd
==================================================
[*] STARTING NEW DOMAIN: https://deb112837.dhakaeducationboard.gov.bd
==================================================
[+] Domain exhausted. Finishing up: https://deb112837.dhakaeducationboard.gov.bd
==================================================
[*] STARTING NEW DOMAIN: https://deb114455.dhakaeducationboard.gov.bd
==================================================
[+] Domain exhausted. Finishing up: https://deb114455.dhakaeducationboard.gov.bd
==================================================
[*] STARTING NEW DOMAIN: https://raonarsingdi.krishibank.gov.bd
==================================================
[+] Domain exhausted. Finishing up: https://raonarsingdi.krishibank.gov.bd
==================================================
[*] STARTING NEW DOMAIN: https://dss.mehendiganj.barisal.gov.bd
==================================================
[+] Domain exhausted. Finishing up: https://dss.mehendiganj.barisal.gov.bd
==================================================
[*] STARTING NEW DOMAIN: https://report.ncsa.gov.bd
==================================================
[+] Domain exhausted. Finishing up: https://report.ncsa.gov.bd
==================================================
[*] STARTING NEW DOMAIN: https://ansarvdp.faridpur.pabna.gov.bd
==================================================
[+] Domain exhausted. Finishing up: https://ansarvdp.faridpur.pabna.gov.bd
==================================================
[*] STARTING NEW DOMAIN: http://deb108155.dhakaeducationboard.gov.bd
==================================================
[+] Domain exhausted. Finishing up: http://deb108155.dhakaeducationboard.gov.bd
==================================================
[*] STARTING NEW DOMAIN: https://dss.jaldhaka.nilphamari.gov.bd
==================================================
[+] Domain exhausted. Finishing up: https://dss.jaldhaka.nilphamari.gov.bd
==================================================
[*] STARTING NEW DOMAIN: http://cboreg.dwa.gov.bd
==================================================
[+] Domain exhausted. Finishing up: http://cboreg.dwa.gov.bd
==================================================
[*] STARTING NEW DOMAIN: https://gca.comillaboard.gov.bd
==================================================
[+] Domain exhausted. Finishing up: https://gca.comillaboard.gov.bd
==================================================
[*] STARTING NEW DOMAIN: https://so.sadar.munshiganj.gov.bd
==================================================
[+] Domain exhausted. Finishing up: https://so.sadar.munshiganj.gov.bd
==================================================
[*] STARTING NEW DOMAIN: https://deb113340.dhakaeducationboard.gov.bd
==================================================
[+] Domain exhausted. Finishing up: https://deb113340.dhakaeducationboard.gov.bd
==================================================
[*] STARTING NEW DOMAIN: https://deb113534.dhakaeducationboard.gov.bd
==================================================
[+] Domain exhausted. Finishing up: https://deb113534.dhakaeducationboard.gov.bd
==================================================
[*] STARTING NEW DOMAIN: https://soamol.sunamganj.gov.bd
==================================================
[+] Domain exhausted. Finishing up: https://soamol.sunamganj.gov.bd
==================================================
[*] STARTING NEW DOMAIN: https://health.comillasadar.comilla.gov.bd
==================================================
[+] Domain exhausted. Finishing up: https://health.comillasadar.comilla.gov.bd
==================================================
[*] STARTING NEW DOMAIN: https://dao.saghata.gaibandha.gov.bd
==================================================
[+] Domain exhausted. Finishing up: https://dao.saghata.gaibandha.gov.bd
==================================================
[*] STARTING NEW DOMAIN: https://eed.nagarkanda.faridpur.gov.bd
==================================================
[+] Domain exhausted. Finishing up: https://eed.nagarkanda.faridpur.gov.bd
==================================================
[*] STARTING NEW DOMAIN: https://cms.333.gov.bd
==================================================
[+] Domain exhausted. Finishing up: https://cms.333.gov.bd
==================================================
[*] STARTING NEW DOMAIN: https://seo.bishwanath.sylhet.gov.bd
==================================================
[+] Domain exhausted. Finishing up: https://seo.bishwanath.sylhet.gov.bd
==================================================
[*] STARTING NEW DOMAIN: https://deb112483.dhakaeducationboard.gov.bd
==================================================
[+] Domain exhausted. Finishing up: https://deb112483.dhakaeducationboard.gov.bd
==================================================
[*] STARTING NEW DOMAIN: https://sonarongtongibariup.munshiganj.gov.bd
==================================================
[+] Domain exhausted. Finishing up: https://sonarongtongibariup.munshiganj.gov.bd
==================================================
[*] STARTING NEW DOMAIN: https://jamunaoil.gov.bd
==================================================
[+] Domain exhausted. Finishing up: https://jamunaoil.gov.bd
==================================================
[*] STARTING NEW DOMAIN: https://deb108217.dhakaeducationboard.gov.bd
==================================================
[+] Domain exhausted. Finishing up: https://deb108217.dhakaeducationboard.gov.bd
==================================================
[*] STARTING NEW DOMAIN: https://fisheries.brahmanbaria.gov.bd
==================================================
[+] Domain exhausted. Finishing up: https://fisheries.brahmanbaria.gov.bd
==================================================
[*] STARTING NEW DOMAIN: https://insafnagarsecondaryschool.jessoreboard.gov.bd
==================================================
[+] Domain exhausted. Finishing up: https://insafnagarsecondaryschool.jessoreboard.gov.bd
==================================================
[*] STARTING NEW DOMAIN: https://dol.sylhet.gov.bd
==================================================
[+] Domain exhausted. Finishing up: https://dol.sylhet.gov.bd
==================================================
[*] STARTING NEW DOMAIN: https://deb113846.dhakaeducationboard.gov.bd
==================================================
[+] Domain exhausted. Finishing up: https://deb113846.dhakaeducationboard.gov.bd
==================================================
[*] STARTING NEW DOMAIN: https://cooparative.baliakandi.rajbari.gov.bd
==================================================
[+] Domain exhausted. Finishing up: https://cooparative.baliakandi.rajbari.gov.bd
==================================================
[*] STARTING NEW DOMAIN: https://brdb.taltali.barguna.gov.bd
==================================================
[+] Domain exhausted. Finishing up: https://brdb.taltali.barguna.gov.bd
==================================================
[*] STARTING NEW DOMAIN: https://cooperative.birganj.dinajpur.gov.bd
==================================================
[+] Domain exhausted. Finishing up: https://cooperative.birganj.dinajpur.gov.bd
==================================================
[*] STARTING NEW DOMAIN: http://skrssecondarygirlsschool.jessoreboard.gov.bd
==================================================
[+] Domain exhausted. Finishing up: http://skrssecondarygirlsschool.jessoreboard.gov.bd
==================================================
[*] STARTING NEW DOMAIN: https://spcbadc.thakurgaon.gov.bd
==================================================
[+] Domain exhausted. Finishing up: https://spcbadc.thakurgaon.gov.bd
==================================================
[*] STARTING NEW DOMAIN: https://deb111461.dhakaeducationboard.gov.bd
==================================================
[+] Domain exhausted. Finishing up: https://deb111461.dhakaeducationboard.gov.bd
==================================================
[*] STARTING NEW DOMAIN: https://patharbariamojibarrahmansecondaryschool.jessoreboard.gov.bd
==================================================
[+] Domain exhausted. Finishing up: https://patharbariamojibarrahmansecondaryschool.jessoreboard.gov.bd
==================================================
[*] STARTING NEW DOMAIN: https://fpo.phulchari.gaibandha.gov.bd
==================================================
[+] Domain exhausted. Finishing up: https://fpo.phulchari.gaibandha.gov.bd
==================================================
[*] STARTING NEW DOMAIN: https://deb112922.dhakaeducationboard.gov.bd
==================================================
[+] Domain exhausted. Finishing up: https://deb112922.dhakaeducationboard.gov.bd
==================================================
[*] STARTING NEW DOMAIN: https://bnfe.khagrachhari.gov.bd
==================================================
[+] Domain exhausted. Finishing up: https://bnfe.khagrachhari.gov.bd
==================================================
[*] STARTING NEW DOMAIN: https://jahangirpurup.mymensingh.gov.bd
==================================================
[+] Domain exhausted. Finishing up: https://jahangirpurup.mymensingh.gov.bd
==================================================
[*] STARTING NEW DOMAIN: https://deb109092.dhakaeducationboard.gov.bd
==================================================
[+] Domain exhausted. Finishing up: https://deb109092.dhakaeducationboard.gov.bd
==================================================
[*] STARTING NEW DOMAIN: https://badc.kaliganj.jhenaidah.gov.bd
==================================================
[+] Domain exhausted. Finishing up: https://badc.kaliganj.jhenaidah.gov.bd
==================================================
[*] STARTING NEW DOMAIN: https://jatrapurup.kurigram.gov.bd
==================================================
[+] Domain exhausted. Finishing up: https://jatrapurup.kurigram.gov.bd
==================================================
[*] STARTING NEW DOMAIN: https://dao.sonatala.bogra.gov.bd
==================================================
[+] Domain exhausted. Finishing up: https://dao.sonatala.bogra.gov.bd
==================================================
[*] STARTING NEW DOMAIN: https://pdbf.sadar.bogra.gov.bd
==================================================
[+] Domain exhausted. Finishing up: https://pdbf.sadar.bogra.gov.bd
==================================================
[*] STARTING NEW DOMAIN: https://gokulkhalisecondaryschool.jessoreboard.gov.bd
==================================================
[+] Domain exhausted. Finishing up: https://gokulkhalisecondaryschool.jessoreboard.gov.bd
==================================================
[*] STARTING NEW DOMAIN: https://dao.kamalnagar.lakshmipur.gov.bd
==================================================
[+] Domain exhausted. Finishing up: https://dao.kamalnagar.lakshmipur.gov.bd
==================================================
[*] STARTING NEW DOMAIN: https://fpo.pathorghata.barguna.gov.bd
==================================================
[+] Domain exhausted. Finishing up: https://fpo.pathorghata.barguna.gov.bd
==================================================
[*] STARTING NEW DOMAIN: https://dss.dhobaura.mymensingh.gov.bd
==================================================
[+] Domain exhausted. Finishing up: https://dss.dhobaura.mymensingh.gov.bd
==================================================
[*] STARTING NEW DOMAIN: https://sr.charrajibpur.kurigram.gov.bd
==================================================
[+] Domain exhausted. Finishing up: https://sr.charrajibpur.kurigram.gov.bd
==================================================
[*] STARTING NEW DOMAIN: https://ec.juraichari.rangamati.gov.bd
==================================================
[+] Domain exhausted. Finishing up: https://ec.juraichari.rangamati.gov.bd
==================================================
[*] STARTING NEW DOMAIN: https://post.ajmiriganj.habiganj.gov.bd
==================================================
[+] Domain exhausted. Finishing up: https://post.ajmiriganj.habiganj.gov.bd
==================================================
[*] STARTING NEW DOMAIN: https://paikgachhagovthighschool.jessoreboard.gov.bd
==================================================
[+] Domain exhausted. Finishing up: https://paikgachhagovthighschool.jessoreboard.gov.bd
==================================================
[*] STARTING NEW DOMAIN: https://deb113650.dhakaeducationboard.gov.bd
==================================================
[+] Domain exhausted. Finishing up: https://deb113650.dhakaeducationboard.gov.bd
==================================================
[*] STARTING NEW DOMAIN: https://so.charfesson.bhola.gov.bd
==================================================
[+] Domain exhausted. Finishing up: https://so.charfesson.bhola.gov.bd
==================================================
[*] STARTING NEW DOMAIN: https://dae.satkhira.gov.bd
==================================================
[+] Domain exhausted. Finishing up: https://dae.satkhira.gov.bd
==================================================
[*] STARTING NEW DOMAIN: https://bffco.kaptai.rangamati.gov.bd
==================================================
[+] Domain exhausted. Finishing up: https://bffco.kaptai.rangamati.gov.bd
==================================================
[*] STARTING NEW DOMAIN: https://tc.kishoreganj.gov.bd
==================================================
[+] Domain exhausted. Finishing up: https://tc.kishoreganj.gov.bd
==================================================
[*] STARTING NEW DOMAIN: https://cs.gaibandha.gov.bd
==================================================
[+] Domain exhausted. Finishing up: https://cs.gaibandha.gov.bd
==================================================
[*] STARTING NEW DOMAIN: https://deb112857.dhakaeducationboard.gov.bd
==================================================
[+] Domain exhausted. Finishing up: https://deb112857.dhakaeducationboard.gov.bd
==================================================
[*] STARTING NEW DOMAIN: https://deb112794.dhakaeducationboard.gov.bd
==================================================
[+] Domain exhausted. Finishing up: https://deb112794.dhakaeducationboard.gov.bd
==================================================
[*] STARTING NEW DOMAIN: https://dae.gopalpur.tangail.gov.bd
==================================================
[+] Domain exhausted. Finishing up: https://dae.gopalpur.tangail.gov.bd
==================================================
[*] STARTING NEW DOMAIN: https://dao.madhukhali.faridpur.gov.bd
==================================================
[+] Domain exhausted. Finishing up: https://dao.madhukhali.faridpur.gov.bd
==================================================
[*] STARTING NEW DOMAIN: http://deb107984.dhakaeducationboard.gov.bd
==================================================
[+] Domain exhausted. Finishing up: http://deb107984.dhakaeducationboard.gov.bd
==================================================
[*] STARTING NEW DOMAIN: https://health.parbatipur.dinajpur.gov.bd
==================================================
[+] Domain exhausted. Finishing up: https://health.parbatipur.dinajpur.gov.bd
==================================================
[*] STARTING NEW DOMAIN: https://deb108635.dhakaeducationboard.gov.bd
==================================================
[+] Domain exhausted. Finishing up: https://deb108635.dhakaeducationboard.gov.bd
==================================================
[*] STARTING NEW DOMAIN: https://deb112959.dhakaeducationboard.gov.bd
==================================================
[+] Domain exhausted. Finishing up: https://deb112959.dhakaeducationboard.gov.bd
==================================================
[*] STARTING NEW DOMAIN: https://dvh.faridpur.gov.bd
==================================================
[+] Domain exhausted. Finishing up: https://dvh.faridpur.gov.bd
==================================================
[*] STARTING NEW DOMAIN: https://ansarvdpbank.mongla.bagerhat.gov.bd
==================================================
[+] Domain exhausted. Finishing up: https://ansarvdpbank.mongla.bagerhat.gov.bd
==================================================
[*] STARTING NEW DOMAIN: https://deb114116.dhakaeducationboard.gov.bd
==================================================
[+] Domain exhausted. Finishing up: https://deb114116.dhakaeducationboard.gov.bd
==================================================
[*] STARTING NEW DOMAIN: https://acl.sadar.bhola.gov.bd
==================================================
[+] Domain exhausted. Finishing up: https://acl.sadar.bhola.gov.bd
==================================================
[*] STARTING NEW DOMAIN: https://highwaypolice.faridpur.gov.bd
==================================================
[+] Domain exhausted. Finishing up: https://highwaypolice.faridpur.gov.bd
==================================================
[*] STARTING NEW DOMAIN: https://seo.dimla.nilphamari.gov.bd
==================================================
[+] Domain exhausted. Finishing up: https://seo.dimla.nilphamari.gov.bd
==================================================
[*] STARTING NEW DOMAIN: https://ebek.manda.naogaon.gov.bd
==================================================
[+] Domain exhausted. Finishing up: https://ebek.manda.naogaon.gov.bd
==================================================
[*] STARTING NEW DOMAIN: https://dae.pangsa.rajbari.gov.bd
==================================================
[+] Domain exhausted. Finishing up: https://dae.pangsa.rajbari.gov.bd
==================================================
[*] STARTING NEW DOMAIN: https://dpe.bandarban.gov.bd
==================================================
[+] Domain exhausted. Finishing up: https://dpe.bandarban.gov.bd
==================================================
[*] STARTING NEW DOMAIN: https://bbs.sadar.bandarban.gov.bd
==================================================
[+] Domain exhausted. Finishing up: https://bbs.sadar.bandarban.gov.bd
==================================================
[*] STARTING NEW DOMAIN: http://uitrce.pirganj.rangpur.gov.bd
==================================================
[+] Domain exhausted. Finishing up: http://uitrce.pirganj.rangpur.gov.bd
==================================================
[*] STARTING NEW DOMAIN: https://basuparaup.rajshahi.gov.bd
==================================================
[+] Domain exhausted. Finishing up: https://basuparaup.rajshahi.gov.bd
==================================================
[*] STARTING NEW DOMAIN: https://bfri.portal.gov.bd
==================================================
[+] Domain exhausted. Finishing up: https://bfri.portal.gov.bd
==================================================
[*] STARTING NEW DOMAIN: https://shishuacademy.kulaura.moulvibazar.gov.bd
==================================================
[+] Domain exhausted. Finishing up: https://shishuacademy.kulaura.moulvibazar.gov.bd
==================================================
[*] STARTING NEW DOMAIN: https://dae.charfesson.bhola.gov.bd
==================================================
[+] Domain exhausted. Finishing up: https://dae.charfesson.bhola.gov.bd
==================================================
[*] STARTING NEW DOMAIN: https://sca.portal.gov.bd
==================================================
[+] Domain exhausted. Finishing up: https://sca.portal.gov.bd
==================================================
[*] STARTING NEW DOMAIN: https://fpo.jamalganj.sunamganj.gov.bd
==================================================
[+] Domain exhausted. Finishing up: https://fpo.jamalganj.sunamganj.gov.bd
==================================================
[*] STARTING NEW DOMAIN: https://dae.lohagara.narail.gov.bd
==================================================
[+] Domain exhausted. Finishing up: https://dae.lohagara.narail.gov.bd
==================================================
[*] STARTING NEW DOMAIN: https://pbs.dhobaura.mymensingh.gov.bd
==================================================
[+] Domain exhausted. Finishing up: https://pbs.dhobaura.mymensingh.gov.bd
==================================================
[*] STARTING NEW DOMAIN: http://food.bokshiganj.jamalpur.gov.bd
==================================================
[+] Domain exhausted. Finishing up: http://food.bokshiganj.jamalpur.gov.bd
==================================================
[*] STARTING NEW DOMAIN: https://dae.nageshwari.kurigram.gov.bd
==================================================
[+] Domain exhausted. Finishing up: https://dae.nageshwari.kurigram.gov.bd
==================================================
[*] STARTING NEW DOMAIN: https://perkrishnopurmadna.chuadanga.gov.bd
==================================================
[+] Domain exhausted. Finishing up: https://perkrishnopurmadna.chuadanga.gov.bd
==================================================
[*] STARTING NEW DOMAIN: https://guchhogram.portal.gov.bd
==================================================
[+] Domain exhausted. Finishing up: https://guchhogram.portal.gov.bd
==================================================
[*] STARTING NEW DOMAIN: https://doict.daulatpur.manikganj.gov.bd
==================================================
[+] Domain exhausted. Finishing up: https://doict.daulatpur.manikganj.gov.bd
==================================================
[*] STARTING NEW DOMAIN: https://daulatpurgirlscollege.jessoreboard.gov.bd
==================================================
[+] Domain exhausted. Finishing up: https://daulatpurgirlscollege.jessoreboard.gov.bd
==================================================
[*] STARTING NEW DOMAIN: https://sr.haripur.thakurgaon.gov.bd
==================================================
[+] Domain exhausted. Finishing up: https://sr.haripur.thakurgaon.gov.bd
==================================================
[*] STARTING NEW DOMAIN: https://doict.dakshinsurma.sylhet.gov.bd
==================================================
[+] Domain exhausted. Finishing up: https://doict.dakshinsurma.sylhet.gov.bd
==================================================
[*] STARTING NEW DOMAIN: https://bmda.bagha.rajshahi.gov.bd
==================================================
[+] Domain exhausted. Finishing up: https://bmda.bagha.rajshahi.gov.bd
==================================================
[*] STARTING NEW DOMAIN: https://police.araihazar.narayanganj.gov.bd
==================================================
[+] Domain exhausted. Finishing up: https://police.araihazar.narayanganj.gov.bd
==================================================
[*] STARTING NEW DOMAIN: https://dhakasouthzo.pkb.gov.bd
==================================================
[+] Domain exhausted. Finishing up: https://dhakasouthzo.pkb.gov.bd
==================================================
[*] STARTING NEW DOMAIN: https://savings.nilphamari.gov.bd
==================================================
[+] Domain exhausted. Finishing up: https://savings.nilphamari.gov.bd
==================================================
[*] STARTING NEW DOMAIN: https://bbs.baliakandi.rajbari.gov.bd
==================================================
[+] Domain exhausted. Finishing up: https://bbs.baliakandi.rajbari.gov.bd
==================================================
[*] STARTING NEW DOMAIN: https://deo.borhanuddin.bhola.gov.bd
==================================================
[+] Domain exhausted. Finishing up: https://deo.borhanuddin.bhola.gov.bd
==================================================
[*] STARTING NEW DOMAIN: https://deb130757.dhakaeducationboard.gov.bd
==================================================
[+] Domain exhausted. Finishing up: https://deb130757.dhakaeducationboard.gov.bd
==================================================
[*] STARTING NEW DOMAIN: https://deb111249.dhakaeducationboard.gov.bd
==================================================
[+] Domain exhausted. Finishing up: https://deb111249.dhakaeducationboard.gov.bd
==================================================
[*] STARTING NEW DOMAIN: https://doict.ranisankail.thakurgaon.gov.bd
==================================================
[+] Domain exhausted. Finishing up: https://doict.ranisankail.thakurgaon.gov.bd
==================================================
[*] STARTING NEW DOMAIN: https://deb138644.dhakaeducationboard.gov.bd
==================================================
[+] Domain exhausted. Finishing up: https://deb138644.dhakaeducationboard.gov.bd
==================================================
[*] STARTING NEW DOMAIN: https://asu.barhatta.netrokona.gov.bd
==================================================
[+] Domain exhausted. Finishing up: https://asu.barhatta.netrokona.gov.bd
==================================================
[*] STARTING NEW DOMAIN: https://deb190191.dhakaeducationboard.gov.bd
==================================================
[+] Domain exhausted. Finishing up: https://deb190191.dhakaeducationboard.gov.bd
==================================================
[*] STARTING NEW DOMAIN: https://bcsl.gov.bd
==================================================
[+] Domain exhausted. Finishing up: https://bcsl.gov.bd
==================================================
[*] STARTING NEW DOMAIN: https://doict.feni.gov.bd
==================================================
[+] Domain exhausted. Finishing up: https://doict.feni.gov.bd
==================================================
[*] STARTING NEW DOMAIN: https://saocl.portal.gov.bd
==================================================
[+] Domain exhausted. Finishing up: https://saocl.portal.gov.bd
==================================================
[*] STARTING NEW DOMAIN: https://deb134144.dhakaeducationboard.gov.bd
==================================================
[+] Domain exhausted. Finishing up: https://deb134144.dhakaeducationboard.gov.bd
==================================================
[*] STARTING NEW DOMAIN: https://dphe.madarganj.jamalpur.gov.bd
==================================================
[+] Domain exhausted. Finishing up: https://dphe.madarganj.jamalpur.gov.bd
==================================================
[*] STARTING NEW DOMAIN: https://pio.chauhali.sirajganj.gov.bd
==================================================
[+] Domain exhausted. Finishing up: https://pio.chauhali.sirajganj.gov.bd
==================================================
[*] STARTING NEW DOMAIN: https://deb138055.dhakaeducationboard.gov.bd
==================================================
[+] Domain exhausted. Finishing up: https://deb138055.dhakaeducationboard.gov.bd
==================================================
[*] STARTING NEW DOMAIN: https://doj.noakhali.gov.bd
==================================================
[+] Domain exhausted. Finishing up: https://doj.noakhali.gov.bd
==================================================
[*] STARTING NEW DOMAIN: https://fisheries.chapainawabganj.gov.bd
==================================================
[+] Domain exhausted. Finishing up: https://fisheries.chapainawabganj.gov.bd
==================================================
[*] STARTING NEW DOMAIN: https://dewkalashup.sylhet.gov.bd
==================================================
[+] Domain exhausted. Finishing up: https://dewkalashup.sylhet.gov.bd
==================================================
[*] STARTING NEW DOMAIN: https://deb139532.dhakaeducationboard.gov.bd
==================================================
[+] Domain exhausted. Finishing up: https://deb139532.dhakaeducationboard.gov.bd
==================================================
[*] STARTING NEW DOMAIN: https://dr.bogra.gov.bd
==================================================
[+] Domain exhausted. Finishing up: https://dr.bogra.gov.bd
==================================================
[*] STARTING NEW DOMAIN: https://doict.bancharampur.brahmanbaria.gov.bd
==================================================
[+] Domain exhausted. Finishing up: https://doict.bancharampur.brahmanbaria.gov.bd
==================================================
[*] STARTING NEW DOMAIN: https://deb140550.dhakaeducationboard.gov.bd
==================================================
[+] Domain exhausted. Finishing up: https://deb140550.dhakaeducationboard.gov.bd
==================================================
[*] STARTING NEW DOMAIN: https://acl.godagari.rajshahi.gov.bd
==================================================
[+] Domain exhausted. Finishing up: https://acl.godagari.rajshahi.gov.bd
==================================================
[*] STARTING NEW DOMAIN: http://irbadc.sadar.jhalakathi.gov.bd
==================================================
[+] Domain exhausted. Finishing up: http://irbadc.sadar.jhalakathi.gov.bd
==================================================
[*] STARTING NEW DOMAIN: https://dls.karimgonj.kishoreganj.gov.bd
==================================================
[+] Domain exhausted. Finishing up: https://dls.karimgonj.kishoreganj.gov.bd
==================================================
[*] STARTING NEW DOMAIN: https://dphe.netrokonasadar.netrokona.gov.bd
==================================================
[+] Domain exhausted. Finishing up: https://dphe.netrokonasadar.netrokona.gov.bd
==================================================
[*] STARTING NEW DOMAIN: https://deb114493.dhakaeducationboard.gov.bd
==================================================
[+] Domain exhausted. Finishing up: https://deb114493.dhakaeducationboard.gov.bd
==================================================
[*] STARTING NEW DOMAIN: https://deb135310.dhakaeducationboard.gov.bd
==================================================
[+] Domain exhausted. Finishing up: https://deb135310.dhakaeducationboard.gov.bd
==================================================
[*] STARTING NEW DOMAIN: https://brdb.langadu.rangamati.gov.bd
==================================================
[+] Domain exhausted. Finishing up: https://brdb.langadu.rangamati.gov.bd
==================================================
[*] STARTING NEW DOMAIN: https://sr.bishwanath.sylhet.gov.bd
==================================================
[+] Domain exhausted. Finishing up: https://sr.bishwanath.sylhet.gov.bd
==================================================
[*] STARTING NEW DOMAIN: https://deb138381.dhakaeducationboard.gov.bd
==================================================
[+] Domain exhausted. Finishing up: https://deb138381.dhakaeducationboard.gov.bd
==================================================
[*] STARTING NEW DOMAIN: https://deo.nalitabari.sherpur.gov.bd
==================================================
[+] Domain exhausted. Finishing up: https://deo.nalitabari.sherpur.gov.bd
==================================================
[*] STARTING NEW DOMAIN: https://pahordangaup.narail.gov.bd
==================================================
[+] Domain exhausted. Finishing up: https://pahordangaup.narail.gov.bd
==================================================
[*] STARTING NEW DOMAIN: https://acl.trishal.mymensingh.gov.bd
==================================================
[+] Domain exhausted. Finishing up: https://acl.trishal.mymensingh.gov.bd
==================================================
[*] STARTING NEW DOMAIN: https://bbs.banaripara.barisal.gov.bd
==================================================
[+] Domain exhausted. Finishing up: https://bbs.banaripara.barisal.gov.bd
==================================================
[*] STARTING NEW DOMAIN: https://deb113270.dhakaeducationboard.gov.bd
==================================================
[+] Domain exhausted. Finishing up: https://deb113270.dhakaeducationboard.gov.bd
==================================================
[*] STARTING NEW DOMAIN: https://deb190125.dhakaeducationboard.gov.bd
==================================================
[+] Domain exhausted. Finishing up: https://deb190125.dhakaeducationboard.gov.bd
==================================================
[*] STARTING NEW DOMAIN: https://deb135325.dhakaeducationboard.gov.bd
==================================================
[+] Domain exhausted. Finishing up: https://deb135325.dhakaeducationboard.gov.bd
==================================================
[*] STARTING NEW DOMAIN: https://deb112618.dhakaeducationboard.gov.bd
==================================================
[+] Domain exhausted. Finishing up: https://deb112618.dhakaeducationboard.gov.bd
==================================================
[*] STARTING NEW DOMAIN: https://deb139704.dhakaeducationboard.gov.bd
==================================================
[+] Domain exhausted. Finishing up: https://deb139704.dhakaeducationboard.gov.bd
==================================================
[*] STARTING NEW DOMAIN: https://ballaup.tangail.gov.bd
==================================================
[+] Domain exhausted. Finishing up: https://ballaup.tangail.gov.bd
==================================================
[*] STARTING NEW DOMAIN: https://deb112895.dhakaeducationboard.gov.bd
==================================================
[+] Domain exhausted. Finishing up: https://deb112895.dhakaeducationboard.gov.bd
==================================================
[*] STARTING NEW DOMAIN: https://fisheries.debhata.satkhira.gov.bd
==================================================
[+] Domain exhausted. Finishing up: https://fisheries.debhata.satkhira.gov.bd
==================================================
[*] STARTING NEW DOMAIN: https://dls.digholia.khulna.gov.bd
==================================================
[+] Domain exhausted. Finishing up: https://dls.digholia.khulna.gov.bd
==================================================
[*] STARTING NEW DOMAIN: https://archive-lawjusticediv.gov.bd
==================================================
[+] Domain exhausted. Finishing up: https://archive-lawjusticediv.gov.bd
==================================================
[*] STARTING NEW DOMAIN: https://fpo.kaliganj.jhenaidah.gov.bd
==================================================
[+] Domain exhausted. Finishing up: https://fpo.kaliganj.jhenaidah.gov.bd
==================================================
[*] STARTING NEW DOMAIN: https://deb138357.dhakaeducationboard.gov.bd
==================================================
[+] Domain exhausted. Finishing up: https://deb138357.dhakaeducationboard.gov.bd
==================================================
[*] STARTING NEW DOMAIN: https://deb111370.dhakaeducationboard.gov.bd
==================================================
[+] Domain exhausted. Finishing up: https://deb111370.dhakaeducationboard.gov.bd
==================================================
[*] STARTING NEW DOMAIN: https://pio.trishal.mymensingh.gov.bd
==================================================
[+] Domain exhausted. Finishing up: https://pio.trishal.mymensingh.gov.bd
==================================================
[*] STARTING NEW DOMAIN: https://doict.raipura.narsingdi.gov.bd
==================================================
[+] Domain exhausted. Finishing up: https://doict.raipura.narsingdi.gov.bd
==================================================
[*] STARTING NEW DOMAIN: https://dphe.akhaura.brahmanbaria.gov.bd
==================================================
[+] Domain exhausted. Finishing up: https://dphe.akhaura.brahmanbaria.gov.bd
==================================================
[*] STARTING NEW DOMAIN: https://savings.jamalpur.gov.bd
==================================================
[+] Domain exhausted. Finishing up: https://savings.jamalpur.gov.bd
==================================================
[*] STARTING NEW DOMAIN: https://deb139440.dhakaeducationboard.gov.bd
==================================================
[+] Domain exhausted. Finishing up: https://deb139440.dhakaeducationboard.gov.bd
==================================================
[*] STARTING NEW DOMAIN: https://deb138966.dhakaeducationboard.gov.bd
==================================================
[+] Domain exhausted. Finishing up: https://deb138966.dhakaeducationboard.gov.bd
==================================================
[*] STARTING NEW DOMAIN: https://deb113029.dhakaeducationboard.gov.bd
==================================================
[+] Domain exhausted. Finishing up: https://deb113029.dhakaeducationboard.gov.bd
==================================================
[*] STARTING NEW DOMAIN: https://doict.shalla.sunamganj.gov.bd
==================================================
[+] Domain exhausted. Finishing up: https://doict.shalla.sunamganj.gov.bd
==================================================
[*] STARTING NEW DOMAIN: https://dls.sreepur.gazipur.gov.bd
==================================================
[+] Domain exhausted. Finishing up: https://dls.sreepur.gazipur.gov.bd
==================================================
[*] STARTING NEW DOMAIN: https://fisheries.bandar.narayanganj.gov.bd
==================================================
[+] Domain exhausted. Finishing up: https://fisheries.bandar.narayanganj.gov.bd
==================================================
[*] STARTING NEW DOMAIN: https://forest.naikhongchhari.bandarban.gov.bd
==================================================
[+] Domain exhausted. Finishing up: https://forest.naikhongchhari.bandarban.gov.bd
==================================================
[*] STARTING NEW DOMAIN: https://doict.magurasadar.magura.gov.bd
==================================================
[+] Domain exhausted. Finishing up: https://doict.magurasadar.magura.gov.bd
==================================================
[*] STARTING NEW DOMAIN: https://brdb.kalmakanda.netrokona.gov.bd
==================================================
[+] Domain exhausted. Finishing up: https://brdb.kalmakanda.netrokona.gov.bd
==================================================
[*] STARTING NEW DOMAIN: https://dipsecretariat.dhaka.gov.bd
==================================================
[+] Domain exhausted. Finishing up: https://dipsecretariat.dhaka.gov.bd
==================================================
[*] STARTING NEW DOMAIN: https://dncrp.rajbari.gov.bd
==================================================
[+] Domain exhausted. Finishing up: https://dncrp.rajbari.gov.bd
==================================================
[*] STARTING NEW DOMAIN: https://bbs.narail.gov.bd
==================================================
[+] Domain exhausted. Finishing up: https://bbs.narail.gov.bd
==================================================
[*] STARTING NEW DOMAIN: https://deb113835.dhakaeducationboard.gov.bd
==================================================
[+] Domain exhausted. Finishing up: https://deb113835.dhakaeducationboard.gov.bd
==================================================
[*] STARTING NEW DOMAIN: https://bmda.ranisankail.thakurgaon.gov.bd
==================================================
[+] Domain exhausted. Finishing up: https://bmda.ranisankail.thakurgaon.gov.bd
==================================================
[*] STARTING NEW DOMAIN: https://deb137664.dhakaeducationboard.gov.bd
==================================================
[+] Domain exhausted. Finishing up: https://deb137664.dhakaeducationboard.gov.bd
==================================================
[*] STARTING NEW DOMAIN: https://deb113975.dhakaeducationboard.gov.bd
==================================================
[+] Domain exhausted. Finishing up: https://deb113975.dhakaeducationboard.gov.bd
==================================================
[*] STARTING NEW DOMAIN: https://dhakuriaup.jessore.gov.bd
==================================================
[+] Domain exhausted. Finishing up: https://dhakuriaup.jessore.gov.bd
==================================================
[*] STARTING NEW DOMAIN: https://asu.shibganj.bogra.gov.bd
==================================================
[+] Domain exhausted. Finishing up: https://asu.shibganj.bogra.gov.bd
==================================================
[*] STARTING NEW DOMAIN: https://ais.chittagong.gov.bd
==================================================
[+] Domain exhausted. Finishing up: https://ais.chittagong.gov.bd
==================================================
[*] STARTING NEW DOMAIN: https://deo.shibchar.madaripur.gov.bd
==================================================
[+] Domain exhausted. Finishing up: https://deo.shibchar.madaripur.gov.bd
==================================================
[*] STARTING NEW DOMAIN: https://deb134245.dhakaeducationboard.gov.bd
==================================================
[+] Domain exhausted. Finishing up: https://deb134245.dhakaeducationboard.gov.bd
==================================================
[*] STARTING NEW DOMAIN: https://elibrary.sreda.gov.bd
==================================================
[+] Domain exhausted. Finishing up: https://elibrary.sreda.gov.bd
==================================================
[*] STARTING NEW DOMAIN: https://deb131919.dhakaeducationboard.gov.bd
==================================================
[+] Domain exhausted. Finishing up: https://deb131919.dhakaeducationboard.gov.bd
==================================================
[*] STARTING NEW DOMAIN: https://dnc.gazipur.gov.bd
==================================================
[+] Domain exhausted. Finishing up: https://dnc.gazipur.gov.bd
==================================================
[*] STARTING NEW DOMAIN: https://dss.panchbibi.joypurhat.gov.bd
==================================================
[+] Domain exhausted. Finishing up: https://dss.panchbibi.joypurhat.gov.bd
==================================================
[*] STARTING NEW DOMAIN: https://pdbf.chatmohar.pabna.gov.bd
==================================================
[+] Domain exhausted. Finishing up: https://pdbf.chatmohar.pabna.gov.bd
==================================================
[*] STARTING NEW DOMAIN: https://deo.comilla.gov.bd
==================================================
[+] Domain exhausted. Finishing up: https://deo.comilla.gov.bd
==================================================
[*] STARTING NEW DOMAIN: https://badc.kazipur.sirajganj.gov.bd
==================================================
[+] Domain exhausted. Finishing up: https://badc.kazipur.sirajganj.gov.bd
==================================================
[*] STARTING NEW DOMAIN: https://deb114012.dhakaeducationboard.gov.bd
==================================================
[+] Domain exhausted. Finishing up: https://deb114012.dhakaeducationboard.gov.bd
==================================================
[*] STARTING NEW DOMAIN: https://deb134509.dhakaeducationboard.gov.bd
==================================================
[+] Domain exhausted. Finishing up: https://deb134509.dhakaeducationboard.gov.bd
==================================================
[*] STARTING NEW DOMAIN: https://deb138779.dhakaeducationboard.gov.bd
==================================================
[+] Domain exhausted. Finishing up: https://deb138779.dhakaeducationboard.gov.bd
==================================================
[*] STARTING NEW DOMAIN: https://eed.burichang.comilla.gov.bd
==================================================
[+] Domain exhausted. Finishing up: https://eed.burichang.comilla.gov.bd
==================================================
[*] STARTING NEW DOMAIN: https://deb190058.dhakaeducationboard.gov.bd
==================================================
[+] Domain exhausted. Finishing up: https://deb190058.dhakaeducationboard.gov.bd
==================================================
[*] STARTING NEW DOMAIN: https://pwd.jessore.gov.bd
==================================================
[+] Domain exhausted. Finishing up: https://pwd.jessore.gov.bd
==================================================
[*] STARTING NEW DOMAIN: https://parkhajurasecondaryschool.jessoreboard.gov.bd
==================================================
[+] Domain exhausted. Finishing up: https://parkhajurasecondaryschool.jessoreboard.gov.bd
==================================================
[*] STARTING NEW DOMAIN: https://dls.jhenaigati.sherpur.gov.bd
==================================================
[+] Domain exhausted. Finishing up: https://dls.jhenaigati.sherpur.gov.bd
==================================================
[*] STARTING NEW DOMAIN: https://gmcf.rangpur.gov.bd
==================================================
[+] Domain exhausted. Finishing up: https://gmcf.rangpur.gov.bd
==================================================
[*] STARTING NEW DOMAIN: https://doict.muktagacha.mymensingh.gov.bd
==================================================
[+] Domain exhausted. Finishing up: https://doict.muktagacha.mymensingh.gov.bd
==================================================
[*] STARTING NEW DOMAIN: https://doict.saghata.gaibandha.gov.bd
==================================================
[+] Domain exhausted. Finishing up: https://doict.saghata.gaibandha.gov.bd
==================================================
[*] STARTING NEW DOMAIN: https://deb111685.dhakaeducationboard.gov.bd
==================================================
[+] Domain exhausted. Finishing up: https://deb111685.dhakaeducationboard.gov.bd
==================================================
[*] STARTING NEW DOMAIN: https://brta.rajbari.gov.bd
==================================================
[+] Domain exhausted. Finishing up: https://brta.rajbari.gov.bd
==================================================
[*] STARTING NEW DOMAIN: https://deb113579.dhakaeducationboard.gov.bd
==================================================
[+] Domain exhausted. Finishing up: https://deb113579.dhakaeducationboard.gov.bd
==================================================
[*] STARTING NEW DOMAIN: https://brdb.fulbaria.mymensingh.gov.bd
==================================================
[+] Domain exhausted. Finishing up: https://brdb.fulbaria.mymensingh.gov.bd
==================================================
[*] STARTING NEW DOMAIN: https://savings.rajshahidiv.gov.bd
==================================================
[+] Domain exhausted. Finishing up: https://savings.rajshahidiv.gov.bd
==================================================
[*] STARTING NEW DOMAIN: https://daudpublicschoolandcollege.jessoreboard.gov.bd
==================================================
[+] Domain exhausted. Finishing up: https://daudpublicschoolandcollege.jessoreboard.gov.bd
==================================================
[*] STARTING NEW DOMAIN: https://deb110079.dhakaeducationboard.gov.bd
==================================================
[+] Domain exhausted. Finishing up: https://deb110079.dhakaeducationboard.gov.bd
==================================================
[*] STARTING NEW DOMAIN: https://brdb.kuliarchar.kishoreganj.gov.bd
==================================================
[+] Domain exhausted. Finishing up: https://brdb.kuliarchar.kishoreganj.gov.bd
==================================================
[*] STARTING NEW DOMAIN: https://dae.natoresadar.natore.gov.bd
==================================================
[+] Domain exhausted. Finishing up: https://dae.natoresadar.natore.gov.bd
==================================================
[*] STARTING NEW DOMAIN: https://dls.dighinala.khagrachhari.gov.bd
==================================================
[+] Domain exhausted. Finishing up: https://dls.dighinala.khagrachhari.gov.bd
==================================================
[*] STARTING NEW DOMAIN: https://deb110268.dhakaeducationboard.gov.bd
==================================================
[+] Domain exhausted. Finishing up: https://deb110268.dhakaeducationboard.gov.bd
==================================================
[*] STARTING NEW DOMAIN: https://deb110957.dhakaeducationboard.gov.bd
==================================================
[+] Domain exhausted. Finishing up: https://deb110957.dhakaeducationboard.gov.bd
==================================================
[*] STARTING NEW DOMAIN: https://bforest.dhakadiv.gov.bd
==================================================
[+] Domain exhausted. Finishing up: https://bforest.dhakadiv.gov.bd
==================================================
[*] STARTING NEW DOMAIN: https://jms.gopalganj.gov.bd
==================================================
[+] Domain exhausted. Finishing up: https://jms.gopalganj.gov.bd
==================================================
[*] STARTING NEW DOMAIN: https://sadar.chandpur.gov.bd
==================================================
[+] Domain exhausted. Finishing up: https://sadar.chandpur.gov.bd
==================================================
[*] STARTING NEW DOMAIN: https://brdb.mirsharai.chittagong.gov.bd
==================================================
[+] Domain exhausted. Finishing up: https://brdb.mirsharai.chittagong.gov.bd
==================================================
[*] STARTING NEW DOMAIN: https://deb109327.dhakaeducationboard.gov.bd
==================================================
[+] Domain exhausted. Finishing up: https://deb109327.dhakaeducationboard.gov.bd
==================================================
[*] STARTING NEW DOMAIN: https://ars.kishoreganj.gov.bd
==================================================
[+] Domain exhausted. Finishing up: https://ars.kishoreganj.gov.bd
==================================================
[*] STARTING NEW DOMAIN: https://jamchariup.bandarban.gov.bd
==================================================
[+] Domain exhausted. Finishing up: https://jamchariup.bandarban.gov.bd
==================================================
[*] STARTING NEW DOMAIN: https://deb111099.dhakaeducationboard.gov.bd
==================================================
[+] Domain exhausted. Finishing up: https://deb111099.dhakaeducationboard.gov.bd
==================================================
[*] STARTING NEW DOMAIN: https://bokshiganj.jamalpur.gov.bd
==================================================
[+] Domain exhausted. Finishing up: https://bokshiganj.jamalpur.gov.bd
==================================================
[*] STARTING NEW DOMAIN: https://hannayrailwaysecondaryschool.jessoreboard.gov.bd
==================================================
[+] Domain exhausted. Finishing up: https://hannayrailwaysecondaryschool.jessoreboard.gov.bd
==================================================
[*] STARTING NEW DOMAIN: https://psosk.bhaluka.mymensingh.gov.bd
==================================================
[+] Domain exhausted. Finishing up: https://psosk.bhaluka.mymensingh.gov.bd
==================================================
[*] STARTING NEW DOMAIN: https://asu.pathorghata.barguna.gov.bd
==================================================
[+] Domain exhausted. Finishing up: https://asu.pathorghata.barguna.gov.bd
==================================================
[*] STARTING NEW DOMAIN: https://gazipurup.gazipur.gov.bd
==================================================
[+] Domain exhausted. Finishing up: https://gazipurup.gazipur.gov.bd
==================================================
[*] STARTING NEW DOMAIN: https://deb110716.dhakaeducationboard.gov.bd
==================================================
[+] Domain exhausted. Finishing up: https://deb110716.dhakaeducationboard.gov.bd
==================================================
[*] STARTING NEW DOMAIN: https://brdb.gomostapur.chapainawabganj.gov.bd
==================================================
[+] Domain exhausted. Finishing up: https://brdb.gomostapur.chapainawabganj.gov.bd
==================================================
[*] STARTING NEW DOMAIN: https://deb109622.dhakaeducationboard.gov.bd
==================================================
[+] Domain exhausted. Finishing up: https://deb109622.dhakaeducationboard.gov.bd
==================================================
[*] STARTING NEW DOMAIN: https://bdcdrsl.portal.gov.bd
==================================================
[+] Domain exhausted. Finishing up: https://bdcdrsl.portal.gov.bd
==================================================
[*] STARTING NEW DOMAIN: https://deb108674.dhakaeducationboard.gov.bd
==================================================
[+] Domain exhausted. Finishing up: https://deb108674.dhakaeducationboard.gov.bd
==================================================
[*] STARTING NEW DOMAIN: https://deb111679.dhakaeducationboard.gov.bd
==================================================
[+] Domain exhausted. Finishing up: https://deb111679.dhakaeducationboard.gov.bd
==================================================
[*] STARTING NEW DOMAIN: https://dshe.bagherpara.jessore.gov.bd
==================================================
[+] Domain exhausted. Finishing up: https://dshe.bagherpara.jessore.gov.bd
==================================================
[*] STARTING NEW DOMAIN: https://pozip.pakundia.kishoreganj.gov.bd
==================================================
[+] Domain exhausted. Finishing up: https://pozip.pakundia.kishoreganj.gov.bd
==================================================
[*] STARTING NEW DOMAIN: https://bbs.sarishabari.jamalpur.gov.bd
==================================================
[+] Domain exhausted. Finishing up: https://bbs.sarishabari.jamalpur.gov.bd
==================================================
[*] STARTING NEW DOMAIN: https://deb111215.dhakaeducationboard.gov.bd
==================================================
[+] Domain exhausted. Finishing up: https://deb111215.dhakaeducationboard.gov.bd
==================================================
[*] STARTING NEW DOMAIN: https://deb109820.dhakaeducationboard.gov.bd
==================================================
[+] Domain exhausted. Finishing up: https://deb109820.dhakaeducationboard.gov.bd
==================================================
[*] STARTING NEW DOMAIN: https://bscic.pabna.gov.bd
==================================================
[+] Domain exhausted. Finishing up: https://bscic.pabna.gov.bd
==================================================
[*] STARTING NEW DOMAIN: https://uitrce.nageshwari.kurigram.gov.bd
==================================================
[+] Domain exhausted. Finishing up: https://uitrce.nageshwari.kurigram.gov.bd
==================================================
[*] STARTING NEW DOMAIN: https://jibannagarthanapilotsecondarygirlsschool.jessoreboard.gov.bd
==================================================
[+] Domain exhausted. Finishing up: https://jibannagarthanapilotsecondarygirlsschool.jessoreboard.gov.bd
==================================================
[*] STARTING NEW DOMAIN: https://police.moheshpur.jhenaidah.gov.bd
==================================================
[+] Domain exhausted. Finishing up: https://police.moheshpur.jhenaidah.gov.bd
==================================================
[*] STARTING NEW DOMAIN: https://ebek.sreemangal.moulvibazar.gov.bd
==================================================
[+] Domain exhausted. Finishing up: https://ebek.sreemangal.moulvibazar.gov.bd
==================================================
[*] STARTING NEW DOMAIN: https://ghutudiaup.khulna.gov.bd
==================================================
[+] Domain exhausted. Finishing up: https://ghutudiaup.khulna.gov.bd
==================================================
[*] STARTING NEW DOMAIN: https://deb111283.dhakaeducationboard.gov.bd
==================================================
[+] Domain exhausted. Finishing up: https://deb111283.dhakaeducationboard.gov.bd
==================================================
[*] STARTING NEW DOMAIN: https://dwa.chauhali.sirajganj.gov.bd
==================================================
[+] Domain exhausted. Finishing up: https://dwa.chauhali.sirajganj.gov.bd
==================================================
[*] STARTING NEW DOMAIN: http://eservices.mofl.gov.bd
==================================================
[+] Domain exhausted. Finishing up: http://eservices.mofl.gov.bd
==================================================
[*] STARTING NEW DOMAIN: https://kalbarinekzaniasecondaryschool.jessoreboard.gov.bd
==================================================
[+] Domain exhausted. Finishing up: https://kalbarinekzaniasecondaryschool.jessoreboard.gov.bd
==================================================
[*] STARTING NEW DOMAIN: https://dss.meherpur.gov.bd
==================================================
[+] Domain exhausted. Finishing up: https://dss.meherpur.gov.bd
==================================================
[*] STARTING NEW DOMAIN: https://jahapurup.comilla.gov.bd
==================================================
[+] Domain exhausted. Finishing up: https://jahapurup.comilla.gov.bd
==================================================
[*] STARTING NEW DOMAIN: https://rhd.faridpur.gov.bd
==================================================
[+] Domain exhausted. Finishing up: https://rhd.faridpur.gov.bd
==================================================
[*] STARTING NEW DOMAIN: https://bkttcdhaka.gov.bd
==================================================
[+] Domain exhausted. Finishing up: https://bkttcdhaka.gov.bd
==================================================
[*] STARTING NEW DOMAIN: https://eed.shibchar.madaripur.gov.bd
==================================================
[+] Domain exhausted. Finishing up: https://eed.shibchar.madaripur.gov.bd
==================================================
[*] STARTING NEW DOMAIN: https://fireservice.nalitabari.sherpur.gov.bd
==================================================
[+] Domain exhausted. Finishing up: https://fireservice.nalitabari.sherpur.gov.bd
==================================================
[*] STARTING NEW DOMAIN: https://ahcollege.gov.bd
==================================================
[+] Domain exhausted. Finishing up: https://ahcollege.gov.bd
==================================================
[*] STARTING NEW DOMAIN: https://food.nawabganj.dhaka.gov.bd
==================================================
[+] Domain exhausted. Finishing up: https://food.nawabganj.dhaka.gov.bd
==================================================
[*] STARTING NEW DOMAIN: https://fqobhomra.satkhirasadar.satkhira.gov.bd
==================================================
[+] Domain exhausted. Finishing up: https://fqobhomra.satkhirasadar.satkhira.gov.bd
==================================================
[*] STARTING NEW DOMAIN: https://fpo.kawkhali.pirojpur.gov.bd
==================================================
[+] Domain exhausted. Finishing up: https://fpo.kawkhali.pirojpur.gov.bd
==================================================
[*] STARTING NEW DOMAIN: https://deb110438.dhakaeducationboard.gov.bd
==================================================
[+] Domain exhausted. Finishing up: https://deb110438.dhakaeducationboard.gov.bd
==================================================
[*] STARTING NEW DOMAIN: https://cooperative.kishorganj.nilphamari.gov.bd
==================================================
[+] Domain exhausted. Finishing up: https://cooperative.kishorganj.nilphamari.gov.bd
==================================================
[*] STARTING NEW DOMAIN: https://food.golapganj.sylhet.gov.bd
==================================================
[+] Domain exhausted. Finishing up: https://food.golapganj.sylhet.gov.bd
==================================================
[*] STARTING NEW DOMAIN: https://deb108643.dhakaeducationboard.gov.bd
==================================================
[+] Domain exhausted. Finishing up: https://deb108643.dhakaeducationboard.gov.bd
==================================================
[*] STARTING NEW DOMAIN: https://fireservice.borhanuddin.bhola.gov.bd
==================================================
[+] Domain exhausted. Finishing up: https://fireservice.borhanuddin.bhola.gov.bd
==================================================
[*] STARTING NEW DOMAIN: https://dphe.singiar.manikganj.gov.bd
==================================================
[+] Domain exhausted. Finishing up: https://dphe.singiar.manikganj.gov.bd
==================================================
[*] STARTING NEW DOMAIN: https://deb108416.dhakaeducationboard.gov.bd
==================================================
[+] Domain exhausted. Finishing up: https://deb108416.dhakaeducationboard.gov.bd
==================================================
[*] STARTING NEW DOMAIN: https://rhd.chittagongdiv.gov.bd
==================================================
[+] Domain exhausted. Finishing up: https://rhd.chittagongdiv.gov.bd
==================================================
[*] STARTING NEW DOMAIN: https://fisheries.begumganj.noakhali.gov.bd
==================================================
[+] Domain exhausted. Finishing up: https://fisheries.begumganj.noakhali.gov.bd
==================================================
[*] STARTING NEW DOMAIN: https://dudkhaliup.madaripur.gov.bd
==================================================
[+] Domain exhausted. Finishing up: https://dudkhaliup.madaripur.gov.bd
==================================================
[*] STARTING NEW DOMAIN: https://deb109577.dhakaeducationboard.gov.bd
==================================================
[+] Domain exhausted. Finishing up: https://deb109577.dhakaeducationboard.gov.bd
==================================================
[*] STARTING NEW DOMAIN: https://acl.sadar.khagrachhari.gov.bd
==================================================
[+] Domain exhausted. Finishing up: https://acl.sadar.khagrachhari.gov.bd
==================================================
[*] STARTING NEW DOMAIN: https://ansarvdp.manirampur.jessore.gov.bd
==================================================
[+] Domain exhausted. Finishing up: https://ansarvdp.manirampur.jessore.gov.bd
==================================================
[*] STARTING NEW DOMAIN: https://deb108862.dhakaeducationboard.gov.bd
==================================================
[+] Domain exhausted. Finishing up: https://deb108862.dhakaeducationboard.gov.bd
==================================================
[*] STARTING NEW DOMAIN: https://dphe.naogaon.gov.bd
==================================================
[+] Domain exhausted. Finishing up: https://dphe.naogaon.gov.bd
==================================================
[*] STARTING NEW DOMAIN: https://food.kalia.narail.gov.bd
==================================================
[+] Domain exhausted. Finishing up: https://food.kalia.narail.gov.bd
==================================================
[*] STARTING NEW DOMAIN: https://haribhasaup.panchagarh.gov.bd
==================================================
[+] Domain exhausted. Finishing up: https://haribhasaup.panchagarh.gov.bd
==================================================
[*] STARTING NEW DOMAIN: https://sr.sadar.faridpur.gov.bd
==================================================
[+] Domain exhausted. Finishing up: https://sr.sadar.faridpur.gov.bd
==================================================
[*] STARTING NEW DOMAIN: https://ansarvdp.shayestaganj.habiganj.gov.bd
==================================================
[+] Domain exhausted. Finishing up: https://ansarvdp.shayestaganj.habiganj.gov.bd
==================================================
[*] STARTING NEW DOMAIN: https://fsmf.puthia.rajshahi.gov.bd
==================================================
[+] Domain exhausted. Finishing up: https://fsmf.puthia.rajshahi.gov.bd
==================================================
[*] STARTING NEW DOMAIN: https://sr.thakurgaonsadar.thakurgaon.gov.bd
==================================================
[+] Domain exhausted. Finishing up: https://sr.thakurgaonsadar.thakurgaon.gov.bd
==================================================
[*] STARTING NEW DOMAIN: https://bbs.alfadanga.faridpur.gov.bd
==================================================
[+] Domain exhausted. Finishing up: https://bbs.alfadanga.faridpur.gov.bd
==================================================
[*] STARTING NEW DOMAIN: https://sfdf.ro.natore.gov.bd
==================================================
[+] Domain exhausted. Finishing up: https://sfdf.ro.natore.gov.bd
==================================================
[*] STARTING NEW DOMAIN: https://post.ghatail.tangail.gov.bd
==================================================
[+] Domain exhausted. Finishing up: https://post.ghatail.tangail.gov.bd
==================================================
[*] STARTING NEW DOMAIN: https://bmet.dhaka.gov.bd
==================================================
[+] Domain exhausted. Finishing up: https://bmet.dhaka.gov.bd
==================================================
[*] STARTING NEW DOMAIN: http://pds.sib.gov.bd
==================================================
[+] Domain exhausted. Finishing up: http://pds.sib.gov.bd
==================================================
[*] STARTING NEW DOMAIN: https://hstti.mymensingh.gov.bd
==================================================
[+] Domain exhausted. Finishing up: https://hstti.mymensingh.gov.bd
==================================================
[*] STARTING NEW DOMAIN: https://banagramkishanmozdursammilitasecondaryschool.jessoreboard.gov.bd
==================================================
[+] Domain exhausted. Finishing up: https://banagramkishanmozdursammilitasecondaryschool.jessoreboard.gov.bd
==================================================
[*] STARTING NEW DOMAIN: https://ansarvdp.durgapur.netrokona.gov.bd
==================================================
[+] Domain exhausted. Finishing up: https://ansarvdp.durgapur.netrokona.gov.bd
==================================================
[*] STARTING NEW DOMAIN: https://deb108841.dhakaeducationboard.gov.bd
==================================================
[+] Domain exhausted. Finishing up: https://deb108841.dhakaeducationboard.gov.bd
==================================================
[*] STARTING NEW DOMAIN: https://champakhaligovtprimaryschool.jessoreboard.gov.bd
==================================================
[+] Domain exhausted. Finishing up: https://champakhaligovtprimaryschool.jessoreboard.gov.bd
==================================================
[*] STARTING NEW DOMAIN: https://bamanhatsecondaryschool.jessoreboard.gov.bd
==================================================
[+] Domain exhausted. Finishing up: https://bamanhatsecondaryschool.jessoreboard.gov.bd
==================================================
[*] STARTING NEW DOMAIN: https://deb108189.dhakaeducationboard.gov.bd
==================================================
[+] Domain exhausted. Finishing up: https://deb108189.dhakaeducationboard.gov.bd
==================================================
[*] STARTING NEW DOMAIN: https://deb110810.dhakaeducationboard.gov.bd
==================================================
[+] Domain exhausted. Finishing up: https://deb110810.dhakaeducationboard.gov.bd
==================================================
[*] STARTING NEW DOMAIN: https://food.bagerhat.gov.bd
==================================================
[+] Domain exhausted. Finishing up: https://food.bagerhat.gov.bd
==================================================
[*] STARTING NEW DOMAIN: https://fisheries.nabinagar.brahmanbaria.gov.bd
==================================================
[+] Domain exhausted. Finishing up: https://fisheries.nabinagar.brahmanbaria.gov.bd
==================================================
[*] STARTING NEW DOMAIN: https://mahilaraup.barisal.gov.bd
==================================================
[+] Domain exhausted. Finishing up: https://mahilaraup.barisal.gov.bd
==================================================
[*] STARTING NEW DOMAIN: https://barkalup.rangamati.gov.bd
==================================================
[+] Domain exhausted. Finishing up: https://barkalup.rangamati.gov.bd
==================================================
[*] STARTING NEW DOMAIN: https://hatibhangasecondaryschool.jessoreboard.gov.bd
==================================================
[+] Domain exhausted. Finishing up: https://hatibhangasecondaryschool.jessoreboard.gov.bd
==================================================
[*] STARTING NEW DOMAIN: https://radb.rajshahidiv.gov.bd
==================================================
[+] Domain exhausted. Finishing up: https://radb.rajshahidiv.gov.bd
==================================================
[*] STARTING NEW DOMAIN: https://pio.jaintiapur.sylhet.gov.bd
==================================================
[+] Domain exhausted. Finishing up: https://pio.jaintiapur.sylhet.gov.bd
==================================================
[*] STARTING NEW DOMAIN: https://health.moulvibazarsadar.moulvibazar.gov.bd
==================================================
[+] Domain exhausted. Finishing up: https://health.moulvibazarsadar.moulvibazar.gov.bd
==================================================
[*] STARTING NEW DOMAIN: https://deb111837.dhakaeducationboard.gov.bd
==================================================
[+] Domain exhausted. Finishing up: https://deb111837.dhakaeducationboard.gov.bd
==================================================
[*] STARTING NEW DOMAIN: https://course.fima.gov.bd
==================================================
[+] Domain exhausted. Finishing up: https://course.fima.gov.bd
==================================================
[*] STARTING NEW DOMAIN: https://bbs.bhola.gov.bd
==================================================
[+] Domain exhausted. Finishing up: https://bbs.bhola.gov.bd
==================================================
[*] STARTING NEW DOMAIN: https://deb109892.dhakaeducationboard.gov.bd
==================================================
[+] Domain exhausted. Finishing up: https://deb109892.dhakaeducationboard.gov.bd
==================================================
[*] STARTING NEW DOMAIN: https://topobansecondarygirlsschool.jessoreboard.gov.bd
==================================================
[+] Domain exhausted. Finishing up: https://topobansecondarygirlsschool.jessoreboard.gov.bd
==================================================
[*] STARTING NEW DOMAIN: https://fpo.keraniganj.dhaka.gov.bd
==================================================
[+] Domain exhausted. Finishing up: https://fpo.keraniganj.dhaka.gov.bd
==================================================
[*] STARTING NEW DOMAIN: https://deb108974.dhakaeducationboard.gov.bd
==================================================
[+] Domain exhausted. Finishing up: https://deb108974.dhakaeducationboard.gov.bd
==================================================
[*] STARTING NEW DOMAIN: https://deb111436.dhakaeducationboard.gov.bd
==================================================
[+] Domain exhausted. Finishing up: https://deb111436.dhakaeducationboard.gov.bd
==================================================
[*] STARTING NEW DOMAIN: https://charbanipakuriaup.jamalpur.gov.bd
==================================================
[+] Domain exhausted. Finishing up: https://charbanipakuriaup.jamalpur.gov.bd
==================================================
[*] STARTING NEW DOMAIN: https://pourashava.brahmanbaria.gov.bd
==================================================
[+] Domain exhausted. Finishing up: https://pourashava.brahmanbaria.gov.bd
==================================================
[*] STARTING NEW DOMAIN: https://dshe.nangalkot.comilla.gov.bd
==================================================
[+] Domain exhausted. Finishing up: https://dshe.nangalkot.comilla.gov.bd
==================================================
[*] STARTING NEW DOMAIN: https://fisheries.gangachara.rangpur.gov.bd
==================================================
[+] Domain exhausted. Finishing up: https://fisheries.gangachara.rangpur.gov.bd
==================================================
[*] STARTING NEW DOMAIN: https://babuliajssecondaryschool.jessoreboard.gov.bd
==================================================
[+] Domain exhausted. Finishing up: https://babuliajssecondaryschool.jessoreboard.gov.bd
==================================================
[*] STARTING NEW DOMAIN: https://dss.jagannathpur.sunamganj.gov.bd
==================================================
[+] Domain exhausted. Finishing up: https://dss.jagannathpur.sunamganj.gov.bd
==================================================
[*] STARTING NEW DOMAIN: https://deb114021.dhakaeducationboard.gov.bd
==================================================
[+] Domain exhausted. Finishing up: https://deb114021.dhakaeducationboard.gov.bd
==================================================
[*] STARTING NEW DOMAIN: https://ansarvdp.banshkhali.chittagong.gov.bd
==================================================
[+] Domain exhausted. Finishing up: https://ansarvdp.banshkhali.chittagong.gov.bd
==================================================
[*] STARTING NEW DOMAIN: https://bbs.coxsbazar.gov.bd
==================================================
[+] Domain exhausted. Finishing up: https://bbs.coxsbazar.gov.bd
==================================================
[*] STARTING NEW DOMAIN: https://dphe.chakaria.coxsbazar.gov.bd
==================================================
[+] Domain exhausted. Finishing up: https://dphe.chakaria.coxsbazar.gov.bd
==================================================
[*] STARTING NEW DOMAIN: https://bbs.brahmanbaria.gov.bd
==================================================
[+] Domain exhausted. Finishing up: https://bbs.brahmanbaria.gov.bd
==================================================
[*] STARTING NEW DOMAIN: https://dss.barisaldiv.gov.bd
==================================================
[+] Domain exhausted. Finishing up: https://dss.barisaldiv.gov.bd
==================================================
[*] STARTING NEW DOMAIN: https://btcl.shariatpur.gov.bd
==================================================
[+] Domain exhausted. Finishing up: https://btcl.shariatpur.gov.bd
==================================================
[*] STARTING NEW DOMAIN: https://ansarvdp.bandar.narayanganj.gov.bd
==================================================
[+] Domain exhausted. Finishing up: https://ansarvdp.bandar.narayanganj.gov.bd
==================================================
[*] STARTING NEW DOMAIN: https://lged.rajasthali.rangamati.gov.bd
==================================================
[+] Domain exhausted. Finishing up: https://lged.rajasthali.rangamati.gov.bd
==================================================
[*] STARTING NEW DOMAIN: https://belpukurps.rmp.gov.bd
==================================================
[+] Domain exhausted. Finishing up: https://belpukurps.rmp.gov.bd
==================================================
[*] STARTING NEW DOMAIN: https://acl.koyra.khulna.gov.bd
==================================================
[+] Domain exhausted. Finishing up: https://acl.koyra.khulna.gov.bd
==================================================
[*] STARTING NEW DOMAIN: https://mail.mofood.gov.bd
==================================================
[+] Domain exhausted. Finishing up: https://mail.mofood.gov.bd
==================================================
[*] STARTING NEW DOMAIN: https://dss.sadar.sunamganj.gov.bd
==================================================
[+] Domain exhausted. Finishing up: https://dss.sadar.sunamganj.gov.bd
==================================================
[*] STARTING NEW DOMAIN: https://fireservice.kamarkhand.sirajganj.gov.bd
==================================================
[+] Domain exhausted. Finishing up: https://fireservice.kamarkhand.sirajganj.gov.bd
==================================================
[*] STARTING NEW DOMAIN: https://shishuacademy.madaripur.gov.bd
==================================================
[+] Domain exhausted. Finishing up: https://shishuacademy.madaripur.gov.bd
==================================================
[*] STARTING NEW DOMAIN: https://dss.rangpurdiv.gov.bd
==================================================
[+] Domain exhausted. Finishing up: https://dss.rangpurdiv.gov.bd
==================================================
[*] STARTING NEW DOMAIN: https://fisheries.mohalchari.khagrachhari.gov.bd
==================================================
[+] Domain exhausted. Finishing up: https://fisheries.mohalchari.khagrachhari.gov.bd
==================================================
[*] STARTING NEW DOMAIN: https://ansarvdp.shibchar.madaripur.gov.bd
==================================================
[+] Domain exhausted. Finishing up: https://ansarvdp.shibchar.madaripur.gov.bd
==================================================
[*] STARTING NEW DOMAIN: https://dss.laksam.comilla.gov.bd
==================================================
[+] Domain exhausted. Finishing up: https://dss.laksam.comilla.gov.bd
==================================================
[*] STARTING NEW DOMAIN: https://food.mohonpur.rajshahi.gov.bd
==================================================
[+] Domain exhausted. Finishing up: https://food.mohonpur.rajshahi.gov.bd
==================================================
[*] STARTING NEW DOMAIN: https://dshe.narailsadar.narail.gov.bd
==================================================
[+] Domain exhausted. Finishing up: https://dshe.narailsadar.narail.gov.bd
==================================================
[*] STARTING NEW DOMAIN: https://dwa.matlabnorth.chandpur.gov.bd
==================================================
[+] Domain exhausted. Finishing up: https://dwa.matlabnorth.chandpur.gov.bd
==================================================
[*] STARTING NEW DOMAIN: https://totthoapa.kaptai.rangamati.gov.bd
==================================================
[+] Domain exhausted. Finishing up: https://totthoapa.kaptai.rangamati.gov.bd
==================================================
[*] STARTING NEW DOMAIN: https://police.beanibazar.sylhet.gov.bd
==================================================
[+] Domain exhausted. Finishing up: https://police.beanibazar.sylhet.gov.bd
==================================================
[*] STARTING NEW DOMAIN: https://ebek.tetulia.panchagarh.gov.bd
==================================================
[+] Domain exhausted. Finishing up: https://ebek.tetulia.panchagarh.gov.bd
==================================================
[*] STARTING NEW DOMAIN: https://dshe.guimara.khagrachhari.gov.bd
==================================================
[+] Domain exhausted. Finishing up: https://dshe.guimara.khagrachhari.gov.bd
==================================================
[*] STARTING NEW DOMAIN: https://fpo.bhedarganj.shariatpur.gov.bd
==================================================
[+] Domain exhausted. Finishing up: https://fpo.bhedarganj.shariatpur.gov.bd
==================================================
[*] STARTING NEW DOMAIN: https://post.charbhadrasan.faridpur.gov.bd
==================================================
[+] Domain exhausted. Finishing up: https://post.charbhadrasan.faridpur.gov.bd
==================================================
[*] STARTING NEW DOMAIN: https://faridpur.police.gov.bd
==================================================
[+] Domain exhausted. Finishing up: https://faridpur.police.gov.bd
==================================================
[*] STARTING NEW DOMAIN: https://tangail.polytech.gov.bd
==================================================
[+] Domain exhausted. Finishing up: https://tangail.polytech.gov.bd
==================================================
[*] STARTING NEW DOMAIN: https://lged.ghatail.tangail.gov.bd
==================================================
[+] Domain exhausted. Finishing up: https://lged.ghatail.tangail.gov.bd
==================================================
[*] STARTING NEW DOMAIN: https://poweren.portal.gov.bd
==================================================
[+] Domain exhausted. Finishing up: https://poweren.portal.gov.bd
==================================================
[*] STARTING NEW DOMAIN: https://deb114124.dhakaeducationboard.gov.bd
==================================================
[+] Domain exhausted. Finishing up: https://deb114124.dhakaeducationboard.gov.bd
==================================================
[*] STARTING NEW DOMAIN: https://deb134408.dhakaeducationboard.gov.bd
==================================================
[+] Domain exhausted. Finishing up: https://deb134408.dhakaeducationboard.gov.bd
==================================================
[*] STARTING NEW DOMAIN: https://dss.debhata.satkhira.gov.bd
==================================================
[+] Domain exhausted. Finishing up: https://dss.debhata.satkhira.gov.bd
==================================================
[*] STARTING NEW DOMAIN: https://lged.sirajganj.gov.bd
==================================================
[+] Domain exhausted. Finishing up: https://lged.sirajganj.gov.bd
==================================================
[*] STARTING NEW DOMAIN: https://deb114709.dhakaeducationboard.gov.bd
==================================================
[+] Domain exhausted. Finishing up: https://deb114709.dhakaeducationboard.gov.bd
==================================================
[*] STARTING NEW DOMAIN: https://deb134412.dhakaeducationboard.gov.bd
==================================================
[+] Domain exhausted. Finishing up: https://deb134412.dhakaeducationboard.gov.bd
==================================================
[*] STARTING NEW DOMAIN: https://maguraadarshacollege.jessoreboard.gov.bd
==================================================
[+] Domain exhausted. Finishing up: https://maguraadarshacollege.jessoreboard.gov.bd
==================================================
[*] STARTING NEW DOMAIN: https://totthoapa.alfadanga.faridpur.gov.bd
==================================================
[+] Domain exhausted. Finishing up: https://totthoapa.alfadanga.faridpur.gov.bd
==================================================
[*] STARTING NEW DOMAIN: https://dphe.thanchi.bandarban.gov.bd
==================================================
[+] Domain exhausted. Finishing up: https://dphe.thanchi.bandarban.gov.bd
==================================================
[*] STARTING NEW DOMAIN: https://porakanduliaup.mymensingh.gov.bd
==================================================
[+] Domain exhausted. Finishing up: https://porakanduliaup.mymensingh.gov.bd
==================================================
[*] STARTING NEW DOMAIN: https://deb134596.dhakaeducationboard.gov.bd
==================================================
[+] Domain exhausted. Finishing up: https://deb134596.dhakaeducationboard.gov.bd
==================================================
[*] STARTING NEW DOMAIN: https://dwa.kaliganj.lalmonirhat.gov.bd
==================================================
[+] Domain exhausted. Finishing up: https://dwa.kaliganj.lalmonirhat.gov.bd
==================================================
[*] STARTING NEW DOMAIN: https://post.matlabsouth.chandpur.gov.bd
==================================================
[+] Domain exhausted. Finishing up: https://post.matlabsouth.chandpur.gov.bd
==================================================
[*] STARTING NEW DOMAIN: https://deb135273.dhakaeducationboard.gov.bd
==================================================
[+] Domain exhausted. Finishing up: https://deb135273.dhakaeducationboard.gov.bd
==================================================
[*] STARTING NEW DOMAIN: https://erp.gso.gov.bd
==================================================
[+] Domain exhausted. Finishing up: https://erp.gso.gov.bd
==================================================
[*] STARTING NEW DOMAIN: https://deb113309.dhakaeducationboard.gov.bd
==================================================
[+] Domain exhausted. Finishing up: https://deb113309.dhakaeducationboard.gov.bd
==================================================
[*] STARTING NEW DOMAIN: https://deb136583.dhakaeducationboard.gov.bd
==================================================
[+] Domain exhausted. Finishing up: https://deb136583.dhakaeducationboard.gov.bd
==================================================
[*] STARTING NEW DOMAIN: https://deo.shariakandi.bogra.gov.bd
==================================================
[+] Domain exhausted. Finishing up: https://deo.shariakandi.bogra.gov.bd
==================================================
[*] STARTING NEW DOMAIN: https://acl.kalkini.madaripur.gov.bd
==================================================
[+] Domain exhausted. Finishing up: https://acl.kalkini.madaripur.gov.bd
==================================================
[*] STARTING NEW DOMAIN: https://publiclibrary.shariatpur.gov.bd
==================================================
[+] Domain exhausted. Finishing up: https://publiclibrary.shariatpur.gov.bd
==================================================
[*] STARTING NEW DOMAIN: https://deb139209.dhakaeducationboard.gov.bd
==================================================
[+] Domain exhausted. Finishing up: https://deb139209.dhakaeducationboard.gov.bd
==================================================
[*] STARTING NEW DOMAIN: https://mail.moi.gov.bd
==================================================
[+] Domain exhausted. Finishing up: https://mail.moi.gov.bd
==================================================
[*] STARTING NEW DOMAIN: https://deb114154.dhakaeducationboard.gov.bd
==================================================
[+] Domain exhausted. Finishing up: https://deb114154.dhakaeducationboard.gov.bd
==================================================
[*] STARTING NEW DOMAIN: https://rhd.gazipur.gov.bd
==================================================
[+] Domain exhausted. Finishing up: https://rhd.gazipur.gov.bd
==================================================
[*] STARTING NEW DOMAIN: https://bbs.charrajibpur.kurigram.gov.bd
==================================================
[+] Domain exhausted. Finishing up: https://bbs.charrajibpur.kurigram.gov.bd
==================================================
[*] STARTING NEW DOMAIN: https://deb114090.dhakaeducationboard.gov.bd
==================================================
[+] Domain exhausted. Finishing up: https://deb114090.dhakaeducationboard.gov.bd
==================================================
[*] STARTING NEW DOMAIN: https://dgda.chapainawabganj.gov.bd
==================================================
[+] Domain exhausted. Finishing up: https://dgda.chapainawabganj.gov.bd
==================================================
[*] STARTING NEW DOMAIN: https://dphe.khaliajuri.netrokona.gov.bd
==================================================
[+] Domain exhausted. Finishing up: https://dphe.khaliajuri.netrokona.gov.bd
==================================================
[*] STARTING NEW DOMAIN: https://deb114405.dhakaeducationboard.gov.bd
==================================================
[+] Domain exhausted. Finishing up: https://deb114405.dhakaeducationboard.gov.bd
==================================================
[*] STARTING NEW DOMAIN: https://deo.gowainghat.sylhet.gov.bd
==================================================
[+] Domain exhausted. Finishing up: https://deo.gowainghat.sylhet.gov.bd
==================================================
[*] STARTING NEW DOMAIN: https://brdb.natoresadar.natore.gov.bd
==================================================
[+] Domain exhausted. Finishing up: https://brdb.natoresadar.natore.gov.bd
==================================================
[*] STARTING NEW DOMAIN: https://kaliapiarishankargirlsschool.jessoreboard.gov.bd
==================================================
[+] Domain exhausted. Finishing up: https://kaliapiarishankargirlsschool.jessoreboard.gov.bd
==================================================
[*] STARTING NEW DOMAIN: https://mail.asset-dte.gov.bd
==================================================
[+] Domain exhausted. Finishing up: https://mail.asset-dte.gov.bd
==================================================
[*] STARTING NEW DOMAIN: https://dhunot.bogra.gov.bd
==================================================
[+] Domain exhausted. Finishing up: https://dhunot.bogra.gov.bd
==================================================
[*] STARTING NEW DOMAIN: https://deb114701.dhakaeducationboard.gov.bd
==================================================
[+] Domain exhausted. Finishing up: https://deb114701.dhakaeducationboard.gov.bd
==================================================
[*] STARTING NEW DOMAIN: https://map.kda.gov.bd
==================================================
[+] Domain exhausted. Finishing up: https://map.kda.gov.bd
==================================================
[*] STARTING NEW DOMAIN: https://deb138589.dhakaeducationboard.gov.bd
==================================================
[+] Domain exhausted. Finishing up: https://deb138589.dhakaeducationboard.gov.bd
==================================================
[*] STARTING NEW DOMAIN: https://dls.ullapara.sirajganj.gov.bd
==================================================
[+] Domain exhausted. Finishing up: https://dls.ullapara.sirajganj.gov.bd
==================================================
[*] STARTING NEW DOMAIN: https://deb113284.dhakaeducationboard.gov.bd
==================================================
[+] Domain exhausted. Finishing up: https://deb113284.dhakaeducationboard.gov.bd
==================================================
[*] STARTING NEW DOMAIN: https://deb137140.dhakaeducationboard.gov.bd
==================================================
[+] Domain exhausted. Finishing up: https://deb137140.dhakaeducationboard.gov.bd
==================================================
[*] STARTING NEW DOMAIN: https://dls.kawkhali.rangamati.gov.bd
==================================================
[+] Domain exhausted. Finishing up: https://dls.kawkhali.rangamati.gov.bd
==================================================
[*] STARTING NEW DOMAIN: https://deb112849.dhakaeducationboard.gov.bd
==================================================
[+] Domain exhausted. Finishing up: https://deb112849.dhakaeducationboard.gov.bd
==================================================
[*] STARTING NEW DOMAIN: https://deb130711.dhakaeducationboard.gov.bd
==================================================
[+] Domain exhausted. Finishing up: https://deb130711.dhakaeducationboard.gov.bd
==================================================
[*] STARTING NEW DOMAIN: https://deo.atghoria.pabna.gov.bd
==================================================
[+] Domain exhausted. Finishing up: https://deo.atghoria.pabna.gov.bd
==================================================
[*] STARTING NEW DOMAIN: https://deb112940.dhakaeducationboard.gov.bd
==================================================
[+] Domain exhausted. Finishing up: https://deb112940.dhakaeducationboard.gov.bd
==================================================
[*] STARTING NEW DOMAIN: https://deb134446.dhakaeducationboard.gov.bd
==================================================
[+] Domain exhausted. Finishing up: https://deb134446.dhakaeducationboard.gov.bd
==================================================
[*] STARTING NEW DOMAIN: https://naogaonzone.touristpolice.gov.bd
==================================================
[+] Domain exhausted. Finishing up: https://naogaonzone.touristpolice.gov.bd
==================================================
[*] STARTING NEW DOMAIN: https://lged.katiadi.kishoreganj.gov.bd
==================================================
[+] Domain exhausted. Finishing up: https://lged.katiadi.kishoreganj.gov.bd
==================================================
[*] STARTING NEW DOMAIN: https://maheshpurpauralaboratoryjuniorschool.jessoreboard.gov.bd
==================================================
[+] Domain exhausted. Finishing up: https://maheshpurpauralaboratoryjuniorschool.jessoreboard.gov.bd
==================================================
[*] STARTING NEW DOMAIN: https://ttc.barisal.gov.bd
==================================================
[+] Domain exhausted. Finishing up: https://ttc.barisal.gov.bd
==================================================
[*] STARTING NEW DOMAIN: https://mashimnagarschoolandcollege.jessoreboard.gov.bd
==================================================
[+] Domain exhausted. Finishing up: https://mashimnagarschoolandcollege.jessoreboard.gov.bd
==================================================
[*] STARTING NEW DOMAIN: https://mail.pgcb.gov.bd
==================================================
[+] Domain exhausted. Finishing up: https://mail.pgcb.gov.bd
==================================================
[*] STARTING NEW DOMAIN: https://deo.gosairhat.shariatpur.gov.bd
==================================================
[+] Domain exhausted. Finishing up: https://deo.gosairhat.shariatpur.gov.bd
==================================================
[*] STARTING NEW DOMAIN: https://drro.habiganj.gov.bd
==================================================
[+] Domain exhausted. Finishing up: https://drro.habiganj.gov.bd
==================================================
[*] STARTING NEW DOMAIN: https://krishokerjanala.gov.bd
==================================================
[+] Domain exhausted. Finishing up: https://krishokerjanala.gov.bd
==================================================
[*] STARTING NEW DOMAIN: https://deb138756.dhakaeducationboard.gov.bd
==================================================
[+] Domain exhausted. Finishing up: https://deb138756.dhakaeducationboard.gov.bd
==================================================
[*] STARTING NEW DOMAIN: https://borniramkrishnapursecondaryschool.jessoreboard.gov.bd
==================================================
[+] Domain exhausted. Finishing up: https://borniramkrishnapursecondaryschool.jessoreboard.gov.bd
==================================================
[*] STARTING NEW DOMAIN: https://kuliaunionsecondarygirlsschool.jessoreboard.gov.bd
==================================================
[+] Domain exhausted. Finishing up: https://kuliaunionsecondarygirlsschool.jessoreboard.gov.bd
==================================================
[*] STARTING NEW DOMAIN: https://deb137148.dhakaeducationboard.gov.bd
==================================================
[+] Domain exhausted. Finishing up: https://deb137148.dhakaeducationboard.gov.bd
==================================================
[*] STARTING NEW DOMAIN: https://amenakhatunsecondaryschool.jessoreboard.gov.bd
==================================================
[+] Domain exhausted. Finishing up: https://amenakhatunsecondaryschool.jessoreboard.gov.bd
==================================================
[*] STARTING NEW DOMAIN: https://deb112667.dhakaeducationboard.gov.bd
==================================================
[+] Domain exhausted. Finishing up: https://deb112667.dhakaeducationboard.gov.bd
==================================================
[*] STARTING NEW DOMAIN: https://deb134631.dhakaeducationboard.gov.bd
==================================================
[+] Domain exhausted. Finishing up: https://deb134631.dhakaeducationboard.gov.bd
==================================================
[*] STARTING NEW DOMAIN: https://bbs.madan.netrokona.gov.bd
==================================================
[+] Domain exhausted. Finishing up: https://bbs.madan.netrokona.gov.bd
==================================================
[*] STARTING NEW DOMAIN: https://mastofapurup.madaripur.gov.bd
==================================================
[+] Domain exhausted. Finishing up: https://mastofapurup.madaripur.gov.bd
==================================================
[*] STARTING NEW DOMAIN: https://lged.indurkani.pirojpur.gov.bd
==================================================
[+] Domain exhausted. Finishing up: https://lged.indurkani.pirojpur.gov.bd
==================================================
[*] STARTING NEW DOMAIN: https://tourismboard.portal.gov.bd
==================================================
[+] Domain exhausted. Finishing up: https://tourismboard.portal.gov.bd
==================================================
[*] STARTING NEW DOMAIN: https://deb112013.dhakaeducationboard.gov.bd
==================================================
[+] Domain exhausted. Finishing up: https://deb112013.dhakaeducationboard.gov.bd
==================================================
[*] STARTING NEW DOMAIN: https://deo.jhalakathi.gov.bd
==================================================
[+] Domain exhausted. Finishing up: https://deo.jhalakathi.gov.bd
==================================================
[*] STARTING NEW DOMAIN: https://ebek.birganj.dinajpur.gov.bd
==================================================
[+] Domain exhausted. Finishing up: https://ebek.birganj.dinajpur.gov.bd
==================================================
[*] STARTING NEW DOMAIN: https://dao.lohagara.chittagong.gov.bd
==================================================
[+] Domain exhausted. Finishing up: https://dao.lohagara.chittagong.gov.bd
==================================================
[*] STARTING NEW DOMAIN: https://labsaup.satkhira.gov.bd
==================================================
[+] Domain exhausted. Finishing up: https://labsaup.satkhira.gov.bd
==================================================
[*] STARTING NEW DOMAIN: https://railwaysecondarygirlsschool.jessoreboard.gov.bd
==================================================
[+] Domain exhausted. Finishing up: https://railwaysecondarygirlsschool.jessoreboard.gov.bd
==================================================
[*] STARTING NEW DOMAIN: https://tscshahjadpur.sirajganj.gov.bd
==================================================
[+] Domain exhausted. Finishing up: https://tscshahjadpur.sirajganj.gov.bd
==================================================
[*] STARTING NEW DOMAIN: https://kadakatiararsecondaryschool.jessoreboard.gov.bd
==================================================
[+] Domain exhausted. Finishing up: https://kadakatiararsecondaryschool.jessoreboard.gov.bd
==================================================
[*] STARTING NEW DOMAIN: https://deb139456.dhakaeducationboard.gov.bd
==================================================
[+] Domain exhausted. Finishing up: https://deb139456.dhakaeducationboard.gov.bd
==================================================
[*] STARTING NEW DOMAIN: https://btcl.bandarban.gov.bd
==================================================
[+] Domain exhausted. Finishing up: https://btcl.bandarban.gov.bd
==================================================
[*] STARTING NEW DOMAIN: https://deb113322.dhakaeducationboard.gov.bd
==================================================
[+] Domain exhausted. Finishing up: https://deb113322.dhakaeducationboard.gov.bd
==================================================
[*] STARTING NEW DOMAIN: https://raykotup.comilla.gov.bd
==================================================
[+] Domain exhausted. Finishing up: https://raykotup.comilla.gov.bd
==================================================
[*] STARTING NEW DOMAIN: https://dss.sadar.faridpur.gov.bd
==================================================
[+] Domain exhausted. Finishing up: https://dss.sadar.faridpur.gov.bd
==================================================
[*] STARTING NEW DOMAIN: https://kumarpurgirlsschool.jessoreboard.gov.bd
==================================================
[+] Domain exhausted. Finishing up: https://kumarpurgirlsschool.jessoreboard.gov.bd
==================================================
[*] STARTING NEW DOMAIN: https://komlapursecondaryschool.jessoreboard.gov.bd
==================================================
[+] Domain exhausted. Finishing up: https://komlapursecondaryschool.jessoreboard.gov.bd
==================================================
[*] STARTING NEW DOMAIN: https://ntp.dghs.gov.bd
==================================================
[+] Domain exhausted. Finishing up: https://ntp.dghs.gov.bd
==================================================
[*] STARTING NEW DOMAIN: https://dlao.sylhet.gov.bd
==================================================
[+] Domain exhausted. Finishing up: https://dlao.sylhet.gov.bd
==================================================
[*] STARTING NEW DOMAIN: https://eed.lakshmipur.gov.bd
==================================================
[+] Domain exhausted. Finishing up: https://eed.lakshmipur.gov.bd
==================================================
[*] STARTING NEW DOMAIN: https://dls.nawabganj.dhaka.gov.bd
==================================================
[+] Domain exhausted. Finishing up: https://dls.nawabganj.dhaka.gov.bd
==================================================
[*] STARTING NEW DOMAIN: https://totthoapa.thanchi.bandarban.gov.bd
==================================================
[+] Domain exhausted. Finishing up: https://totthoapa.thanchi.bandarban.gov.bd
==================================================
[*] STARTING NEW DOMAIN: https://natpbarc.portal.gov.bd
==================================================
[+] Domain exhausted. Finishing up: https://natpbarc.portal.gov.bd
==================================================
[*] STARTING NEW DOMAIN: https://cooparative.banshkhali.chittagong.gov.bd
==================================================
[+] Domain exhausted. Finishing up: https://cooparative.banshkhali.chittagong.gov.bd
==================================================
[*] STARTING NEW DOMAIN: https://fisheries.atwari.panchagarh.gov.bd
==================================================
[+] Domain exhausted. Finishing up: https://fisheries.atwari.panchagarh.gov.bd
==================================================
[*] STARTING NEW DOMAIN: https://urc.bheramara.kushtia.gov.bd
==================================================
[+] Domain exhausted. Finishing up: https://urc.bheramara.kushtia.gov.bd
==================================================
[*] STARTING NEW DOMAIN: https://nalitabariup.sherpur.gov.bd
==================================================
[+] Domain exhausted. Finishing up: https://nalitabariup.sherpur.gov.bd
==================================================
[*] STARTING NEW DOMAIN: https://zso.gangachara.rangpur.gov.bd
==================================================
[+] Domain exhausted. Finishing up: https://zso.gangachara.rangpur.gov.bd
==================================================
[*] STARTING NEW DOMAIN: https://youth.mirpurkushtia.kushtia.gov.bd
==================================================
[+] Domain exhausted. Finishing up: https://youth.mirpurkushtia.kushtia.gov.bd
==================================================
[*] STARTING NEW DOMAIN: https://youth.tetulia.panchagarh.gov.bd
==================================================
[+] Domain exhausted. Finishing up: https://youth.tetulia.panchagarh.gov.bd
==================================================
[*] STARTING NEW DOMAIN: https://urc.trishal.mymensingh.gov.bd
==================================================
[+] Domain exhausted. Finishing up: https://urc.trishal.mymensingh.gov.bd
==================================================
[*] STARTING NEW DOMAIN: https://vetkhaligovtprimaryschool.jessoreboard.gov.bd
==================================================
[+] Domain exhausted. Finishing up: https://vetkhaligovtprimaryschool.jessoreboard.gov.bd
==================================================
[*] STARTING NEW DOMAIN: https://youth.natore.gov.bd
==================================================
[+] Domain exhausted. Finishing up: https://youth.natore.gov.bd
==================================================
[*] STARTING NEW DOMAIN: https://assasuni.satkhira.gov.bd
==================================================
[+] Domain exhausted. Finishing up: https://assasuni.satkhira.gov.bd
==================================================
[*] STARTING NEW DOMAIN: https://youthsadar.khulna.gov.bd
==================================================
[+] Domain exhausted. Finishing up: https://youthsadar.khulna.gov.bd
==================================================
[*] STARTING NEW DOMAIN: https://youth.sandwip.chittagong.gov.bd
==================================================
[+] Domain exhausted. Finishing up: https://youth.sandwip.chittagong.gov.bd
==================================================
[*] STARTING NEW DOMAIN: https://raohabiganj.krishibank.gov.bd
==================================================
[+] Domain exhausted. Finishing up: https://raohabiganj.krishibank.gov.bd
==================================================
[*] STARTING NEW DOMAIN: https://zso.sadar.shariatpur.gov.bd
==================================================
[+] Domain exhausted. Finishing up: https://zso.sadar.shariatpur.gov.bd
==================================================
[*] STARTING NEW DOMAIN: https://forest.ramu.coxsbazar.gov.bd
==================================================
[+] Domain exhausted. Finishing up: https://forest.ramu.coxsbazar.gov.bd
==================================================
[*] STARTING NEW DOMAIN: https://latachapliup.patuakhali.gov.bd
==================================================
[+] Domain exhausted. Finishing up: https://latachapliup.patuakhali.gov.bd
==================================================
[*] STARTING NEW DOMAIN: https://narayanpurup.chapainawabganj.gov.bd
==================================================
[+] Domain exhausted. Finishing up: https://narayanpurup.chapainawabganj.gov.bd
==================================================
[*] STARTING NEW DOMAIN: https://youth.rajshahi.gov.bd
==================================================
[+] Domain exhausted. Finishing up: https://youth.rajshahi.gov.bd
==================================================
[*] STARTING NEW DOMAIN: https://kalidahup.feni.gov.bd
==================================================
[+] Domain exhausted. Finishing up: https://kalidahup.feni.gov.bd
==================================================
[*] STARTING NEW DOMAIN: https://pallisanchaybank.moheshpur.jhenaidah.gov.bd
==================================================
[+] Domain exhausted. Finishing up: https://pallisanchaybank.moheshpur.jhenaidah.gov.bd
==================================================
[*] STARTING NEW DOMAIN: https://pio.titas.comilla.gov.bd
==================================================
[+] Domain exhausted. Finishing up: https://pio.titas.comilla.gov.bd
==================================================
[*] STARTING NEW DOMAIN: https://hc.kaptai.rangamati.gov.bd
==================================================
[+] Domain exhausted. Finishing up: https://hc.kaptai.rangamati.gov.bd
==================================================
[*] STARTING NEW DOMAIN: https://misebadc.narsingdi.gov.bd
==================================================
[+] Domain exhausted. Finishing up: https://misebadc.narsingdi.gov.bd
==================================================
[*] STARTING NEW DOMAIN: https://pio.bhairab.kishoreganj.gov.bd
==================================================
[+] Domain exhausted. Finishing up: https://pio.bhairab.kishoreganj.gov.bd
==================================================
[*] STARTING NEW DOMAIN: https://fpo.iswarganj.mymensingh.gov.bd
==================================================
[+] Domain exhausted. Finishing up: https://fpo.iswarganj.mymensingh.gov.bd
==================================================
[*] STARTING NEW DOMAIN: https://lged.shyamnagar.satkhira.gov.bd
==================================================
[+] Domain exhausted. Finishing up: https://lged.shyamnagar.satkhira.gov.bd
==================================================
[*] STARTING NEW DOMAIN: https://deo.shibganj.chapainawabganj.gov.bd
==================================================
[+] Domain exhausted. Finishing up: https://deo.shibganj.chapainawabganj.gov.bd
==================================================
[*] STARTING NEW DOMAIN: https://fpo.pekua.coxsbazar.gov.bd
==================================================
[+] Domain exhausted. Finishing up: https://fpo.pekua.coxsbazar.gov.bd
==================================================
[*] STARTING NEW DOMAIN: https://lged.sadar.khagrachhari.gov.bd
==================================================
[+] Domain exhausted. Finishing up: https://lged.sadar.khagrachhari.gov.bd
==================================================
[*] STARTING NEW DOMAIN: https://pdbf.sylhet.gov.bd
==================================================
[+] Domain exhausted. Finishing up: https://pdbf.sylhet.gov.bd
==================================================
[*] STARTING NEW DOMAIN: https://dss.chakaria.coxsbazar.gov.bd
==================================================
[+] Domain exhausted. Finishing up: https://dss.chakaria.coxsbazar.gov.bd
==================================================
[*] STARTING NEW DOMAIN: https://jamuka.gov.bd
==================================================
[+] Domain exhausted. Finishing up: https://jamuka.gov.bd
==================================================
[*] STARTING NEW DOMAIN: https://museum.rangpur.gov.bd
==================================================
[+] Domain exhausted. Finishing up: https://museum.rangpur.gov.bd
==================================================
[*] STARTING NEW DOMAIN: https://police.jagannathpur.sunamganj.gov.bd
==================================================
[+] Domain exhausted. Finishing up: https://police.jagannathpur.sunamganj.gov.bd
==================================================
[*] STARTING NEW DOMAIN: https://fpo.ramgarh.khagrachhari.gov.bd
==================================================
[+] Domain exhausted. Finishing up: https://fpo.ramgarh.khagrachhari.gov.bd
==================================================
[*] STARTING NEW DOMAIN: https://kashimnagarsecondaryschool.jessoreboard.gov.bd
==================================================
[+] Domain exhausted. Finishing up: https://kashimnagarsecondaryschool.jessoreboard.gov.bd
==================================================
[*] STARTING NEW DOMAIN: https://ndclibrary.ndc.gov.bd
==================================================
[+] Domain exhausted. Finishing up: https://ndclibrary.ndc.gov.bd
==================================================
[*] STARTING NEW DOMAIN: https://fpo.guimara.khagrachhari.gov.bd
==================================================
[+] Domain exhausted. Finishing up: https://fpo.guimara.khagrachhari.gov.bd
==================================================
[*] STARTING NEW DOMAIN: http://apprenticeship.gov.bd
==================================================
[+] Domain exhausted. Finishing up: http://apprenticeship.gov.bd
==================================================
[*] STARTING NEW DOMAIN: https://deb110784.dhakaeducationboard.gov.bd
==================================================
[+] Domain exhausted. Finishing up: https://deb110784.dhakaeducationboard.gov.bd
==================================================
[*] STARTING NEW DOMAIN: https://forest.kushtia.gov.bd
==================================================
[+] Domain exhausted. Finishing up: https://forest.kushtia.gov.bd
==================================================
[*] STARTING NEW DOMAIN: https://jute.agailjhara.barisal.gov.bd
==================================================
[+] Domain exhausted. Finishing up: https://jute.agailjhara.barisal.gov.bd
==================================================
[*] STARTING NEW DOMAIN: https://nemoffice.powerdivision.gov.bd
==================================================
[+] Domain exhausted. Finishing up: https://nemoffice.powerdivision.gov.bd
==================================================
[*] STARTING NEW DOMAIN: https://post.barisal.gov.bd
==================================================
[+] Domain exhausted. Finishing up: https://post.barisal.gov.bd
==================================================
[*] STARTING NEW DOMAIN: https://janglukhainup.chittagong.gov.bd
==================================================
[+] Domain exhausted. Finishing up: https://janglukhainup.chittagong.gov.bd
==================================================
[*] STARTING NEW DOMAIN: https://nidw.gov.bd
==================================================
[+] Domain exhausted. Finishing up: https://nidw.gov.bd
==================================================
[*] STARTING NEW DOMAIN: https://post.chuadanga.gov.bd
==================================================
[+] Domain exhausted. Finishing up: https://post.chuadanga.gov.bd
==================================================
[*] STARTING NEW DOMAIN: https://fpo.matlabnorth.chandpur.gov.bd
==================================================
[+] Domain exhausted. Finishing up: https://fpo.matlabnorth.chandpur.gov.bd
==================================================
[*] STARTING NEW DOMAIN: https://lged.sylhetdiv.gov.bd
==================================================
[+] Domain exhausted. Finishing up: https://lged.sylhetdiv.gov.bd
==================================================
[*] STARTING NEW DOMAIN: https://pims.dlrs.gov.bd
==================================================
[+] Domain exhausted. Finishing up: https://pims.dlrs.gov.bd
==================================================
[*] STARTING NEW DOMAIN: https://fpo.bhanga.faridpur.gov.bd
==================================================
[+] Domain exhausted. Finishing up: https://fpo.bhanga.faridpur.gov.bd
==================================================
[*] STARTING NEW DOMAIN: https://kharinjajuniorgirlsschool.jessoreboard.gov.bd
==================================================
[+] Domain exhausted. Finishing up: https://kharinjajuniorgirlsschool.jessoreboard.gov.bd
==================================================
[*] STARTING NEW DOMAIN: https://pbs.chhatak.sunamganj.gov.bd
==================================================
[+] Domain exhausted. Finishing up: https://pbs.chhatak.sunamganj.gov.bd
==================================================
[*] STARTING NEW DOMAIN: http://nanupurup.chittagong.gov.bd
==================================================
[+] Domain exhausted. Finishing up: http://nanupurup.chittagong.gov.bd
==================================================
[*] STARTING NEW DOMAIN: https://jms.nilphamari.gov.bd
==================================================
[+] Domain exhausted. Finishing up: https://jms.nilphamari.gov.bd
==================================================
[*] STARTING NEW DOMAIN: https://zso.sadar.bagerhat.gov.bd
==================================================
[+] Domain exhausted. Finishing up: https://zso.sadar.bagerhat.gov.bd
==================================================
[*] STARTING NEW DOMAIN: https://archives.mofa.gov.bd
==================================================
[+] Domain exhausted. Finishing up: https://archives.mofa.gov.bd
==================================================
[*] STARTING NEW DOMAIN: https://hospital.habiganj.gov.bd
==================================================
[+] Domain exhausted. Finishing up: https://hospital.habiganj.gov.bd
==================================================
[*] STARTING NEW DOMAIN: https://mohammadpurwestup.comilla.gov.bd
==================================================
[+] Domain exhausted. Finishing up: https://mohammadpurwestup.comilla.gov.bd
==================================================
[*] STARTING NEW DOMAIN: https://fisheries.lohagara.chittagong.gov.bd
==================================================
[+] Domain exhausted. Finishing up: https://fisheries.lohagara.chittagong.gov.bd
==================================================
[*] STARTING NEW DOMAIN: https://haimchar.chandpur.gov.bd
==================================================
[+] Domain exhausted. Finishing up: https://haimchar.chandpur.gov.bd
==================================================
[*] STARTING NEW DOMAIN: https://malgazisecondarygirlsschool.jessoreboard.gov.bd
==================================================
[+] Domain exhausted. Finishing up: https://malgazisecondarygirlsschool.jessoreboard.gov.bd
==================================================
[*] STARTING NEW DOMAIN: https://police.gazipur.gov.bd
==================================================
[+] Domain exhausted. Finishing up: https://police.gazipur.gov.bd
==================================================
[*] STARTING NEW DOMAIN: https://fpo.chhagalnaiya.feni.gov.bd
==================================================
[+] Domain exhausted. Finishing up: https://fpo.chhagalnaiya.feni.gov.bd
==================================================
[*] STARTING NEW DOMAIN: https://ksm.bsfic.gov.bd
==================================================
[+] Domain exhausted. Finishing up: https://ksm.bsfic.gov.bd
==================================================
[*] STARTING NEW DOMAIN: https://pdbf.taragonj.rangpur.gov.bd
==================================================
[+] Domain exhausted. Finishing up: https://pdbf.taragonj.rangpur.gov.bd
==================================================
[*] STARTING NEW DOMAIN: https://forest.teknaf.coxsbazar.gov.bd
==================================================
[+] Domain exhausted. Finishing up: https://forest.teknaf.coxsbazar.gov.bd
==================================================
[*] STARTING NEW DOMAIN: https://kanaighat.sylhet.gov.bd
==================================================
[+] Domain exhausted. Finishing up: https://kanaighat.sylhet.gov.bd
==================================================
[*] STARTING NEW DOMAIN: https://zso.rajarhat.kurigram.gov.bd
==================================================
[+] Domain exhausted. Finishing up: https://zso.rajarhat.kurigram.gov.bd
==================================================
[*] STARTING NEW DOMAIN: https://fisheries.sadar.barguna.gov.bd
==================================================
[+] Domain exhausted. Finishing up: https://fisheries.sadar.barguna.gov.bd
==================================================
[*] STARTING NEW DOMAIN: https://jms.chittagong.gov.bd
==================================================
[+] Domain exhausted. Finishing up: https://jms.chittagong.gov.bd
==================================================
[*] STARTING NEW DOMAIN: https://panchagarhsadar.panchagarh.gov.bd
==================================================
[+] Domain exhausted. Finishing up: https://panchagarhsadar.panchagarh.gov.bd
==================================================
[*] STARTING NEW DOMAIN: https://pourashava.zajira.shariatpur.gov.bd
==================================================
[+] Domain exhausted. Finishing up: https://pourashava.zajira.shariatpur.gov.bd
==================================================
[*] STARTING NEW DOMAIN: https://health.goalanda.rajbari.gov.bd
==================================================
[+] Domain exhausted. Finishing up: https://health.goalanda.rajbari.gov.bd
==================================================
[*] STARTING NEW DOMAIN: https://mail.easterncables.gov.bd
==================================================
[+] Domain exhausted. Finishing up: https://mail.easterncables.gov.bd
==================================================
[*] STARTING NEW DOMAIN: https://police.munshiganj.gov.bd
==================================================
[+] Domain exhausted. Finishing up: https://police.munshiganj.gov.bd
==================================================
[*] STARTING NEW DOMAIN: https://girishnagargarfahighschool.jessoreboard.gov.bd
==================================================
[+] Domain exhausted. Finishing up: https://girishnagargarfahighschool.jessoreboard.gov.bd
==================================================
[*] STARTING NEW DOMAIN: https://mail.moca.gov.bd
==================================================
[+] Domain exhausted. Finishing up: https://mail.moca.gov.bd
==================================================
[*] STARTING NEW DOMAIN: https://police.hizla.barisal.gov.bd
==================================================
[+] Domain exhausted. Finishing up: https://police.hizla.barisal.gov.bd
==================================================
[*] STARTING NEW DOMAIN: https://fpo.alikadam.bandarban.gov.bd
==================================================
[+] Domain exhausted. Finishing up: https://fpo.alikadam.bandarban.gov.bd
==================================================
[*] STARTING NEW DOMAIN: https://jhikorgachawomencollege.jessoreboard.gov.bd
==================================================
[+] Domain exhausted. Finishing up: https://jhikorgachawomencollege.jessoreboard.gov.bd
==================================================
[*] STARTING NEW DOMAIN: https://pbs.fulbaria.mymensingh.gov.bd
==================================================
[+] Domain exhausted. Finishing up: https://pbs.fulbaria.mymensingh.gov.bd
==================================================
[*] STARTING NEW DOMAIN: https://forest.pangsa.rajbari.gov.bd
==================================================
[+] Domain exhausted. Finishing up: https://forest.pangsa.rajbari.gov.bd
==================================================
[*] STARTING NEW DOMAIN: https://lged.dinajpursadar.dinajpur.gov.bd
==================================================
[+] Domain exhausted. Finishing up: https://lged.dinajpursadar.dinajpur.gov.bd
==================================================
[*] STARTING NEW DOMAIN: https://pdb.bhairab.kishoreganj.gov.bd
==================================================
[+] Domain exhausted. Finishing up: https://pdb.bhairab.kishoreganj.gov.bd
==================================================
[*] STARTING NEW DOMAIN: https://moslemuddinsecondaryschool.jessoreboard.gov.bd
==================================================
[+] Domain exhausted. Finishing up: https://moslemuddinsecondaryschool.jessoreboard.gov.bd
==================================================
[*] STARTING NEW DOMAIN: https://ims.ocei.gov.bd
==================================================
[+] Domain exhausted. Finishing up: https://ims.ocei.gov.bd
==================================================
[*] STARTING NEW DOMAIN: https://maligachhaup.pabna.gov.bd
==================================================
[+] Domain exhausted. Finishing up: https://maligachhaup.pabna.gov.bd
==================================================
[*] STARTING NEW DOMAIN: https://post.kaliganj.gazipur.gov.bd
==================================================
[+] Domain exhausted. Finishing up: https://post.kaliganj.gazipur.gov.bd
==================================================
[*] STARTING NEW DOMAIN: https://kalinchiagaffarsecondaryschool.jessoreboard.gov.bd
==================================================
[+] Domain exhausted. Finishing up: https://kalinchiagaffarsecondaryschool.jessoreboard.gov.bd
==================================================
[*] STARTING NEW DOMAIN: https://health.bera.pabna.gov.bd
==================================================
[+] Domain exhausted. Finishing up: https://health.bera.pabna.gov.bd
==================================================
[*] STARTING NEW DOMAIN: https://hckalyanpur.chapainawabganj.gov.bd
==================================================
[+] Domain exhausted. Finishing up: https://hckalyanpur.chapainawabganj.gov.bd
==================================================
[*] STARTING NEW DOMAIN: https://modmr.portal.gov.bd
==================================================
[+] Domain exhausted. Finishing up: https://modmr.portal.gov.bd
==================================================
[*] STARTING NEW DOMAIN: https://police.dupchanchia.bogra.gov.bd
==================================================
[+] Domain exhausted. Finishing up: https://police.dupchanchia.bogra.gov.bd
==================================================
[*] STARTING NEW DOMAIN: https://fpo.magurasadar.magura.gov.bd
==================================================
[+] Domain exhausted. Finishing up: https://fpo.magurasadar.magura.gov.bd
==================================================
[*] STARTING NEW DOMAIN: https://lakshmipur.gov.bd
==================================================
[+] Domain exhausted. Finishing up: https://lakshmipur.gov.bd
==================================================
[*] STARTING NEW DOMAIN: https://pdksecondarygirlsschool.jessoreboard.gov.bd
==================================================
[+] Domain exhausted. Finishing up: https://pdksecondarygirlsschool.jessoreboard.gov.bd
==================================================
[*] STARTING NEW DOMAIN: https://food.saltha.faridpur.gov.bd
==================================================
[+] Domain exhausted. Finishing up: https://food.saltha.faridpur.gov.bd
==================================================
[*] STARTING NEW DOMAIN: https://kalamup.natore.gov.bd
==================================================
[+] Domain exhausted. Finishing up: https://kalamup.natore.gov.bd
==================================================
[*] STARTING NEW DOMAIN: https://parshuram.feni.gov.bd
==================================================
[+] Domain exhausted. Finishing up: https://parshuram.feni.gov.bd
==================================================
[*] STARTING NEW DOMAIN: https://post.kumarkhali.kushtia.gov.bd
==================================================
[+] Domain exhausted. Finishing up: https://post.kumarkhali.kushtia.gov.bd
==================================================
[*] STARTING NEW DOMAIN: https://ged.portal.gov.bd
==================================================
[+] Domain exhausted. Finishing up: https://ged.portal.gov.bd
==================================================
[*] STARTING NEW DOMAIN: https://kusakhaliup.lakshmipur.gov.bd
==================================================
[+] Domain exhausted. Finishing up: https://kusakhaliup.lakshmipur.gov.bd
==================================================
[*] STARTING NEW DOMAIN: https://uthalisecondarygirlsschool.jessoreboard.gov.bd
==================================================
[+] Domain exhausted. Finishing up: https://uthalisecondarygirlsschool.jessoreboard.gov.bd
==================================================
[*] STARTING NEW DOMAIN: https://zso.laksam.comilla.gov.bd
==================================================
[+] Domain exhausted. Finishing up: https://zso.laksam.comilla.gov.bd
==================================================
[*] STARTING NEW DOMAIN: https://youth.madhabpur.habiganj.gov.bd
==================================================
[+] Domain exhausted. Finishing up: https://youth.madhabpur.habiganj.gov.bd
==================================================
[*] STARTING NEW DOMAIN: http://alipurup.satkhira.gov.bd
==================================================
[+] Domain exhausted. Finishing up: http://alipurup.satkhira.gov.bd
==================================================
[*] STARTING NEW DOMAIN: https://wazirpur.barisal.gov.bd
==================================================
[+] Domain exhausted. Finishing up: https://wazirpur.barisal.gov.bd
==================================================
[*] STARTING NEW DOMAIN: https://urc.baniachong.habiganj.gov.bd
==================================================
[+] Domain exhausted. Finishing up: https://urc.baniachong.habiganj.gov.bd
==================================================
[*] STARTING NEW DOMAIN: https://railwaydhaka.portal.gov.bd
==================================================
[+] Domain exhausted. Finishing up: https://railwaydhaka.portal.gov.bd
==================================================
[*] STARTING NEW DOMAIN: http://adaghatsecondaryschool.jessoreboard.gov.bd
==================================================
[+] Domain exhausted. Finishing up: http://adaghatsecondaryschool.jessoreboard.gov.bd
==================================================
[*] STARTING NEW DOMAIN: http://agarghatasecondaryschool.jessoreboard.gov.bd
==================================================
[+] Domain exhausted. Finishing up: http://agarghatasecondaryschool.jessoreboard.gov.bd
==================================================
[*] STARTING NEW DOMAIN: https://wzpdcl.bhanga.faridpur.gov.bd
==================================================
[+] Domain exhausted. Finishing up: https://wzpdcl.bhanga.faridpur.gov.bd
==================================================
[*] STARTING NEW DOMAIN: https://sspb.bandarban.gov.bd
==================================================
[+] Domain exhausted. Finishing up: https://sspb.bandarban.gov.bd
==================================================
[*] STARTING NEW DOMAIN: https://totthoapa.sadar.lakshmipur.gov.bd
==================================================
[+] Domain exhausted. Finishing up: https://totthoapa.sadar.lakshmipur.gov.bd
==================================================
[*] STARTING NEW DOMAIN: https://singraup.dinajpur.gov.bd
==================================================
[+] Domain exhausted. Finishing up: https://singraup.dinajpur.gov.bd
==================================================
[*] STARTING NEW DOMAIN: https://pwd.kishoreganj.gov.bd
==================================================
[+] Domain exhausted. Finishing up: https://pwd.kishoreganj.gov.bd
==================================================
[*] STARTING NEW DOMAIN: https://sr.dhobaura.mymensingh.gov.bd
==================================================
[+] Domain exhausted. Finishing up: https://sr.dhobaura.mymensingh.gov.bd
==================================================
[*] STARTING NEW DOMAIN: https://sr.damurhuda.chuadanga.gov.bd
==================================================
[+] Domain exhausted. Finishing up: https://sr.damurhuda.chuadanga.gov.bd
==================================================
[*] STARTING NEW DOMAIN: https://taxeszone12dhaka.gov.bd
==================================================
[+] Domain exhausted. Finishing up: https://taxeszone12dhaka.gov.bd
==================================================
[*] STARTING NEW DOMAIN: https://savings.coxsbazar.gov.bd
==================================================
[+] Domain exhausted. Finishing up: https://savings.coxsbazar.gov.bd
==================================================
[*] STARTING NEW DOMAIN: https://tahersecondaryschool.jessoreboard.gov.bd
==================================================
[+] Domain exhausted. Finishing up: https://tahersecondaryschool.jessoreboard.gov.bd
==================================================
[*] STARTING NEW DOMAIN: https://totthoapa.tetulia.panchagarh.gov.bd
==================================================
[+] Domain exhausted. Finishing up: https://totthoapa.tetulia.panchagarh.gov.bd
==================================================
[*] STARTING NEW DOMAIN: https://sspb.monohardi.narsingdi.gov.bd
==================================================
[+] Domain exhausted. Finishing up: https://sspb.monohardi.narsingdi.gov.bd
==================================================
[*] STARTING NEW DOMAIN: https://uitrce.badargonj.rangpur.gov.bd
==================================================
[+] Domain exhausted. Finishing up: https://uitrce.badargonj.rangpur.gov.bd
==================================================
[*] STARTING NEW DOMAIN: https://so.guimara.khagrachhari.gov.bd
==================================================
[+] Domain exhausted. Finishing up: https://so.guimara.khagrachhari.gov.bd
==================================================
[*] STARTING NEW DOMAIN: https://uitrce.dhobaura.mymensingh.gov.bd
==================================================
[+] Domain exhausted. Finishing up: https://uitrce.dhobaura.mymensingh.gov.bd
==================================================
[*] STARTING NEW DOMAIN: https://totthoapa.sreepur.magura.gov.bd
==================================================
[+] Domain exhausted. Finishing up: https://totthoapa.sreepur.magura.gov.bd
==================================================
[*] STARTING NEW DOMAIN: https://sirkharaup.madaripur.gov.bd
==================================================
[+] Domain exhausted. Finishing up: https://sirkharaup.madaripur.gov.bd
==================================================
[*] STARTING NEW DOMAIN: https://swastipursecondaryschool.jessoreboard.gov.bd
==================================================
[+] Domain exhausted. Finishing up: https://swastipursecondaryschool.jessoreboard.gov.bd
==================================================
[*] STARTING NEW DOMAIN: https://uao.pirgonj.rangpur.gov.bd
==================================================
[+] Domain exhausted. Finishing up: https://uao.pirgonj.rangpur.gov.bd
==================================================
[*] STARTING NEW DOMAIN: https://result.rajshahiboard.gov.bd
==================================================
[+] Domain exhausted. Finishing up: https://result.rajshahiboard.gov.bd
==================================================
[*] STARTING NEW DOMAIN: https://rkb.archaeology.gov.bd
==================================================
[+] Domain exhausted. Finishing up: https://rkb.archaeology.gov.bd
==================================================
[*] STARTING NEW DOMAIN: https://pti.feni.gov.bd
==================================================
[+] Domain exhausted. Finishing up: https://pti.feni.gov.bd
==================================================
[*] STARTING NEW DOMAIN: https://mogolbasaup.kurigram.gov.bd
==================================================
[+] Domain exhausted. Finishing up: https://mogolbasaup.kurigram.gov.bd
==================================================
[*] STARTING NEW DOMAIN: https://mrc.portal.gov.bd
==================================================
[+] Domain exhausted. Finishing up: https://mrc.portal.gov.bd
==================================================
[*] STARTING NEW DOMAIN: https://naltasecondarygirlsschool.jessoreboard.gov.bd
==================================================
[+] Domain exhausted. Finishing up: https://naltasecondarygirlsschool.jessoreboard.gov.bd
==================================================
[*] STARTING NEW DOMAIN: https://mohonpurup.rajshahi.gov.bd
==================================================
[+] Domain exhausted. Finishing up: https://mohonpurup.rajshahi.gov.bd
==================================================
[*] STARTING NEW DOMAIN: https://dhamorup.panchagarh.gov.bd
==================================================
[+] Domain exhausted. Finishing up: https://dhamorup.panchagarh.gov.bd
==================================================
[*] STARTING NEW DOMAIN: https://darsanasecondarygirlsschool.jessoreboard.gov.bd
==================================================
[+] Domain exhausted. Finishing up: https://darsanasecondarygirlsschool.jessoreboard.gov.bd
==================================================
[*] STARTING NEW DOMAIN: http://aburimagurasecondaryschool.jessoreboard.gov.bd
==================================================
[+] Domain exhausted. Finishing up: http://aburimagurasecondaryschool.jessoreboard.gov.bd
==================================================
[*] STARTING NEW DOMAIN: https://aic.khagrachhari.gov.bd
==================================================
[+] Domain exhausted. Finishing up: https://aic.khagrachhari.gov.bd
==================================================
[*] STARTING NEW DOMAIN: https://shi.chandpur.gov.bd
==================================================
[+] Domain exhausted. Finishing up: https://shi.chandpur.gov.bd
==================================================
[*] STARTING NEW DOMAIN: https://cooparative.hathazari.chittagong.gov.bd
==================================================
[+] Domain exhausted. Finishing up: https://cooparative.hathazari.chittagong.gov.bd
==================================================
[*] STARTING NEW DOMAIN: https://jute.pabna.gov.bd
==================================================
[+] Domain exhausted. Finishing up: https://jute.pabna.gov.bd
==================================================
[*] STARTING NEW DOMAIN: https://aliarpurazizsecondaryschool.jessoreboard.gov.bd
==================================================
[+] Domain exhausted. Finishing up: https://aliarpurazizsecondaryschool.jessoreboard.gov.bd
==================================================
[*] STARTING NEW DOMAIN: https://dnc.lakshmipur.gov.bd
==================================================
[+] Domain exhausted. Finishing up: https://dnc.lakshmipur.gov.bd
==================================================
[*] STARTING NEW DOMAIN: https://pio.bagherpara.jessore.gov.bd
==================================================
[+] Domain exhausted. Finishing up: https://pio.bagherpara.jessore.gov.bd
==================================================
[*] STARTING NEW DOMAIN: https://bfsa.naogaon.gov.bd
==================================================
[+] Domain exhausted. Finishing up: https://bfsa.naogaon.gov.bd
==================================================
[*] STARTING NEW DOMAIN: https://sbkup.jhenaidah.gov.bd
==================================================
[+] Domain exhausted. Finishing up: https://sbkup.jhenaidah.gov.bd
==================================================
[*] STARTING NEW DOMAIN: https://ashuliarevenue.savar.dhaka.gov.bd
==================================================
[+] Domain exhausted. Finishing up: https://ashuliarevenue.savar.dhaka.gov.bd
==================================================
[*] STARTING NEW DOMAIN: https://deb109909.dhakaeducationboard.gov.bd
==================================================
[+] Domain exhausted. Finishing up: https://deb109909.dhakaeducationboard.gov.bd
==================================================
[*] STARTING NEW DOMAIN: https://acl.shajahanpur.bogra.gov.bd
==================================================
[+] Domain exhausted. Finishing up: https://acl.shajahanpur.bogra.gov.bd
==================================================
[*] STARTING NEW DOMAIN: https://birenshikderidealschoolandcollege.jessoreboard.gov.bd
==================================================
[+] Domain exhausted. Finishing up: https://birenshikderidealschoolandcollege.jessoreboard.gov.bd
==================================================
[*] STARTING NEW DOMAIN: https://bwdbse.rajshahidiv.gov.bd
==================================================
[+] Domain exhausted. Finishing up: https://bwdbse.rajshahidiv.gov.bd
==================================================
[*] STARTING NEW DOMAIN: https://ansarvdp.jaldhaka.nilphamari.gov.bd
==================================================
[+] Domain exhausted. Finishing up: https://ansarvdp.jaldhaka.nilphamari.gov.bd
==================================================
[*] STARTING NEW DOMAIN: https://9nojhaudiaup.kushtia.gov.bd
==================================================
[+] Domain exhausted. Finishing up: https://9nojhaudiaup.kushtia.gov.bd
==================================================
[*] STARTING NEW DOMAIN: https://acl.nabinagar.brahmanbaria.gov.bd
==================================================
[+] Domain exhausted. Finishing up: https://acl.nabinagar.brahmanbaria.gov.bd
==================================================
[*] STARTING NEW DOMAIN: https://acl.manda.naogaon.gov.bd
==================================================
[+] Domain exhausted. Finishing up: https://acl.manda.naogaon.gov.bd
==================================================
[*] STARTING NEW DOMAIN: https://aruoaup.manikganj.gov.bd
==================================================
[+] Domain exhausted. Finishing up: https://aruoaup.manikganj.gov.bd
==================================================
[*] STARTING NEW DOMAIN: https://bbs.melandah.jamalpur.gov.bd
==================================================
[+] Domain exhausted. Finishing up: https://bbs.melandah.jamalpur.gov.bd
==================================================
[*] STARTING NEW DOMAIN: https://betar.rangamati.gov.bd
==================================================
[+] Domain exhausted. Finishing up: https://betar.rangamati.gov.bd
==================================================
[*] STARTING NEW DOMAIN: https://sca.feni.gov.bd
==================================================
[+] Domain exhausted. Finishing up: https://sca.feni.gov.bd
==================================================
[*] STARTING NEW DOMAIN: https://anandopurup.feni.gov.bd
==================================================
[+] Domain exhausted. Finishing up: https://anandopurup.feni.gov.bd
==================================================
[*] STARTING NEW DOMAIN: https://pdbf.muktagacha.mymensingh.gov.bd
==================================================
[+] Domain exhausted. Finishing up: https://pdbf.muktagacha.mymensingh.gov.bd
==================================================
[*] STARTING NEW DOMAIN: https://acl.companiganj.sylhet.gov.bd
==================================================
[+] Domain exhausted. Finishing up: https://acl.companiganj.sylhet.gov.bd
==================================================
[*] STARTING NEW DOMAIN: https://deb112731.dhakaeducationboard.gov.bd
==================================================
[+] Domain exhausted. Finishing up: https://deb112731.dhakaeducationboard.gov.bd
==================================================
[*] STARTING NEW DOMAIN: https://giupmo.portal.gov.bd
==================================================
[+] Domain exhausted. Finishing up: https://giupmo.portal.gov.bd
==================================================
[*] STARTING NEW DOMAIN: https://borgachiup.rajshahi.gov.bd
==================================================
[+] Domain exhausted. Finishing up: https://borgachiup.rajshahi.gov.bd
==================================================
[*] STARTING NEW DOMAIN: https://dae.kotchandpur.jhenaidah.gov.bd
==================================================
[+] Domain exhausted. Finishing up: https://dae.kotchandpur.jhenaidah.gov.bd
==================================================
[*] STARTING NEW DOMAIN: https://deb109871.dhakaeducationboard.gov.bd
==================================================
[+] Domain exhausted. Finishing up: https://deb109871.dhakaeducationboard.gov.bd
==================================================
[*] STARTING NEW DOMAIN: https://deb109354.dhakaeducationboard.gov.bd
==================================================
[+] Domain exhausted. Finishing up: https://deb109354.dhakaeducationboard.gov.bd
==================================================
[*] STARTING NEW DOMAIN: https://baliadangakhanpurcollege.jessoreboard.gov.bd
==================================================
[+] Domain exhausted. Finishing up: https://baliadangakhanpurcollege.jessoreboard.gov.bd
==================================================
[*] STARTING NEW DOMAIN: https://deb110325.dhakaeducationboard.gov.bd
==================================================
[+] Domain exhausted. Finishing up: https://deb110325.dhakaeducationboard.gov.bd
==================================================
[*] STARTING NEW DOMAIN: https://deb109572.dhakaeducationboard.gov.bd
==================================================
[+] Domain exhausted. Finishing up: https://deb109572.dhakaeducationboard.gov.bd
==================================================
[*] STARTING NEW DOMAIN: https://fpo.delduar.tangail.gov.bd
==================================================
[+] Domain exhausted. Finishing up: https://fpo.delduar.tangail.gov.bd
==================================================
[*] STARTING NEW DOMAIN: https://chalnakcpilotsecondaryschool.jessoreboard.gov.bd
==================================================
[+] Domain exhausted. Finishing up: https://chalnakcpilotsecondaryschool.jessoreboard.gov.bd
==================================================
[*] STARTING NEW DOMAIN: https://ansarvdp.sadar.shariatpur.gov.bd
==================================================
[+] Domain exhausted. Finishing up: https://ansarvdp.sadar.shariatpur.gov.bd
==================================================
[*] STARTING NEW DOMAIN: https://shilpakala.chuadanga.gov.bd
==================================================
[+] Domain exhausted. Finishing up: https://shilpakala.chuadanga.gov.bd
==================================================
[*] STARTING NEW DOMAIN: https://eed.joypurhat.gov.bd
==================================================
[+] Domain exhausted. Finishing up: https://eed.joypurhat.gov.bd
==================================================
[*] STARTING NEW DOMAIN: https://bahadurabadup.jamalpur.gov.bd
==================================================
[+] Domain exhausted. Finishing up: https://bahadurabadup.jamalpur.gov.bd
==================================================
[*] STARTING NEW DOMAIN: https://fisheries.laxmichhari.khagrachhari.gov.bd
==================================================
[+] Domain exhausted. Finishing up: https://fisheries.laxmichhari.khagrachhari.gov.bd
==================================================
[*] STARTING NEW DOMAIN: https://seo.shibchar.madaripur.gov.bd
==================================================
[+] Domain exhausted. Finishing up: https://seo.shibchar.madaripur.gov.bd
==================================================
[*] STARTING NEW DOMAIN: https://brdb.panchagarhsadar.panchagarh.gov.bd
==================================================
[+] Domain exhausted. Finishing up: https://brdb.panchagarhsadar.panchagarh.gov.bd
==================================================
[*] STARTING NEW DOMAIN: https://eed.kazipur.sirajganj.gov.bd
==================================================
[+] Domain exhausted. Finishing up: https://eed.kazipur.sirajganj.gov.bd
==================================================
[*] STARTING NEW DOMAIN: https://bsti.rajshahidiv.gov.bd
==================================================
[+] Domain exhausted. Finishing up: https://bsti.rajshahidiv.gov.bd
==================================================
[*] STARTING NEW DOMAIN: https://btcl.rangpurdiv.gov.bd
==================================================
[+] Domain exhausted. Finishing up: https://btcl.rangpurdiv.gov.bd
==================================================
[*] STARTING NEW DOMAIN: https://deb111533.dhakaeducationboard.gov.bd
==================================================
[+] Domain exhausted. Finishing up: https://deb111533.dhakaeducationboard.gov.bd
==================================================
[*] STARTING NEW DOMAIN: https://deb112737.dhakaeducationboard.gov.bd
==================================================
[+] Domain exhausted. Finishing up: https://deb112737.dhakaeducationboard.gov.bd
==================================================
[*] STARTING NEW DOMAIN: https://mail.bim.gov.bd
==================================================
[+] Domain exhausted. Finishing up: https://mail.bim.gov.bd
==================================================
[*] STARTING NEW DOMAIN: https://brta.barisal.gov.bd
==================================================
[+] Domain exhausted. Finishing up: https://brta.barisal.gov.bd
==================================================
[*] STARTING NEW DOMAIN: https://banghariup.panchagarh.gov.bd
==================================================
[+] Domain exhausted. Finishing up: https://banghariup.panchagarh.gov.bd
==================================================
[*] STARTING NEW DOMAIN: https://food.rangpurdiv.gov.bd
==================================================
[+] Domain exhausted. Finishing up: https://food.rangpurdiv.gov.bd
==================================================
[*] STARTING NEW DOMAIN: https://kkpolerhatsecondaryschool.jessoreboard.gov.bd
==================================================
[+] Domain exhausted. Finishing up: https://kkpolerhatsecondaryschool.jessoreboard.gov.bd
==================================================
[*] STARTING NEW DOMAIN: https://deb109491.dhakaeducationboard.gov.bd
==================================================
[+] Domain exhausted. Finishing up: https://deb109491.dhakaeducationboard.gov.bd
==================================================
[*] STARTING NEW DOMAIN: https://hckasheyadanga.rajshahi.gov.bd
==================================================
[+] Domain exhausted. Finishing up: https://hckasheyadanga.rajshahi.gov.bd
==================================================
[*] STARTING NEW DOMAIN: https://bangladeshkrirashikkhaprotisthanschoolkhulna.jessoreboard.gov.bd
==================================================
[+] Domain exhausted. Finishing up: https://bangladeshkrirashikkhaprotisthanschoolkhulna.jessoreboard.gov.bd
==================================================
[*] STARTING NEW DOMAIN: https://mail.dpp.gov.bd
==================================================
[+] Domain exhausted. Finishing up: https://mail.dpp.gov.bd
==================================================
[*] STARTING NEW DOMAIN: https://auttarparasecondaryschool.jessoreboard.gov.bd
==================================================
[+] Domain exhausted. Finishing up: https://auttarparasecondaryschool.jessoreboard.gov.bd
==================================================
[*] STARTING NEW DOMAIN: https://brdb.jessore.gov.bd
==================================================
[+] Domain exhausted. Finishing up: https://brdb.jessore.gov.bd
==================================================
[*] STARTING NEW DOMAIN: https://ansarvdp.doulatkhan.bhola.gov.bd
==================================================
[+] Domain exhausted. Finishing up: https://ansarvdp.doulatkhan.bhola.gov.bd
==================================================
[*] STARTING NEW DOMAIN: https://5nokolaup.naogaon.gov.bd
==================================================
[+] Domain exhausted. Finishing up: https://5nokolaup.naogaon.gov.bd
==================================================
[*] STARTING NEW DOMAIN: https://dss.sadar.munshiganj.gov.bd
==================================================
[+] Domain exhausted. Finishing up: https://dss.sadar.munshiganj.gov.bd
==================================================
[*] STARTING NEW DOMAIN: https://deb110180.dhakaeducationboard.gov.bd
==================================================
[+] Domain exhausted. Finishing up: https://deb110180.dhakaeducationboard.gov.bd
==================================================
[*] STARTING NEW DOMAIN: https://deaparasecondaryschool.jessoreboard.gov.bd
==================================================
[+] Domain exhausted. Finishing up: https://deaparasecondaryschool.jessoreboard.gov.bd
==================================================
[*] STARTING NEW DOMAIN: https://shahauliabagmmsecondaryschool.jessoreboard.gov.bd
==================================================
[+] Domain exhausted. Finishing up: https://shahauliabagmmsecondaryschool.jessoreboard.gov.bd
==================================================
[*] STARTING NEW DOMAIN: https://bwdb.khulnadiv.gov.bd
==================================================
[+] Domain exhausted. Finishing up: https://bwdb.khulnadiv.gov.bd
==================================================
[*] STARTING NEW DOMAIN: https://shi.jhenaidah.gov.bd
==================================================
[+] Domain exhausted. Finishing up: https://shi.jhenaidah.gov.bd
==================================================
[*] STARTING NEW DOMAIN: https://doict.shariakandi.bogra.gov.bd
==================================================
[+] Domain exhausted. Finishing up: https://doict.shariakandi.bogra.gov.bd
==================================================
[*] STARTING NEW DOMAIN: https://deb137654.dhakaeducationboard.gov.bd
==================================================
[+] Domain exhausted. Finishing up: https://deb137654.dhakaeducationboard.gov.bd
==================================================
[*] STARTING NEW DOMAIN: https://brdb.sakhipur.tangail.gov.bd
==================================================
[+] Domain exhausted. Finishing up: https://brdb.sakhipur.tangail.gov.bd
==================================================
[*] STARTING NEW DOMAIN: https://sca.lalmonirhat.gov.bd
==================================================
[+] Domain exhausted. Finishing up: https://sca.lalmonirhat.gov.bd
==================================================
[*] STARTING NEW DOMAIN: https://food.digholia.khulna.gov.bd
==================================================
[+] Domain exhausted. Finishing up: https://food.digholia.khulna.gov.bd
==================================================
[*] STARTING NEW DOMAIN: https://shariakandi.bogra.gov.bd
==================================================
[+] Domain exhausted. Finishing up: https://shariakandi.bogra.gov.bd
==================================================
[*] STARTING NEW DOMAIN: https://dss.nabiganj.habiganj.gov.bd
==================================================
[+] Domain exhausted. Finishing up: https://dss.nabiganj.habiganj.gov.bd
==================================================
[*] STARTING NEW DOMAIN: https://badsahfaisalislamiinstitute.jessoreboard.gov.bd
==================================================
[+] Domain exhausted. Finishing up: https://badsahfaisalislamiinstitute.jessoreboard.gov.bd
==================================================
[*] STARTING NEW DOMAIN: https://acl.borhanuddin.bhola.gov.bd
==================================================
[+] Domain exhausted. Finishing up: https://acl.borhanuddin.bhola.gov.bd
==================================================
[*] STARTING NEW DOMAIN: https://mathabangaup.comilla.gov.bd
==================================================
[+] Domain exhausted. Finishing up: https://mathabangaup.comilla.gov.bd
==================================================
[*] STARTING NEW DOMAIN: https://deb109787.dhakaeducationboard.gov.bd
==================================================
[+] Domain exhausted. Finishing up: https://deb109787.dhakaeducationboard.gov.bd
==================================================
[*] STARTING NEW DOMAIN: https://brdb.damudya.shariatpur.gov.bd
==================================================
[+] Domain exhausted. Finishing up: https://brdb.damudya.shariatpur.gov.bd
==================================================
[*] STARTING NEW DOMAIN: https://btcl.kalapara.patuakhali.gov.bd
==================================================
[+] Domain exhausted. Finishing up: https://btcl.kalapara.patuakhali.gov.bd
==================================================
[*] STARTING NEW DOMAIN: https://southcharababilup.lakshmipur.gov.bd
==================================================
[+] Domain exhausted. Finishing up: https://southcharababilup.lakshmipur.gov.bd
==================================================
[*] STARTING NEW DOMAIN: https://dam.rajshahi.gov.bd
==================================================
[+] Domain exhausted. Finishing up: https://dam.rajshahi.gov.bd
==================================================
[*] STARTING NEW DOMAIN: https://bhalukgharsecondaryschool.jessoreboard.gov.bd
==================================================
[+] Domain exhausted. Finishing up: https://bhalukgharsecondaryschool.jessoreboard.gov.bd
==================================================
[*] STARTING NEW DOMAIN: https://ansarvdp.sarail.brahmanbaria.gov.bd
==================================================
[+] Domain exhausted. Finishing up: https://ansarvdp.sarail.brahmanbaria.gov.bd
==================================================
[*] STARTING NEW DOMAIN: https://deb135316.dhakaeducationboard.gov.bd
==================================================
[+] Domain exhausted. Finishing up: https://deb135316.dhakaeducationboard.gov.bd
==================================================
[*] STARTING NEW DOMAIN: https://cooparative.mollahat.bagerhat.gov.bd
==================================================
[+] Domain exhausted. Finishing up: https://cooparative.mollahat.bagerhat.gov.bd
==================================================
[*] STARTING NEW DOMAIN: https://deb110653.dhakaeducationboard.gov.bd
==================================================
[+] Domain exhausted. Finishing up: https://deb110653.dhakaeducationboard.gov.bd
==================================================
[*] STARTING NEW DOMAIN: https://deb109504.dhakaeducationboard.gov.bd
==================================================
[+] Domain exhausted. Finishing up: https://deb109504.dhakaeducationboard.gov.bd
==================================================
[*] STARTING NEW DOMAIN: https://acl.madhukhali.faridpur.gov.bd
==================================================
[+] Domain exhausted. Finishing up: https://acl.madhukhali.faridpur.gov.bd
==================================================
[*] STARTING NEW DOMAIN: https://bshsingasecondaryschool.jessoreboard.gov.bd
==================================================
[+] Domain exhausted. Finishing up: https://bshsingasecondaryschool.jessoreboard.gov.bd
==================================================
[*] STARTING NEW DOMAIN: https://cooparative.habiganjsadar.habiganj.gov.bd
==================================================
[+] Domain exhausted. Finishing up: https://cooparative.habiganjsadar.habiganj.gov.bd
==================================================
[*] STARTING NEW DOMAIN: http://youth.dewangonj.jamalpur.gov.bd
==================================================
[+] Domain exhausted. Finishing up: http://youth.dewangonj.jamalpur.gov.bd
==================================================
[*] STARTING NEW DOMAIN: https://archaeology.rangpurdiv.gov.bd
==================================================
[+] Domain exhausted. Finishing up: https://archaeology.rangpurdiv.gov.bd
==================================================
[*] STARTING NEW DOMAIN: https://chittagong.gov.bd
==================================================
[+] Domain exhausted. Finishing up: https://chittagong.gov.bd
==================================================
[*] STARTING NEW DOMAIN: https://dae.koyra.khulna.gov.bd
==================================================
[+] Domain exhausted. Finishing up: https://dae.koyra.khulna.gov.bd
==================================================
[*] STARTING NEW DOMAIN: https://coxsz.touristpolice.gov.bd
==================================================
[+] Domain exhausted. Finishing up: https://coxsz.touristpolice.gov.bd
==================================================
[*] STARTING NEW DOMAIN: https://aulgatiidealhighschool.jessoreboard.gov.bd
==================================================
[+] Domain exhausted. Finishing up: https://aulgatiidealhighschool.jessoreboard.gov.bd
==================================================
[*] STARTING NEW DOMAIN: https://sebadc.jessore.gov.bd
==================================================
[+] Domain exhausted. Finishing up: https://sebadc.jessore.gov.bd
==================================================
[*] STARTING NEW DOMAIN: https://dae.babuganj.barisal.gov.bd
==================================================
[+] Domain exhausted. Finishing up: https://dae.babuganj.barisal.gov.bd
==================================================
[*] STARTING NEW DOMAIN: https://cirt.gov.bd
==================================================
[+] Domain exhausted. Finishing up: https://cirt.gov.bd
==================================================
[*] STARTING NEW DOMAIN: https://ec.tarail.kishoreganj.gov.bd
==================================================
[+] Domain exhausted. Finishing up: https://ec.tarail.kishoreganj.gov.bd
==================================================
[*] STARTING NEW DOMAIN: http://fisheries.sadar.jhalakathi.gov.bd
==================================================
[+] Domain exhausted. Finishing up: http://fisheries.sadar.jhalakathi.gov.bd
==================================================
[*] STARTING NEW DOMAIN: https://deb109859.dhakaeducationboard.gov.bd
==================================================
[+] Domain exhausted. Finishing up: https://deb109859.dhakaeducationboard.gov.bd
==================================================
[*] STARTING NEW DOMAIN: https://coop.raipur.lakshmipur.gov.bd
==================================================
[+] Domain exhausted. Finishing up: https://coop.raipur.lakshmipur.gov.bd
==================================================
[*] STARTING NEW DOMAIN: https://dae.habiganjsadar.habiganj.gov.bd
==================================================
[+] Domain exhausted. Finishing up: https://dae.habiganjsadar.habiganj.gov.bd
==================================================
[*] STARTING NEW DOMAIN: https://deb110505.dhakaeducationboard.gov.bd
==================================================
[+] Domain exhausted. Finishing up: https://deb110505.dhakaeducationboard.gov.bd
==================================================
[*] STARTING NEW DOMAIN: https://deb109520.dhakaeducationboard.gov.bd
==================================================
[+] Domain exhausted. Finishing up: https://deb109520.dhakaeducationboard.gov.bd
==================================================
[*] STARTING NEW DOMAIN: https://ebek.badalgachi.naogaon.gov.bd
==================================================
[+] Domain exhausted. Finishing up: https://ebek.badalgachi.naogaon.gov.bd
==================================================
[*] STARTING NEW DOMAIN: https://chuadangagovernmentcollege.jessoreboard.gov.bd
==================================================
[+] Domain exhausted. Finishing up: https://chuadangagovernmentcollege.jessoreboard.gov.bd
==================================================
[*] STARTING NEW DOMAIN: https://deb130875.dhakaeducationboard.gov.bd
==================================================
[+] Domain exhausted. Finishing up: https://deb130875.dhakaeducationboard.gov.bd
==================================================
[*] STARTING NEW DOMAIN: https://dae.osmaninagar.sylhet.gov.bd
==================================================
[+] Domain exhausted. Finishing up: https://dae.osmaninagar.sylhet.gov.bd
==================================================
[*] STARTING NEW DOMAIN: https://cooparative.naniarchar.rangamati.gov.bd
==================================================
[+] Domain exhausted. Finishing up: https://cooparative.naniarchar.rangamati.gov.bd
==================================================
[*] STARTING NEW DOMAIN: https://hospitallist.narsingdisadar.narsingdi.gov.bd
==================================================
[+] Domain exhausted. Finishing up: https://hospitallist.narsingdisadar.narsingdi.gov.bd
==================================================
[*] STARTING NEW DOMAIN: https://dae.bagatipara.natore.gov.bd
==================================================
[+] Domain exhausted. Finishing up: https://dae.bagatipara.natore.gov.bd
==================================================
[*] STARTING NEW DOMAIN: https://shaikhpararahatannesagirlsschoolandcollege.jessoreboard.gov.bd
==================================================
[+] Domain exhausted. Finishing up: https://shaikhpararahatannesagirlsschoolandcollege.jessoreboard.gov.bd
==================================================
[*] STARTING NEW DOMAIN: https://ansarvdp.bheramara.kushtia.gov.bd
==================================================
[+] Domain exhausted. Finishing up: https://ansarvdp.bheramara.kushtia.gov.bd
==================================================
[*] STARTING NEW DOMAIN: http://lems.dls.gov.bd
==================================================
[+] Domain exhausted. Finishing up: http://lems.dls.gov.bd
==================================================
[*] STARTING NEW DOMAIN: http://hrpms.ddm.gov.bd
==================================================
[+] Domain exhausted. Finishing up: http://hrpms.ddm.gov.bd
==================================================
[*] STARTING NEW DOMAIN: https://deb110570.dhakaeducationboard.gov.bd
==================================================
[+] Domain exhausted. Finishing up: https://deb110570.dhakaeducationboard.gov.bd
==================================================
[*] STARTING NEW DOMAIN: https://dae.baniachong.habiganj.gov.bd
==================================================
[+] Domain exhausted. Finishing up: https://dae.baniachong.habiganj.gov.bd
==================================================
[*] STARTING NEW DOMAIN: https://seo.doulatkhan.bhola.gov.bd
==================================================
[+] Domain exhausted. Finishing up: https://seo.doulatkhan.bhola.gov.bd
==================================================
[*] STARTING NEW DOMAIN: https://cooparative.ruma.bandarban.gov.bd
==================================================
[+] Domain exhausted. Finishing up: https://cooparative.ruma.bandarban.gov.bd
==================================================
[*] STARTING NEW DOMAIN: https://deb109914.dhakaeducationboard.gov.bd
==================================================
[+] Domain exhausted. Finishing up: https://deb109914.dhakaeducationboard.gov.bd
==================================================
[*] STARTING NEW DOMAIN: https://ichakhaliup.chittagong.gov.bd
==================================================
[+] Domain exhausted. Finishing up: https://ichakhaliup.chittagong.gov.bd
==================================================
[*] STARTING NEW DOMAIN: http://youth.sadar.jhalakathi.gov.bd
==================================================
[+] Domain exhausted. Finishing up: http://youth.sadar.jhalakathi.gov.bd
==================================================
[*] STARTING NEW DOMAIN: https://deb109881.dhakaeducationboard.gov.bd
==================================================
[+] Domain exhausted. Finishing up: https://deb109881.dhakaeducationboard.gov.bd
==================================================
[*] STARTING NEW DOMAIN: https://fireservice.mohammadpur.magura.gov.bd
==================================================
[+] Domain exhausted. Finishing up: https://fireservice.mohammadpur.magura.gov.bd
==================================================
[*] STARTING NEW DOMAIN: https://cooperative.rajarhat.kurigram.gov.bd
==================================================
[+] Domain exhausted. Finishing up: https://cooperative.rajarhat.kurigram.gov.bd
==================================================
[*] STARTING NEW DOMAIN: https://bbs.paba.rajshahi.gov.bd
==================================================
[+] Domain exhausted. Finishing up: https://bbs.paba.rajshahi.gov.bd
==================================================
[*] STARTING NEW DOMAIN: https://dae.kanaighat.sylhet.gov.bd
==================================================
[+] Domain exhausted. Finishing up: https://dae.kanaighat.sylhet.gov.bd
==================================================
[*] STARTING NEW DOMAIN: https://dwa.kapasia.gazipur.gov.bd
==================================================
[+] Domain exhausted. Finishing up: https://dwa.kapasia.gazipur.gov.bd
==================================================
[*] STARTING NEW DOMAIN: https://bbs.sadar.bagerhat.gov.bd
==================================================
[+] Domain exhausted. Finishing up: https://bbs.sadar.bagerhat.gov.bd
==================================================
[*] STARTING NEW DOMAIN: https://deb110495.dhakaeducationboard.gov.bd
==================================================
[+] Domain exhausted. Finishing up: https://deb110495.dhakaeducationboard.gov.bd
==================================================
[*] STARTING NEW DOMAIN: https://dae.goalanda.rajbari.gov.bd
==================================================
[+] Domain exhausted. Finishing up: https://dae.goalanda.rajbari.gov.bd
==================================================
[*] STARTING NEW DOMAIN: https://bbs.jhenaigati.sherpur.gov.bd
==================================================
[+] Domain exhausted. Finishing up: https://bbs.jhenaigati.sherpur.gov.bd
==================================================
[*] STARTING NEW DOMAIN: https://oldmail.lged.gov.bd
==================================================
[+] Domain exhausted. Finishing up: https://oldmail.lged.gov.bd
==================================================
[*] STARTING NEW DOMAIN: https://dae.kushtiasadar.kushtia.gov.bd
==================================================
[+] Domain exhausted. Finishing up: https://dae.kushtiasadar.kushtia.gov.bd
==================================================
[*] STARTING NEW DOMAIN: https://dwa.teknaf.coxsbazar.gov.bd
==================================================
[+] Domain exhausted. Finishing up: https://dwa.teknaf.coxsbazar.gov.bd
==================================================
[*] STARTING NEW DOMAIN: https://seo.hatibandha.lalmonirhat.gov.bd
==================================================
[+] Domain exhausted. Finishing up: https://seo.hatibandha.lalmonirhat.gov.bd
==================================================
[*] STARTING NEW DOMAIN: https://baliadangaup.chapainawabganj.gov.bd
==================================================
[+] Domain exhausted. Finishing up: https://baliadangaup.chapainawabganj.gov.bd
==================================================
[*] STARTING NEW DOMAIN: https://deb110027.dhakaeducationboard.gov.bd
==================================================
[+] Domain exhausted. Finishing up: https://deb110027.dhakaeducationboard.gov.bd
==================================================
[*] STARTING NEW DOMAIN: http://kandhurkhilup.chittagong.gov.bd
==================================================
[+] Domain exhausted. Finishing up: http://kandhurkhilup.chittagong.gov.bd
==================================================
[*] STARTING NEW DOMAIN: https://alxendarup.lakshmipur.gov.bd
==================================================
[+] Domain exhausted. Finishing up: https://alxendarup.lakshmipur.gov.bd
==================================================
[*] STARTING NEW DOMAIN: https://dls.chittagong.gov.bd
==================================================
[+] Domain exhausted. Finishing up: https://dls.chittagong.gov.bd
==================================================
[*] STARTING NEW DOMAIN: https://ec.bajitpur.kishoreganj.gov.bd
==================================================
[+] Domain exhausted. Finishing up: https://ec.bajitpur.kishoreganj.gov.bd
==================================================
[*] STARTING NEW DOMAIN: https://deb109655.dhakaeducationboard.gov.bd
==================================================
[+] Domain exhausted. Finishing up: https://deb109655.dhakaeducationboard.gov.bd
==================================================
[*] STARTING NEW DOMAIN: https://deb110262.dhakaeducationboard.gov.bd
==================================================
[+] Domain exhausted. Finishing up: https://deb110262.dhakaeducationboard.gov.bd
==================================================
[*] STARTING NEW DOMAIN: https://ec.coxsbazar.gov.bd
==================================================
[+] Domain exhausted. Finishing up: https://ec.coxsbazar.gov.bd
==================================================
[*] STARTING NEW DOMAIN: https://deb110561.dhakaeducationboard.gov.bd
==================================================
[+] Domain exhausted. Finishing up: https://deb110561.dhakaeducationboard.gov.bd
==================================================
[*] STARTING NEW DOMAIN: https://beroilpalitasecondarygirlsschool.jessoreboard.gov.bd
==================================================
[+] Domain exhausted. Finishing up: https://beroilpalitasecondarygirlsschool.jessoreboard.gov.bd
==================================================
[*] STARTING NEW DOMAIN: https://barisalboard.portal.gov.bd
==================================================
[+] Domain exhausted. Finishing up: https://barisalboard.portal.gov.bd
==================================================
[*] STARTING NEW DOMAIN: https://bgb.sylhetdiv.gov.bd
==================================================
[+] Domain exhausted. Finishing up: https://bgb.sylhetdiv.gov.bd
==================================================
[*] STARTING NEW DOMAIN: https://seo.meherpursadar.meherpur.gov.bd
==================================================
[+] Domain exhausted. Finishing up: https://seo.meherpursadar.meherpur.gov.bd
==================================================
[*] STARTING NEW DOMAIN: https://babuganj.barisal.gov.bd
==================================================
[+] Domain exhausted. Finishing up: https://babuganj.barisal.gov.bd
==================================================
[*] STARTING NEW DOMAIN: https://ansarvdp.chuadanga.gov.bd
==================================================
[+] Domain exhausted. Finishing up: https://ansarvdp.chuadanga.gov.bd
==================================================
[*] STARTING NEW DOMAIN: https://ebek.teknaf.coxsbazar.gov.bd
==================================================
[+] Domain exhausted. Finishing up: https://ebek.teknaf.coxsbazar.gov.bd
==================================================
[*] STARTING NEW DOMAIN: http://taxappealzone1dhaka.gov.bd
==================================================
[+] Domain exhausted. Finishing up: http://taxappealzone1dhaka.gov.bd
==================================================
[*] STARTING NEW DOMAIN: https://dae.sadar.faridpur.gov.bd
==================================================
[+] Domain exhausted. Finishing up: https://dae.sadar.faridpur.gov.bd
==================================================
[*] STARTING NEW DOMAIN: https://ec.patiya.chittagong.gov.bd
==================================================
[+] Domain exhausted. Finishing up: https://ec.patiya.chittagong.gov.bd
==================================================
[*] STARTING NEW DOMAIN: https://eed.saltha.faridpur.gov.bd
==================================================
[+] Domain exhausted. Finishing up: https://eed.saltha.faridpur.gov.bd
==================================================
[*] STARTING NEW DOMAIN: https://ec.chirirbandar.dinajpur.gov.bd
==================================================
[+] Domain exhausted. Finishing up: https://ec.chirirbandar.dinajpur.gov.bd
==================================================
[*] STARTING NEW DOMAIN: https://istanbul.mofa.gov.bd
==================================================
[+] Domain exhausted. Finishing up: https://istanbul.mofa.gov.bd
==================================================
[*] STARTING NEW DOMAIN: https://ansarvdp.mathbaria.pirojpur.gov.bd
==================================================
[+] Domain exhausted. Finishing up: https://ansarvdp.mathbaria.pirojpur.gov.bd
==================================================
[*] STARTING NEW DOMAIN: https://enayetpurbaradialhazmirkhostaralisecondaryschool.jessoreboard.gov.bd
==================================================
[+] Domain exhausted. Finishing up: https://enayetpurbaradialhazmirkhostaralisecondaryschool.jessoreboard.gov.bd
==================================================
[*] STARTING NEW DOMAIN: https://dae.rangunia.chittagong.gov.bd
==================================================
[+] Domain exhausted. Finishing up: https://dae.rangunia.chittagong.gov.bd
==================================================
[*] STARTING NEW DOMAIN: https://btcl.zakiganj.sylhet.gov.bd
==================================================
[+] Domain exhausted. Finishing up: https://btcl.zakiganj.sylhet.gov.bd
==================================================
[*] STARTING NEW DOMAIN: https://deb107824.dhakaeducationboard.gov.bd
==================================================
[+] Domain exhausted. Finishing up: https://deb107824.dhakaeducationboard.gov.bd
==================================================
[*] STARTING NEW DOMAIN: https://deb110575.dhakaeducationboard.gov.bd
==================================================
[+] Domain exhausted. Finishing up: https://deb110575.dhakaeducationboard.gov.bd
==================================================
[*] STARTING NEW DOMAIN: https://dao.keshabpur.jessore.gov.bd
==================================================
[+] Domain exhausted. Finishing up: https://dao.keshabpur.jessore.gov.bd
==================================================
[*] STARTING NEW DOMAIN: https://deb108216.dhakaeducationboard.gov.bd
==================================================
[+] Domain exhausted. Finishing up: https://deb108216.dhakaeducationboard.gov.bd
==================================================
[*] STARTING NEW DOMAIN: https://baghaboup.narsingdi.gov.bd
==================================================
[+] Domain exhausted. Finishing up: https://baghaboup.narsingdi.gov.bd
==================================================
[*] STARTING NEW DOMAIN: https://deb108513.dhakaeducationboard.gov.bd
==================================================
[+] Domain exhausted. Finishing up: https://deb108513.dhakaeducationboard.gov.bd
==================================================
[*] STARTING NEW DOMAIN: https://arparacollegeshalikha.jessoreboard.gov.bd
==================================================
[+] Domain exhausted. Finishing up: https://arparacollegeshalikha.jessoreboard.gov.bd
==================================================
[*] STARTING NEW DOMAIN: https://dwa.tahirpur.sunamganj.gov.bd
==================================================
[+] Domain exhausted. Finishing up: https://dwa.tahirpur.sunamganj.gov.bd
==================================================
[*] STARTING NEW DOMAIN: https://bmet.jhenaidah.gov.bd
==================================================
[+] Domain exhausted. Finishing up: https://bmet.jhenaidah.gov.bd
==================================================
[*] STARTING NEW DOMAIN: https://dattagatidamukhalisecondaryschool.jessoreboard.gov.bd
==================================================
[+] Domain exhausted. Finishing up: https://dattagatidamukhalisecondaryschool.jessoreboard.gov.bd
==================================================
[*] STARTING NEW DOMAIN: https://bjri.chandina.comilla.gov.bd
==================================================
[+] Domain exhausted. Finishing up: https://bjri.chandina.comilla.gov.bd
==================================================
[*] STARTING NEW DOMAIN: https://dao.alfadanga.faridpur.gov.bd
==================================================
[+] Domain exhausted. Finishing up: https://dao.alfadanga.faridpur.gov.bd
==================================================
[*] STARTING NEW DOMAIN: https://dmco.portal.gov.bd
==================================================
[+] Domain exhausted. Finishing up: https://dmco.portal.gov.bd
==================================================
[*] STARTING NEW DOMAIN: https://daochittagong.krishibank.gov.bd
==================================================
[+] Domain exhausted. Finishing up: https://daochittagong.krishibank.gov.bd
==================================================
[*] STARTING NEW DOMAIN: https://brtcdepot.pabna.gov.bd
==================================================
[+] Domain exhausted. Finishing up: https://brtcdepot.pabna.gov.bd
==================================================
[*] STARTING NEW DOMAIN: https://smbadc.kurigram.gov.bd
==================================================
[+] Domain exhausted. Finishing up: https://smbadc.kurigram.gov.bd
==================================================
[*] STARTING NEW DOMAIN: https://sheriabegumsecondarygirlsschool.jessoreboard.gov.bd
==================================================
[+] Domain exhausted. Finishing up: https://sheriabegumsecondarygirlsschool.jessoreboard.gov.bd
==================================================
[*] STARTING NEW DOMAIN: https://sca.rangamati.gov.bd
==================================================
[+] Domain exhausted. Finishing up: https://sca.rangamati.gov.bd
==================================================
[*] STARTING NEW DOMAIN: https://bbs.narayanganj.gov.bd
==================================================
[+] Domain exhausted. Finishing up: https://bbs.narayanganj.gov.bd
==================================================
[*] STARTING NEW DOMAIN: https://kishorinagaradarshohighschool.jessoreboard.gov.bd
==================================================
[+] Domain exhausted. Finishing up: https://kishorinagaradarshohighschool.jessoreboard.gov.bd
==================================================
[*] STARTING NEW DOMAIN: https://deb110643.dhakaeducationboard.gov.bd
==================================================
[+] Domain exhausted. Finishing up: https://deb110643.dhakaeducationboard.gov.bd
==================================================
[*] STARTING NEW DOMAIN: https://sharifpurup.jamalpur.gov.bd
==================================================
[+] Domain exhausted. Finishing up: https://sharifpurup.jamalpur.gov.bd
==================================================
[*] STARTING NEW DOMAIN: https://cooparative.dhamrai.dhaka.gov.bd
==================================================
[+] Domain exhausted. Finishing up: https://cooparative.dhamrai.dhaka.gov.bd
==================================================
[*] STARTING NEW DOMAIN: https://dao.shariakandi.bogra.gov.bd
==================================================
[+] Domain exhausted. Finishing up: https://dao.shariakandi.bogra.gov.bd
==================================================
[*] STARTING NEW DOMAIN: https://dao.hathazari.chittagong.gov.bd
==================================================
[+] Domain exhausted. Finishing up: https://dao.hathazari.chittagong.gov.bd
==================================================
[*] STARTING NEW DOMAIN: https://shankorpasaup.pirojpur.gov.bd
==================================================
[+] Domain exhausted. Finishing up: https://shankorpasaup.pirojpur.gov.bd
==================================================
[*] STARTING NEW DOMAIN: https://ocie.dhakadiv.gov.bd
==================================================
[+] Domain exhausted. Finishing up: https://ocie.dhakadiv.gov.bd
==================================================
[*] STARTING NEW DOMAIN: https://deb111862.dhakaeducationboard.gov.bd
==================================================
[+] Domain exhausted. Finishing up: https://deb111862.dhakaeducationboard.gov.bd
==================================================
[*] STARTING NEW DOMAIN: https://13adraup.comilla.gov.bd
==================================================
[+] Domain exhausted. Finishing up: https://13adraup.comilla.gov.bd
==================================================
[*] STARTING NEW DOMAIN: https://deb111520.dhakaeducationboard.gov.bd
==================================================
[+] Domain exhausted. Finishing up: https://deb111520.dhakaeducationboard.gov.bd
==================================================
[*] STARTING NEW DOMAIN: https://pbs.muksudpur.gopalganj.gov.bd
==================================================
[+] Domain exhausted. Finishing up: https://pbs.muksudpur.gopalganj.gov.bd
==================================================
[*] STARTING NEW DOMAIN: https://deb108228.dhakaeducationboard.gov.bd
==================================================
[+] Domain exhausted. Finishing up: https://deb108228.dhakaeducationboard.gov.bd
==================================================
[*] STARTING NEW DOMAIN: https://dam.rajshahidiv.gov.bd
==================================================
[+] Domain exhausted. Finishing up: https://dam.rajshahidiv.gov.bd
==================================================
[*] STARTING NEW DOMAIN: http://gis.gov.bd
==================================================
[+] Domain exhausted. Finishing up: http://gis.gov.bd
==================================================
[*] STARTING NEW DOMAIN: https://dao.muksudpur.gopalganj.gov.bd
==================================================
[+] Domain exhausted. Finishing up: https://dao.muksudpur.gopalganj.gov.bd
==================================================
[*] STARTING NEW DOMAIN: https://dphe.kaliganj.lalmonirhat.gov.bd
==================================================
[+] Domain exhausted. Finishing up: https://dphe.kaliganj.lalmonirhat.gov.bd
==================================================
[*] STARTING NEW DOMAIN: https://deb108825.dhakaeducationboard.gov.bd
==================================================
[+] Domain exhausted. Finishing up: https://deb108825.dhakaeducationboard.gov.bd
==================================================
[*] STARTING NEW DOMAIN: https://shilpakala.joypurhat.gov.bd
==================================================
[+] Domain exhausted. Finishing up: https://shilpakala.joypurhat.gov.bd
==================================================
[*] STARTING NEW DOMAIN: https://deb112418.dhakaeducationboard.gov.bd
==================================================
[+] Domain exhausted. Finishing up: https://deb112418.dhakaeducationboard.gov.bd
==================================================
[*] STARTING NEW DOMAIN: https://deb111420.dhakaeducationboard.gov.bd
==================================================
[+] Domain exhausted. Finishing up: https://deb111420.dhakaeducationboard.gov.bd
==================================================
[*] STARTING NEW DOMAIN: https://shishuacademy.bhola.gov.bd
==================================================
[+] Domain exhausted. Finishing up: https://shishuacademy.bhola.gov.bd
==================================================
[*] STARTING NEW DOMAIN: https://ais.rangpur.gov.bd
==================================================
[+] Domain exhausted. Finishing up: https://ais.rangpur.gov.bd
==================================================
[*] STARTING NEW DOMAIN: https://deb109234.dhakaeducationboard.gov.bd
==================================================
[+] Domain exhausted. Finishing up: https://deb109234.dhakaeducationboard.gov.bd
==================================================
[*] STARTING NEW DOMAIN: https://deb112789.dhakaeducationboard.gov.bd
==================================================
[+] Domain exhausted. Finishing up: https://deb112789.dhakaeducationboard.gov.bd
==================================================
[*] STARTING NEW DOMAIN: https://deb112406.dhakaeducationboard.gov.bd
==================================================
[+] Domain exhausted. Finishing up: https://deb112406.dhakaeducationboard.gov.bd
==================================================
[*] STARTING NEW DOMAIN: https://dphe.madhupur.tangail.gov.bd
==================================================
[+] Domain exhausted. Finishing up: https://dphe.madhupur.tangail.gov.bd
==================================================
[*] STARTING NEW DOMAIN: https://deb111746.dhakaeducationboard.gov.bd
==================================================
[+] Domain exhausted. Finishing up: https://deb111746.dhakaeducationboard.gov.bd
==================================================
[*] STARTING NEW DOMAIN: https://deb110952.dhakaeducationboard.gov.bd
==================================================
[+] Domain exhausted. Finishing up: https://deb110952.dhakaeducationboard.gov.bd
==================================================
[*] STARTING NEW DOMAIN: https://deb112204.dhakaeducationboard.gov.bd
==================================================
[+] Domain exhausted. Finishing up: https://deb112204.dhakaeducationboard.gov.bd
==================================================
[*] STARTING NEW DOMAIN: https://deb111393.dhakaeducationboard.gov.bd
==================================================
[+] Domain exhausted. Finishing up: https://deb111393.dhakaeducationboard.gov.bd
==================================================
[*] STARTING NEW DOMAIN: https://deb109118.dhakaeducationboard.gov.bd
==================================================
[+] Domain exhausted. Finishing up: https://deb109118.dhakaeducationboard.gov.bd
==================================================
[*] STARTING NEW DOMAIN: https://deb112105.dhakaeducationboard.gov.bd
==================================================
[+] Domain exhausted. Finishing up: https://deb112105.dhakaeducationboard.gov.bd
==================================================
[*] STARTING NEW DOMAIN: https://eed.bakerganj.barisal.gov.bd
==================================================
[+] Domain exhausted. Finishing up: https://eed.bakerganj.barisal.gov.bd
==================================================
[*] STARTING NEW DOMAIN: https://deb108234.dhakaeducationboard.gov.bd
==================================================
[+] Domain exhausted. Finishing up: https://deb108234.dhakaeducationboard.gov.bd
==================================================
[*] STARTING NEW DOMAIN: https://deb108858.dhakaeducationboard.gov.bd
==================================================
[+] Domain exhausted. Finishing up: https://deb108858.dhakaeducationboard.gov.bd
==================================================
[*] STARTING NEW DOMAIN: https://dr.sirajganj.gov.bd
==================================================
[+] Domain exhausted. Finishing up: https://dr.sirajganj.gov.bd
==================================================
[*] STARTING NEW DOMAIN: https://dam.manirampur.jessore.gov.bd
==================================================
[+] Domain exhausted. Finishing up: https://dam.manirampur.jessore.gov.bd
==================================================
[*] STARTING NEW DOMAIN: https://dao.kaliganj.lalmonirhat.gov.bd
==================================================
[+] Domain exhausted. Finishing up: https://dao.kaliganj.lalmonirhat.gov.bd
==================================================
[*] STARTING NEW DOMAIN: https://deb110994.dhakaeducationboard.gov.bd
==================================================
[+] Domain exhausted. Finishing up: https://deb110994.dhakaeducationboard.gov.bd
==================================================
[*] STARTING NEW DOMAIN: https://deb108601.dhakaeducationboard.gov.bd
==================================================
[+] Domain exhausted. Finishing up: https://deb108601.dhakaeducationboard.gov.bd
==================================================
[*] STARTING NEW DOMAIN: https://deb111876.dhakaeducationboard.gov.bd
==================================================
[+] Domain exhausted. Finishing up: https://deb111876.dhakaeducationboard.gov.bd
==================================================
[*] STARTING NEW DOMAIN: https://deb111544.dhakaeducationboard.gov.bd
==================================================
[+] Domain exhausted. Finishing up: https://deb111544.dhakaeducationboard.gov.bd
==================================================
[*] STARTING NEW DOMAIN: https://seo.badargonj.rangpur.gov.bd
==================================================
[+] Domain exhausted. Finishing up: https://seo.badargonj.rangpur.gov.bd
==================================================
[*] STARTING NEW DOMAIN: https://deb108818.dhakaeducationboard.gov.bd
==================================================
[+] Domain exhausted. Finishing up: https://deb108818.dhakaeducationboard.gov.bd
==================================================
[*] STARTING NEW DOMAIN: https://deb108393.dhakaeducationboard.gov.bd
==================================================
[+] Domain exhausted. Finishing up: https://deb108393.dhakaeducationboard.gov.bd
==================================================
[*] STARTING NEW DOMAIN: https://daldoliup.chapainawabganj.gov.bd
==================================================
[+] Domain exhausted. Finishing up: https://daldoliup.chapainawabganj.gov.bd
==================================================
[*] STARTING NEW DOMAIN: https://deb111935.dhakaeducationboard.gov.bd
==================================================
[+] Domain exhausted. Finishing up: https://deb111935.dhakaeducationboard.gov.bd
==================================================
[*] STARTING NEW DOMAIN: https://deb111666.dhakaeducationboard.gov.bd
==================================================
[+] Domain exhausted. Finishing up: https://deb111666.dhakaeducationboard.gov.bd
==================================================
[*] STARTING NEW DOMAIN: https://dao.belkuchi.sirajganj.gov.bd
==================================================
[+] Domain exhausted. Finishing up: https://dao.belkuchi.sirajganj.gov.bd
==================================================
[*] STARTING NEW DOMAIN: https://deb112232.dhakaeducationboard.gov.bd
==================================================
[+] Domain exhausted. Finishing up: https://deb112232.dhakaeducationboard.gov.bd
==================================================
[*] STARTING NEW DOMAIN: https://deb111048.dhakaeducationboard.gov.bd
==================================================
[+] Domain exhausted. Finishing up: https://deb111048.dhakaeducationboard.gov.bd
==================================================
[*] STARTING NEW DOMAIN: https://deb111555.dhakaeducationboard.gov.bd
==================================================
[+] Domain exhausted. Finishing up: https://deb111555.dhakaeducationboard.gov.bd
==================================================
[*] STARTING NEW DOMAIN: https://sfdf.kashiani.gopalganj.gov.bd
==================================================
[+] Domain exhausted. Finishing up: https://sfdf.kashiani.gopalganj.gov.bd
==================================================
[*] STARTING NEW DOMAIN: https://deb112412.dhakaeducationboard.gov.bd
==================================================
[+] Domain exhausted. Finishing up: https://deb112412.dhakaeducationboard.gov.bd
==================================================
[*] STARTING NEW DOMAIN: https://deb112774.dhakaeducationboard.gov.bd
==================================================
[+] Domain exhausted. Finishing up: https://deb112774.dhakaeducationboard.gov.bd
==================================================
[*] STARTING NEW DOMAIN: https://deb113203.dhakaeducationboard.gov.bd
==================================================
[+] Domain exhausted. Finishing up: https://deb113203.dhakaeducationboard.gov.bd
==================================================
[*] STARTING NEW DOMAIN: https://eed.boalmari.faridpur.gov.bd
==================================================
[+] Domain exhausted. Finishing up: https://eed.boalmari.faridpur.gov.bd
==================================================
[*] STARTING NEW DOMAIN: https://ec.monpura.bhola.gov.bd
==================================================
[+] Domain exhausted. Finishing up: https://ec.monpura.bhola.gov.bd
==================================================
[*] STARTING NEW DOMAIN: https://ati.chittagong.gov.bd
==================================================
[+] Domain exhausted. Finishing up: https://ati.chittagong.gov.bd
==================================================
[*] STARTING NEW DOMAIN: https://amuriajuniorhighschool.jessoreboard.gov.bd
==================================================
[+] Domain exhausted. Finishing up: https://amuriajuniorhighschool.jessoreboard.gov.bd
==================================================
[*] STARTING NEW DOMAIN: https://eed.narayanganj.gov.bd
==================================================
[+] Domain exhausted. Finishing up: https://eed.narayanganj.gov.bd
==================================================
[*] STARTING NEW DOMAIN: https://pdb3.sylhet.gov.bd
==================================================
[+] Domain exhausted. Finishing up: https://pdb3.sylhet.gov.bd
==================================================
[*] STARTING NEW DOMAIN: https://pio.monohargonj.comilla.gov.bd
==================================================
[+] Domain exhausted. Finishing up: https://pio.monohargonj.comilla.gov.bd
==================================================
[*] STARTING NEW DOMAIN: https://eed.chapainawabganjsadar.chapainawabganj.gov.bd
==================================================
[+] Domain exhausted. Finishing up: https://eed.chapainawabganjsadar.chapainawabganj.gov.bd
==================================================
[*] STARTING NEW DOMAIN: https://ec.taltali.barguna.gov.bd
==================================================
[+] Domain exhausted. Finishing up: https://ec.taltali.barguna.gov.bd
==================================================
[*] STARTING NEW DOMAIN: https://ec.kendua.netrokona.gov.bd
==================================================
[+] Domain exhausted. Finishing up: https://ec.kendua.netrokona.gov.bd
==================================================
[*] STARTING NEW DOMAIN: https://deb114134.dhakaeducationboard.gov.bd
==================================================
[+] Domain exhausted. Finishing up: https://deb114134.dhakaeducationboard.gov.bd
==================================================
[*] STARTING NEW DOMAIN: https://deb114509.dhakaeducationboard.gov.bd
==================================================
[+] Domain exhausted. Finishing up: https://deb114509.dhakaeducationboard.gov.bd
==================================================
[*] STARTING NEW DOMAIN: https://panchbibi.joypurhat.gov.bd
==================================================
[+] Domain exhausted. Finishing up: https://panchbibi.joypurhat.gov.bd
==================================================
[*] STARTING NEW DOMAIN: https://ecboalia.rajshahi.gov.bd
==================================================
[+] Domain exhausted. Finishing up: https://ecboalia.rajshahi.gov.bd
==================================================
[*] STARTING NEW DOMAIN: https://pnbiamlaboratoryschool.jessoreboard.gov.bd
==================================================
[+] Domain exhausted. Finishing up: https://pnbiamlaboratoryschool.jessoreboard.gov.bd
==================================================
[*] STARTING NEW DOMAIN: https://pallisanchaybank.chirirbandar.dinajpur.gov.bd
==================================================
[+] Domain exhausted. Finishing up: https://pallisanchaybank.chirirbandar.dinajpur.gov.bd
==================================================
[*] STARTING NEW DOMAIN: https://eed.madaripur.gov.bd
==================================================
[+] Domain exhausted. Finishing up: https://eed.madaripur.gov.bd
==================================================
[*] STARTING NEW DOMAIN: https://deb112784.dhakaeducationboard.gov.bd
==================================================
[+] Domain exhausted. Finishing up: https://deb112784.dhakaeducationboard.gov.bd
==================================================
[*] STARTING NEW DOMAIN: https://ansarvdp.chapainawabganjsadar.chapainawabganj.gov.bd
==================================================
[+] Domain exhausted. Finishing up: https://ansarvdp.chapainawabganjsadar.chapainawabganj.gov.bd
==================================================
[*] STARTING NEW DOMAIN: https://pbs.karimgonj.kishoreganj.gov.bd
==================================================
[+] Domain exhausted. Finishing up: https://pbs.karimgonj.kishoreganj.gov.bd
==================================================
[*] STARTING NEW DOMAIN: https://deb114527.dhakaeducationboard.gov.bd
==================================================
[+] Domain exhausted. Finishing up: https://deb114527.dhakaeducationboard.gov.bd
==================================================
[*] STARTING NEW DOMAIN: https://pio.debidwar.comilla.gov.bd
==================================================
[+] Domain exhausted. Finishing up: https://pio.debidwar.comilla.gov.bd
==================================================
[*] STARTING NEW DOMAIN: https://pbs.taltali.barguna.gov.bd
==================================================
[+] Domain exhausted. Finishing up: https://pbs.taltali.barguna.gov.bd
==================================================
[*] STARTING NEW DOMAIN: https://eed.sarankhola.bagerhat.gov.bd
==================================================
[+] Domain exhausted. Finishing up: https://eed.sarankhola.bagerhat.gov.bd
==================================================
[*] STARTING NEW DOMAIN: https://deb114548.dhakaeducationboard.gov.bd
==================================================
[+] Domain exhausted. Finishing up: https://deb114548.dhakaeducationboard.gov.bd
==================================================
[*] STARTING NEW DOMAIN: https://sr.burichang.comilla.gov.bd
==================================================
[+] Domain exhausted. Finishing up: https://sr.burichang.comilla.gov.bd
==================================================
[*] STARTING NEW DOMAIN: http://dae.mirpurkushtia.kushtia.gov.bd
==================================================
[+] Domain exhausted. Finishing up: http://dae.mirpurkushtia.kushtia.gov.bd
==================================================
[*] STARTING NEW DOMAIN: https://deb114468.dhakaeducationboard.gov.bd
==================================================
[+] Domain exhausted. Finishing up: https://deb114468.dhakaeducationboard.gov.bd
==================================================
[*] STARTING NEW DOMAIN: https://deb114543.dhakaeducationboard.gov.bd
==================================================
[+] Domain exhausted. Finishing up: https://deb114543.dhakaeducationboard.gov.bd
==================================================
[*] STARTING NEW DOMAIN: https://fpo.badargonj.rangpur.gov.bd
==================================================
[+] Domain exhausted. Finishing up: https://fpo.badargonj.rangpur.gov.bd
==================================================
[*] STARTING NEW DOMAIN: https://deb136535.dhakaeducationboard.gov.bd
==================================================
[+] Domain exhausted. Finishing up: https://deb136535.dhakaeducationboard.gov.bd
==================================================
[*] STARTING NEW DOMAIN: https://fisheries.raigonj.sirajganj.gov.bd
==================================================
[+] Domain exhausted. Finishing up: https://fisheries.raigonj.sirajganj.gov.bd
==================================================
[*] STARTING NEW DOMAIN: https://dgt.portal.gov.bd
==================================================
[+] Domain exhausted. Finishing up: https://dgt.portal.gov.bd
==================================================
[*] STARTING NEW DOMAIN: https://deb114613.dhakaeducationboard.gov.bd
==================================================
[+] Domain exhausted. Finishing up: https://deb114613.dhakaeducationboard.gov.bd
==================================================
[*] STARTING NEW DOMAIN: https://baptaup.bhola.gov.bd
==================================================
[+] Domain exhausted. Finishing up: https://baptaup.bhola.gov.bd
==================================================
[*] STARTING NEW DOMAIN: https://dls.sarankhola.bagerhat.gov.bd
==================================================
[+] Domain exhausted. Finishing up: https://dls.sarankhola.bagerhat.gov.bd
==================================================
[*] STARTING NEW DOMAIN: https://ansarvdp.betagi.barguna.gov.bd
==================================================
[+] Domain exhausted. Finishing up: https://ansarvdp.betagi.barguna.gov.bd
==================================================
[*] STARTING NEW DOMAIN: https://ansarvdp.golapganj.sylhet.gov.bd
==================================================
[+] Domain exhausted. Finishing up: https://ansarvdp.golapganj.sylhet.gov.bd
==================================================
[*] STARTING NEW DOMAIN: https://doict.chandanaish.chittagong.gov.bd
==================================================
[+] Domain exhausted. Finishing up: https://doict.chandanaish.chittagong.gov.bd
==================================================
[*] STARTING NEW DOMAIN: https://dls.thakurgaonsadar.thakurgaon.gov.bd
==================================================
[+] Domain exhausted. Finishing up: https://dls.thakurgaonsadar.thakurgaon.gov.bd
==================================================
[*] STARTING NEW DOMAIN: https://dls.mithamoin.kishoreganj.gov.bd
==================================================
[+] Domain exhausted. Finishing up: https://dls.mithamoin.kishoreganj.gov.bd
==================================================
[*] STARTING NEW DOMAIN: https://seo.sadar.feni.gov.bd
==================================================
[+] Domain exhausted. Finishing up: https://seo.sadar.feni.gov.bd
==================================================
[*] STARTING NEW DOMAIN: https://doj.satkhira.gov.bd
==================================================
[+] Domain exhausted. Finishing up: https://doj.satkhira.gov.bd
==================================================
[*] STARTING NEW DOMAIN: https://cevdsc.gov.bd
==================================================
[+] Domain exhausted. Finishing up: https://cevdsc.gov.bd
==================================================
[*] STARTING NEW DOMAIN: http://totthoapa.chougachha.jessore.gov.bd
==================================================
[+] Domain exhausted. Finishing up: http://totthoapa.chougachha.jessore.gov.bd
==================================================
[*] STARTING NEW DOMAIN: https://doict.rupsha.khulna.gov.bd
==================================================
[+] Domain exhausted. Finishing up: https://doict.rupsha.khulna.gov.bd
==================================================
[*] STARTING NEW DOMAIN: https://deb134478.dhakaeducationboard.gov.bd
==================================================
[+] Domain exhausted. Finishing up: https://deb134478.dhakaeducationboard.gov.bd
==================================================
[*] STARTING NEW DOMAIN: https://doict.borhanuddin.bhola.gov.bd
==================================================
[+] Domain exhausted. Finishing up: https://doict.borhanuddin.bhola.gov.bd
==================================================
[*] STARTING NEW DOMAIN: https://doict.sujanagar.pabna.gov.bd
==================================================
[+] Domain exhausted. Finishing up: https://doict.sujanagar.pabna.gov.bd
==================================================
[*] STARTING NEW DOMAIN: https://deb134106.dhakaeducationboard.gov.bd
==================================================
[+] Domain exhausted. Finishing up: https://deb134106.dhakaeducationboard.gov.bd
==================================================
[*] STARTING NEW DOMAIN: https://deb137606.dhakaeducationboard.gov.bd
==================================================
[+] Domain exhausted. Finishing up: https://deb137606.dhakaeducationboard.gov.bd
==================================================
[*] STARTING NEW DOMAIN: https://deb138843.dhakaeducationboard.gov.bd
==================================================
[+] Domain exhausted. Finishing up: https://deb138843.dhakaeducationboard.gov.bd
==================================================
[*] STARTING NEW DOMAIN: https://bhbfc.faridpur.gov.bd
==================================================
[+] Domain exhausted. Finishing up: https://bhbfc.faridpur.gov.bd
==================================================
[*] STARTING NEW DOMAIN: https://doict.sadar.rajbari.gov.bd
==================================================
[+] Domain exhausted. Finishing up: https://doict.sadar.rajbari.gov.bd
==================================================
[*] STARTING NEW DOMAIN: https://deb136802.dhakaeducationboard.gov.bd
==================================================
[+] Domain exhausted. Finishing up: https://deb136802.dhakaeducationboard.gov.bd
==================================================
[*] STARTING NEW DOMAIN: https://charfesson.bhola.gov.bd
==================================================
[+] Domain exhausted. Finishing up: https://charfesson.bhola.gov.bd
==================================================
[*] STARTING NEW DOMAIN: https://ao.ukhiya.coxsbazar.gov.bd
==================================================
[+] Domain exhausted. Finishing up: https://ao.ukhiya.coxsbazar.gov.bd
==================================================
[*] STARTING NEW DOMAIN: https://deb137188.dhakaeducationboard.gov.bd
==================================================
[+] Domain exhausted. Finishing up: https://deb137188.dhakaeducationboard.gov.bd
==================================================
[*] STARTING NEW DOMAIN: https://deo.faridgonj.chandpur.gov.bd
==================================================
[+] Domain exhausted. Finishing up: https://deo.faridgonj.chandpur.gov.bd
==================================================
[*] STARTING NEW DOMAIN: https://seo.nabinagar.brahmanbaria.gov.bd
==================================================
[+] Domain exhausted. Finishing up: https://seo.nabinagar.brahmanbaria.gov.bd
==================================================
[*] STARTING NEW DOMAIN: https://deb130847.dhakaeducationboard.gov.bd
==================================================
[+] Domain exhausted. Finishing up: https://deb130847.dhakaeducationboard.gov.bd
==================================================
[*] STARTING NEW DOMAIN: https://deb138144.dhakaeducationboard.gov.bd
==================================================
[+] Domain exhausted. Finishing up: https://deb138144.dhakaeducationboard.gov.bd
==================================================
[*] STARTING NEW DOMAIN: https://challanverification.finance.gov.bd
==================================================
[+] Domain exhausted. Finishing up: https://challanverification.finance.gov.bd
==================================================
[*] STARTING NEW DOMAIN: https://deb131122.dhakaeducationboard.gov.bd
==================================================
[+] Domain exhausted. Finishing up: https://deb131122.dhakaeducationboard.gov.bd
==================================================
[*] STARTING NEW DOMAIN: https://food.sadullapur.gaibandha.gov.bd
==================================================
[+] Domain exhausted. Finishing up: https://food.sadullapur.gaibandha.gov.bd
==================================================
[*] STARTING NEW DOMAIN: https://bscic.kushtia.gov.bd
==================================================
[+] Domain exhausted. Finishing up: https://bscic.kushtia.gov.bd
==================================================
[*] STARTING NEW DOMAIN: https://ansarvdp.jhenaidah.gov.bd
==================================================
[+] Domain exhausted. Finishing up: https://ansarvdp.jhenaidah.gov.bd
==================================================
[*] STARTING NEW DOMAIN: https://brdb.assasuni.satkhira.gov.bd
==================================================
[+] Domain exhausted. Finishing up: https://brdb.assasuni.satkhira.gov.bd
==================================================
[*] STARTING NEW DOMAIN: https://deb137667.dhakaeducationboard.gov.bd
==================================================
[+] Domain exhausted. Finishing up: https://deb137667.dhakaeducationboard.gov.bd
==================================================
[*] STARTING NEW DOMAIN: https://doict.haimchar.chandpur.gov.bd
==================================================
[+] Domain exhausted. Finishing up: https://doict.haimchar.chandpur.gov.bd
==================================================
[*] STARTING NEW DOMAIN: http://adabariaunioncollege.jessoreboard.gov.bd
==================================================
[+] Domain exhausted. Finishing up: http://adabariaunioncollege.jessoreboard.gov.bd
==================================================
[*] STARTING NEW DOMAIN: https://dphe.birol.dinajpur.gov.bd
==================================================
[+] Domain exhausted. Finishing up: https://dphe.birol.dinajpur.gov.bd
==================================================
[*] STARTING NEW DOMAIN: https://doj.charghat.rajshahi.gov.bd
==================================================
[+] Domain exhausted. Finishing up: https://doj.charghat.rajshahi.gov.bd
==================================================
[*] STARTING NEW DOMAIN: https://dot.dhakadiv.gov.bd
==================================================
[+] Domain exhausted. Finishing up: https://dot.dhakadiv.gov.bd
==================================================
[*] STARTING NEW DOMAIN: https://seo.nikli.kishoreganj.gov.bd
==================================================
[+] Domain exhausted. Finishing up: https://seo.nikli.kishoreganj.gov.bd
==================================================
[*] STARTING NEW DOMAIN: https://boyrasecondaryschool.jessoreboard.gov.bd
==================================================
[+] Domain exhausted. Finishing up: https://boyrasecondaryschool.jessoreboard.gov.bd
==================================================
[*] STARTING NEW DOMAIN: https://dphe.belaichari.rangamati.gov.bd
==================================================
[+] Domain exhausted. Finishing up: https://dphe.belaichari.rangamati.gov.bd
==================================================
[*] STARTING NEW DOMAIN: https://fisheries.botiaghata.khulna.gov.bd
==================================================
[+] Domain exhausted. Finishing up: https://fisheries.botiaghata.khulna.gov.bd
==================================================
[*] STARTING NEW DOMAIN: https://dae.bajitpur.kishoreganj.gov.bd
==================================================
[+] Domain exhausted. Finishing up: https://dae.bajitpur.kishoreganj.gov.bd
==================================================
[*] STARTING NEW DOMAIN: https://fireservice.kachua.chandpur.gov.bd
==================================================
[+] Domain exhausted. Finishing up: https://fireservice.kachua.chandpur.gov.bd
==================================================
[*] STARTING NEW DOMAIN: https://dpe.chhagalnaiya.feni.gov.bd
==================================================
[+] Domain exhausted. Finishing up: https://dpe.chhagalnaiya.feni.gov.bd
==================================================
[*] STARTING NEW DOMAIN: https://brta.gaibandha.gov.bd
==================================================
[+] Domain exhausted. Finishing up: https://brta.gaibandha.gov.bd
==================================================
[*] STARTING NEW DOMAIN: https://biam-bogura.portal.gov.bd
==================================================
[+] Domain exhausted. Finishing up: https://biam-bogura.portal.gov.bd
==================================================
[*] STARTING NEW DOMAIN: https://fisheries.alikadam.bandarban.gov.bd
==================================================
[+] Domain exhausted. Finishing up: https://fisheries.alikadam.bandarban.gov.bd
==================================================
[*] STARTING NEW DOMAIN: https://fireservice.gomostapur.chapainawabganj.gov.bd
==================================================
[+] Domain exhausted. Finishing up: https://fireservice.gomostapur.chapainawabganj.gov.bd
==================================================
[*] STARTING NEW DOMAIN: https://ttcdashmina.patuakhali.gov.bd
==================================================
[+] Domain exhausted. Finishing up: https://ttcdashmina.patuakhali.gov.bd
==================================================
[*] STARTING NEW DOMAIN: https://dphe.bholahat.chapainawabganj.gov.bd
==================================================
[+] Domain exhausted. Finishing up: https://dphe.bholahat.chapainawabganj.gov.bd
==================================================
[*] STARTING NEW DOMAIN: https://dshe.mohammadpur.magura.gov.bd
==================================================
[+] Domain exhausted. Finishing up: https://dshe.mohammadpur.magura.gov.bd
==================================================
[*] STARTING NEW DOMAIN: https://fisheries.chunarughat.habiganj.gov.bd
==================================================
[+] Domain exhausted. Finishing up: https://fisheries.chunarughat.habiganj.gov.bd
==================================================
[*] STARTING NEW DOMAIN: https://food.phulbari.kurigram.gov.bd
==================================================
[+] Domain exhausted. Finishing up: https://food.phulbari.kurigram.gov.bd
==================================================
[*] STARTING NEW DOMAIN: https://ansarvdp.companiganj.sylhet.gov.bd
==================================================
[+] Domain exhausted. Finishing up: https://ansarvdp.companiganj.sylhet.gov.bd
==================================================
[*] STARTING NEW DOMAIN: https://bfsa.jhenaidah.gov.bd
==================================================
[+] Domain exhausted. Finishing up: https://bfsa.jhenaidah.gov.bd
==================================================
[*] STARTING NEW DOMAIN: https://fotullapolice.narayanganjsadar.narayanganj.gov.bd
==================================================
[+] Domain exhausted. Finishing up: https://fotullapolice.narayanganjsadar.narayanganj.gov.bd
==================================================
[*] STARTING NEW DOMAIN: https://fisheries.narailsadar.narail.gov.bd
==================================================
[+] Domain exhausted. Finishing up: https://fisheries.narailsadar.narail.gov.bd
==================================================
[*] STARTING NEW DOMAIN: https://dwa.alamdanga.chuadanga.gov.bd
==================================================
[+] Domain exhausted. Finishing up: https://dwa.alamdanga.chuadanga.gov.bd
==================================================
[*] STARTING NEW DOMAIN: https://ansarvdp.kuliarchar.kishoreganj.gov.bd
==================================================
[+] Domain exhausted. Finishing up: https://ansarvdp.kuliarchar.kishoreganj.gov.bd
==================================================
[*] STARTING NEW DOMAIN: https://fpo.birol.dinajpur.gov.bd
==================================================
[+] Domain exhausted. Finishing up: https://fpo.birol.dinajpur.gov.bd
==================================================
[*] STARTING NEW DOMAIN: https://fisheries.nangalkot.comilla.gov.bd
==================================================
[+] Domain exhausted. Finishing up: https://fisheries.nangalkot.comilla.gov.bd
==================================================
[*] STARTING NEW DOMAIN: https://fpo.sadar.brahmanbaria.gov.bd
==================================================
[+] Domain exhausted. Finishing up: https://fpo.sadar.brahmanbaria.gov.bd
==================================================
[*] STARTING NEW DOMAIN: https://fpo.senbug.noakhali.gov.bd
==================================================
[+] Domain exhausted. Finishing up: https://fpo.senbug.noakhali.gov.bd
==================================================
[*] STARTING NEW DOMAIN: https://dshe.gopalganj.gov.bd
==================================================
[+] Domain exhausted. Finishing up: https://dshe.gopalganj.gov.bd
==================================================
[*] STARTING NEW DOMAIN: https://dr.gopalganj.gov.bd
==================================================
[+] Domain exhausted. Finishing up: https://dr.gopalganj.gov.bd
==================================================
[*] STARTING NEW DOMAIN: https://fireservice.thakurgaonsadar.thakurgaon.gov.bd
==================================================
[+] Domain exhausted. Finishing up: https://fireservice.thakurgaonsadar.thakurgaon.gov.bd
==================================================
[*] STARTING NEW DOMAIN: https://fireservice.kutubdia.coxsbazar.gov.bd
==================================================
[+] Domain exhausted. Finishing up: https://fireservice.kutubdia.coxsbazar.gov.bd
==================================================
[*] STARTING NEW DOMAIN: https://fireservice.gouripur.mymensingh.gov.bd
==================================================
[+] Domain exhausted. Finishing up: https://fireservice.gouripur.mymensingh.gov.bd
==================================================
[*] STARTING NEW DOMAIN: https://charputimariup.jamalpur.gov.bd
==================================================
[+] Domain exhausted. Finishing up: https://charputimariup.jamalpur.gov.bd
==================================================
[*] STARTING NEW DOMAIN: https://shariatpur.polytech.gov.bd
==================================================
[+] Domain exhausted. Finishing up: https://shariatpur.polytech.gov.bd
==================================================
[*] STARTING NEW DOMAIN: https://sr.bandar.narayanganj.gov.bd
==================================================
[+] Domain exhausted. Finishing up: https://sr.bandar.narayanganj.gov.bd
==================================================
[*] STARTING NEW DOMAIN: https://shishuacademy.bandarban.gov.bd
==================================================
[+] Domain exhausted. Finishing up: https://shishuacademy.bandarban.gov.bd
==================================================
[*] STARTING NEW DOMAIN: https://food.dighinala.khagrachhari.gov.bd
==================================================
[+] Domain exhausted. Finishing up: https://food.dighinala.khagrachhari.gov.bd
==================================================
[*] STARTING NEW DOMAIN: https://ec.shalikha.magura.gov.bd
==================================================
[+] Domain exhausted. Finishing up: https://ec.shalikha.magura.gov.bd
==================================================
[*] STARTING NEW DOMAIN: http://deb114223.dhakaeducationboard.gov.bd
==================================================
[+] Domain exhausted. Finishing up: http://deb114223.dhakaeducationboard.gov.bd
==================================================
[*] STARTING NEW DOMAIN: https://fpo.kumarkhali.kushtia.gov.bd
==================================================
[+] Domain exhausted. Finishing up: https://fpo.kumarkhali.kushtia.gov.bd
==================================================
[*] STARTING NEW DOMAIN: https://fpo.mohalchari.khagrachhari.gov.bd
==================================================
[+] Domain exhausted. Finishing up: https://fpo.mohalchari.khagrachhari.gov.bd
==================================================
[*] STARTING NEW DOMAIN: https://fireservice.tungipara.gopalganj.gov.bd
==================================================
[+] Domain exhausted. Finishing up: https://fireservice.tungipara.gopalganj.gov.bd
==================================================
[*] STARTING NEW DOMAIN: https://acl.chatmohar.pabna.gov.bd
==================================================
[+] Domain exhausted. Finishing up: https://acl.chatmohar.pabna.gov.bd
==================================================
[*] STARTING NEW DOMAIN: https://forest.rowangchhari.bandarban.gov.bd
==================================================
[+] Domain exhausted. Finishing up: https://forest.rowangchhari.bandarban.gov.bd
==================================================
[*] STARTING NEW DOMAIN: https://dss.syedpur.nilphamari.gov.bd
==================================================
[+] Domain exhausted. Finishing up: https://dss.syedpur.nilphamari.gov.bd
==================================================
[*] STARTING NEW DOMAIN: https://acl.sitakunda.chittagong.gov.bd
==================================================
[+] Domain exhausted. Finishing up: https://acl.sitakunda.chittagong.gov.bd
==================================================
[*] STARTING NEW DOMAIN: https://ansarvdp.sadar.khagrachhari.gov.bd
==================================================
[+] Domain exhausted. Finishing up: https://ansarvdp.sadar.khagrachhari.gov.bd
==================================================
[*] STARTING NEW DOMAIN: https://forest.companiganj.sylhet.gov.bd
==================================================
[+] Domain exhausted. Finishing up: https://forest.companiganj.sylhet.gov.bd
==================================================
[*] STARTING NEW DOMAIN: https://sundarpurjuniorhighschool.jessoreboard.gov.bd
==================================================
[+] Domain exhausted. Finishing up: https://sundarpurjuniorhighschool.jessoreboard.gov.bd
==================================================
[*] STARTING NEW DOMAIN: https://abak.brahmanbaria.gov.bd
==================================================
[+] Domain exhausted. Finishing up: https://abak.brahmanbaria.gov.bd
==================================================
[*] STARTING NEW DOMAIN: https://sonatoniup.sirajganj.gov.bd
==================================================
[+] Domain exhausted. Finishing up: https://sonatoniup.sirajganj.gov.bd
==================================================
[*] STARTING NEW DOMAIN: https://acc.noakhali.gov.bd
==================================================
[+] Domain exhausted. Finishing up: https://acc.noakhali.gov.bd
==================================================
[*] STARTING NEW DOMAIN: https://dwa.gosairhat.shariatpur.gov.bd
==================================================
[+] Domain exhausted. Finishing up: https://dwa.gosairhat.shariatpur.gov.bd
==================================================
[*] STARTING NEW DOMAIN: https://dss.zakiganj.sylhet.gov.bd
==================================================
[+] Domain exhausted. Finishing up: https://dss.zakiganj.sylhet.gov.bd
==================================================
[*] STARTING NEW DOMAIN: https://120104.ebmeb.gov.bd
==================================================
[+] Domain exhausted. Finishing up: https://120104.ebmeb.gov.bd
==================================================
[*] STARTING NEW DOMAIN: https://alamdangahighschool.jessoreboard.gov.bd
==================================================
[+] Domain exhausted. Finishing up: https://alamdangahighschool.jessoreboard.gov.bd
==================================================
[*] STARTING NEW DOMAIN: https://dss.betagi.barguna.gov.bd
==================================================
[+] Domain exhausted. Finishing up: https://dss.betagi.barguna.gov.bd
==================================================
[*] STARTING NEW DOMAIN: https://cmpmirpur.bfidc.gov.bd
==================================================
[+] Domain exhausted. Finishing up: https://cmpmirpur.bfidc.gov.bd
==================================================
[*] STARTING NEW DOMAIN: https://pttc.gopalganj.gov.bd
==================================================
[+] Domain exhausted. Finishing up: https://pttc.gopalganj.gov.bd
==================================================
[*] STARTING NEW DOMAIN: https://pwd.noakhali.gov.bd
==================================================
[+] Domain exhausted. Finishing up: https://pwd.noakhali.gov.bd
==================================================
[*] STARTING NEW DOMAIN: https://cooparative.kachua.chandpur.gov.bd
==================================================
[+] Domain exhausted. Finishing up: https://cooparative.kachua.chandpur.gov.bd
==================================================
[*] STARTING NEW DOMAIN: https://hfwc.taragonj.rangpur.gov.bd
==================================================
[+] Domain exhausted. Finishing up: https://hfwc.taragonj.rangpur.gov.bd
==================================================
[*] STARTING NEW DOMAIN: https://dss.chuadanga.gov.bd
==================================================
[+] Domain exhausted. Finishing up: https://dss.chuadanga.gov.bd
==================================================
[*] STARTING NEW DOMAIN: https://cooparative.shibpur.narsingdi.gov.bd
==================================================
[+] Domain exhausted. Finishing up: https://cooparative.shibpur.narsingdi.gov.bd
==================================================
[*] STARTING NEW DOMAIN: https://gsb.portal.gov.bd
==================================================
[+] Domain exhausted. Finishing up: https://gsb.portal.gov.bd
==================================================
[*] STARTING NEW DOMAIN: https://dwa.brahmanbaria.gov.bd
==================================================
[+] Domain exhausted. Finishing up: https://dwa.brahmanbaria.gov.bd
==================================================
[*] STARTING NEW DOMAIN: https://cs.narsingdi.gov.bd
==================================================
[+] Domain exhausted. Finishing up: https://cs.narsingdi.gov.bd
==================================================
[*] STARTING NEW DOMAIN: https://dae.bhurungamari.kurigram.gov.bd
==================================================
[+] Domain exhausted. Finishing up: https://dae.bhurungamari.kurigram.gov.bd
==================================================
[*] STARTING NEW DOMAIN: https://dae.gior.manikganj.gov.bd
==================================================
[+] Domain exhausted. Finishing up: https://dae.gior.manikganj.gov.bd
==================================================
[*] STARTING NEW DOMAIN: https://dae.comilla.gov.bd
==================================================
[+] Domain exhausted. Finishing up: https://dae.comilla.gov.bd
==================================================
[*] STARTING NEW DOMAIN: https://ipa.memis.gov.bd
==================================================
[+] Domain exhausted. Finishing up: https://ipa.memis.gov.bd
==================================================
[*] STARTING NEW DOMAIN: https://dae.naldanga.natore.gov.bd
==================================================
[+] Domain exhausted. Finishing up: https://dae.naldanga.natore.gov.bd
==================================================
[*] STARTING NEW DOMAIN: https://gadaipurzeheralisecondaryschool.jessoreboard.gov.bd
==================================================
[+] Domain exhausted. Finishing up: https://gadaipurzeheralisecondaryschool.jessoreboard.gov.bd
==================================================
[*] STARTING NEW DOMAIN: https://dae.shalla.sunamganj.gov.bd
==================================================
[+] Domain exhausted. Finishing up: https://dae.shalla.sunamganj.gov.bd
==================================================
[*] STARTING NEW DOMAIN: https://dam.trishal.mymensingh.gov.bd
==================================================
[+] Domain exhausted. Finishing up: https://dam.trishal.mymensingh.gov.bd
==================================================
[*] STARTING NEW DOMAIN: https://damurhudapilotgirlsschoolandcollege.jessoreboard.gov.bd
==================================================
[+] Domain exhausted. Finishing up: https://damurhudapilotgirlsschoolandcollege.jessoreboard.gov.bd
==================================================
[*] STARTING NEW DOMAIN: https://gpbdf.rangamati.gov.bd
==================================================
[+] Domain exhausted. Finishing up: https://gpbdf.rangamati.gov.bd
==================================================
[*] STARTING NEW DOMAIN: https://dao.gomostapur.chapainawabganj.gov.bd
==================================================
[+] Domain exhausted. Finishing up: https://dao.gomostapur.chapainawabganj.gov.bd
==================================================
[*] STARTING NEW DOMAIN: https://dao.faridpur.pabna.gov.bd
==================================================
[+] Domain exhausted. Finishing up: https://dao.faridpur.pabna.gov.bd
==================================================
[*] STARTING NEW DOMAIN: https://ghoshbilasecondaryschool.jessoreboard.gov.bd
==================================================
[+] Domain exhausted. Finishing up: https://ghoshbilasecondaryschool.jessoreboard.gov.bd
==================================================
[*] STARTING NEW DOMAIN: https://dao.senbug.noakhali.gov.bd
==================================================
[+] Domain exhausted. Finishing up: https://dao.senbug.noakhali.gov.bd
==================================================
[*] STARTING NEW DOMAIN: https://dao.sadarsouth.comilla.gov.bd
==================================================
[+] Domain exhausted. Finishing up: https://dao.sadarsouth.comilla.gov.bd
==================================================
[*] STARTING NEW DOMAIN: https://daudkandinorthup.comilla.gov.bd
==================================================
[+] Domain exhausted. Finishing up: https://daudkandinorthup.comilla.gov.bd
==================================================
[*] STARTING NEW DOMAIN: https://deb108038.dhakaeducationboard.gov.bd
==================================================
[+] Domain exhausted. Finishing up: https://deb108038.dhakaeducationboard.gov.bd
==================================================
[*] STARTING NEW DOMAIN: https://holokhanaup.kurigram.gov.bd
==================================================
[+] Domain exhausted. Finishing up: https://holokhanaup.kurigram.gov.bd
==================================================
[*] STARTING NEW DOMAIN: https://deb108460.dhakaeducationboard.gov.bd
==================================================
[+] Domain exhausted. Finishing up: https://deb108460.dhakaeducationboard.gov.bd
==================================================
[*] STARTING NEW DOMAIN: https://deb108547.dhakaeducationboard.gov.bd
==================================================
[+] Domain exhausted. Finishing up: https://deb108547.dhakaeducationboard.gov.bd
==================================================
[*] STARTING NEW DOMAIN: https://jbc.gov.bd
==================================================
[+] Domain exhausted. Finishing up: https://jbc.gov.bd
==================================================
[*] STARTING NEW DOMAIN: https://info.moulvibazar.gov.bd
==================================================
[+] Domain exhausted. Finishing up: https://info.moulvibazar.gov.bd
==================================================
[*] STARTING NEW DOMAIN: https://iedcr.portal.gov.bd
==================================================
[+] Domain exhausted. Finishing up: https://iedcr.portal.gov.bd
==================================================
[*] STARTING NEW DOMAIN: https://jorekhaliup.jamalpur.gov.bd
==================================================
[+] Domain exhausted. Finishing up: https://jorekhaliup.jamalpur.gov.bd
==================================================
[*] STARTING NEW DOMAIN: https://deb109113.dhakaeducationboard.gov.bd
==================================================
[+] Domain exhausted. Finishing up: https://deb109113.dhakaeducationboard.gov.bd
==================================================
[*] STARTING NEW DOMAIN: https://islamiamohilacollege.jessoreboard.gov.bd
==================================================
[+] Domain exhausted. Finishing up: https://islamiamohilacollege.jessoreboard.gov.bd
==================================================
[*] STARTING NEW DOMAIN: https://deb109459.dhakaeducationboard.gov.bd
==================================================
[+] Domain exhausted. Finishing up: https://deb109459.dhakaeducationboard.gov.bd
==================================================
[*] STARTING NEW DOMAIN: https://deb109473.dhakaeducationboard.gov.bd
==================================================
[+] Domain exhausted. Finishing up: https://deb109473.dhakaeducationboard.gov.bd
==================================================
[*] STARTING NEW DOMAIN: https://deb109561.dhakaeducationboard.gov.bd
==================================================
[+] Domain exhausted. Finishing up: https://deb109561.dhakaeducationboard.gov.bd
==================================================
[*] STARTING NEW DOMAIN: https://ps.sadar.gopalganj.gov.bd
==================================================
[+] Domain exhausted. Finishing up: https://ps.sadar.gopalganj.gov.bd
==================================================
[*] STARTING NEW DOMAIN: https://jobs.bwdb.gov.bd
==================================================
[+] Domain exhausted. Finishing up: https://jobs.bwdb.gov.bd
==================================================
[*] STARTING NEW DOMAIN: https://joradahup.jhenaidah.gov.bd
==================================================
[+] Domain exhausted. Finishing up: https://joradahup.jhenaidah.gov.bd
==================================================
[*] STARTING NEW DOMAIN: https://rab.narailsadar.narail.gov.bd
==================================================
[+] Domain exhausted. Finishing up: https://rab.narailsadar.narail.gov.bd
==================================================
[*] STARTING NEW DOMAIN: https://psc.gov.bd
==================================================
[+] Domain exhausted. Finishing up: https://psc.gov.bd
==================================================
[*] STARTING NEW DOMAIN: https://sr.sonagazi.feni.gov.bd
==================================================
[+] Domain exhausted. Finishing up: https://sr.sonagazi.feni.gov.bd
==================================================
[*] STARTING NEW DOMAIN: https://deb110494.dhakaeducationboard.gov.bd
==================================================
[+] Domain exhausted. Finishing up: https://deb110494.dhakaeducationboard.gov.bd
==================================================
[*] STARTING NEW DOMAIN: https://hed.gazipur.gov.bd
==================================================
[+] Domain exhausted. Finishing up: https://hed.gazipur.gov.bd
==================================================
[*] STARTING NEW DOMAIN: https://poraparahighschool.jessoreboard.gov.bd
==================================================
[+] Domain exhausted. Finishing up: https://poraparahighschool.jessoreboard.gov.bd
==================================================
[*] STARTING NEW DOMAIN: https://deb110982.dhakaeducationboard.gov.bd
==================================================
[+] Domain exhausted. Finishing up: https://deb110982.dhakaeducationboard.gov.bd
==================================================
[*] STARTING NEW DOMAIN: https://student.jessoreboard.gov.bd
==================================================
[+] Domain exhausted. Finishing up: https://student.jessoreboard.gov.bd
==================================================
[*] STARTING NEW DOMAIN: https://deb111309.dhakaeducationboard.gov.bd
==================================================
[+] Domain exhausted. Finishing up: https://deb111309.dhakaeducationboard.gov.bd
==================================================
[*] STARTING NEW DOMAIN: https://deb111245.dhakaeducationboard.gov.bd
==================================================
[+] Domain exhausted. Finishing up: https://deb111245.dhakaeducationboard.gov.bd
==================================================
[*] STARTING NEW DOMAIN: https://lalnagaradarshahighschool.jessoreboard.gov.bd
==================================================
[+] Domain exhausted. Finishing up: https://lalnagaradarshahighschool.jessoreboard.gov.bd
==================================================
[*] STARTING NEW DOMAIN: https://fsti.rajshahi.gov.bd
==================================================
[+] Domain exhausted. Finishing up: https://fsti.rajshahi.gov.bd
==================================================
[*] STARTING NEW DOMAIN: https://mahishkundicollege.jessoreboard.gov.bd
==================================================
[+] Domain exhausted. Finishing up: https://mahishkundicollege.jessoreboard.gov.bd
==================================================
[*] STARTING NEW DOMAIN: https://police.tangailsadar.tangail.gov.bd
==================================================
[+] Domain exhausted. Finishing up: https://police.tangailsadar.tangail.gov.bd
==================================================
[*] STARTING NEW DOMAIN: https://portal.cropzoning.gov.bd
==================================================
[+] Domain exhausted. Finishing up: https://portal.cropzoning.gov.bd
==================================================
[*] STARTING NEW DOMAIN: https://kalihati.tangail.gov.bd
==================================================
[+] Domain exhausted. Finishing up: https://kalihati.tangail.gov.bd
==================================================
[*] STARTING NEW DOMAIN: https://deb112378.dhakaeducationboard.gov.bd
==================================================
[+] Domain exhausted. Finishing up: https://deb112378.dhakaeducationboard.gov.bd
==================================================
[*] STARTING NEW DOMAIN: https://deb112490.dhakaeducationboard.gov.bd
==================================================
[+] Domain exhausted. Finishing up: https://deb112490.dhakaeducationboard.gov.bd
==================================================
[*] STARTING NEW DOMAIN: https://deb112486.dhakaeducationboard.gov.bd
==================================================
[+] Domain exhausted. Finishing up: https://deb112486.dhakaeducationboard.gov.bd
==================================================
[*] STARTING NEW DOMAIN: https://komarbhogramanathpurjuniorgirlshighschool.jessoreboard.gov.bd
==================================================
[+] Domain exhausted. Finishing up: https://komarbhogramanathpurjuniorgirlshighschool.jessoreboard.gov.bd
==================================================
[*] STARTING NEW DOMAIN: https://deb112738.dhakaeducationboard.gov.bd
==================================================
[+] Domain exhausted. Finishing up: https://deb112738.dhakaeducationboard.gov.bd
==================================================
[*] STARTING NEW DOMAIN: https://deb112781.dhakaeducationboard.gov.bd
==================================================
[+] Domain exhausted. Finishing up: https://deb112781.dhakaeducationboard.gov.bd
==================================================
[*] STARTING NEW DOMAIN: https://langadu.rangamati.gov.bd
==================================================
[+] Domain exhausted. Finishing up: https://langadu.rangamati.gov.bd
==================================================
[*] STARTING NEW DOMAIN: https://mggirlshighschool.jessoreboard.gov.bd
==================================================
[+] Domain exhausted. Finishing up: https://mggirlshighschool.jessoreboard.gov.bd
==================================================
[*] STARTING NEW DOMAIN: https://deb113162.dhakaeducationboard.gov.bd
==================================================
[+] Domain exhausted. Finishing up: https://deb113162.dhakaeducationboard.gov.bd
==================================================
[*] STARTING NEW DOMAIN: https://deb113258.dhakaeducationboard.gov.bd
==================================================
[+] Domain exhausted. Finishing up: https://deb113258.dhakaeducationboard.gov.bd
==================================================
[*] STARTING NEW DOMAIN: https://post.mymensingh.gov.bd
==================================================
[+] Domain exhausted. Finishing up: https://post.mymensingh.gov.bd
==================================================
[*] STARTING NEW DOMAIN: https://rdcd.gov.bd
==================================================
[+] Domain exhausted. Finishing up: https://rdcd.gov.bd
==================================================
[*] STARTING NEW DOMAIN: https://deb113540.dhakaeducationboard.gov.bd
==================================================
[+] Domain exhausted. Finishing up: https://deb113540.dhakaeducationboard.gov.bd
==================================================
[*] STARTING NEW DOMAIN: https://lwc.chandpur.gov.bd
==================================================
[+] Domain exhausted. Finishing up: https://lwc.chandpur.gov.bd
==================================================
[*] STARTING NEW DOMAIN: https://post.goalanda.rajbari.gov.bd
==================================================
[+] Domain exhausted. Finishing up: https://post.goalanda.rajbari.gov.bd
==================================================
[*] STARTING NEW DOMAIN: https://deb113977.dhakaeducationboard.gov.bd
==================================================
[+] Domain exhausted. Finishing up: https://deb113977.dhakaeducationboard.gov.bd
==================================================
[*] STARTING NEW DOMAIN: https://mail.totthoapa.gov.bd
==================================================
[+] Domain exhausted. Finishing up: https://mail.totthoapa.gov.bd
==================================================
[*] STARTING NEW DOMAIN: https://abak.natore.gov.bd
==================================================
[+] Domain exhausted. Finishing up: https://abak.natore.gov.bd
==================================================
[*] STARTING NEW DOMAIN: https://deb114348.dhakaeducationboard.gov.bd
==================================================
[+] Domain exhausted. Finishing up: https://deb114348.dhakaeducationboard.gov.bd
==================================================
[*] STARTING NEW DOMAIN: https://pdbf.keshabpur.jessore.gov.bd
==================================================
[+] Domain exhausted. Finishing up: https://pdbf.keshabpur.jessore.gov.bd
==================================================
[*] STARTING NEW DOMAIN: https://submission-ugc.gov.bd
==================================================
[+] Domain exhausted. Finishing up: https://submission-ugc.gov.bd
==================================================
[*] STARTING NEW DOMAIN: https://railway.moulvibazar.gov.bd
==================================================
[+] Domain exhausted. Finishing up: https://railway.moulvibazar.gov.bd
==================================================
[*] STARTING NEW DOMAIN: https://bbs.rajasthali.rangamati.gov.bd
==================================================
[+] Domain exhausted. Finishing up: https://bbs.rajasthali.rangamati.gov.bd
==================================================
[*] STARTING NEW DOMAIN: https://bbs.jhenaidah.gov.bd
==================================================
[+] Domain exhausted. Finishing up: https://bbs.jhenaidah.gov.bd
==================================================
[*] STARTING NEW DOMAIN: https://deb114599.dhakaeducationboard.gov.bd
==================================================
[+] Domain exhausted. Finishing up: https://deb114599.dhakaeducationboard.gov.bd
==================================================
[*] STARTING NEW DOMAIN: https://bhanguraidealcollege.jessoreboard.gov.bd
==================================================
[+] Domain exhausted. Finishing up: https://bhanguraidealcollege.jessoreboard.gov.bd
==================================================
[*] STARTING NEW DOMAIN: https://bhb.rajshahi.gov.bd
==================================================
[+] Domain exhausted. Finishing up: https://bhb.rajshahi.gov.bd
==================================================
[*] STARTING NEW DOMAIN: https://deb130544.dhakaeducationboard.gov.bd
==================================================
[+] Domain exhausted. Finishing up: https://deb130544.dhakaeducationboard.gov.bd
==================================================
[*] STARTING NEW DOMAIN: https://boi.gov.bd
==================================================
[+] Domain exhausted. Finishing up: https://boi.gov.bd
==================================================
[*] STARTING NEW DOMAIN: https://boiler.gov.bd
==================================================
[+] Domain exhausted. Finishing up: https://boiler.gov.bd
==================================================
[*] STARTING NEW DOMAIN: https://brtcti.tungipara.gopalganj.gov.bd
==================================================
[+] Domain exhausted. Finishing up: https://brtcti.tungipara.gopalganj.gov.bd
==================================================
[*] STARTING NEW DOMAIN: https://brtcdepot.gazipur.gov.bd
==================================================
[+] Domain exhausted. Finishing up: https://brtcdepot.gazipur.gov.bd
==================================================
[*] STARTING NEW DOMAIN: https://btc.portal.gov.bd
==================================================
[+] Domain exhausted. Finishing up: https://btc.portal.gov.bd
==================================================
[*] STARTING NEW DOMAIN: https://bwdb.dinajpur.gov.bd
==================================================
[+] Domain exhausted. Finishing up: https://bwdb.dinajpur.gov.bd
==================================================
[*] STARTING NEW DOMAIN: https://deb130797.dhakaeducationboard.gov.bd
==================================================
[+] Domain exhausted. Finishing up: https://deb130797.dhakaeducationboard.gov.bd
==================================================
[*] STARTING NEW DOMAIN: https://brta.chittagongdiv.gov.bd
==================================================
[+] Domain exhausted. Finishing up: https://brta.chittagongdiv.gov.bd
==================================================
[*] STARTING NEW DOMAIN: https://deb130859.dhakaeducationboard.gov.bd
==================================================
[+] Domain exhausted. Finishing up: https://deb130859.dhakaeducationboard.gov.bd
==================================================
[*] STARTING NEW DOMAIN: https://deb108492.dhakaeducationboard.gov.bd
==================================================
[+] Domain exhausted. Finishing up: https://deb108492.dhakaeducationboard.gov.bd
==================================================
[*] STARTING NEW DOMAIN: https://deb111843.dhakaeducationboard.gov.bd
==================================================
[+] Domain exhausted. Finishing up: https://deb111843.dhakaeducationboard.gov.bd
==================================================
[*] STARTING NEW DOMAIN: https://deb131941.dhakaeducationboard.gov.bd
==================================================
[+] Domain exhausted. Finishing up: https://deb131941.dhakaeducationboard.gov.bd
==================================================
[*] STARTING NEW DOMAIN: https://deo.sadarpur.faridpur.gov.bd
==================================================
[+] Domain exhausted. Finishing up: https://deo.sadarpur.faridpur.gov.bd
==================================================
[*] STARTING NEW DOMAIN: https://dife.chittagong.gov.bd
==================================================
[+] Domain exhausted. Finishing up: https://dife.chittagong.gov.bd
==================================================
[*] STARTING NEW DOMAIN: https://drro.dhakadiv.gov.bd
==================================================
[+] Domain exhausted. Finishing up: https://drro.dhakadiv.gov.bd
==================================================
[*] STARTING NEW DOMAIN: https://dss.bhairab.kishoreganj.gov.bd
==================================================
[+] Domain exhausted. Finishing up: https://dss.bhairab.kishoreganj.gov.bd
==================================================
[*] STARTING NEW DOMAIN: https://deb133721.dhakaeducationboard.gov.bd
==================================================
[+] Domain exhausted. Finishing up: https://deb133721.dhakaeducationboard.gov.bd
==================================================
[*] STARTING NEW DOMAIN: https://fireservice.akkelpur.joypurhat.gov.bd
==================================================
[+] Domain exhausted. Finishing up: https://fireservice.akkelpur.joypurhat.gov.bd
==================================================
[*] STARTING NEW DOMAIN: https://sundarbansecondaryschool.jessoreboard.gov.bd
==================================================
[+] Domain exhausted. Finishing up: https://sundarbansecondaryschool.jessoreboard.gov.bd
==================================================
[*] STARTING NEW DOMAIN: https://iviei.netrokona.gov.bd
==================================================
[+] Domain exhausted. Finishing up: https://iviei.netrokona.gov.bd
==================================================
[*] STARTING NEW DOMAIN: https://hcbalukhali.rangamati.gov.bd
==================================================
[+] Domain exhausted. Finishing up: https://hcbalukhali.rangamati.gov.bd
==================================================
[*] STARTING NEW DOMAIN: https://lged.sylhet.gov.bd
==================================================
[+] Domain exhausted. Finishing up: https://lged.sylhet.gov.bd
==================================================
[*] STARTING NEW DOMAIN: https://rangpursadar.rangpur.gov.bd
==================================================
[+] Domain exhausted. Finishing up: https://rangpursadar.rangpur.gov.bd
==================================================
[*] STARTING NEW DOMAIN: https://old.comillaboard.gov.bd
==================================================
[+] Domain exhausted. Finishing up: https://old.comillaboard.gov.bd
==================================================
[*] STARTING NEW DOMAIN: https://psdsms.gov.bd
==================================================
[+] Domain exhausted. Finishing up: https://psdsms.gov.bd
==================================================
[*] STARTING NEW DOMAIN: https://rupokariup.rangamati.gov.bd
==================================================
[+] Domain exhausted. Finishing up: https://rupokariup.rangamati.gov.bd
==================================================
[*] STARTING NEW DOMAIN: https://deb137108.dhakaeducationboard.gov.bd
==================================================
[+] Domain exhausted. Finishing up: https://deb137108.dhakaeducationboard.gov.bd
==================================================
[*] STARTING NEW DOMAIN: https://deb137034.dhakaeducationboard.gov.bd
==================================================
[+] Domain exhausted. Finishing up: https://deb137034.dhakaeducationboard.gov.bd
==================================================
[*] STARTING NEW DOMAIN: https://ulshiup.jessore.gov.bd
==================================================
[+] Domain exhausted. Finishing up: https://ulshiup.jessore.gov.bd
==================================================
[*] STARTING NEW DOMAIN: https://deb137599.dhakaeducationboard.gov.bd
==================================================
[+] Domain exhausted. Finishing up: https://deb137599.dhakaeducationboard.gov.bd
==================================================
[*] STARTING NEW DOMAIN: https://urc.daulatpur.manikganj.gov.bd
==================================================
[+] Domain exhausted. Finishing up: https://urc.daulatpur.manikganj.gov.bd
==================================================
[*] STARTING NEW DOMAIN: https://urc.manikchari.khagrachhari.gov.bd
==================================================
[+] Domain exhausted. Finishing up: https://urc.manikchari.khagrachhari.gov.bd
==================================================
[*] STARTING NEW DOMAIN: https://monigramup.rajshahi.gov.bd
==================================================
[+] Domain exhausted. Finishing up: https://monigramup.rajshahi.gov.bd
==================================================
[*] STARTING NEW DOMAIN: https://urc.raipur.lakshmipur.gov.bd
==================================================
[+] Domain exhausted. Finishing up: https://urc.raipur.lakshmipur.gov.bd
==================================================
[*] STARTING NEW DOMAIN: https://urc.paikgasa.khulna.gov.bd
==================================================
[+] Domain exhausted. Finishing up: https://urc.paikgasa.khulna.gov.bd
==================================================
[*] STARTING NEW DOMAIN: https://vpolice.dupchanchia.bogra.gov.bd
==================================================
[+] Domain exhausted. Finishing up: https://vpolice.dupchanchia.bogra.gov.bd
==================================================
[*] STARTING NEW DOMAIN: https://urc.titas.comilla.gov.bd
==================================================
[+] Domain exhausted. Finishing up: https://urc.titas.comilla.gov.bd
==================================================
[*] STARTING NEW DOMAIN: https://warpo.rangpur.gov.bd
==================================================
[+] Domain exhausted. Finishing up: https://warpo.rangpur.gov.bd
==================================================
[*] STARTING NEW DOMAIN: https://utholiup.manikganj.gov.bd
==================================================
[+] Domain exhausted. Finishing up: https://utholiup.manikganj.gov.bd
==================================================
[*] STARTING NEW DOMAIN: https://youth.akkelpur.joypurhat.gov.bd
==================================================
[+] Domain exhausted. Finishing up: https://youth.akkelpur.joypurhat.gov.bd
==================================================
[*] STARTING NEW DOMAIN: https://youth.durgapur.rajshahi.gov.bd
==================================================
[+] Domain exhausted. Finishing up: https://youth.durgapur.rajshahi.gov.bd
==================================================
[*] STARTING NEW DOMAIN: https://transfer.prison.gov.bd
==================================================
[+] Domain exhausted. Finishing up: https://transfer.prison.gov.bd
==================================================
[*] STARTING NEW DOMAIN: https://youth.kalukhali.rajbari.gov.bd
==================================================
[+] Domain exhausted. Finishing up: https://youth.kalukhali.rajbari.gov.bd
==================================================
[*] STARTING NEW DOMAIN: https://asu.kalia.narail.gov.bd
==================================================
[+] Domain exhausted. Finishing up: https://asu.kalia.narail.gov.bd
==================================================
[*] STARTING NEW DOMAIN: https://youth.nageshwari.kurigram.gov.bd
==================================================
[+] Domain exhausted. Finishing up: https://youth.nageshwari.kurigram.gov.bd
==================================================
[*] STARTING NEW DOMAIN: https://youth.narayanganj.gov.bd
==================================================
[+] Domain exhausted. Finishing up: https://youth.narayanganj.gov.bd
==================================================
[*] STARTING NEW DOMAIN: https://deb139450.dhakaeducationboard.gov.bd
==================================================
[+] Domain exhausted. Finishing up: https://deb139450.dhakaeducationboard.gov.bd
==================================================
[*] STARTING NEW DOMAIN: https://ytc.jessore.gov.bd
==================================================
[+] Domain exhausted. Finishing up: https://ytc.jessore.gov.bd
==================================================
[*] STARTING NEW DOMAIN: https://ytc.pabna.gov.bd
==================================================
[+] Domain exhausted. Finishing up: https://ytc.pabna.gov.bd
==================================================
[*] STARTING NEW DOMAIN: https://zso.birol.dinajpur.gov.bd
==================================================
[+] Domain exhausted. Finishing up: https://zso.birol.dinajpur.gov.bd
==================================================
[*] STARTING NEW DOMAIN: https://tscnalitabari.sherpur.gov.bd
==================================================
[+] Domain exhausted. Finishing up: https://tscnalitabari.sherpur.gov.bd
==================================================
[*] STARTING NEW DOMAIN: https://zsodhaka.gov.bd
==================================================
[+] Domain exhausted. Finishing up: https://zsodhaka.gov.bd
==================================================
[*] STARTING NEW DOMAIN: https://prottoyon.gov.bd/
==================================================
[+] Domain exhausted. Finishing up: https://prottoyon.gov.bd/
==================================================
[*] STARTING NEW DOMAIN: https://rda.portal.gov.bd
==================================================
[+] Domain exhausted. Finishing up: https://rda.portal.gov.bd
==================================================
[*] STARTING NEW DOMAIN: https://deo.pakundia.kishoreganj.gov.bd
==================================================
[+] Domain exhausted. Finishing up: https://deo.pakundia.kishoreganj.gov.bd
==================================================
[*] STARTING NEW DOMAIN: http://deb107988.dhakaeducationboard.gov.bd
==================================================
[+] Domain exhausted. Finishing up: http://deb107988.dhakaeducationboard.gov.bd
==================================================
[*] STARTING NEW DOMAIN: http://deb107937.dhakaeducationboard.gov.bd
==================================================
[+] Domain exhausted. Finishing up: http://deb107937.dhakaeducationboard.gov.bd
==================================================
[*] STARTING NEW DOMAIN: http://deb134098.dhakaeducationboard.gov.bd
==================================================
[+] Domain exhausted. Finishing up: http://deb134098.dhakaeducationboard.gov.bd
==================================================
[*] STARTING NEW DOMAIN: http://dphe.bokshiganj.jamalpur.gov.bd
==================================================
[+] Domain exhausted. Finishing up: http://dphe.bokshiganj.jamalpur.gov.bd
==================================================
[*] STARTING NEW DOMAIN: https://tukuriaup.rangpur.gov.bd
==================================================
[+] Domain exhausted. Finishing up: https://tukuriaup.rangpur.gov.bd
==================================================
[*] STARTING NEW DOMAIN: https://shuampurup.jamalpur.gov.bd
==================================================
[+] Domain exhausted. Finishing up: https://shuampurup.jamalpur.gov.bd
==================================================
[*] STARTING NEW DOMAIN: https://dgda.shariatpur.gov.bd
==================================================
[+] Domain exhausted. Finishing up: https://dgda.shariatpur.gov.bd
==================================================
[*] STARTING NEW DOMAIN: https://sksecondaryschool.jessoreboard.gov.bd
==================================================
[+] Domain exhausted. Finishing up: https://sksecondaryschool.jessoreboard.gov.bd
==================================================
[*] STARTING NEW DOMAIN: https://lged.nilphamari.gov.bd
==================================================
[+] Domain exhausted. Finishing up: https://lged.nilphamari.gov.bd
==================================================
[*] STARTING NEW DOMAIN: https://so.nesarabad.pirojpur.gov.bd
==================================================
[+] Domain exhausted. Finishing up: https://so.nesarabad.pirojpur.gov.bd
==================================================
[*] STARTING NEW DOMAIN: https://so.pakundia.kishoreganj.gov.bd
==================================================
[+] Domain exhausted. Finishing up: https://so.pakundia.kishoreganj.gov.bd
==================================================
[*] STARTING NEW DOMAIN: https://sr.amtali.barguna.gov.bd
==================================================
[+] Domain exhausted. Finishing up: https://sr.amtali.barguna.gov.bd
==================================================
[*] STARTING NEW DOMAIN: https://sr.durgapur.rajshahi.gov.bd
==================================================
[+] Domain exhausted. Finishing up: https://sr.durgapur.rajshahi.gov.bd
==================================================
[*] STARTING NEW DOMAIN: https://dls.gopalpur.tangail.gov.bd
==================================================
[+] Domain exhausted. Finishing up: https://dls.gopalpur.tangail.gov.bd
==================================================
[*] STARTING NEW DOMAIN: https://uitrce.gabtali.bogra.gov.bd
==================================================
[+] Domain exhausted. Finishing up: https://uitrce.gabtali.bogra.gov.bd
==================================================
[*] STARTING NEW DOMAIN: https://acl.satkhirasadar.satkhira.gov.bd
==================================================
[+] Domain exhausted. Finishing up: https://acl.satkhirasadar.satkhira.gov.bd
==================================================
[*] STARTING NEW DOMAIN: https://dls.dupchanchia.bogra.gov.bd
==================================================
[+] Domain exhausted. Finishing up: https://dls.dupchanchia.bogra.gov.bd
==================================================
[*] STARTING NEW DOMAIN: https://dls.muladi.barisal.gov.bd
==================================================
[+] Domain exhausted. Finishing up: https://dls.muladi.barisal.gov.bd
==================================================
[*] STARTING NEW DOMAIN: https://dls.nalitabari.sherpur.gov.bd
==================================================
[+] Domain exhausted. Finishing up: https://dls.nalitabari.sherpur.gov.bd
==================================================
[*] STARTING NEW DOMAIN: https://dls.sadarpur.faridpur.gov.bd
==================================================
[+] Domain exhausted. Finishing up: https://dls.sadarpur.faridpur.gov.bd
==================================================
[*] STARTING NEW DOMAIN: https://bbs.juri.moulvibazar.gov.bd
==================================================
[+] Domain exhausted. Finishing up: https://bbs.juri.moulvibazar.gov.bd
==================================================
[*] STARTING NEW DOMAIN: https://dls.sadar.sunamganj.gov.bd
==================================================
[+] Domain exhausted. Finishing up: https://dls.sadar.sunamganj.gov.bd
==================================================
[*] STARTING NEW DOMAIN: https://urc.chatkhil.noakhali.gov.bd
==================================================
[+] Domain exhausted. Finishing up: https://urc.chatkhil.noakhali.gov.bd
==================================================
[*] STARTING NEW DOMAIN: https://dnc.netrokona.gov.bd
==================================================
[+] Domain exhausted. Finishing up: https://dnc.netrokona.gov.bd
==================================================
[*] STARTING NEW DOMAIN: https://doha.mofa.gov.bd
==================================================
[+] Domain exhausted. Finishing up: https://doha.mofa.gov.bd
==================================================
[*] STARTING NEW DOMAIN: https://doe.sunamganj.gov.bd
==================================================
[+] Domain exhausted. Finishing up: https://doe.sunamganj.gov.bd
==================================================
[*] STARTING NEW DOMAIN: https://narottampurup1.noakhali.gov.bd
==================================================
[+] Domain exhausted. Finishing up: https://narottampurup1.noakhali.gov.bd
==================================================
[*] STARTING NEW DOMAIN: https://newmodelcollege.jessoreboard.gov.bd
==================================================
[+] Domain exhausted. Finishing up: https://newmodelcollege.jessoreboard.gov.bd
==================================================
[*] STARTING NEW DOMAIN: https://adhunagarup.chittagong.gov.bd
==================================================
[+] Domain exhausted. Finishing up: https://adhunagarup.chittagong.gov.bd
==================================================
[*] STARTING NEW DOMAIN: https://sindurpurup.feni.gov.bd
==================================================
[+] Domain exhausted. Finishing up: https://sindurpurup.feni.gov.bd
==================================================
[*] STARTING NEW DOMAIN: https://doict.mohalchari.khagrachhari.gov.bd
==================================================
[+] Domain exhausted. Finishing up: https://doict.mohalchari.khagrachhari.gov.bd
==================================================
[*] STARTING NEW DOMAIN: https://belgachiup.chuadanga.gov.bd
==================================================
[+] Domain exhausted. Finishing up: https://belgachiup.chuadanga.gov.bd
==================================================
[*] STARTING NEW DOMAIN: https://doict.sreemangal.moulvibazar.gov.bd
==================================================
[+] Domain exhausted. Finishing up: https://doict.sreemangal.moulvibazar.gov.bd
==================================================
[*] STARTING NEW DOMAIN: https://bbs.baraigram.natore.gov.bd
==================================================
[+] Domain exhausted. Finishing up: https://bbs.baraigram.natore.gov.bd
==================================================
[*] STARTING NEW DOMAIN: https://doj.saltha.faridpur.gov.bd
==================================================
[+] Domain exhausted. Finishing up: https://doj.saltha.faridpur.gov.bd
==================================================
[*] STARTING NEW DOMAIN: https://dpe.habiganj.gov.bd
==================================================
[+] Domain exhausted. Finishing up: https://dpe.habiganj.gov.bd
==================================================
[*] STARTING NEW DOMAIN: https://brdb.kushtia.gov.bd
==================================================
[+] Domain exhausted. Finishing up: https://brdb.kushtia.gov.bd
==================================================
[*] STARTING NEW DOMAIN: https://sau.portal.gov.bd
==================================================
[+] Domain exhausted. Finishing up: https://sau.portal.gov.bd
==================================================
[*] STARTING NEW DOMAIN: https://dpe.rajshahidiv.gov.bd
==================================================
[+] Domain exhausted. Finishing up: https://dpe.rajshahidiv.gov.bd
==================================================
[*] STARTING NEW DOMAIN: https://dphe.jaintiapur.sylhet.gov.bd
==================================================
[+] Domain exhausted. Finishing up: https://dphe.jaintiapur.sylhet.gov.bd
==================================================
[*] STARTING NEW DOMAIN: https://lttc.gov.bd
==================================================
[+] Domain exhausted. Finishing up: https://lttc.gov.bd
==================================================
[*] STARTING NEW DOMAIN: https://birganjpaurashava.gov.bd
==================================================
[+] Domain exhausted. Finishing up: https://birganjpaurashava.gov.bd
==================================================
[*] STARTING NEW DOMAIN: https://bnfe.lakshmipur.gov.bd
==================================================
[+] Domain exhausted. Finishing up: https://bnfe.lakshmipur.gov.bd
==================================================
[*] STARTING NEW DOMAIN: https://dphe.paba.rajshahi.gov.bd
==================================================
[+] Domain exhausted. Finishing up: https://dphe.paba.rajshahi.gov.bd
==================================================
[*] STARTING NEW DOMAIN: https://dphe.parshuram.feni.gov.bd
==================================================
[+] Domain exhausted. Finishing up: https://dphe.parshuram.feni.gov.bd
==================================================
[*] STARTING NEW DOMAIN: https://dphe.sirajganjsadar.sirajganj.gov.bd
==================================================
[+] Domain exhausted. Finishing up: https://dphe.sirajganjsadar.sirajganj.gov.bd
==================================================
[*] STARTING NEW DOMAIN: https://sr.ukhiya.coxsbazar.gov.bd
==================================================
[+] Domain exhausted. Finishing up: https://sr.ukhiya.coxsbazar.gov.bd
==================================================
[*] STARTING NEW DOMAIN: https://2nomukarimpurup.kushtia.gov.bd
==================================================
[+] Domain exhausted. Finishing up: https://2nomukarimpurup.kushtia.gov.bd
==================================================
[*] STARTING NEW DOMAIN: https://dshe.pirojpur.gov.bd
==================================================
[+] Domain exhausted. Finishing up: https://dshe.pirojpur.gov.bd
==================================================
[*] STARTING NEW DOMAIN: https://chaklahatup.panchagarh.gov.bd
==================================================
[+] Domain exhausted. Finishing up: https://chaklahatup.panchagarh.gov.bd
==================================================
[*] STARTING NEW DOMAIN: https://dss.delduar.tangail.gov.bd
==================================================
[+] Domain exhausted. Finishing up: https://dss.delduar.tangail.gov.bd
==================================================
[*] STARTING NEW DOMAIN: https://dss.chandanaish.chittagong.gov.bd
==================================================
[+] Domain exhausted. Finishing up: https://dss.chandanaish.chittagong.gov.bd
==================================================
[*] STARTING NEW DOMAIN: https://youth.islampur.jamalpur.gov.bd
==================================================
[+] Domain exhausted. Finishing up: https://youth.islampur.jamalpur.gov.bd
==================================================
[*] STARTING NEW DOMAIN: https://dss.monohargonj.comilla.gov.bd
==================================================
[+] Domain exhausted. Finishing up: https://dss.monohargonj.comilla.gov.bd
==================================================
[*] STARTING NEW DOMAIN: https://dssucd.pabna.gov.bd
==================================================
[+] Domain exhausted. Finishing up: https://dssucd.pabna.gov.bd
==================================================
[*] STARTING NEW DOMAIN: https://dudhmalliksecondarygirlsschool.jessoreboard.gov.bd
==================================================
[+] Domain exhausted. Finishing up: https://dudhmalliksecondarygirlsschool.jessoreboard.gov.bd
==================================================
[*] STARTING NEW DOMAIN: https://dwa.gomostapur.chapainawabganj.gov.bd
==================================================
[+] Domain exhausted. Finishing up: https://dwa.gomostapur.chapainawabganj.gov.bd
==================================================
[*] STARTING NEW DOMAIN: https://dwa.dewangonj.jamalpur.gov.bd
==================================================
[+] Domain exhausted. Finishing up: https://dwa.dewangonj.jamalpur.gov.bd
==================================================
[*] STARTING NEW DOMAIN: https://dwa.patnitala.naogaon.gov.bd
==================================================
[+] Domain exhausted. Finishing up: https://dwa.patnitala.naogaon.gov.bd
==================================================
[*] STARTING NEW DOMAIN: https://dwa.nawabganj.dinajpur.gov.bd
==================================================
[+] Domain exhausted. Finishing up: https://dwa.nawabganj.dinajpur.gov.bd
==================================================
[*] STARTING NEW DOMAIN: https://dwa.sreepur.gazipur.gov.bd
==================================================
[+] Domain exhausted. Finishing up: https://dwa.sreepur.gazipur.gov.bd
==================================================
[*] STARTING NEW DOMAIN: https://ec.chauddagram.comilla.gov.bd
==================================================
[+] Domain exhausted. Finishing up: https://ec.chauddagram.comilla.gov.bd
==================================================
[*] STARTING NEW DOMAIN: https://ebek.sadar.bhola.gov.bd
==================================================
[+] Domain exhausted. Finishing up: https://ebek.sadar.bhola.gov.bd
==================================================
[*] STARTING NEW DOMAIN: https://youth.shibchar.madaripur.gov.bd
==================================================
[+] Domain exhausted. Finishing up: https://youth.shibchar.madaripur.gov.bd
==================================================
[*] STARTING NEW DOMAIN: https://ec.kahaloo.bogra.gov.bd
==================================================
[+] Domain exhausted. Finishing up: https://ec.kahaloo.bogra.gov.bd
==================================================
[*] STARTING NEW DOMAIN: https://ecsadar.khulna.gov.bd
==================================================
[+] Domain exhausted. Finishing up: https://ecsadar.khulna.gov.bd
==================================================
[*] STARTING NEW DOMAIN: https://cbcctg.gov.bd
==================================================
[+] Domain exhausted. Finishing up: https://cbcctg.gov.bd
==================================================
[*] STARTING NEW DOMAIN: https://eed.langadu.rangamati.gov.bd
==================================================
[+] Domain exhausted. Finishing up: https://eed.langadu.rangamati.gov.bd
==================================================
[*] STARTING NEW DOMAIN: https://eed.sadar.shariatpur.gov.bd
==================================================
[+] Domain exhausted. Finishing up: https://eed.sadar.shariatpur.gov.bd
==================================================
[*] STARTING NEW DOMAIN: https://eedmoe.portal.gov.bd
==================================================
[+] Domain exhausted. Finishing up: https://eedmoe.portal.gov.bd
==================================================
[*] STARTING NEW DOMAIN: https://uitrce.ranisankail.thakurgaon.gov.bd
==================================================
[+] Domain exhausted. Finishing up: https://uitrce.ranisankail.thakurgaon.gov.bd
==================================================
[*] STARTING NEW DOMAIN: https://faleyachandkatiagranisecondaryschool.jessoreboard.gov.bd
==================================================
[+] Domain exhausted. Finishing up: https://faleyachandkatiagranisecondaryschool.jessoreboard.gov.bd
==================================================
[*] STARTING NEW DOMAIN: https://fireservice.dhakadiv.gov.bd
==================================================
[+] Domain exhausted. Finishing up: https://fireservice.dhakadiv.gov.bd
==================================================
[*] STARTING NEW DOMAIN: https://fireservice.fenchuganj.sylhet.gov.bd
==================================================
[+] Domain exhausted. Finishing up: https://fireservice.fenchuganj.sylhet.gov.bd
==================================================
[*] STARTING NEW DOMAIN: https://fireservice.kaptai.rangamati.gov.bd
==================================================
[+] Domain exhausted. Finishing up: https://fireservice.kaptai.rangamati.gov.bd
==================================================
[*] STARTING NEW DOMAIN: https://fisheries.ajmiriganj.habiganj.gov.bd
==================================================
[+] Domain exhausted. Finishing up: https://fisheries.ajmiriganj.habiganj.gov.bd
==================================================
[*] STARTING NEW DOMAIN: https://fisharies.khoksa.kushtia.gov.bd
==================================================
[+] Domain exhausted. Finishing up: https://fisharies.khoksa.kushtia.gov.bd
==================================================
[*] STARTING NEW DOMAIN: https://fisheries.gior.manikganj.gov.bd
==================================================
[+] Domain exhausted. Finishing up: https://fisheries.gior.manikganj.gov.bd
==================================================
[*] STARTING NEW DOMAIN: https://fisheries.rangabali.patuakhali.gov.bd
==================================================
[+] Domain exhausted. Finishing up: https://fisheries.rangabali.patuakhali.gov.bd
==================================================
[*] STARTING NEW DOMAIN: https://fisheries.narail.gov.bd
==================================================
[+] Domain exhausted. Finishing up: https://fisheries.narail.gov.bd
==================================================
[*] STARTING NEW DOMAIN: https://fisheries.parbatipur.dinajpur.gov.bd
==================================================
[+] Domain exhausted. Finishing up: https://fisheries.parbatipur.dinajpur.gov.bd
==================================================
[*] STARTING NEW DOMAIN: https://fisheries.shariatpur.gov.bd
==================================================
[+] Domain exhausted. Finishing up: https://fisheries.shariatpur.gov.bd
==================================================
[*] STARTING NEW DOMAIN: http://deb109368.dhakaeducationboard.gov.bd
==================================================
[+] Domain exhausted. Finishing up: http://deb109368.dhakaeducationboard.gov.bd
==================================================
[*] STARTING NEW DOMAIN: https://zpnetrokona.gov.bd
==================================================
[+] Domain exhausted. Finishing up: https://zpnetrokona.gov.bd
==================================================
[*] STARTING NEW DOMAIN: https://food.mymensinghdiv.gov.bd
==================================================
[+] Domain exhausted. Finishing up: https://food.mymensinghdiv.gov.bd
==================================================
[*] STARTING NEW DOMAIN: https://food.sreepur.magura.gov.bd
==================================================
[+] Domain exhausted. Finishing up: https://food.sreepur.magura.gov.bd
==================================================
[*] STARTING NEW DOMAIN: https://food.singra.natore.gov.bd
==================================================
[+] Domain exhausted. Finishing up: https://food.singra.natore.gov.bd
==================================================
[*] STARTING NEW DOMAIN: https://forest.naogaon.gov.bd
==================================================
[+] Domain exhausted. Finishing up: https://forest.naogaon.gov.bd
==================================================
[*] STARTING NEW DOMAIN: https://forest.sadar.shariatpur.gov.bd
==================================================
[+] Domain exhausted. Finishing up: https://forest.sadar.shariatpur.gov.bd
==================================================
[*] STARTING NEW DOMAIN: https://fpo.basail.tangail.gov.bd
==================================================
[+] Domain exhausted. Finishing up: https://fpo.basail.tangail.gov.bd
==================================================
[*] STARTING NEW DOMAIN: https://fpo.madhupur.tangail.gov.bd
==================================================
[+] Domain exhausted. Finishing up: https://fpo.madhupur.tangail.gov.bd
==================================================
[*] STARTING NEW DOMAIN: https://shishuacademy.magura.gov.bd
==================================================
[+] Domain exhausted. Finishing up: https://shishuacademy.magura.gov.bd
==================================================
[*] STARTING NEW DOMAIN: https://fpo.sherpur.gov.bd
==================================================
[+] Domain exhausted. Finishing up: https://fpo.sherpur.gov.bd
==================================================
[*] STARTING NEW DOMAIN: https://fsa.gov.bd
==================================================
[+] Domain exhausted. Finishing up: https://fsa.gov.bd
==================================================
[*] STARTING NEW DOMAIN: https://gagutieaup.comilla.gov.bd
==================================================
[+] Domain exhausted. Finishing up: https://gagutieaup.comilla.gov.bd
==================================================
[*] STARTING NEW DOMAIN: https://gcf.shariatpur.gov.bd
==================================================
[+] Domain exhausted. Finishing up: https://gcf.shariatpur.gov.bd
==================================================
[*] STARTING NEW DOMAIN: https://goraitupiup.chuadanga.gov.bd
==================================================
[+] Domain exhausted. Finishing up: https://goraitupiup.chuadanga.gov.bd
==================================================
[*] STARTING NEW DOMAIN: https://hajoffice.gov.bd
==================================================
[+] Domain exhausted. Finishing up: https://hajoffice.gov.bd
==================================================
[*] STARTING NEW DOMAIN: https://haridhaliuniongirlshighschool.jessoreboard.gov.bd
==================================================
[+] Domain exhausted. Finishing up: https://haridhaliuniongirlshighschool.jessoreboard.gov.bd
==================================================
[*] STARTING NEW DOMAIN: https://sonalijutemillshighschool.jessoreboard.gov.bd
==================================================
[+] Domain exhausted. Finishing up: https://sonalijutemillshighschool.jessoreboard.gov.bd
==================================================
[*] STARTING NEW DOMAIN: https://health.kalkini.madaripur.gov.bd
==================================================
[+] Domain exhausted. Finishing up: https://health.kalkini.madaripur.gov.bd
==================================================
[*] STARTING NEW DOMAIN: https://health.kawkhali.pirojpur.gov.bd
==================================================
[+] Domain exhausted. Finishing up: https://health.kawkhali.pirojpur.gov.bd
==================================================
[*] STARTING NEW DOMAIN: https://hil.portal.gov.bd
==================================================
[+] Domain exhausted. Finishing up: https://hil.portal.gov.bd
==================================================
[*] STARTING NEW DOMAIN: https://icbamcl.gov.bd
==================================================
[+] Domain exhausted. Finishing up: https://icbamcl.gov.bd
==================================================
[*] STARTING NEW DOMAIN: https://ictdlab.gov.bd
==================================================
[+] Domain exhausted. Finishing up: https://ictdlab.gov.bd
==================================================
[*] STARTING NEW DOMAIN: https://sr.bholahat.chapainawabganj.gov.bd
==================================================
[+] Domain exhausted. Finishing up: https://sr.bholahat.chapainawabganj.gov.bd
==================================================
[*] STARTING NEW DOMAIN: https://investbangladesh.gov.bd
==================================================
[+] Domain exhausted. Finishing up: https://investbangladesh.gov.bd
==================================================
[*] STARTING NEW DOMAIN: https://irbadc.gaibandhasadar.gaibandha.gov.bd
==================================================
[+] Domain exhausted. Finishing up: https://irbadc.gaibandhasadar.gaibandha.gov.bd
==================================================
[*] STARTING NEW DOMAIN: https://itakholaup.nilphamari.gov.bd
==================================================
[+] Domain exhausted. Finishing up: https://itakholaup.nilphamari.gov.bd
==================================================
[*] STARTING NEW DOMAIN: https://islamicfoundation.barguna.gov.bd
==================================================
[+] Domain exhausted. Finishing up: https://islamicfoundation.barguna.gov.bd
==================================================
[*] STARTING NEW DOMAIN: https://jiriup.chittagong.gov.bd
==================================================
[+] Domain exhausted. Finishing up: https://jiriup.chittagong.gov.bd
==================================================
[*] STARTING NEW DOMAIN: https://jholaishalshiriup.panchagarh.gov.bd
==================================================
[+] Domain exhausted. Finishing up: https://jholaishalshiriup.panchagarh.gov.bd
==================================================
[*] STARTING NEW DOMAIN: https://kamalgonjup.moulvibazar.gov.bd
==================================================
[+] Domain exhausted. Finishing up: https://kamalgonjup.moulvibazar.gov.bd
==================================================
[*] STARTING NEW DOMAIN: https://kashibatisecondaryschool.jessoreboard.gov.bd
==================================================
[+] Domain exhausted. Finishing up: https://kashibatisecondaryschool.jessoreboard.gov.bd
==================================================
[*] STARTING NEW DOMAIN: https://srdi.rangpur.gov.bd
==================================================
[+] Domain exhausted. Finishing up: https://srdi.rangpur.gov.bd
==================================================
[*] STARTING NEW DOMAIN: https://kazirabadup.barguna.gov.bd
==================================================
[+] Domain exhausted. Finishing up: https://kazirabadup.barguna.gov.bd
==================================================
[*] STARTING NEW DOMAIN: https://kormodhaup.moulvibazar.gov.bd
==================================================
[+] Domain exhausted. Finishing up: https://kormodhaup.moulvibazar.gov.bd
==================================================
[*] STARTING NEW DOMAIN: https://kolagathiaup.narayanganj.gov.bd
==================================================
[+] Domain exhausted. Finishing up: https://kolagathiaup.narayanganj.gov.bd
==================================================
[*] STARTING NEW DOMAIN: https://suairup.netrokona.gov.bd
==================================================
[+] Domain exhausted. Finishing up: https://suairup.netrokona.gov.bd
==================================================
[*] STARTING NEW DOMAIN: https://lalmohan.bhola.gov.bd
==================================================
[+] Domain exhausted. Finishing up: https://lalmohan.bhola.gov.bd
==================================================
[*] STARTING NEW DOMAIN: https://lged.karnafuli.chittagong.gov.bd
==================================================
[+] Domain exhausted. Finishing up: https://lged.karnafuli.chittagong.gov.bd
==================================================
[*] STARTING NEW DOMAIN: https://taghoriaup.dhaka.gov.bd
==================================================
[+] Domain exhausted. Finishing up: https://taghoriaup.dhaka.gov.bd
==================================================
[*] STARTING NEW DOMAIN: https://lged.mohongonj.netrokona.gov.bd
==================================================
[+] Domain exhausted. Finishing up: https://lged.mohongonj.netrokona.gov.bd
==================================================
[*] STARTING NEW DOMAIN: https://lged.nilphamarisadar.nilphamari.gov.bd
==================================================
[+] Domain exhausted. Finishing up: https://lged.nilphamarisadar.nilphamari.gov.bd
==================================================
[*] STARTING NEW DOMAIN: https://lordhardingeup.bhola.gov.bd
==================================================
[+] Domain exhausted. Finishing up: https://lordhardingeup.bhola.gov.bd
==================================================
[*] STARTING NEW DOMAIN: https://lrb.chittagongdiv.gov.bd
==================================================
[+] Domain exhausted. Finishing up: https://lrb.chittagongdiv.gov.bd
==================================================
[*] STARTING NEW DOMAIN: https://mail.bina.gov.bd
==================================================
[+] Domain exhausted. Finishing up: https://mail.bina.gov.bd
==================================================
[*] STARTING NEW DOMAIN: https://maheshpurup.gopalganj.gov.bd
==================================================
[+] Domain exhausted. Finishing up: https://maheshpurup.gopalganj.gov.bd
==================================================
[*] STARTING NEW DOMAIN: https://makhalequemahabiddaloy.jessoreboard.gov.bd
==================================================
[+] Domain exhausted. Finishing up: https://makhalequemahabiddaloy.jessoreboard.gov.bd
==================================================
[*] STARTING NEW DOMAIN: https://mail.hindutrust.gov.bd
==================================================
[+] Domain exhausted. Finishing up: https://mail.hindutrust.gov.bd
==================================================
[*] STARTING NEW DOMAIN: https://mirjapurjuniorgirlshighschool.jessoreboard.gov.bd
==================================================
[+] Domain exhausted. Finishing up: https://mirjapurjuniorgirlshighschool.jessoreboard.gov.bd
==================================================
[*] STARTING NEW DOMAIN: https://medicalcollege.mymensingh.gov.bd
==================================================
[+] Domain exhausted. Finishing up: https://medicalcollege.mymensingh.gov.bd
==================================================
[*] STARTING NEW DOMAIN: https://moniondaup.brahmanbaria.gov.bd
==================================================
[+] Domain exhausted. Finishing up: https://moniondaup.brahmanbaria.gov.bd
==================================================
[*] STARTING NEW DOMAIN: https://misebadc.munshiganj.gov.bd
==================================================
[+] Domain exhausted. Finishing up: https://misebadc.munshiganj.gov.bd
==================================================
[*] STARTING NEW DOMAIN: https://muslimacademy.jessoreboard.gov.bd
==================================================
[+] Domain exhausted. Finishing up: https://muslimacademy.jessoreboard.gov.bd
==================================================
[*] STARTING NEW DOMAIN: https://tsc.narsingdi.gov.bd
==================================================
[+] Domain exhausted. Finishing up: https://tsc.narsingdi.gov.bd
==================================================
[*] STARTING NEW DOMAIN: https://nalitabari.sherpur.gov.bd
==================================================
[+] Domain exhausted. Finishing up: https://nalitabari.sherpur.gov.bd
==================================================
[*] STARTING NEW DOMAIN: https://nsda.portal.gov.bd
==================================================
[+] Domain exhausted. Finishing up: https://nsda.portal.gov.bd
==================================================
[*] STARTING NEW DOMAIN: https://ntcc.portal.gov.bd
==================================================
[+] Domain exhausted. Finishing up: https://ntcc.portal.gov.bd
==================================================
[*] STARTING NEW DOMAIN: https://nirbaskholaschoolandcollege.jessoreboard.gov.bd
==================================================
[+] Domain exhausted. Finishing up: https://nirbaskholaschoolandcollege.jessoreboard.gov.bd
==================================================
[*] STARTING NEW DOMAIN: https://pachpirup.panchagarh.gov.bd
==================================================
[+] Domain exhausted. Finishing up: https://pachpirup.panchagarh.gov.bd
==================================================
[*] STARTING NEW DOMAIN: https://panchogramjuniorhighschool.jessoreboard.gov.bd
==================================================
[+] Domain exhausted. Finishing up: https://panchogramjuniorhighschool.jessoreboard.gov.bd
==================================================
[*] STARTING NEW DOMAIN: https://pahartaliup.chittagong.gov.bd
==================================================
[+] Domain exhausted. Finishing up: https://pahartaliup.chittagong.gov.bd
==================================================
[*] STARTING NEW DOMAIN: https://tarakanda.mymensingh.gov.bd
==================================================
[+] Domain exhausted. Finishing up: https://tarakanda.mymensingh.gov.bd
==================================================
[*] STARTING NEW DOMAIN: https://totthoapa.sadar.chandpur.gov.bd
==================================================
[+] Domain exhausted. Finishing up: https://totthoapa.sadar.chandpur.gov.bd
==================================================
[*] STARTING NEW DOMAIN: https://trans.betar.gov.bd
==================================================
[+] Domain exhausted. Finishing up: https://trans.betar.gov.bd
==================================================
[*] STARTING NEW DOMAIN: https://pio.shalikha.magura.gov.bd
==================================================
[+] Domain exhausted. Finishing up: https://pio.shalikha.magura.gov.bd
==================================================
[*] STARTING NEW DOMAIN: https://pio.thanchi.bandarban.gov.bd
==================================================
[+] Domain exhausted. Finishing up: https://pio.thanchi.bandarban.gov.bd
==================================================
[*] STARTING NEW DOMAIN: https://po.rajbari.gov.bd
==================================================
[+] Domain exhausted. Finishing up: https://po.rajbari.gov.bd
==================================================
[*] STARTING NEW DOMAIN: https://pmeat.portal.gov.bd
==================================================
[+] Domain exhausted. Finishing up: https://pmeat.portal.gov.bd
==================================================
[*] STARTING NEW DOMAIN: https://police.debiganj.panchagarh.gov.bd
==================================================
[+] Domain exhausted. Finishing up: https://police.debiganj.panchagarh.gov.bd
==================================================
[*] STARTING NEW DOMAIN: https://police.subarnachar.noakhali.gov.bd
==================================================
[+] Domain exhausted. Finishing up: https://police.subarnachar.noakhali.gov.bd
==================================================
[*] STARTING NEW DOMAIN: https://police.netrokona.gov.bd
==================================================
[+] Domain exhausted. Finishing up: https://police.netrokona.gov.bd
==================================================
[*] STARTING NEW DOMAIN: https://post.brahmanbaria.gov.bd
==================================================
[+] Domain exhausted. Finishing up: https://post.brahmanbaria.gov.bd
==================================================
[*] STARTING NEW DOMAIN: https://post.atghoria.pabna.gov.bd
==================================================
[+] Domain exhausted. Finishing up: https://post.atghoria.pabna.gov.bd
==================================================
[*] STARTING NEW DOMAIN: https://post.santhia.pabna.gov.bd
==================================================
[+] Domain exhausted. Finishing up: https://post.santhia.pabna.gov.bd
==================================================
[*] STARTING NEW DOMAIN: https://post.shajahanpur.bogra.gov.bd
==================================================
[+] Domain exhausted. Finishing up: https://post.shajahanpur.bogra.gov.bd
==================================================
[*] STARTING NEW DOMAIN: https://pozip.gangni.meherpur.gov.bd
==================================================
[+] Domain exhausted. Finishing up: https://pozip.gangni.meherpur.gov.bd
==================================================
[*] STARTING NEW DOMAIN: https://prison.bogra.gov.bd
==================================================
[+] Domain exhausted. Finishing up: https://prison.bogra.gov.bd
==================================================
[*] STARTING NEW DOMAIN: https://psosk.pabna.gov.bd
==================================================
[+] Domain exhausted. Finishing up: https://psosk.pabna.gov.bd
==================================================
[*] STARTING NEW DOMAIN: https://puthiarajbari.archaeology.gov.bd
==================================================
[+] Domain exhausted. Finishing up: https://puthiarajbari.archaeology.gov.bd
==================================================
[*] STARTING NEW DOMAIN: https://pttc.patuakhali.gov.bd
==================================================
[+] Domain exhausted. Finishing up: https://pttc.patuakhali.gov.bd
==================================================
[*] STARTING NEW DOMAIN: https://rab.sirajganj.gov.bd
==================================================
[+] Domain exhausted. Finishing up: https://rab.sirajganj.gov.bd
==================================================
[*] STARTING NEW DOMAIN: https://rab.sylhetdiv.gov.bd
==================================================
[+] Domain exhausted. Finishing up: https://rab.sylhetdiv.gov.bd
==================================================
[*] STARTING NEW DOMAIN: https://reb.joypurhat.gov.bd
==================================================
[+] Domain exhausted. Finishing up: https://reb.joypurhat.gov.bd
==================================================
[*] STARTING NEW DOMAIN: https://reb.patuakhali.gov.bd
==================================================
[+] Domain exhausted. Finishing up: https://reb.patuakhali.gov.bd
==================================================
[*] STARTING NEW DOMAIN: https://reb.khulna.gov.bd
==================================================
[+] Domain exhausted. Finishing up: https://reb.khulna.gov.bd
==================================================
[*] STARTING NEW DOMAIN: https://rhd.munshiganj.gov.bd
==================================================
[+] Domain exhausted. Finishing up: https://rhd.munshiganj.gov.bd
==================================================
[*] STARTING NEW DOMAIN: https://rpcc.gov.bd
==================================================
[+] Domain exhausted. Finishing up: https://rpcc.gov.bd
==================================================
[*] STARTING NEW DOMAIN: https://sammilitahighschool.jessoreboard.gov.bd
==================================================
[+] Domain exhausted. Finishing up: https://sammilitahighschool.jessoreboard.gov.bd
==================================================
[*] STARTING NEW DOMAIN: https://basikpurup.lakshmipur.gov.bd
==================================================
[+] Domain exhausted. Finishing up: https://basikpurup.lakshmipur.gov.bd
==================================================
[*] STARTING NEW DOMAIN: https://bbs.tangailsadar.tangail.gov.bd
==================================================
[+] Domain exhausted. Finishing up: https://bbs.tangailsadar.tangail.gov.bd
==================================================
[*] STARTING NEW DOMAIN: https://bfsa.barisal.gov.bd
==================================================
[+] Domain exhausted. Finishing up: https://bfsa.barisal.gov.bd
==================================================
[*] STARTING NEW DOMAIN: https://bmda.joypurhatsadar.joypurhat.gov.bd
==================================================
[+] Domain exhausted. Finishing up: https://bmda.joypurhatsadar.joypurhat.gov.bd
==================================================
[*] STARTING NEW DOMAIN: https://caofinance.portal.gov.bd
==================================================
[+] Domain exhausted. Finishing up: https://caofinance.portal.gov.bd
==================================================
[*] STARTING NEW DOMAIN: https://chorchandiaup.feni.gov.bd
==================================================
[+] Domain exhausted. Finishing up: https://chorchandiaup.feni.gov.bd
==================================================
[*] STARTING NEW DOMAIN: https://deb114030.dhakaeducationboard.gov.bd
==================================================
[+] Domain exhausted. Finishing up: https://deb114030.dhakaeducationboard.gov.bd
==================================================
[*] STARTING NEW DOMAIN: https://doict.nilphamari.gov.bd
==================================================
[+] Domain exhausted. Finishing up: https://doict.nilphamari.gov.bd
==================================================
[*] STARTING NEW DOMAIN: https://food.naikhongchhari.bandarban.gov.bd
==================================================
[+] Domain exhausted. Finishing up: https://food.naikhongchhari.bandarban.gov.bd
==================================================
[*] STARTING NEW DOMAIN: https://lged.debidwar.comilla.gov.bd
==================================================
[+] Domain exhausted. Finishing up: https://lged.debidwar.comilla.gov.bd
==================================================
[*] STARTING NEW DOMAIN: https://post.subarnachar.noakhali.gov.bd
==================================================
[+] Domain exhausted. Finishing up: https://post.subarnachar.noakhali.gov.bd
==================================================
[*] STARTING NEW DOMAIN: https://uitrce.trishal.mymensingh.gov.bd
==================================================
[+] Domain exhausted. Finishing up: https://uitrce.trishal.mymensingh.gov.bd
==================================================
[*] STARTING NEW DOMAIN: https://umedpursecondarygirlsschool.jessoreboard.gov.bd
==================================================
[+] Domain exhausted. Finishing up: https://umedpursecondarygirlsschool.jessoreboard.gov.bd
==================================================
[*] STARTING NEW DOMAIN: https://urc.gangni.meherpur.gov.bd
==================================================
[+] Domain exhausted. Finishing up: https://urc.gangni.meherpur.gov.bd
==================================================
[*] STARTING NEW DOMAIN: https://urc.nokla.sherpur.gov.bd
==================================================
[+] Domain exhausted. Finishing up: https://urc.nokla.sherpur.gov.bd
==================================================
[*] STARTING NEW DOMAIN: https://webmail.mole.gov.bd
==================================================
[+] Domain exhausted. Finishing up: https://webmail.mole.gov.bd
==================================================
[*] STARTING NEW DOMAIN: https://youth.atghoria.pabna.gov.bd
==================================================
[+] Domain exhausted. Finishing up: https://youth.atghoria.pabna.gov.bd
==================================================
[*] STARTING NEW DOMAIN: https://youth.domar.nilphamari.gov.bd
==================================================
[+] Domain exhausted. Finishing up: https://youth.domar.nilphamari.gov.bd
==================================================
[*] STARTING NEW DOMAIN: https://youth.kumarkhali.kushtia.gov.bd
==================================================
[+] Domain exhausted. Finishing up: https://youth.kumarkhali.kushtia.gov.bd
==================================================
[*] STARTING NEW DOMAIN: https://youth.sadar.munshiganj.gov.bd
==================================================
[+] Domain exhausted. Finishing up: https://youth.sadar.munshiganj.gov.bd
==================================================
[*] STARTING NEW DOMAIN: https://zonailup.natore.gov.bd
==================================================
[+] Domain exhausted. Finishing up: https://zonailup.natore.gov.bd
==================================================
[*] STARTING NEW DOMAIN: http://ajagarahsecondaryschool.jessoreboard.gov.bd
==================================================
[+] Domain exhausted. Finishing up: http://ajagarahsecondaryschool.jessoreboard.gov.bd
==================================================
[*] STARTING NEW DOMAIN: http://chikandandiup.chittagong.gov.bd
==================================================
[+] Domain exhausted. Finishing up: http://chikandandiup.chittagong.gov.bd
==================================================
[*] STARTING NEW DOMAIN: http://discipline.police.gov.bd
==================================================
[+] Domain exhausted. Finishing up: http://discipline.police.gov.bd
==================================================
[*] STARTING NEW DOMAIN: http://dss.bokshiganj.jamalpur.gov.bd
==================================================
[+] Domain exhausted. Finishing up: http://dss.bokshiganj.jamalpur.gov.bd
==================================================
[*] STARTING NEW DOMAIN: https://shuhilpur.brahmanbaria.gov.bd
==================================================
[+] Domain exhausted. Finishing up: https://shuhilpur.brahmanbaria.gov.bd
==================================================
[*] STARTING NEW DOMAIN: https://smail.bcc.gov.bd
==================================================
[+] Domain exhausted. Finishing up: https://smail.bcc.gov.bd
==================================================
[*] STARTING NEW DOMAIN: https://soms.gov.bd
==================================================
[+] Domain exhausted. Finishing up: https://soms.gov.bd
==================================================
[*] STARTING NEW DOMAIN: https://sr.aditmari.lalmonirhat.gov.bd
==================================================
[+] Domain exhausted. Finishing up: https://sr.aditmari.lalmonirhat.gov.bd
==================================================
[*] STARTING NEW DOMAIN: https://sr.gajaria.munshiganj.gov.bd
==================================================
[+] Domain exhausted. Finishing up: https://sr.gajaria.munshiganj.gov.bd
==================================================
[*] STARTING NEW DOMAIN: https://sr.sadar.chandpur.gov.bd
==================================================
[+] Domain exhausted. Finishing up: https://sr.sadar.chandpur.gov.bd
==================================================
[*] STARTING NEW DOMAIN: https://srdi.dhakadiv.gov.bd
==================================================
[+] Domain exhausted. Finishing up: https://srdi.dhakadiv.gov.bd
==================================================
[*] STARTING NEW DOMAIN: https://tax.habiganj.gov.bd
==================================================
[+] Domain exhausted. Finishing up: https://tax.habiganj.gov.bd
==================================================
[*] STARTING NEW DOMAIN: https://tax.coxsbazar.gov.bd
==================================================
[+] Domain exhausted. Finishing up: https://tax.coxsbazar.gov.bd
==================================================
[*] STARTING NEW DOMAIN: https://techedu.gov.bd
==================================================
[+] Domain exhausted. Finishing up: https://techedu.gov.bd
==================================================
[*] STARTING NEW DOMAIN: https://tipnashaikhamzadmemorialsecondaryschool.jessoreboard.gov.bd
==================================================
[+] Domain exhausted. Finishing up: https://tipnashaikhamzadmemorialsecondaryschool.jessoreboard.gov.bd
==================================================
[*] STARTING NEW DOMAIN: https://totthoapa.matiranga.khagrachhari.gov.bd
==================================================
[+] Domain exhausted. Finishing up: https://totthoapa.matiranga.khagrachhari.gov.bd
==================================================
[*] STARTING NEW DOMAIN: https://tscdewangonj.jamalpur.gov.bd
==================================================
[+] Domain exhausted. Finishing up: https://tscdewangonj.jamalpur.gov.bd
==================================================
[*] STARTING NEW DOMAIN: https://tupamariup.nilphamari.gov.bd
==================================================
[+] Domain exhausted. Finishing up: https://tupamariup.nilphamari.gov.bd
==================================================
[*] STARTING NEW DOMAIN: https://uchitpuraup.narayanganj.gov.bd
==================================================
[+] Domain exhausted. Finishing up: https://uchitpuraup.narayanganj.gov.bd
[*] All websites in the text file have been fully crawled! Shutting down.
