[*] Seeds loaded from data/crawled_alive_gov_bd_sites.txt.

🚀 Starting Domain-by-Domain Spider...

==================================================
[*] STARTING NEW DOMAIN: https://chtrc.gov.bd
==================================================
[+] Domain exhausted. Finishing up: https://chtrc.gov.bd
==================================================
[*] STARTING NEW DOMAIN: https://baera.gov.bd
==================================================
[+] Domain exhausted. Finishing up: https://baera.gov.bd
==================================================
[*] STARTING NEW DOMAIN: https://dr.feni.gov.bd
==================================================
[+] Domain exhausted. Finishing up: https://dr.feni.gov.bd
==================================================
[*] STARTING NEW DOMAIN: https://padumsaharup.gaibandha.gov.bd
==================================================
[+] Domain exhausted. Finishing up: https://padumsaharup.gaibandha.gov.bd
==================================================
[*] STARTING NEW DOMAIN: https://cooparative.sylhetdiv.gov.bd
==================================================
[+] Domain exhausted. Finishing up: https://cooparative.sylhetdiv.gov.bd
==================================================
[*] STARTING NEW DOMAIN: https://dae.delduar.tangail.gov.bd
==================================================
[+] Domain exhausted. Finishing up: https://dae.delduar.tangail.gov.bd
==================================================
[*] STARTING NEW DOMAIN: https://dae.doulatkhan.bhola.gov.bd
==================================================
[+] Domain exhausted. Finishing up: https://dae.doulatkhan.bhola.gov.bd
==================================================
[*] STARTING NEW DOMAIN: https://hfwc.kalapara.patuakhali.gov.bd
==================================================
[+] Domain exhausted. Finishing up: https://hfwc.kalapara.patuakhali.gov.bd
==================================================
[*] STARTING NEW DOMAIN: https://dao.joypurhat.gov.bd
==================================================
[+] Domain exhausted. Finishing up: https://dao.joypurhat.gov.bd
==================================================
[*] STARTING NEW DOMAIN: https://rajz.touristpolice.gov.bd
==================================================
[+] Domain exhausted. Finishing up: https://rajz.touristpolice.gov.bd
==================================================
[*] STARTING NEW DOMAIN: https://pbs.burichang.comilla.gov.bd
==================================================
[+] Domain exhausted. Finishing up: https://pbs.burichang.comilla.gov.bd
==================================================
[*] STARTING NEW DOMAIN: https://dpe.juraichari.rangamati.gov.bd
==================================================
[+] Domain exhausted. Finishing up: https://dpe.juraichari.rangamati.gov.bd
==================================================
[*] STARTING NEW DOMAIN: https://shilpakala.natore.gov.bd
==================================================
[+] Domain exhausted. Finishing up: https://shilpakala.natore.gov.bd
==================================================
[*] STARTING NEW DOMAIN: https://pio.galachipa.patuakhali.gov.bd
==================================================
[+] Domain exhausted. Finishing up: https://pio.galachipa.patuakhali.gov.bd
==================================================
[*] STARTING NEW DOMAIN: https://bbs.meherpursadar.meherpur.gov.bd
==================================================
[+] Domain exhausted. Finishing up: https://bbs.meherpursadar.meherpur.gov.bd
==================================================
[*] STARTING NEW DOMAIN: https://btcl.panchagarh.gov.bd
==================================================
[+] Domain exhausted. Finishing up: https://btcl.panchagarh.gov.bd
==================================================
[*] STARTING NEW DOMAIN: https://drro.madaripur.gov.bd
==================================================
[+] Domain exhausted. Finishing up: https://drro.madaripur.gov.bd
==================================================
[*] STARTING NEW DOMAIN: https://deb108181.dhakaeducationboard.gov.bd
==================================================
[+] Domain exhausted. Finishing up: https://deb108181.dhakaeducationboard.gov.bd
==================================================
[*] STARTING NEW DOMAIN: https://deb111753.dhakaeducationboard.gov.bd
==================================================
[+] Domain exhausted. Finishing up: https://deb111753.dhakaeducationboard.gov.bd
==================================================
[*] STARTING NEW DOMAIN: https://deo.ranisankail.thakurgaon.gov.bd
==================================================
[+] Domain exhausted. Finishing up: https://deo.ranisankail.thakurgaon.gov.bd
==================================================
[*] STARTING NEW DOMAIN: https://deb137594.dhakaeducationboard.gov.bd
==================================================
[+] Domain exhausted. Finishing up: https://deb137594.dhakaeducationboard.gov.bd
==================================================
[*] STARTING NEW DOMAIN: https://dls.indurkani.pirojpur.gov.bd
==================================================
[+] Domain exhausted. Finishing up: https://dls.indurkani.pirojpur.gov.bd
==================================================
[*] STARTING NEW DOMAIN: https://fireservice.brahmanbaria.gov.bd
==================================================
[+] Domain exhausted. Finishing up: https://fireservice.brahmanbaria.gov.bd
==================================================
[*] STARTING NEW DOMAIN: https://paycommission2025.portal.gov.bd
==================================================
[+] Domain exhausted. Finishing up: https://paycommission2025.portal.gov.bd
==================================================
[*] STARTING NEW DOMAIN: https://fireservice.habiganj.gov.bd
==================================================
[+] Domain exhausted. Finishing up: https://fireservice.habiganj.gov.bd
==================================================
[*] STARTING NEW DOMAIN: https://paschimcharumedup.bhola.gov.bd
==================================================
[+] Domain exhausted. Finishing up: https://paschimcharumedup.bhola.gov.bd
==================================================
[*] STARTING NEW DOMAIN: https://fhs.bfdc.gov.bd
==================================================
[+] Domain exhausted. Finishing up: https://fhs.bfdc.gov.bd
==================================================
[*] STARTING NEW DOMAIN: https://pdb.netrokona.gov.bd
==================================================
[+] Domain exhausted. Finishing up: https://pdb.netrokona.gov.bd
==================================================
[*] STARTING NEW DOMAIN: https://pbs2-bogra-d.nothi.gov.bd
==================================================
[+] Domain exhausted. Finishing up: https://pbs2-bogra-d.nothi.gov.bd
==================================================
[*] STARTING NEW DOMAIN: https://pcub.mohalchari.khagrachhari.gov.bd
==================================================
[+] Domain exhausted. Finishing up: https://pcub.mohalchari.khagrachhari.gov.bd
==================================================
[*] STARTING NEW DOMAIN: https://pdbf.chilmari.kurigram.gov.bd
==================================================
[+] Domain exhausted. Finishing up: https://pdbf.chilmari.kurigram.gov.bd
==================================================
[*] STARTING NEW DOMAIN: https://pdbf.lakhai.habiganj.gov.bd
==================================================
[+] Domain exhausted. Finishing up: https://pdbf.lakhai.habiganj.gov.bd
==================================================
[*] STARTING NEW DOMAIN: https://pdbf.singiar.manikganj.gov.bd
==================================================
[+] Domain exhausted. Finishing up: https://pdbf.singiar.manikganj.gov.bd
==================================================
[*] STARTING NEW DOMAIN: https://pio.assasuni.satkhira.gov.bd
==================================================
[+] Domain exhausted. Finishing up: https://pio.assasuni.satkhira.gov.bd
==================================================
[*] STARTING NEW DOMAIN: https://pio.bajitpur.kishoreganj.gov.bd
==================================================
[+] Domain exhausted. Finishing up: https://pio.bajitpur.kishoreganj.gov.bd
==================================================
[*] STARTING NEW DOMAIN: https://gpf.chapainawabganj.gov.bd
==================================================
[+] Domain exhausted. Finishing up: https://gpf.chapainawabganj.gov.bd
==================================================
[*] STARTING NEW DOMAIN: https://fireservice.ishurdi.pabna.gov.bd
==================================================
[+] Domain exhausted. Finishing up: https://fireservice.ishurdi.pabna.gov.bd
==================================================
[*] STARTING NEW DOMAIN: https://fireservice.puthia.rajshahi.gov.bd
==================================================
[+] Domain exhausted. Finishing up: https://fireservice.puthia.rajshahi.gov.bd
==================================================
[*] STARTING NEW DOMAIN: https://narikelbariacollege.jessoreboard.gov.bd
==================================================
[+] Domain exhausted. Finishing up: https://narikelbariacollege.jessoreboard.gov.bd
==================================================
[*] STARTING NEW DOMAIN: https://fisheries.chandina.comilla.gov.bd
==================================================
[+] Domain exhausted. Finishing up: https://fisheries.chandina.comilla.gov.bd
==================================================
[*] STARTING NEW DOMAIN: https://pdbf.sadar.madaripur.gov.bd
==================================================
[+] Domain exhausted. Finishing up: https://pdbf.sadar.madaripur.gov.bd
==================================================
[*] STARTING NEW DOMAIN: https://food.jhenaigati.sherpur.gov.bd
==================================================
[+] Domain exhausted. Finishing up: https://food.jhenaigati.sherpur.gov.bd
==================================================
[*] STARTING NEW DOMAIN: https://youth.bochaganj.dinajpur.gov.bd
==================================================
[+] Domain exhausted. Finishing up: https://youth.bochaganj.dinajpur.gov.bd
==================================================
[*] STARTING NEW DOMAIN: https://ujalkurgirlsjuniorhighschool.jessoreboard.gov.bd
==================================================
[+] Domain exhausted. Finishing up: https://ujalkurgirlsjuniorhighschool.jessoreboard.gov.bd
==================================================
[*] STARTING NEW DOMAIN: https://fisheries.kaliganj.gazipur.gov.bd
==================================================
[+] Domain exhausted. Finishing up: https://fisheries.kaliganj.gazipur.gov.bd
==================================================
[*] STARTING NEW DOMAIN: https://urc.muksudpur.gopalganj.gov.bd
==================================================
[+] Domain exhausted. Finishing up: https://urc.muksudpur.gopalganj.gov.bd
==================================================
[*] STARTING NEW DOMAIN: https://cp.kda.gov.bd
==================================================
[+] Domain exhausted. Finishing up: https://cp.kda.gov.bd
==================================================
[*] STARTING NEW DOMAIN: https://govthsscollegemagura.jessoreboard.gov.bd
==================================================
[+] Domain exhausted. Finishing up: https://govthsscollegemagura.jessoreboard.gov.bd
==================================================
[*] STARTING NEW DOMAIN: https://kbfatehpursecondaryschool.jessoreboard.gov.bd
==================================================
[+] Domain exhausted. Finishing up: https://kbfatehpursecondaryschool.jessoreboard.gov.bd
==================================================
[*] STARTING NEW DOMAIN: https://urc.muradnagar.comilla.gov.bd
==================================================
[+] Domain exhausted. Finishing up: https://urc.muradnagar.comilla.gov.bd
==================================================
[*] STARTING NEW DOMAIN: https://urc.kashiani.gopalganj.gov.bd
==================================================
[+] Domain exhausted. Finishing up: https://urc.kashiani.gopalganj.gov.bd
==================================================
[*] STARTING NEW DOMAIN: https://urc.louhajanj.munshiganj.gov.bd
==================================================
[+] Domain exhausted. Finishing up: https://urc.louhajanj.munshiganj.gov.bd
==================================================
[*] STARTING NEW DOMAIN: https://pdb.laksam.comilla.gov.bd
==================================================
[+] Domain exhausted. Finishing up: https://pdb.laksam.comilla.gov.bd
==================================================
[*] STARTING NEW DOMAIN: https://heat.ugc.gov.bd
==================================================
[+] Domain exhausted. Finishing up: https://heat.ugc.gov.bd
==================================================
[*] STARTING NEW DOMAIN: https://youth.raigonj.sirajganj.gov.bd
==================================================
[+] Domain exhausted. Finishing up: https://youth.raigonj.sirajganj.gov.bd
==================================================
[*] STARTING NEW DOMAIN: https://urkircharup.chittagong.gov.bd
==================================================
[+] Domain exhausted. Finishing up: https://urkircharup.chittagong.gov.bd
==================================================
[*] STARTING NEW DOMAIN: https://youth.netrokonasadar.netrokona.gov.bd
==================================================
[+] Domain exhausted. Finishing up: https://youth.netrokonasadar.netrokona.gov.bd
==================================================
[*] STARTING NEW DOMAIN: http://ec.pirgonj.rangpur.gov.bd
==================================================
[+] Domain exhausted. Finishing up: http://ec.pirgonj.rangpur.gov.bd
==================================================
[*] STARTING NEW DOMAIN: http://eis.gov.bd
==================================================
[+] Domain exhausted. Finishing up: http://eis.gov.bd
==================================================
[*] STARTING NEW DOMAIN: https://deb110111.dhakaeducationboard.gov.bd
==================================================
[+] Domain exhausted. Finishing up: https://deb110111.dhakaeducationboard.gov.bd
==================================================
[*] STARTING NEW DOMAIN: https://progatimodelcollege.jessoreboard.gov.bd
==================================================
[+] Domain exhausted. Finishing up: https://progatimodelcollege.jessoreboard.gov.bd
==================================================
[*] STARTING NEW DOMAIN: https://deb112132.dhakaeducationboard.gov.bd
==================================================
[+] Domain exhausted. Finishing up: https://deb112132.dhakaeducationboard.gov.bd
==================================================
[*] STARTING NEW DOMAIN: https://113524.ebmeb.gov.bd
==================================================
[+] Domain exhausted. Finishing up: https://113524.ebmeb.gov.bd
==================================================
[*] STARTING NEW DOMAIN: http://deb107926.dhakaeducationboard.gov.bd
==================================================
[+] Domain exhausted. Finishing up: http://deb107926.dhakaeducationboard.gov.bd
==================================================
[*] STARTING NEW DOMAIN: https://bhurkaparajuniorhighschool.jessoreboard.gov.bd
==================================================
[+] Domain exhausted. Finishing up: https://bhurkaparajuniorhighschool.jessoreboard.gov.bd
==================================================
[*] STARTING NEW DOMAIN: https://chougachhisecondaryschool.jessoreboard.gov.bd
==================================================
[+] Domain exhausted. Finishing up: https://chougachhisecondaryschool.jessoreboard.gov.bd
==================================================
[*] STARTING NEW DOMAIN: https://pwd.madaripur.gov.bd
==================================================
[+] Domain exhausted. Finishing up: https://pwd.madaripur.gov.bd
==================================================
[*] STARTING NEW DOMAIN: https://dao.sadar.manikganj.gov.bd
==================================================
[+] Domain exhausted. Finishing up: https://dao.sadar.manikganj.gov.bd
==================================================
[*] STARTING NEW DOMAIN: https://deb108685.dhakaeducationboard.gov.bd
==================================================
[+] Domain exhausted. Finishing up: https://deb108685.dhakaeducationboard.gov.bd
==================================================
[*] STARTING NEW DOMAIN: https://bbs.sadar.rajbari.gov.bd
==================================================
[+] Domain exhausted. Finishing up: https://bbs.sadar.rajbari.gov.bd
==================================================
[*] STARTING NEW DOMAIN: https://dao.mithamoin.kishoreganj.gov.bd
==================================================
[+] Domain exhausted. Finishing up: https://dao.mithamoin.kishoreganj.gov.bd
==================================================
[*] STARTING NEW DOMAIN: https://damkuraps.rmp.gov.bd
==================================================
[+] Domain exhausted. Finishing up: https://damkuraps.rmp.gov.bd
==================================================
[*] STARTING NEW DOMAIN: https://bbs.barkal.rangamati.gov.bd
==================================================
[+] Domain exhausted. Finishing up: https://bbs.barkal.rangamati.gov.bd
==================================================
[*] STARTING NEW DOMAIN: https://baravitaup.kurigram.gov.bd
==================================================
[+] Domain exhausted. Finishing up: https://baravitaup.kurigram.gov.bd
==================================================
[*] STARTING NEW DOMAIN: http://naknajuniorbidyaniketon.jessoreboard.gov.bd
==================================================
[+] Domain exhausted. Finishing up: http://naknajuniorbidyaniketon.jessoreboard.gov.bd
==================================================
[*] STARTING NEW DOMAIN: https://sadullapur.gaibandha.gov.bd
==================================================
[+] Domain exhausted. Finishing up: https://sadullapur.gaibandha.gov.bd
==================================================
[*] STARTING NEW DOMAIN: http://fbta.gov.bd
==================================================
[+] Domain exhausted. Finishing up: http://fbta.gov.bd
==================================================
[*] STARTING NEW DOMAIN: https://deb113376.dhakaeducationboard.gov.bd
==================================================
[+] Domain exhausted. Finishing up: https://deb113376.dhakaeducationboard.gov.bd
==================================================
[*] STARTING NEW DOMAIN: https://puthia.rajshahi.gov.bd
==================================================
[+] Domain exhausted. Finishing up: https://puthia.rajshahi.gov.bd
==================================================
[*] STARTING NEW DOMAIN: https://autshahiup.munshiganj.gov.bd
==================================================
[+] Domain exhausted. Finishing up: https://autshahiup.munshiganj.gov.bd
==================================================
[*] STARTING NEW DOMAIN: https://sammilitapanchagramsecondarygirlsschool.jessoreboard.gov.bd
==================================================
[+] Domain exhausted. Finishing up: https://sammilitapanchagramsecondarygirlsschool.jessoreboard.gov.bd
==================================================
[*] STARTING NEW DOMAIN: https://shibcharpourashava.gov.bd
==================================================
[+] Domain exhausted. Finishing up: https://shibcharpourashava.gov.bd
==================================================
[*] STARTING NEW DOMAIN: https://bardalgirlshighschool.jessoreboard.gov.bd
==================================================
[+] Domain exhausted. Finishing up: https://bardalgirlshighschool.jessoreboard.gov.bd
==================================================
[*] STARTING NEW DOMAIN: https://eed.brahmanbaria.gov.bd
==================================================
[+] Domain exhausted. Finishing up: https://eed.brahmanbaria.gov.bd
==================================================
[*] STARTING NEW DOMAIN: http://deb108125.dhakaeducationboard.gov.bd
==================================================
[+] Domain exhausted. Finishing up: http://deb108125.dhakaeducationboard.gov.bd
==================================================
[*] STARTING NEW DOMAIN: https://pwd.dinajpur.gov.bd
==================================================
[+] Domain exhausted. Finishing up: https://pwd.dinajpur.gov.bd
==================================================
[*] STARTING NEW DOMAIN: https://police.shajahanpur.bogra.gov.bd
==================================================
[+] Domain exhausted. Finishing up: https://police.shajahanpur.bogra.gov.bd
==================================================
[*] STARTING NEW DOMAIN: https://ranigaonup.habiganj.gov.bd
==================================================
[+] Domain exhausted. Finishing up: https://ranigaonup.habiganj.gov.bd
==================================================
[*] STARTING NEW DOMAIN: https://dao.savar.dhaka.gov.bd
==================================================
[+] Domain exhausted. Finishing up: https://dao.savar.dhaka.gov.bd
==================================================
[*] STARTING NEW DOMAIN: https://pdbf.adamdighi.bogra.gov.bd
==================================================
[+] Domain exhausted. Finishing up: https://pdbf.adamdighi.bogra.gov.bd
==================================================
[*] STARTING NEW DOMAIN: https://rajapursecondarygirlsschoolmohammedpur.jessoreboard.gov.bd
==================================================
[+] Domain exhausted. Finishing up: https://rajapursecondarygirlsschoolmohammedpur.jessoreboard.gov.bd
==================================================
[*] STARTING NEW DOMAIN: https://cooparative.kaliganj.jhenaidah.gov.bd
==================================================
[+] Domain exhausted. Finishing up: https://cooparative.kaliganj.jhenaidah.gov.bd
==================================================
[*] STARTING NEW DOMAIN: https://pwd.barisaldiv.gov.bd
==================================================
[+] Domain exhausted. Finishing up: https://pwd.barisaldiv.gov.bd
==================================================
[*] STARTING NEW DOMAIN: https://ansarvdp.kushtiasadar.kushtia.gov.bd
==================================================
[+] Domain exhausted. Finishing up: https://ansarvdp.kushtiasadar.kushtia.gov.bd
==================================================
[*] STARTING NEW DOMAIN: https://mail.doict.gov.bd
==================================================
[+] Domain exhausted. Finishing up: https://mail.doict.gov.bd
==================================================
[*] STARTING NEW DOMAIN: https://deb113589.dhakaeducationboard.gov.bd
==================================================
[+] Domain exhausted. Finishing up: https://deb113589.dhakaeducationboard.gov.bd
==================================================
[*] STARTING NEW DOMAIN: https://saagovtgirlshighschool.jessoreboard.gov.bd
==================================================
[+] Domain exhausted. Finishing up: https://saagovtgirlshighschool.jessoreboard.gov.bd
==================================================
[*] STARTING NEW DOMAIN: https://islamicfoundation.gov.bd
==================================================
[+] Domain exhausted. Finishing up: https://islamicfoundation.gov.bd
==================================================
[*] STARTING NEW DOMAIN: https://savings.lakshmipur.gov.bd
==================================================
[+] Domain exhausted. Finishing up: https://savings.lakshmipur.gov.bd
==================================================
[*] STARTING NEW DOMAIN: https://bbpc.portal.gov.bd
==================================================
[+] Domain exhausted. Finishing up: https://bbpc.portal.gov.bd
==================================================
[*] STARTING NEW DOMAIN: https://eed.joypurhatsadar.joypurhat.gov.bd
==================================================
[+] Domain exhausted. Finishing up: https://eed.joypurhatsadar.joypurhat.gov.bd
==================================================
[*] STARTING NEW DOMAIN: https://uitrce.charfesson.bhola.gov.bd
==================================================
[+] Domain exhausted. Finishing up: https://uitrce.charfesson.bhola.gov.bd
==================================================
[*] STARTING NEW DOMAIN: https://isakalasup.sylhet.gov.bd
==================================================
[+] Domain exhausted. Finishing up: https://isakalasup.sylhet.gov.bd
==================================================
[*] STARTING NEW DOMAIN: https://ebek.bhangura.pabna.gov.bd
==================================================
[+] Domain exhausted. Finishing up: https://ebek.bhangura.pabna.gov.bd
==================================================
[*] STARTING NEW DOMAIN: https://pdbf.tazumuddin.bhola.gov.bd
==================================================
[+] Domain exhausted. Finishing up: https://pdbf.tazumuddin.bhola.gov.bd
==================================================
[*] STARTING NEW DOMAIN: https://college-efiling.dinajpurboard.gov.bd
==================================================
[+] Domain exhausted. Finishing up: https://college-efiling.dinajpurboard.gov.bd
==================================================
[*] STARTING NEW DOMAIN: https://damrtc.narsingdi.gov.bd
==================================================
[+] Domain exhausted. Finishing up: https://damrtc.narsingdi.gov.bd
==================================================
[*] STARTING NEW DOMAIN: https://pourashava.domar.nilphamari.gov.bd
==================================================
[+] Domain exhausted. Finishing up: https://pourashava.domar.nilphamari.gov.bd
==================================================
[*] STARTING NEW DOMAIN: https://chuadangasadar.chuadanga.gov.bd
==================================================
[+] Domain exhausted. Finishing up: https://chuadangasadar.chuadanga.gov.bd
==================================================
[*] STARTING NEW DOMAIN: https://deb112559.dhakaeducationboard.gov.bd
==================================================
[+] Domain exhausted. Finishing up: https://deb112559.dhakaeducationboard.gov.bd
==================================================
[*] STARTING NEW DOMAIN: https://eed.satkhira.gov.bd
==================================================
[+] Domain exhausted. Finishing up: https://eed.satkhira.gov.bd
==================================================
[*] STARTING NEW DOMAIN: https://dss.iswarganj.mymensingh.gov.bd
==================================================
[+] Domain exhausted. Finishing up: https://dss.iswarganj.mymensingh.gov.bd
==================================================
[*] STARTING NEW DOMAIN: https://info.ramgarh.khagrachhari.gov.bd
==================================================
[+] Domain exhausted. Finishing up: https://info.ramgarh.khagrachhari.gov.bd
==================================================
[*] STARTING NEW DOMAIN: https://dam.sreemangal.moulvibazar.gov.bd
==================================================
[+] Domain exhausted. Finishing up: https://dam.sreemangal.moulvibazar.gov.bd
==================================================
[*] STARTING NEW DOMAIN: https://jz.touristpolice.gov.bd
==================================================
[+] Domain exhausted. Finishing up: https://jz.touristpolice.gov.bd
==================================================
[*] STARTING NEW DOMAIN: https://css.narail.gov.bd
==================================================
[+] Domain exhausted. Finishing up: https://css.narail.gov.bd
==================================================
[*] STARTING NEW DOMAIN: https://dae.mirsharai.chittagong.gov.bd
==================================================
[+] Domain exhausted. Finishing up: https://dae.mirsharai.chittagong.gov.bd
==================================================
[*] STARTING NEW DOMAIN: https://deb114290.dhakaeducationboard.gov.bd
==================================================
[+] Domain exhausted. Finishing up: https://deb114290.dhakaeducationboard.gov.bd
==================================================
[*] STARTING NEW DOMAIN: https://food.parbatipur.dinajpur.gov.bd
==================================================
[+] Domain exhausted. Finishing up: https://food.parbatipur.dinajpur.gov.bd
==================================================
[*] STARTING NEW DOMAIN: https://ansarvdp.atrai.naogaon.gov.bd
==================================================
[+] Domain exhausted. Finishing up: https://ansarvdp.atrai.naogaon.gov.bd
==================================================
[*] STARTING NEW DOMAIN: https://deb113301.dhakaeducationboard.gov.bd
==================================================
[+] Domain exhausted. Finishing up: https://deb113301.dhakaeducationboard.gov.bd
==================================================
[*] STARTING NEW DOMAIN: https://shilpakala.kushtia.gov.bd
==================================================
[+] Domain exhausted. Finishing up: https://shilpakala.kushtia.gov.bd
==================================================
[*] STARTING NEW DOMAIN: http://job.dls.gov.bd
==================================================
[+] Domain exhausted. Finishing up: http://job.dls.gov.bd
==================================================
[*] STARTING NEW DOMAIN: https://deb113510.dhakaeducationboard.gov.bd
==================================================
[+] Domain exhausted. Finishing up: https://deb113510.dhakaeducationboard.gov.bd
==================================================
[*] STARTING NEW DOMAIN: https://hajimonirhossainsecondaryschool.jessoreboard.gov.bd
==================================================
[+] Domain exhausted. Finishing up: https://hajimonirhossainsecondaryschool.jessoreboard.gov.bd
==================================================
[*] STARTING NEW DOMAIN: https://doict.sonaimuri.noakhali.gov.bd
==================================================
[+] Domain exhausted. Finishing up: https://doict.sonaimuri.noakhali.gov.bd
==================================================
[*] STARTING NEW DOMAIN: https://deb112347.dhakaeducationboard.gov.bd
==================================================
[+] Domain exhausted. Finishing up: https://deb112347.dhakaeducationboard.gov.bd
==================================================
[*] STARTING NEW DOMAIN: https://customercare.wzpdcl.gov.bd
==================================================
[+] Domain exhausted. Finishing up: https://customercare.wzpdcl.gov.bd
==================================================
[*] STARTING NEW DOMAIN: https://mail.pressinform.gov.bd
==================================================
[+] Domain exhausted. Finishing up: https://mail.pressinform.gov.bd
==================================================
[*] STARTING NEW DOMAIN: https://deb112853.dhakaeducationboard.gov.bd
==================================================
[+] Domain exhausted. Finishing up: https://deb112853.dhakaeducationboard.gov.bd
==================================================
[*] STARTING NEW DOMAIN: https://deb113731.dhakaeducationboard.gov.bd
==================================================
[+] Domain exhausted. Finishing up: https://deb113731.dhakaeducationboard.gov.bd
==================================================
[*] STARTING NEW DOMAIN: https://gosairhat.shariatpur.gov.bd
==================================================
[+] Domain exhausted. Finishing up: https://gosairhat.shariatpur.gov.bd
==================================================
[*] STARTING NEW DOMAIN: https://deb138926.dhakaeducationboard.gov.bd
==================================================
[+] Domain exhausted. Finishing up: https://deb138926.dhakaeducationboard.gov.bd
==================================================
[*] STARTING NEW DOMAIN: https://pdf.rangamati.gov.bd
==================================================
[+] Domain exhausted. Finishing up: https://pdf.rangamati.gov.bd
==================================================
[*] STARTING NEW DOMAIN: https://dwa.chapainawabganjsadar.chapainawabganj.gov.bd
==================================================
[+] Domain exhausted. Finishing up: https://dwa.chapainawabganjsadar.chapainawabganj.gov.bd
==================================================
[*] STARTING NEW DOMAIN: https://dao.jhikargacha.jessore.gov.bd
==================================================
[+] Domain exhausted. Finishing up: https://dao.jhikargacha.jessore.gov.bd
==================================================
[*] STARTING NEW DOMAIN: https://deb113420.dhakaeducationboard.gov.bd
==================================================
[+] Domain exhausted. Finishing up: https://deb113420.dhakaeducationboard.gov.bd
==================================================
[*] STARTING NEW DOMAIN: https://baioshonaup.narail.gov.bd
==================================================
[+] Domain exhausted. Finishing up: https://baioshonaup.narail.gov.bd
==================================================
[*] STARTING NEW DOMAIN: https://dahiaup.natore.gov.bd
==================================================
[+] Domain exhausted. Finishing up: https://dahiaup.natore.gov.bd
==================================================
[*] STARTING NEW DOMAIN: https://office.land.gov.bd
==================================================
[+] Domain exhausted. Finishing up: https://office.land.gov.bd
==================================================
[*] STARTING NEW DOMAIN: https://acl.matiranga.khagrachhari.gov.bd
==================================================
[+] Domain exhausted. Finishing up: https://acl.matiranga.khagrachhari.gov.bd
==================================================
[*] STARTING NEW DOMAIN: https://fpo.sadar.noakhali.gov.bd
==================================================
[+] Domain exhausted. Finishing up: https://fpo.sadar.noakhali.gov.bd
==================================================
[*] STARTING NEW DOMAIN: https://ansarvdp.chhagalnaiya.feni.gov.bd
==================================================
[+] Domain exhausted. Finishing up: https://ansarvdp.chhagalnaiya.feni.gov.bd
==================================================
[*] STARTING NEW DOMAIN: https://deb112425.dhakaeducationboard.gov.bd
==================================================
[+] Domain exhausted. Finishing up: https://deb112425.dhakaeducationboard.gov.bd
==================================================
[*] STARTING NEW DOMAIN: https://dss.khetlal.joypurhat.gov.bd
==================================================
[+] Domain exhausted. Finishing up: https://dss.khetlal.joypurhat.gov.bd
==================================================
[*] STARTING NEW DOMAIN: https://pbs.banshkhali.chittagong.gov.bd
==================================================
[+] Domain exhausted. Finishing up: https://pbs.banshkhali.chittagong.gov.bd
==================================================
[*] STARTING NEW DOMAIN: https://deb114546.dhakaeducationboard.gov.bd
==================================================
[+] Domain exhausted. Finishing up: https://deb114546.dhakaeducationboard.gov.bd
==================================================
[*] STARTING NEW DOMAIN: https://cooparative.juri.moulvibazar.gov.bd
==================================================
[+] Domain exhausted. Finishing up: https://cooparative.juri.moulvibazar.gov.bd
==================================================
[*] STARTING NEW DOMAIN: https://doict.nangalkot.comilla.gov.bd
==================================================
[+] Domain exhausted. Finishing up: https://doict.nangalkot.comilla.gov.bd
==================================================
[*] STARTING NEW DOMAIN: https://deb138153.dhakaeducationboard.gov.bd
==================================================
[+] Domain exhausted. Finishing up: https://deb138153.dhakaeducationboard.gov.bd
==================================================
[*] STARTING NEW DOMAIN: https://ansarvdp.pirojpur.gov.bd
==================================================
[+] Domain exhausted. Finishing up: https://ansarvdp.pirojpur.gov.bd
==================================================
[*] STARTING NEW DOMAIN: https://dao.kachua.bagerhat.gov.bd
==================================================
[+] Domain exhausted. Finishing up: https://dao.kachua.bagerhat.gov.bd
==================================================
[*] STARTING NEW DOMAIN: https://chulkatighanoshyampursecondaryschool.jessoreboard.gov.bd
==================================================
[+] Domain exhausted. Finishing up: https://chulkatighanoshyampursecondaryschool.jessoreboard.gov.bd
==================================================
[*] STARTING NEW DOMAIN: https://acl.muktagacha.mymensingh.gov.bd
==================================================
[+] Domain exhausted. Finishing up: https://acl.muktagacha.mymensingh.gov.bd
==================================================
[*] STARTING NEW DOMAIN: https://hanoi.mofa.gov.bd
==================================================
[+] Domain exhausted. Finishing up: https://hanoi.mofa.gov.bd
==================================================
[*] STARTING NEW DOMAIN: https://dpe.guimara.khagrachhari.gov.bd
==================================================
[+] Domain exhausted. Finishing up: https://dpe.guimara.khagrachhari.gov.bd
==================================================
[*] STARTING NEW DOMAIN: https://pdbf.koyra.khulna.gov.bd
==================================================
[+] Domain exhausted. Finishing up: https://pdbf.koyra.khulna.gov.bd
==================================================
[*] STARTING NEW DOMAIN: https://pourashava.ulipur.kurigram.gov.bd
==================================================
[+] Domain exhausted. Finishing up: https://pourashava.ulipur.kurigram.gov.bd
==================================================
[*] STARTING NEW DOMAIN: https://bbs.belaichari.rangamati.gov.bd
==================================================
[+] Domain exhausted. Finishing up: https://bbs.belaichari.rangamati.gov.bd
==================================================
[*] STARTING NEW DOMAIN: https://deb112938.dhakaeducationboard.gov.bd
==================================================
[+] Domain exhausted. Finishing up: https://deb112938.dhakaeducationboard.gov.bd
==================================================
[*] STARTING NEW DOMAIN: https://dwa.fultola.khulna.gov.bd
==================================================
[+] Domain exhausted. Finishing up: https://dwa.fultola.khulna.gov.bd
==================================================
[*] STARTING NEW DOMAIN: https://ghugripantaparasecondaryschool.jessoreboard.gov.bd
==================================================
[+] Domain exhausted. Finishing up: https://ghugripantaparasecondaryschool.jessoreboard.gov.bd
==================================================
[*] STARTING NEW DOMAIN: https://deb111440.dhakaeducationboard.gov.bd
==================================================
[+] Domain exhausted. Finishing up: https://deb111440.dhakaeducationboard.gov.bd
==================================================
[*] STARTING NEW DOMAIN: https://dss.niamatpur.naogaon.gov.bd
==================================================
[+] Domain exhausted. Finishing up: https://dss.niamatpur.naogaon.gov.bd
==================================================
[*] STARTING NEW DOMAIN: https://health.kalaroa.satkhira.gov.bd
==================================================
[+] Domain exhausted. Finishing up: https://health.kalaroa.satkhira.gov.bd
==================================================
[*] STARTING NEW DOMAIN: https://pdbf.tetulia.panchagarh.gov.bd
==================================================
[+] Domain exhausted. Finishing up: https://pdbf.tetulia.panchagarh.gov.bd
==================================================
[*] STARTING NEW DOMAIN: https://aic.dls.gov.bd
==================================================
[+] Domain exhausted. Finishing up: https://aic.dls.gov.bd
==================================================
[*] STARTING NEW DOMAIN: https://dss.kapasia.gazipur.gov.bd
==================================================
[+] Domain exhausted. Finishing up: https://dss.kapasia.gazipur.gov.bd
==================================================
[*] STARTING NEW DOMAIN: https://dao.golapganj.sylhet.gov.bd
==================================================
[+] Domain exhausted. Finishing up: https://dao.golapganj.sylhet.gov.bd
==================================================
[*] STARTING NEW DOMAIN: https://ec.chuadangasadar.chuadanga.gov.bd
==================================================
[+] Domain exhausted. Finishing up: https://ec.chuadangasadar.chuadanga.gov.bd
==================================================
[*] STARTING NEW DOMAIN: https://fpo.nawabganj.dinajpur.gov.bd
==================================================
[+] Domain exhausted. Finishing up: https://fpo.nawabganj.dinajpur.gov.bd
==================================================
[*] STARTING NEW DOMAIN: https://health.kalmakanda.netrokona.gov.bd
==================================================
[+] Domain exhausted. Finishing up: https://health.kalmakanda.netrokona.gov.bd
==================================================
[*] STARTING NEW DOMAIN: https://pio.dimla.nilphamari.gov.bd
==================================================
[+] Domain exhausted. Finishing up: https://pio.dimla.nilphamari.gov.bd
==================================================
[*] STARTING NEW DOMAIN: https://chirirbandar.dinajpur.gov.bd
==================================================
[+] Domain exhausted. Finishing up: https://chirirbandar.dinajpur.gov.bd
==================================================
[*] STARTING NEW DOMAIN: https://islamicfoundation.ramu.coxsbazar.gov.bd
==================================================
[+] Domain exhausted. Finishing up: https://islamicfoundation.ramu.coxsbazar.gov.bd
==================================================
[*] STARTING NEW DOMAIN: https://pio.comillasadar.comilla.gov.bd
==================================================
[+] Domain exhausted. Finishing up: https://pio.comillasadar.comilla.gov.bd
==================================================
[*] STARTING NEW DOMAIN: https://gangnipourosecondaryschool.jessoreboard.gov.bd
==================================================
[+] Domain exhausted. Finishing up: https://gangnipourosecondaryschool.jessoreboard.gov.bd
==================================================
[*] STARTING NEW DOMAIN: https://dpe.charrajibpur.kurigram.gov.bd
==================================================
[+] Domain exhausted. Finishing up: https://dpe.charrajibpur.kurigram.gov.bd
==================================================
[*] STARTING NEW DOMAIN: https://deb112389.dhakaeducationboard.gov.bd
==================================================
[+] Domain exhausted. Finishing up: https://deb112389.dhakaeducationboard.gov.bd
==================================================
[*] STARTING NEW DOMAIN: https://dae.daulatpur.kushtia.gov.bd
==================================================
[+] Domain exhausted. Finishing up: https://dae.daulatpur.kushtia.gov.bd
==================================================
[*] STARTING NEW DOMAIN: https://azamkhangovernmentcommercecollegekhulna.jessoreboard.gov.bd
==================================================
[+] Domain exhausted. Finishing up: https://azamkhangovernmentcommercecollegekhulna.jessoreboard.gov.bd
==================================================
[*] STARTING NEW DOMAIN: https://deb114547.dhakaeducationboard.gov.bd
==================================================
[+] Domain exhausted. Finishing up: https://deb114547.dhakaeducationboard.gov.bd
==================================================
[*] STARTING NEW DOMAIN: https://deb137789.dhakaeducationboard.gov.bd
==================================================
[+] Domain exhausted. Finishing up: https://deb137789.dhakaeducationboard.gov.bd
==================================================
[*] STARTING NEW DOMAIN: https://dn.nothi.gov.bd
==================================================
[+] Domain exhausted. Finishing up: https://dn.nothi.gov.bd
==================================================
[*] STARTING NEW DOMAIN: https://fisheries.tongibari.munshiganj.gov.bd
==================================================
[+] Domain exhausted. Finishing up: https://fisheries.tongibari.munshiganj.gov.bd
==================================================
[*] STARTING NEW DOMAIN: https://pio.manirampur.jessore.gov.bd
==================================================
[+] Domain exhausted. Finishing up: https://pio.manirampur.jessore.gov.bd
==================================================
[*] STARTING NEW DOMAIN: https://deb139644.dhakaeducationboard.gov.bd
==================================================
[+] Domain exhausted. Finishing up: https://deb139644.dhakaeducationboard.gov.bd
==================================================
[*] STARTING NEW DOMAIN: https://debidwar.comilla.gov.bd
==================================================
[+] Domain exhausted. Finishing up: https://debidwar.comilla.gov.bd
==================================================
[*] STARTING NEW DOMAIN: https://deb113845.dhakaeducationboard.gov.bd
==================================================
[+] Domain exhausted. Finishing up: https://deb113845.dhakaeducationboard.gov.bd
==================================================
[*] STARTING NEW DOMAIN: https://deb138649.dhakaeducationboard.gov.bd
==================================================
[+] Domain exhausted. Finishing up: https://deb138649.dhakaeducationboard.gov.bd
==================================================
[*] STARTING NEW DOMAIN: https://deb190118.dhakaeducationboard.gov.bd
==================================================
[+] Domain exhausted. Finishing up: https://deb190118.dhakaeducationboard.gov.bd
==================================================
[*] STARTING NEW DOMAIN: https://pdbf.fulbari.dinajpur.gov.bd
==================================================
[+] Domain exhausted. Finishing up: https://pdbf.fulbari.dinajpur.gov.bd
==================================================
[*] STARTING NEW DOMAIN: https://deb139575.dhakaeducationboard.gov.bd
==================================================
[+] Domain exhausted. Finishing up: https://deb139575.dhakaeducationboard.gov.bd
==================================================
[*] STARTING NEW DOMAIN: https://deo.dumki.patuakhali.gov.bd
==================================================
[+] Domain exhausted. Finishing up: https://deo.dumki.patuakhali.gov.bd
==================================================
[*] STARTING NEW DOMAIN: https://seo.niamatpur.naogaon.gov.bd
==================================================
[+] Domain exhausted. Finishing up: https://seo.niamatpur.naogaon.gov.bd
==================================================
[*] STARTING NEW DOMAIN: https://deb139206.dhakaeducationboard.gov.bd
==================================================
[+] Domain exhausted. Finishing up: https://deb139206.dhakaeducationboard.gov.bd
==================================================
[*] STARTING NEW DOMAIN: https://alhelalsecondaryislamiacademy.jessoreboard.gov.bd
==================================================
[+] Domain exhausted. Finishing up: https://alhelalsecondaryislamiacademy.jessoreboard.gov.bd
==================================================
[*] STARTING NEW DOMAIN: https://dpe.paikgasa.khulna.gov.bd
==================================================
[+] Domain exhausted. Finishing up: https://dpe.paikgasa.khulna.gov.bd
==================================================
[*] STARTING NEW DOMAIN: https://deb139609.dhakaeducationboard.gov.bd
==================================================
[+] Domain exhausted. Finishing up: https://deb139609.dhakaeducationboard.gov.bd
==================================================
[*] STARTING NEW DOMAIN: https://dife.jamalpur.gov.bd
==================================================
[+] Domain exhausted. Finishing up: https://dife.jamalpur.gov.bd
==================================================
[*] STARTING NEW DOMAIN: https://ansarvdp.jagannathpur.sunamganj.gov.bd
==================================================
[+] Domain exhausted. Finishing up: https://ansarvdp.jagannathpur.sunamganj.gov.bd
==================================================
[*] STARTING NEW DOMAIN: https://fireservice.gosairhat.shariatpur.gov.bd
==================================================
[+] Domain exhausted. Finishing up: https://fireservice.gosairhat.shariatpur.gov.bd
==================================================
[*] STARTING NEW DOMAIN: https://dighaliaadarshasecondaryschool.jessoreboard.gov.bd
==================================================
[+] Domain exhausted. Finishing up: https://dighaliaadarshasecondaryschool.jessoreboard.gov.bd
==================================================
[*] STARTING NEW DOMAIN: https://doe.sylhetdiv.gov.bd
==================================================
[+] Domain exhausted. Finishing up: https://doe.sylhetdiv.gov.bd
==================================================
[*] STARTING NEW DOMAIN: https://lged.akhaura.brahmanbaria.gov.bd
==================================================
[+] Domain exhausted. Finishing up: https://lged.akhaura.brahmanbaria.gov.bd
==================================================
[*] STARTING NEW DOMAIN: https://deb137136.dhakaeducationboard.gov.bd
==================================================
[+] Domain exhausted. Finishing up: https://deb137136.dhakaeducationboard.gov.bd
==================================================
[*] STARTING NEW DOMAIN: https://dls.satkhirasadar.satkhira.gov.bd
==================================================
[+] Domain exhausted. Finishing up: https://dls.satkhirasadar.satkhira.gov.bd
==================================================
[*] STARTING NEW DOMAIN: https://dphe.matlabnorth.chandpur.gov.bd
==================================================
[+] Domain exhausted. Finishing up: https://dphe.matlabnorth.chandpur.gov.bd
==================================================
[*] STARTING NEW DOMAIN: https://acl.khansama.dinajpur.gov.bd
==================================================
[+] Domain exhausted. Finishing up: https://acl.khansama.dinajpur.gov.bd
==================================================
[*] STARTING NEW DOMAIN: https://dls.matlabnorth.chandpur.gov.bd
==================================================
[+] Domain exhausted. Finishing up: https://dls.matlabnorth.chandpur.gov.bd
==================================================
[*] STARTING NEW DOMAIN: https://dphe.gabtali.bogra.gov.bd
==================================================
[+] Domain exhausted. Finishing up: https://dphe.gabtali.bogra.gov.bd
==================================================
[*] STARTING NEW DOMAIN: https://pio.dasar.madaripur.gov.bd
==================================================
[+] Domain exhausted. Finishing up: https://pio.dasar.madaripur.gov.bd
==================================================
[*] STARTING NEW DOMAIN: https://deb136874.dhakaeducationboard.gov.bd
==================================================
[+] Domain exhausted. Finishing up: https://deb136874.dhakaeducationboard.gov.bd
==================================================
[*] STARTING NEW DOMAIN: https://brta.jamalpur.gov.bd
==================================================
[+] Domain exhausted. Finishing up: https://brta.jamalpur.gov.bd
==================================================
[*] STARTING NEW DOMAIN: https://ansarvdp.zakiganj.sylhet.gov.bd
==================================================
[+] Domain exhausted. Finishing up: https://ansarvdp.zakiganj.sylhet.gov.bd
==================================================
[*] STARTING NEW DOMAIN: https://doict.terokhada.khulna.gov.bd
==================================================
[+] Domain exhausted. Finishing up: https://doict.terokhada.khulna.gov.bd
==================================================
[*] STARTING NEW DOMAIN: https://deb138688.dhakaeducationboard.gov.bd
==================================================
[+] Domain exhausted. Finishing up: https://deb138688.dhakaeducationboard.gov.bd
==================================================
[*] STARTING NEW DOMAIN: https://pio.gaibandhasadar.gaibandha.gov.bd
==================================================
[+] Domain exhausted. Finishing up: https://pio.gaibandhasadar.gaibandha.gov.bd
==================================================
[*] STARTING NEW DOMAIN: https://bhalukgharjuniorgirlshighschool.jessoreboard.gov.bd
==================================================
[+] Domain exhausted. Finishing up: https://bhalukgharjuniorgirlshighschool.jessoreboard.gov.bd
==================================================
[*] STARTING NEW DOMAIN: https://dls.fenchuganj.sylhet.gov.bd
==================================================
[+] Domain exhausted. Finishing up: https://dls.fenchuganj.sylhet.gov.bd
==================================================
[*] STARTING NEW DOMAIN: https://asimpatuliup.mymensingh.gov.bd
==================================================
[+] Domain exhausted. Finishing up: https://asimpatuliup.mymensingh.gov.bd
==================================================
[*] STARTING NEW DOMAIN: https://deb190121.dhakaeducationboard.gov.bd
==================================================
[+] Domain exhausted. Finishing up: https://deb190121.dhakaeducationboard.gov.bd
==================================================
[*] STARTING NEW DOMAIN: https://dls.shahjadpur.sirajganj.gov.bd
==================================================
[+] Domain exhausted. Finishing up: https://dls.shahjadpur.sirajganj.gov.bd
==================================================
[*] STARTING NEW DOMAIN: https://food.atghoria.pabna.gov.bd
==================================================
[+] Domain exhausted. Finishing up: https://food.atghoria.pabna.gov.bd
==================================================
[*] STARTING NEW DOMAIN: https://deb138670.dhakaeducationboard.gov.bd
==================================================
[+] Domain exhausted. Finishing up: https://deb138670.dhakaeducationboard.gov.bd
==================================================
[*] STARTING NEW DOMAIN: https://deb139590.dhakaeducationboard.gov.bd
==================================================
[+] Domain exhausted. Finishing up: https://deb139590.dhakaeducationboard.gov.bd
==================================================
[*] STARTING NEW DOMAIN: https://dpe.netrokona.gov.bd
==================================================
[+] Domain exhausted. Finishing up: https://dpe.netrokona.gov.bd
==================================================
[*] STARTING NEW DOMAIN: https://pio.digholia.khulna.gov.bd
==================================================
[+] Domain exhausted. Finishing up: https://pio.digholia.khulna.gov.bd
==================================================
[*] STARTING NEW DOMAIN: https://dls.gabtali.bogra.gov.bd
==================================================
[+] Domain exhausted. Finishing up: https://dls.gabtali.bogra.gov.bd
==================================================
[*] STARTING NEW DOMAIN: https://dls.mehendiganj.barisal.gov.bd
==================================================
[+] Domain exhausted. Finishing up: https://dls.mehendiganj.barisal.gov.bd
==================================================
[*] STARTING NEW DOMAIN: https://deb113875.dhakaeducationboard.gov.bd
==================================================
[+] Domain exhausted. Finishing up: https://deb113875.dhakaeducationboard.gov.bd
==================================================
[*] STARTING NEW DOMAIN: https://doict.sundarganj.gaibandha.gov.bd
==================================================
[+] Domain exhausted. Finishing up: https://doict.sundarganj.gaibandha.gov.bd
==================================================
[*] STARTING NEW DOMAIN: https://alhajjsarowarkhancollegesenhati.jessoreboard.gov.bd
==================================================
[+] Domain exhausted. Finishing up: https://alhajjsarowarkhancollegesenhati.jessoreboard.gov.bd
==================================================
[*] STARTING NEW DOMAIN: https://deb114236.dhakaeducationboard.gov.bd
==================================================
[+] Domain exhausted. Finishing up: https://deb114236.dhakaeducationboard.gov.bd
==================================================
[*] STARTING NEW DOMAIN: https://deb134139.dhakaeducationboard.gov.bd
==================================================
[+] Domain exhausted. Finishing up: https://deb134139.dhakaeducationboard.gov.bd
==================================================
[*] STARTING NEW DOMAIN: https://dhansagornalbuniagovtprimaryschool.jessoreboard.gov.bd
==================================================
[+] Domain exhausted. Finishing up: https://dhansagornalbuniagovtprimaryschool.jessoreboard.gov.bd
==================================================
[*] STARTING NEW DOMAIN: https://acl.daudkandi.comilla.gov.bd
==================================================
[+] Domain exhausted. Finishing up: https://acl.daudkandi.comilla.gov.bd
==================================================
[*] STARTING NEW DOMAIN: https://dighuliaup.manikganj.gov.bd
==================================================
[+] Domain exhausted. Finishing up: https://dighuliaup.manikganj.gov.bd
==================================================
[*] STARTING NEW DOMAIN: https://deb134565.dhakaeducationboard.gov.bd
==================================================
[+] Domain exhausted. Finishing up: https://deb134565.dhakaeducationboard.gov.bd
==================================================
[*] STARTING NEW DOMAIN: https://seo.nachol.chapainawabganj.gov.bd
==================================================
[+] Domain exhausted. Finishing up: https://seo.nachol.chapainawabganj.gov.bd
==================================================
[*] STARTING NEW DOMAIN: https://deo.niamatpur.naogaon.gov.bd
==================================================
[+] Domain exhausted. Finishing up: https://deo.niamatpur.naogaon.gov.bd
==================================================
[*] STARTING NEW DOMAIN: https://dls.kabirhat.noakhali.gov.bd
==================================================
[+] Domain exhausted. Finishing up: https://dls.kabirhat.noakhali.gov.bd
==================================================
[*] STARTING NEW DOMAIN: https://dhormapurup.feni.gov.bd
==================================================
[+] Domain exhausted. Finishing up: https://dhormapurup.feni.gov.bd
==================================================
[*] STARTING NEW DOMAIN: https://pbs.panchbibi.joypurhat.gov.bd
==================================================
[+] Domain exhausted. Finishing up: https://pbs.panchbibi.joypurhat.gov.bd
==================================================
[*] STARTING NEW DOMAIN: http://pio.dewangonj.jamalpur.gov.bd
==================================================
[+] Domain exhausted. Finishing up: http://pio.dewangonj.jamalpur.gov.bd
==================================================
[*] STARTING NEW DOMAIN: https://deb134145.dhakaeducationboard.gov.bd
==================================================
[+] Domain exhausted. Finishing up: https://deb134145.dhakaeducationboard.gov.bd
==================================================
[*] STARTING NEW DOMAIN: https://pio.bagmara.rajshahi.gov.bd
==================================================
[+] Domain exhausted. Finishing up: https://pio.bagmara.rajshahi.gov.bd
==================================================
[*] STARTING NEW DOMAIN: https://deb136315.dhakaeducationboard.gov.bd
==================================================
[+] Domain exhausted. Finishing up: https://deb136315.dhakaeducationboard.gov.bd
==================================================
[*] STARTING NEW DOMAIN: https://deb131344.dhakaeducationboard.gov.bd
==================================================
[+] Domain exhausted. Finishing up: https://deb131344.dhakaeducationboard.gov.bd
==================================================
[*] STARTING NEW DOMAIN: https://bdp2100kp.gov.bd
==================================================
[+] Domain exhausted. Finishing up: https://bdp2100kp.gov.bd
==================================================
[*] STARTING NEW DOMAIN: https://deo.durgapur.rajshahi.gov.bd
==================================================
[+] Domain exhausted. Finishing up: https://deo.durgapur.rajshahi.gov.bd
==================================================
[*] STARTING NEW DOMAIN: https://deb136872.dhakaeducationboard.gov.bd
==================================================
[+] Domain exhausted. Finishing up: https://deb136872.dhakaeducationboard.gov.bd
==================================================
[*] STARTING NEW DOMAIN: https://forest.laxmichhari.khagrachhari.gov.bd
==================================================
[+] Domain exhausted. Finishing up: https://forest.laxmichhari.khagrachhari.gov.bd
==================================================
[*] STARTING NEW DOMAIN: https://police.bagerhat.gov.bd
==================================================
[+] Domain exhausted. Finishing up: https://police.bagerhat.gov.bd
==================================================
[*] STARTING NEW DOMAIN: https://deb136606.dhakaeducationboard.gov.bd
==================================================
[+] Domain exhausted. Finishing up: https://deb136606.dhakaeducationboard.gov.bd
==================================================
[*] STARTING NEW DOMAIN: https://baragunimeherunnessasecondaryschool.jessoreboard.gov.bd
==================================================
[+] Domain exhausted. Finishing up: https://baragunimeherunnessasecondaryschool.jessoreboard.gov.bd
==================================================
[*] STARTING NEW DOMAIN: https://ec.ramgarh.khagrachhari.gov.bd
==================================================
[+] Domain exhausted. Finishing up: https://ec.ramgarh.khagrachhari.gov.bd
==================================================
[*] STARTING NEW DOMAIN: https://deb138680.dhakaeducationboard.gov.bd
==================================================
[+] Domain exhausted. Finishing up: https://deb138680.dhakaeducationboard.gov.bd
==================================================
[*] STARTING NEW DOMAIN: https://debishoresecondarygirlsschool.jessoreboard.gov.bd
==================================================
[+] Domain exhausted. Finishing up: https://debishoresecondarygirlsschool.jessoreboard.gov.bd
==================================================
[*] STARTING NEW DOMAIN: https://deb190150.dhakaeducationboard.gov.bd
==================================================
[+] Domain exhausted. Finishing up: https://deb190150.dhakaeducationboard.gov.bd
==================================================
[*] STARTING NEW DOMAIN: https://fireservice.godagari.rajshahi.gov.bd
==================================================
[+] Domain exhausted. Finishing up: https://fireservice.godagari.rajshahi.gov.bd
==================================================
[*] STARTING NEW DOMAIN: https://brdb.phulchari.gaibandha.gov.bd
==================================================
[+] Domain exhausted. Finishing up: https://brdb.phulchari.gaibandha.gov.bd
==================================================
[*] STARTING NEW DOMAIN: https://dls.paikgasa.khulna.gov.bd
==================================================
[+] Domain exhausted. Finishing up: https://dls.paikgasa.khulna.gov.bd
==================================================
[*] STARTING NEW DOMAIN: https://fisheries.narayanganjsadar.narayanganj.gov.bd
==================================================
[+] Domain exhausted. Finishing up: https://fisheries.narayanganjsadar.narayanganj.gov.bd
==================================================
[*] STARTING NEW DOMAIN: https://deo.chilmari.kurigram.gov.bd
==================================================
[+] Domain exhausted. Finishing up: https://deo.chilmari.kurigram.gov.bd
==================================================
[*] STARTING NEW DOMAIN: https://deb130706.dhakaeducationboard.gov.bd
==================================================
[+] Domain exhausted. Finishing up: https://deb130706.dhakaeducationboard.gov.bd
==================================================
[*] STARTING NEW DOMAIN: https://police.dohar.dhaka.gov.bd
==================================================
[+] Domain exhausted. Finishing up: https://police.dohar.dhaka.gov.bd
==================================================
[*] STARTING NEW DOMAIN: https://dhalioraup.gazipur.gov.bd
==================================================
[+] Domain exhausted. Finishing up: https://dhalioraup.gazipur.gov.bd
==================================================
[*] STARTING NEW DOMAIN: https://aic.tangail.gov.bd
==================================================
[+] Domain exhausted. Finishing up: https://aic.tangail.gov.bd
==================================================
[*] STARTING NEW DOMAIN: https://deb111210.dhakaeducationboard.gov.bd
==================================================
[+] Domain exhausted. Finishing up: https://deb111210.dhakaeducationboard.gov.bd
==================================================
[*] STARTING NEW DOMAIN: https://fcmisc.portal.gov.bd
==================================================
[+] Domain exhausted. Finishing up: https://fcmisc.portal.gov.bd
==================================================
[*] STARTING NEW DOMAIN: https://cooparative.nasirnagar.brahmanbaria.gov.bd
==================================================
[+] Domain exhausted. Finishing up: https://cooparative.nasirnagar.brahmanbaria.gov.bd
==================================================
[*] STARTING NEW DOMAIN: https://deb113529.dhakaeducationboard.gov.bd
==================================================
[+] Domain exhausted. Finishing up: https://deb113529.dhakaeducationboard.gov.bd
==================================================
[*] STARTING NEW DOMAIN: https://ansarvdp.fulbari.dinajpur.gov.bd
==================================================
[+] Domain exhausted. Finishing up: https://ansarvdp.fulbari.dinajpur.gov.bd
==================================================
[*] STARTING NEW DOMAIN: https://customs.zakiganj.sylhet.gov.bd
==================================================
[+] Domain exhausted. Finishing up: https://customs.zakiganj.sylhet.gov.bd
==================================================
[*] STARTING NEW DOMAIN: https://dwa.barhatta.netrokona.gov.bd
==================================================
[+] Domain exhausted. Finishing up: https://dwa.barhatta.netrokona.gov.bd
==================================================
[*] STARTING NEW DOMAIN: https://dol.comilla.gov.bd
==================================================
[+] Domain exhausted. Finishing up: https://dol.comilla.gov.bd
==================================================
[*] STARTING NEW DOMAIN: https://dwa.baniachong.habiganj.gov.bd
==================================================
[+] Domain exhausted. Finishing up: https://dwa.baniachong.habiganj.gov.bd
==================================================
[*] STARTING NEW DOMAIN: https://bbs.patuakhali.gov.bd
==================================================
[+] Domain exhausted. Finishing up: https://bbs.patuakhali.gov.bd
==================================================
[*] STARTING NEW DOMAIN: https://jaintiapur.sylhet.gov.bd
==================================================
[+] Domain exhausted. Finishing up: https://jaintiapur.sylhet.gov.bd
==================================================
[*] STARTING NEW DOMAIN: https://charkhalipaup.bhola.gov.bd
==================================================
[+] Domain exhausted. Finishing up: https://charkhalipaup.bhola.gov.bd
==================================================
[*] STARTING NEW DOMAIN: https://acl.gournadi.barisal.gov.bd
==================================================
[+] Domain exhausted. Finishing up: https://acl.gournadi.barisal.gov.bd
==================================================
[*] STARTING NEW DOMAIN: https://deb133553.dhakaeducationboard.gov.bd
==================================================
[+] Domain exhausted. Finishing up: https://deb133553.dhakaeducationboard.gov.bd
==================================================
[*] STARTING NEW DOMAIN: https://asmasarwarislamichighschool.jessoreboard.gov.bd
==================================================
[+] Domain exhausted. Finishing up: https://asmasarwarislamichighschool.jessoreboard.gov.bd
==================================================
[*] STARTING NEW DOMAIN: https://dphe.aditmari.lalmonirhat.gov.bd
==================================================
[+] Domain exhausted. Finishing up: https://dphe.aditmari.lalmonirhat.gov.bd
==================================================
[*] STARTING NEW DOMAIN: https://dwa.sadullapur.gaibandha.gov.bd
==================================================
[+] Domain exhausted. Finishing up: https://dwa.sadullapur.gaibandha.gov.bd
==================================================
[*] STARTING NEW DOMAIN: https://cga.gov.bd
==================================================
[+] Domain exhausted. Finishing up: https://cga.gov.bd
==================================================
[*] STARTING NEW DOMAIN: https://dwa.dinajpursadar.dinajpur.gov.bd
==================================================
[+] Domain exhausted. Finishing up: https://dwa.dinajpursadar.dinajpur.gov.bd
==================================================
[*] STARTING NEW DOMAIN: https://deb111435.dhakaeducationboard.gov.bd
==================================================
[+] Domain exhausted. Finishing up: https://deb111435.dhakaeducationboard.gov.bd
==================================================
[*] STARTING NEW DOMAIN: https://boidangajuniorsecondaryschool.jessoreboard.gov.bd
==================================================
[+] Domain exhausted. Finishing up: https://boidangajuniorsecondaryschool.jessoreboard.gov.bd
==================================================
[*] STARTING NEW DOMAIN: https://deb108780.dhakaeducationboard.gov.bd
==================================================
[+] Domain exhausted. Finishing up: https://deb108780.dhakaeducationboard.gov.bd
==================================================
[*] STARTING NEW DOMAIN: https://lged.chhatak.sunamganj.gov.bd
==================================================
[+] Domain exhausted. Finishing up: https://lged.chhatak.sunamganj.gov.bd
==================================================
[*] STARTING NEW DOMAIN: https://brdb.baniachong.habiganj.gov.bd
==================================================
[+] Domain exhausted. Finishing up: https://brdb.baniachong.habiganj.gov.bd
==================================================
[*] STARTING NEW DOMAIN: https://deb109499.dhakaeducationboard.gov.bd
==================================================
[+] Domain exhausted. Finishing up: https://deb109499.dhakaeducationboard.gov.bd
==================================================
[*] STARTING NEW DOMAIN: https://bbs.nokla.sherpur.gov.bd
==================================================
[+] Domain exhausted. Finishing up: https://bbs.nokla.sherpur.gov.bd
==================================================
[*] STARTING NEW DOMAIN: https://gabsharaup.tangail.gov.bd
==================================================
[+] Domain exhausted. Finishing up: https://gabsharaup.tangail.gov.bd
==================================================
[*] STARTING NEW DOMAIN: https://raicharantarinicharancollege.jessoreboard.gov.bd
==================================================
[+] Domain exhausted. Finishing up: https://raicharantarinicharancollege.jessoreboard.gov.bd
==================================================
[*] STARTING NEW DOMAIN: https://bmda.puthia.rajshahi.gov.bd
==================================================
[+] Domain exhausted. Finishing up: https://bmda.puthia.rajshahi.gov.bd
==================================================
[*] STARTING NEW DOMAIN: https://iepvi.aditmari.lalmonirhat.gov.bd
==================================================
[+] Domain exhausted. Finishing up: https://iepvi.aditmari.lalmonirhat.gov.bd
==================================================
[*] STARTING NEW DOMAIN: https://deb111012.dhakaeducationboard.gov.bd
==================================================
[+] Domain exhausted. Finishing up: https://deb111012.dhakaeducationboard.gov.bd
==================================================
[*] STARTING NEW DOMAIN: https://borhanuddin.bhola.gov.bd
==================================================
[+] Domain exhausted. Finishing up: https://borhanuddin.bhola.gov.bd
==================================================
[*] STARTING NEW DOMAIN: https://hatfazilpursecondaryschool.jessoreboard.gov.bd
==================================================
[+] Domain exhausted. Finishing up: https://hatfazilpursecondaryschool.jessoreboard.gov.bd
==================================================
[*] STARTING NEW DOMAIN: https://bmet.pabna.gov.bd
==================================================
[+] Domain exhausted. Finishing up: https://bmet.pabna.gov.bd
==================================================
[*] STARTING NEW DOMAIN: https://jms.trishal.mymensingh.gov.bd
==================================================
[+] Domain exhausted. Finishing up: https://jms.trishal.mymensingh.gov.bd
==================================================
[*] STARTING NEW DOMAIN: https://deb111113.dhakaeducationboard.gov.bd
==================================================
[+] Domain exhausted. Finishing up: https://deb111113.dhakaeducationboard.gov.bd
==================================================
[*] STARTING NEW DOMAIN: https://chandradvip.patuakhali.gov.bd
==================================================
[+] Domain exhausted. Finishing up: https://chandradvip.patuakhali.gov.bd
==================================================
[*] STARTING NEW DOMAIN: https://rupshacollege.jessoreboard.gov.bd
==================================================
[+] Domain exhausted. Finishing up: https://rupshacollege.jessoreboard.gov.bd
==================================================
[*] STARTING NEW DOMAIN: https://cooparative.dhaka.gov.bd
==================================================
[+] Domain exhausted. Finishing up: https://cooparative.dhaka.gov.bd
==================================================
[*] STARTING NEW DOMAIN: https://gopalnagargirlsschool.jessoreboard.gov.bd
==================================================
[+] Domain exhausted. Finishing up: https://gopalnagargirlsschool.jessoreboard.gov.bd
==================================================
[*] STARTING NEW DOMAIN: https://pdbf.sarail.brahmanbaria.gov.bd
==================================================
[+] Domain exhausted. Finishing up: https://pdbf.sarail.brahmanbaria.gov.bd
==================================================
[*] STARTING NEW DOMAIN: https://chhaprakhalisecondaryschool.jessoreboard.gov.bd
==================================================
[+] Domain exhausted. Finishing up: https://chhaprakhalisecondaryschool.jessoreboard.gov.bd
==================================================
[*] STARTING NEW DOMAIN: https://health.sadar.rangamati.gov.bd
==================================================
[+] Domain exhausted. Finishing up: https://health.sadar.rangamati.gov.bd
==================================================
[*] STARTING NEW DOMAIN: https://biwta.patuakhali.gov.bd
==================================================
[+] Domain exhausted. Finishing up: https://biwta.patuakhali.gov.bd
==================================================
[*] STARTING NEW DOMAIN: https://eed.shibpur.narsingdi.gov.bd
==================================================
[+] Domain exhausted. Finishing up: https://eed.shibpur.narsingdi.gov.bd
==================================================
[*] STARTING NEW DOMAIN: https://deb108765.dhakaeducationboard.gov.bd
==================================================
[+] Domain exhausted. Finishing up: https://deb108765.dhakaeducationboard.gov.bd
==================================================
[*] STARTING NEW DOMAIN: https://deb111141.dhakaeducationboard.gov.bd
==================================================
[+] Domain exhausted. Finishing up: https://deb111141.dhakaeducationboard.gov.bd
==================================================
[*] STARTING NEW DOMAIN: https://ec.barisal.gov.bd
==================================================
[+] Domain exhausted. Finishing up: https://ec.barisal.gov.bd
==================================================
[*] STARTING NEW DOMAIN: https://gms.dscc.gov.bd
==================================================
[+] Domain exhausted. Finishing up: https://gms.dscc.gov.bd
==================================================
[*] STARTING NEW DOMAIN: https://police.sonatala.bogra.gov.bd
==================================================
[+] Domain exhausted. Finishing up: https://police.sonatala.bogra.gov.bd
==================================================
[*] STARTING NEW DOMAIN: https://dwa.satkhira.gov.bd
==================================================
[+] Domain exhausted. Finishing up: https://dwa.satkhira.gov.bd
==================================================
[*] STARTING NEW DOMAIN: https://hfwc.sakhipur.tangail.gov.bd
==================================================
[+] Domain exhausted. Finishing up: https://hfwc.sakhipur.tangail.gov.bd
==================================================
[*] STARTING NEW DOMAIN: https://post.palash.narsingdi.gov.bd
==================================================
[+] Domain exhausted. Finishing up: https://post.palash.narsingdi.gov.bd
==================================================
[*] STARTING NEW DOMAIN: https://dshe.dinajpur.gov.bd
==================================================
[+] Domain exhausted. Finishing up: https://dshe.dinajpur.gov.bd
==================================================
[*] STARTING NEW DOMAIN: https://deb112219.dhakaeducationboard.gov.bd
==================================================
[+] Domain exhausted. Finishing up: https://deb112219.dhakaeducationboard.gov.bd
==================================================
[*] STARTING NEW DOMAIN: https://deb109738.dhakaeducationboard.gov.bd
==================================================
[+] Domain exhausted. Finishing up: https://deb109738.dhakaeducationboard.gov.bd
==================================================
[*] STARTING NEW DOMAIN: https://pio.fulbaria.mymensingh.gov.bd
==================================================
[+] Domain exhausted. Finishing up: https://pio.fulbaria.mymensingh.gov.bd
==================================================
[*] STARTING NEW DOMAIN: https://ebek.ghatail.tangail.gov.bd
==================================================
[+] Domain exhausted. Finishing up: https://ebek.ghatail.tangail.gov.bd
==================================================
[*] STARTING NEW DOMAIN: https://bhb.portal.gov.bd
==================================================
[+] Domain exhausted. Finishing up: https://bhb.portal.gov.bd
==================================================
[*] STARTING NEW DOMAIN: https://forest.charghat.rajshahi.gov.bd
==================================================
[+] Domain exhausted. Finishing up: https://forest.charghat.rajshahi.gov.bd
==================================================
[*] STARTING NEW DOMAIN: https://police.borhanuddin.bhola.gov.bd
==================================================
[+] Domain exhausted. Finishing up: https://police.borhanuddin.bhola.gov.bd
==================================================
[*] STARTING NEW DOMAIN: https://bbs.naogaonsadar.naogaon.gov.bd
==================================================
[+] Domain exhausted. Finishing up: https://bbs.naogaonsadar.naogaon.gov.bd
==================================================
[*] STARTING NEW DOMAIN: https://dao.nawabganj.dhaka.gov.bd
==================================================
[+] Domain exhausted. Finishing up: https://dao.nawabganj.dhaka.gov.bd
==================================================
[*] STARTING NEW DOMAIN: https://ramnathpurupb.rangpur.gov.bd
==================================================
[+] Domain exhausted. Finishing up: https://ramnathpurupb.rangpur.gov.bd
==================================================
[*] STARTING NEW DOMAIN: https://dphe.manikchari.khagrachhari.gov.bd
==================================================
[+] Domain exhausted. Finishing up: https://dphe.manikchari.khagrachhari.gov.bd
==================================================
[*] STARTING NEW DOMAIN: https://fireservice.katiadi.kishoreganj.gov.bd
==================================================
[+] Domain exhausted. Finishing up: https://fireservice.katiadi.kishoreganj.gov.bd
==================================================
[*] STARTING NEW DOMAIN: https://health.companiganj.sylhet.gov.bd
==================================================
[+] Domain exhausted. Finishing up: https://health.companiganj.sylhet.gov.bd
==================================================
[*] STARTING NEW DOMAIN: http://zpnilphamari.gov.bd
==================================================
[+] Domain exhausted. Finishing up: http://zpnilphamari.gov.bd
==================================================
[*] STARTING NEW DOMAIN: https://sheikhhasinapadmapukurdegreecollege.jessoreboard.gov.bd
==================================================
[+] Domain exhausted. Finishing up: https://sheikhhasinapadmapukurdegreecollege.jessoreboard.gov.bd
==================================================
[*] STARTING NEW DOMAIN: https://deb109094.dhakaeducationboard.gov.bd
==================================================
[+] Domain exhausted. Finishing up: https://deb109094.dhakaeducationboard.gov.bd
==================================================
[*] STARTING NEW DOMAIN: https://badc.munshiganj.gov.bd
==================================================
[+] Domain exhausted. Finishing up: https://badc.munshiganj.gov.bd
==================================================
[*] STARTING NEW DOMAIN: https://forest.rangpurdiv.gov.bd
==================================================
[+] Domain exhausted. Finishing up: https://forest.rangpurdiv.gov.bd
==================================================
[*] STARTING NEW DOMAIN: https://dapuniaup.mymensingh.gov.bd
==================================================
[+] Domain exhausted. Finishing up: https://dapuniaup.mymensingh.gov.bd
==================================================
[*] STARTING NEW DOMAIN: https://deb110721.dhakaeducationboard.gov.bd
==================================================
[+] Domain exhausted. Finishing up: https://deb110721.dhakaeducationboard.gov.bd
==================================================
[*] STARTING NEW DOMAIN: https://ffwc.bwdb.gov.bd
==================================================
[+] Domain exhausted. Finishing up: https://ffwc.bwdb.gov.bd
==================================================
[*] STARTING NEW DOMAIN: https://jadabpurup.jhenaidah.gov.bd
==================================================
[+] Domain exhausted. Finishing up: https://jadabpurup.jhenaidah.gov.bd
==================================================
[*] STARTING NEW DOMAIN: https://robindramodelschool.jessoreboard.gov.bd
==================================================
[+] Domain exhausted. Finishing up: https://robindramodelschool.jessoreboard.gov.bd
==================================================
[*] STARTING NEW DOMAIN: https://binodpurup.chapainawabganj.gov.bd
==================================================
[+] Domain exhausted. Finishing up: https://binodpurup.chapainawabganj.gov.bd
==================================================
[*] STARTING NEW DOMAIN: https://forest.nandail.mymensingh.gov.bd
==================================================
[+] Domain exhausted. Finishing up: https://forest.nandail.mymensingh.gov.bd
==================================================
[*] STARTING NEW DOMAIN: https://info.dgda.gov.bd
==================================================
[+] Domain exhausted. Finishing up: https://info.dgda.gov.bd
==================================================
[*] STARTING NEW DOMAIN: https://deb112796.dhakaeducationboard.gov.bd
==================================================
[+] Domain exhausted. Finishing up: https://deb112796.dhakaeducationboard.gov.bd
==================================================
[*] STARTING NEW DOMAIN: https://tetuliaup.netrokona.gov.bd
==================================================
[+] Domain exhausted. Finishing up: https://tetuliaup.netrokona.gov.bd
==================================================
[*] STARTING NEW DOMAIN: https://info.lakshmipur.gov.bd
==================================================
[+] Domain exhausted. Finishing up: https://info.lakshmipur.gov.bd
==================================================
[*] STARTING NEW DOMAIN: https://food.chakaria.coxsbazar.gov.bd
==================================================
[+] Domain exhausted. Finishing up: https://food.chakaria.coxsbazar.gov.bd
==================================================
[*] STARTING NEW DOMAIN: https://fireservice.badargonj.rangpur.gov.bd
==================================================
[+] Domain exhausted. Finishing up: https://fireservice.badargonj.rangpur.gov.bd
==================================================
[*] STARTING NEW DOMAIN: https://police.saghata.gaibandha.gov.bd
==================================================
[+] Domain exhausted. Finishing up: https://police.saghata.gaibandha.gov.bd
==================================================
[*] STARTING NEW DOMAIN: https://bdccl.gov.bd
==================================================
[+] Domain exhausted. Finishing up: https://bdccl.gov.bd
==================================================
[*] STARTING NEW DOMAIN: https://fisheries.kaliganj.lalmonirhat.gov.bd
==================================================
[+] Domain exhausted. Finishing up: https://fisheries.kaliganj.lalmonirhat.gov.bd
==================================================
[*] STARTING NEW DOMAIN: https://sdg.gov.bd
==================================================
[+] Domain exhausted. Finishing up: https://sdg.gov.bd
==================================================
[*] STARTING NEW DOMAIN: https://deb110299.dhakaeducationboard.gov.bd
==================================================
[+] Domain exhausted. Finishing up: https://deb110299.dhakaeducationboard.gov.bd
==================================================
[*] STARTING NEW DOMAIN: https://fpo.juraichari.rangamati.gov.bd
==================================================
[+] Domain exhausted. Finishing up: https://fpo.juraichari.rangamati.gov.bd
==================================================
[*] STARTING NEW DOMAIN: https://deb108425.dhakaeducationboard.gov.bd
==================================================
[+] Domain exhausted. Finishing up: https://deb108425.dhakaeducationboard.gov.bd
==================================================
[*] STARTING NEW DOMAIN: https://deb110861.dhakaeducationboard.gov.bd
==================================================
[+] Domain exhausted. Finishing up: https://deb110861.dhakaeducationboard.gov.bd
==================================================
[*] STARTING NEW DOMAIN: https://fisheries.banshkhali.chittagong.gov.bd
==================================================
[+] Domain exhausted. Finishing up: https://fisheries.banshkhali.chittagong.gov.bd
==================================================
[*] STARTING NEW DOMAIN: https://sfdf.ro.kishoreganj.gov.bd
==================================================
[+] Domain exhausted. Finishing up: https://sfdf.ro.kishoreganj.gov.bd
==================================================
[*] STARTING NEW DOMAIN: https://admin.portal.gov.bd
==================================================
[+] Domain exhausted. Finishing up: https://admin.portal.gov.bd
==================================================
[*] STARTING NEW DOMAIN: https://dss.osmaninagar.sylhet.gov.bd
==================================================
[+] Domain exhausted. Finishing up: https://dss.osmaninagar.sylhet.gov.bd
==================================================
[*] STARTING NEW DOMAIN: https://dss.kalapara.patuakhali.gov.bd
==================================================
[+] Domain exhausted. Finishing up: https://dss.kalapara.patuakhali.gov.bd
==================================================
[*] STARTING NEW DOMAIN: https://pourashava.nageshwari.kurigram.gov.bd
==================================================
[+] Domain exhausted. Finishing up: https://pourashava.nageshwari.kurigram.gov.bd
==================================================
[*] STARTING NEW DOMAIN: https://bbs.meghna.comilla.gov.bd
==================================================
[+] Domain exhausted. Finishing up: https://bbs.meghna.comilla.gov.bd
==================================================
[*] STARTING NEW DOMAIN: https://ansarvdp.debiganj.panchagarh.gov.bd
==================================================
[+] Domain exhausted. Finishing up: https://ansarvdp.debiganj.panchagarh.gov.bd
==================================================
[*] STARTING NEW DOMAIN: https://hcrc.dumki.patuakhali.gov.bd
==================================================
[+] Domain exhausted. Finishing up: https://hcrc.dumki.patuakhali.gov.bd
==================================================
[*] STARTING NEW DOMAIN: https://dpe.narail.gov.bd
==================================================
[+] Domain exhausted. Finishing up: https://dpe.narail.gov.bd
==================================================
[*] STARTING NEW DOMAIN: https://sfdf.ro.gopalganj.gov.bd
==================================================
[+] Domain exhausted. Finishing up: https://sfdf.ro.gopalganj.gov.bd
==================================================
[*] STARTING NEW DOMAIN: https://post.pekua.coxsbazar.gov.bd
==================================================
[+] Domain exhausted. Finishing up: https://post.pekua.coxsbazar.gov.bd
==================================================
[*] STARTING NEW DOMAIN: https://dphe.lama.bandarban.gov.bd
==================================================
[+] Domain exhausted. Finishing up: https://dphe.lama.bandarban.gov.bd
==================================================
[*] STARTING NEW DOMAIN: https://dshe.charrajibpur.kurigram.gov.bd
==================================================
[+] Domain exhausted. Finishing up: https://dshe.charrajibpur.kurigram.gov.bd
==================================================
[*] STARTING NEW DOMAIN: https://deb108499.dhakaeducationboard.gov.bd
==================================================
[+] Domain exhausted. Finishing up: https://deb108499.dhakaeducationboard.gov.bd
==================================================
[*] STARTING NEW DOMAIN: https://khareraup.brahmanbaria.gov.bd
==================================================
[+] Domain exhausted. Finishing up: https://khareraup.brahmanbaria.gov.bd
==================================================
[*] STARTING NEW DOMAIN: https://seo.rowangchhari.bandarban.gov.bd
==================================================
[+] Domain exhausted. Finishing up: https://seo.rowangchhari.bandarban.gov.bd
==================================================
[*] STARTING NEW DOMAIN: https://deb108421.dhakaeducationboard.gov.bd
==================================================
[+] Domain exhausted. Finishing up: https://deb108421.dhakaeducationboard.gov.bd
==================================================
[*] STARTING NEW DOMAIN: https://kabinazrulshikkhamanzil.jessoreboard.gov.bd
==================================================
[+] Domain exhausted. Finishing up: https://kabinazrulshikkhamanzil.jessoreboard.gov.bd
==================================================
[*] STARTING NEW DOMAIN: https://dphedhakacircle.dhakadiv.gov.bd
==================================================
[+] Domain exhausted. Finishing up: https://dphedhakacircle.dhakadiv.gov.bd
==================================================
[*] STARTING NEW DOMAIN: https://brdb.faridpur.gov.bd
==================================================
[+] Domain exhausted. Finishing up: https://brdb.faridpur.gov.bd
==================================================
[*] STARTING NEW DOMAIN: https://brtcdepot.sylhet.gov.bd
==================================================
[+] Domain exhausted. Finishing up: https://brtcdepot.sylhet.gov.bd
==================================================
[*] STARTING NEW DOMAIN: https://fireservice.kurigramsadar.kurigram.gov.bd
==================================================
[+] Domain exhausted. Finishing up: https://fireservice.kurigramsadar.kurigram.gov.bd
==================================================
[*] STARTING NEW DOMAIN: https://bbs.daulatpur.kushtia.gov.bd
==================================================
[+] Domain exhausted. Finishing up: https://bbs.daulatpur.kushtia.gov.bd
==================================================
[*] STARTING NEW DOMAIN: https://dss.mohalchari.khagrachhari.gov.bd
==================================================
[+] Domain exhausted. Finishing up: https://dss.mohalchari.khagrachhari.gov.bd
==================================================
[*] STARTING NEW DOMAIN: https://deb107841.dhakaeducationboard.gov.bd
==================================================
[+] Domain exhausted. Finishing up: https://deb107841.dhakaeducationboard.gov.bd
==================================================
[*] STARTING NEW DOMAIN: https://patacharaup.khagrachhari.gov.bd
==================================================
[+] Domain exhausted. Finishing up: https://patacharaup.khagrachhari.gov.bd
==================================================
[*] STARTING NEW DOMAIN: https://sfdf.kalapara.patuakhali.gov.bd
==================================================
[+] Domain exhausted. Finishing up: https://sfdf.kalapara.patuakhali.gov.bd
==================================================
[*] STARTING NEW DOMAIN: https://fisheries.bholahat.chapainawabganj.gov.bd
==================================================
[+] Domain exhausted. Finishing up: https://fisheries.bholahat.chapainawabganj.gov.bd
==================================================
[*] STARTING NEW DOMAIN: https://azizbhattisecondaryschool.jessoreboard.gov.bd
==================================================
[+] Domain exhausted. Finishing up: https://azizbhattisecondaryschool.jessoreboard.gov.bd
==================================================
[*] STARTING NEW DOMAIN: https://dr.jamalpur.gov.bd
==================================================
[+] Domain exhausted. Finishing up: https://dr.jamalpur.gov.bd
==================================================
[*] STARTING NEW DOMAIN: https://seo.damurhuda.chuadanga.gov.bd
==================================================
[+] Domain exhausted. Finishing up: https://seo.damurhuda.chuadanga.gov.bd
==================================================
[*] STARTING NEW DOMAIN: https://food.sadar.feni.gov.bd
==================================================
[+] Domain exhausted. Finishing up: https://food.sadar.feni.gov.bd
==================================================
[*] STARTING NEW DOMAIN: https://mallikbariup.mymensingh.gov.bd
==================================================
[+] Domain exhausted. Finishing up: https://mallikbariup.mymensingh.gov.bd
==================================================
[*] STARTING NEW DOMAIN: https://ebek.sadar.bogra.gov.bd
==================================================
[+] Domain exhausted. Finishing up: https://ebek.sadar.bogra.gov.bd
==================================================
[*] STARTING NEW DOMAIN: https://fisheries.bhairab.kishoreganj.gov.bd
==================================================
[+] Domain exhausted. Finishing up: https://fisheries.bhairab.kishoreganj.gov.bd
==================================================
[*] STARTING NEW DOMAIN: https://bakoinorthup.comilla.gov.bd
==================================================
[+] Domain exhausted. Finishing up: https://bakoinorthup.comilla.gov.bd
==================================================
[*] STARTING NEW DOMAIN: https://dssucd.munshiganj.gov.bd
==================================================
[+] Domain exhausted. Finishing up: https://dssucd.munshiganj.gov.bd
==================================================
[*] STARTING NEW DOMAIN: https://dphe.gowainghat.sylhet.gov.bd
==================================================
[+] Domain exhausted. Finishing up: https://dphe.gowainghat.sylhet.gov.bd
==================================================
[*] STARTING NEW DOMAIN: https://forestwest.khulnadiv.gov.bd
==================================================
[+] Domain exhausted. Finishing up: https://forestwest.khulnadiv.gov.bd
==================================================
[*] STARTING NEW DOMAIN: https://dss.sadar.bhola.gov.bd
==================================================
[+] Domain exhausted. Finishing up: https://dss.sadar.bhola.gov.bd
==================================================
[*] STARTING NEW DOMAIN: https://lged.dhunot.bogra.gov.bd
==================================================
[+] Domain exhausted. Finishing up: https://lged.dhunot.bogra.gov.bd
==================================================
[*] STARTING NEW DOMAIN: https://sujanagar.pabna.gov.bd
==================================================
[+] Domain exhausted. Finishing up: https://sujanagar.pabna.gov.bd
==================================================
[*] STARTING NEW DOMAIN: https://brdb.barisalsadar.barisal.gov.bd
==================================================
[+] Domain exhausted. Finishing up: https://brdb.barisalsadar.barisal.gov.bd
==================================================
[*] STARTING NEW DOMAIN: https://ebek.paikgasa.khulna.gov.bd
==================================================
[+] Domain exhausted. Finishing up: https://ebek.paikgasa.khulna.gov.bd
==================================================
[*] STARTING NEW DOMAIN: https://fisheries.jagannathpur.sunamganj.gov.bd
==================================================
[+] Domain exhausted. Finishing up: https://fisheries.jagannathpur.sunamganj.gov.bd
==================================================
[*] STARTING NEW DOMAIN: https://acl.sylhetsadar.sylhet.gov.bd
==================================================
[+] Domain exhausted. Finishing up: https://acl.sylhetsadar.sylhet.gov.bd
==================================================
[*] STARTING NEW DOMAIN: https://dwa.chunarughat.habiganj.gov.bd
==================================================
[+] Domain exhausted. Finishing up: https://dwa.chunarughat.habiganj.gov.bd
==================================================
[*] STARTING NEW DOMAIN: https://fireservice.nageshwari.kurigram.gov.bd
==================================================
[+] Domain exhausted. Finishing up: https://fireservice.nageshwari.kurigram.gov.bd
==================================================
[*] STARTING NEW DOMAIN: https://forest.adamdighi.bogra.gov.bd
==================================================
[+] Domain exhausted. Finishing up: https://forest.adamdighi.bogra.gov.bd
==================================================
[*] STARTING NEW DOMAIN: https://dwa.bhairab.kishoreganj.gov.bd
==================================================
[+] Domain exhausted. Finishing up: https://dwa.bhairab.kishoreganj.gov.bd
==================================================
[*] STARTING NEW DOMAIN: https://chatariup.chittagong.gov.bd
==================================================
[+] Domain exhausted. Finishing up: https://chatariup.chittagong.gov.bd
==================================================
[*] STARTING NEW DOMAIN: https://dss.dumuria.khulna.gov.bd
==================================================
[+] Domain exhausted. Finishing up: https://dss.dumuria.khulna.gov.bd
==================================================
[*] STARTING NEW DOMAIN: https://metropolitanpolice.rajshahi.gov.bd
==================================================
[+] Domain exhausted. Finishing up: https://metropolitanpolice.rajshahi.gov.bd
==================================================
[*] STARTING NEW DOMAIN: https://fpo.lohagara.narail.gov.bd
==================================================
[+] Domain exhausted. Finishing up: https://fpo.lohagara.narail.gov.bd
==================================================
[*] STARTING NEW DOMAIN: https://fisheries.purbadhala.netrokona.gov.bd
==================================================
[+] Domain exhausted. Finishing up: https://fisheries.purbadhala.netrokona.gov.bd
==================================================
[*] STARTING NEW DOMAIN: https://deb112340.dhakaeducationboard.gov.bd
==================================================
[+] Domain exhausted. Finishing up: https://deb112340.dhakaeducationboard.gov.bd
==================================================
[*] STARTING NEW DOMAIN: https://lged.bandar.narayanganj.gov.bd
==================================================
[+] Domain exhausted. Finishing up: https://lged.bandar.narayanganj.gov.bd
==================================================
[*] STARTING NEW DOMAIN: https://deb113375.dhakaeducationboard.gov.bd
==================================================
[+] Domain exhausted. Finishing up: https://deb113375.dhakaeducationboard.gov.bd
==================================================
[*] STARTING NEW DOMAIN: https://deb132081.dhakaeducationboard.gov.bd
==================================================
[+] Domain exhausted. Finishing up: https://deb132081.dhakaeducationboard.gov.bd
==================================================
[*] STARTING NEW DOMAIN: https://dphe.kamalnagar.lakshmipur.gov.bd
==================================================
[+] Domain exhausted. Finishing up: https://dphe.kamalnagar.lakshmipur.gov.bd
==================================================
[*] STARTING NEW DOMAIN: https://deb113659.dhakaeducationboard.gov.bd
==================================================
[+] Domain exhausted. Finishing up: https://deb113659.dhakaeducationboard.gov.bd
==================================================
[*] STARTING NEW DOMAIN: https://pozip.sadar.jhenaidah.gov.bd
==================================================
[+] Domain exhausted. Finishing up: https://pozip.sadar.jhenaidah.gov.bd
==================================================
[*] STARTING NEW DOMAIN: https://rangunia.chittagong.gov.bd
==================================================
[+] Domain exhausted. Finishing up: https://rangunia.chittagong.gov.bd
==================================================
[*] STARTING NEW DOMAIN: https://khidirparaup.munshiganj.gov.bd
==================================================
[+] Domain exhausted. Finishing up: https://khidirparaup.munshiganj.gov.bd
==================================================
[*] STARTING NEW DOMAIN: https://macademy.portal.gov.bd
==================================================
[+] Domain exhausted. Finishing up: https://macademy.portal.gov.bd
==================================================
[*] STARTING NEW DOMAIN: https://brdb.shibganj.bogra.gov.bd
==================================================
[+] Domain exhausted. Finishing up: https://brdb.shibganj.bogra.gov.bd
==================================================
[*] STARTING NEW DOMAIN: https://deb113045.dhakaeducationboard.gov.bd
==================================================
[+] Domain exhausted. Finishing up: https://deb113045.dhakaeducationboard.gov.bd
==================================================
[*] STARTING NEW DOMAIN: https://deb134112.dhakaeducationboard.gov.bd
==================================================
[+] Domain exhausted. Finishing up: https://deb134112.dhakaeducationboard.gov.bd
==================================================
[*] STARTING NEW DOMAIN: https://dss.kumarkhali.kushtia.gov.bd
==================================================
[+] Domain exhausted. Finishing up: https://dss.kumarkhali.kushtia.gov.bd
==================================================
[*] STARTING NEW DOMAIN: https://deb112688.dhakaeducationboard.gov.bd
==================================================
[+] Domain exhausted. Finishing up: https://deb112688.dhakaeducationboard.gov.bd
==================================================
[*] STARTING NEW DOMAIN: https://totthoapa.beanibazar.sylhet.gov.bd
==================================================
[+] Domain exhausted. Finishing up: https://totthoapa.beanibazar.sylhet.gov.bd
==================================================
[*] STARTING NEW DOMAIN: https://ec.laxmichhari.khagrachhari.gov.bd
==================================================
[+] Domain exhausted. Finishing up: https://ec.laxmichhari.khagrachhari.gov.bd
==================================================
[*] STARTING NEW DOMAIN: https://deb111928.dhakaeducationboard.gov.bd
==================================================
[+] Domain exhausted. Finishing up: https://deb111928.dhakaeducationboard.gov.bd
==================================================
[*] STARTING NEW DOMAIN: https://sylhetsadar.sylhet.gov.bd
==================================================
[+] Domain exhausted. Finishing up: https://sylhetsadar.sylhet.gov.bd
==================================================
[*] STARTING NEW DOMAIN: https://totthoapa.bera.pabna.gov.bd
==================================================
[+] Domain exhausted. Finishing up: https://totthoapa.bera.pabna.gov.bd
==================================================
[*] STARTING NEW DOMAIN: https://deb112388.dhakaeducationboard.gov.bd
==================================================
[+] Domain exhausted. Finishing up: https://deb112388.dhakaeducationboard.gov.bd
==================================================
[*] STARTING NEW DOMAIN: https://deb114536.dhakaeducationboard.gov.bd
==================================================
[+] Domain exhausted. Finishing up: https://deb114536.dhakaeducationboard.gov.bd
==================================================
[*] STARTING NEW DOMAIN: https://hfwc.sadar.jhenaidah.gov.bd
==================================================
[+] Domain exhausted. Finishing up: https://hfwc.sadar.jhenaidah.gov.bd
==================================================
[*] STARTING NEW DOMAIN: https://deb111879.dhakaeducationboard.gov.bd
==================================================
[+] Domain exhausted. Finishing up: https://deb111879.dhakaeducationboard.gov.bd
==================================================
[*] STARTING NEW DOMAIN: https://deb130670.dhakaeducationboard.gov.bd
==================================================
[+] Domain exhausted. Finishing up: https://deb130670.dhakaeducationboard.gov.bd
==================================================
[*] STARTING NEW DOMAIN: https://totthoapa.bhandaria.pirojpur.gov.bd
==================================================
[+] Domain exhausted. Finishing up: https://totthoapa.bhandaria.pirojpur.gov.bd
==================================================
[*] STARTING NEW DOMAIN: https://dls.birol.dinajpur.gov.bd
==================================================
[+] Domain exhausted. Finishing up: https://dls.birol.dinajpur.gov.bd
==================================================
[*] STARTING NEW DOMAIN: https://deb114480.dhakaeducationboard.gov.bd
==================================================
[+] Domain exhausted. Finishing up: https://deb114480.dhakaeducationboard.gov.bd
==================================================
[*] STARTING NEW DOMAIN: https://dhkdiv.pmgcc.bdpost.gov.bd
==================================================
[+] Domain exhausted. Finishing up: https://dhkdiv.pmgcc.bdpost.gov.bd
==================================================
[*] STARTING NEW DOMAIN: https://brdb.sarishabari.jamalpur.gov.bd
==================================================
[+] Domain exhausted. Finishing up: https://brdb.sarishabari.jamalpur.gov.bd
==================================================
[*] STARTING NEW DOMAIN: https://lged.palash.narsingdi.gov.bd
==================================================
[+] Domain exhausted. Finishing up: https://lged.palash.narsingdi.gov.bd
==================================================
[*] STARTING NEW DOMAIN: https://dls.charbhadrasan.faridpur.gov.bd
==================================================
[+] Domain exhausted. Finishing up: https://dls.charbhadrasan.faridpur.gov.bd
==================================================
[*] STARTING NEW DOMAIN: https://bwdb.rajbari.gov.bd
==================================================
[+] Domain exhausted. Finishing up: https://bwdb.rajbari.gov.bd
==================================================
[*] STARTING NEW DOMAIN: https://deb114479.dhakaeducationboard.gov.bd
==================================================
[+] Domain exhausted. Finishing up: https://deb114479.dhakaeducationboard.gov.bd
==================================================
[*] STARTING NEW DOMAIN: https://deo.chapainawabganj.gov.bd
==================================================
[+] Domain exhausted. Finishing up: https://deo.chapainawabganj.gov.bd
==================================================
[*] STARTING NEW DOMAIN: https://bfsa.narsingdi.gov.bd
==================================================
[+] Domain exhausted. Finishing up: https://bfsa.narsingdi.gov.bd
==================================================
[*] STARTING NEW DOMAIN: https://mail.pocl.gov.bd
==================================================
[+] Domain exhausted. Finishing up: https://mail.pocl.gov.bd
==================================================
[*] STARTING NEW DOMAIN: https://deb137459.dhakaeducationboard.gov.bd
==================================================
[+] Domain exhausted. Finishing up: https://deb137459.dhakaeducationboard.gov.bd
==================================================
[*] STARTING NEW DOMAIN: https://srdi.rangamati.gov.bd
==================================================
[+] Domain exhausted. Finishing up: https://srdi.rangamati.gov.bd
==================================================
[*] STARTING NEW DOMAIN: https://kalarhatsecondaryschool.jessoreboard.gov.bd
==================================================
[+] Domain exhausted. Finishing up: https://kalarhatsecondaryschool.jessoreboard.gov.bd
==================================================
[*] STARTING NEW DOMAIN: https://deb134201.dhakaeducationboard.gov.bd
==================================================
[+] Domain exhausted. Finishing up: https://deb134201.dhakaeducationboard.gov.bd
==================================================
[*] STARTING NEW DOMAIN: https://jaterjanakbangabandhusheikmujibmemorialcollege.jessoreboard.gov.bd
==================================================
[+] Domain exhausted. Finishing up: https://jaterjanakbangabandhusheikmujibmemorialcollege.jessoreboard.gov.bd
==================================================
[*] STARTING NEW DOMAIN: https://lgedreg.rangpur.gov.bd
==================================================
[+] Domain exhausted. Finishing up: https://lgedreg.rangpur.gov.bd
==================================================
[*] STARTING NEW DOMAIN: https://karamdikallyanpurgirlshighschool.jessoreboard.gov.bd
==================================================
[+] Domain exhausted. Finishing up: https://karamdikallyanpurgirlshighschool.jessoreboard.gov.bd
==================================================
[*] STARTING NEW DOMAIN: https://tscbatiaghata.khulna.gov.bd
==================================================
[+] Domain exhausted. Finishing up: https://tscbatiaghata.khulna.gov.bd
==================================================
[*] STARTING NEW DOMAIN: https://deb112345.dhakaeducationboard.gov.bd
==================================================
[+] Domain exhausted. Finishing up: https://deb112345.dhakaeducationboard.gov.bd
==================================================
[*] STARTING NEW DOMAIN: https://deb130855.dhakaeducationboard.gov.bd
==================================================
[+] Domain exhausted. Finishing up: https://deb130855.dhakaeducationboard.gov.bd
==================================================
[*] STARTING NEW DOMAIN: https://mohadebpuradarshajuniorschool.jessoreboard.gov.bd
==================================================
[+] Domain exhausted. Finishing up: https://mohadebpuradarshajuniorschool.jessoreboard.gov.bd
==================================================
[*] STARTING NEW DOMAIN: https://dss.thakurgaonsadar.thakurgaon.gov.bd
==================================================
[+] Domain exhausted. Finishing up: https://dss.thakurgaonsadar.thakurgaon.gov.bd
==================================================
[*] STARTING NEW DOMAIN: https://kgh.dhaka.gov.bd
==================================================
[+] Domain exhausted. Finishing up: https://kgh.dhaka.gov.bd
==================================================
[*] STARTING NEW DOMAIN: https://deb138800.dhakaeducationboard.gov.bd
==================================================
[+] Domain exhausted. Finishing up: https://deb138800.dhakaeducationboard.gov.bd
==================================================
[*] STARTING NEW DOMAIN: https://bathkashihighschool.jessoreboard.gov.bd
==================================================
[+] Domain exhausted. Finishing up: https://bathkashihighschool.jessoreboard.gov.bd
==================================================
[*] STARTING NEW DOMAIN: https://kumarkhalisecondarygirlsschool.jessoreboard.gov.bd
==================================================
[+] Domain exhausted. Finishing up: https://kumarkhalisecondarygirlsschool.jessoreboard.gov.bd
==================================================
[*] STARTING NEW DOMAIN: https://deb134506.dhakaeducationboard.gov.bd
==================================================
[+] Domain exhausted. Finishing up: https://deb134506.dhakaeducationboard.gov.bd
==================================================
[*] STARTING NEW DOMAIN: https://prison.kurigram.gov.bd
==================================================
[+] Domain exhausted. Finishing up: https://prison.kurigram.gov.bd
==================================================
[*] STARTING NEW DOMAIN: https://kansatup.chapainawabganj.gov.bd
==================================================
[+] Domain exhausted. Finishing up: https://kansatup.chapainawabganj.gov.bd
==================================================
[*] STARTING NEW DOMAIN: https://rd.gov.bd
==================================================
[+] Domain exhausted. Finishing up: https://rd.gov.bd
==================================================
[*] STARTING NEW DOMAIN: https://munsiganjacademy.jessoreboard.gov.bd
==================================================
[+] Domain exhausted. Finishing up: https://munsiganjacademy.jessoreboard.gov.bd
==================================================
[*] STARTING NEW DOMAIN: https://police.sadar.khagrachhari.gov.bd
==================================================
[+] Domain exhausted. Finishing up: https://police.sadar.khagrachhari.gov.bd
==================================================
[*] STARTING NEW DOMAIN: https://pti.chittagong.gov.bd
==================================================
[+] Domain exhausted. Finishing up: https://pti.chittagong.gov.bd
==================================================
[*] STARTING NEW DOMAIN: https://ramnaup.kurigram.gov.bd
==================================================
[+] Domain exhausted. Finishing up: https://ramnaup.kurigram.gov.bd
==================================================
[*] STARTING NEW DOMAIN: https://dss.dharmapasha.sunamganj.gov.bd
==================================================
[+] Domain exhausted. Finishing up: https://dss.dharmapasha.sunamganj.gov.bd
==================================================
[*] STARTING NEW DOMAIN: https://deb113792.dhakaeducationboard.gov.bd
==================================================
[+] Domain exhausted. Finishing up: https://deb113792.dhakaeducationboard.gov.bd
==================================================
[*] STARTING NEW DOMAIN: https://totthoapa.chapainawabganjsadar.chapainawabganj.gov.bd
==================================================
[+] Domain exhausted. Finishing up: https://totthoapa.chapainawabganjsadar.chapainawabganj.gov.bd
==================================================
[*] STARTING NEW DOMAIN: https://dphe.nawabganj.dhaka.gov.bd
==================================================
[+] Domain exhausted. Finishing up: https://dphe.nawabganj.dhaka.gov.bd
==================================================
[*] STARTING NEW DOMAIN: https://deb113080.dhakaeducationboard.gov.bd
==================================================
[+] Domain exhausted. Finishing up: https://deb113080.dhakaeducationboard.gov.bd
==================================================
[*] STARTING NEW DOMAIN: https://deb136552.dhakaeducationboard.gov.bd
==================================================
[+] Domain exhausted. Finishing up: https://deb136552.dhakaeducationboard.gov.bd
==================================================
[*] STARTING NEW DOMAIN: https://bbs.barlekha.moulvibazar.gov.bd
==================================================
[+] Domain exhausted. Finishing up: https://bbs.barlekha.moulvibazar.gov.bd
==================================================
[*] STARTING NEW DOMAIN: https://municipility.borhanuddin.bhola.gov.bd
==================================================
[+] Domain exhausted. Finishing up: https://municipility.borhanuddin.bhola.gov.bd
==================================================
[*] STARTING NEW DOMAIN: https://rmsv.pmgcc.bdpost.gov.bd
==================================================
[+] Domain exhausted. Finishing up: https://rmsv.pmgcc.bdpost.gov.bd
==================================================
[*] STARTING NEW DOMAIN: https://etl.gov.bd
==================================================
[+] Domain exhausted. Finishing up: https://etl.gov.bd
==================================================
[*] STARTING NEW DOMAIN: https://deb112382.dhakaeducationboard.gov.bd
==================================================
[+] Domain exhausted. Finishing up: https://deb112382.dhakaeducationboard.gov.bd
==================================================
[*] STARTING NEW DOMAIN: https://kalukhalimadhupursecondaryschool.jessoreboard.gov.bd
==================================================
[+] Domain exhausted. Finishing up: https://kalukhalimadhupursecondaryschool.jessoreboard.gov.bd
==================================================
[*] STARTING NEW DOMAIN: https://deb139324.dhakaeducationboard.gov.bd
==================================================
[+] Domain exhausted. Finishing up: https://deb139324.dhakaeducationboard.gov.bd
==================================================
[*] STARTING NEW DOMAIN: https://dss.fultola.khulna.gov.bd
==================================================
[+] Domain exhausted. Finishing up: https://dss.fultola.khulna.gov.bd
==================================================
[*] STARTING NEW DOMAIN: https://deb114151.dhakaeducationboard.gov.bd
==================================================
[+] Domain exhausted. Finishing up: https://deb114151.dhakaeducationboard.gov.bd
==================================================
[*] STARTING NEW DOMAIN: https://deb138723.dhakaeducationboard.gov.bd
==================================================
[+] Domain exhausted. Finishing up: https://deb138723.dhakaeducationboard.gov.bd
==================================================
[*] STARTING NEW DOMAIN: https://dwa.magurasadar.magura.gov.bd
==================================================
[+] Domain exhausted. Finishing up: https://dwa.magurasadar.magura.gov.bd
==================================================
[*] STARTING NEW DOMAIN: https://deb113505.dhakaeducationboard.gov.bd
==================================================
[+] Domain exhausted. Finishing up: https://deb113505.dhakaeducationboard.gov.bd
==================================================
[*] STARTING NEW DOMAIN: https://deb137937.dhakaeducationboard.gov.bd
==================================================
[+] Domain exhausted. Finishing up: https://deb137937.dhakaeducationboard.gov.bd
==================================================
[*] STARTING NEW DOMAIN: https://dss.sadar.khagrachhari.gov.bd
==================================================
[+] Domain exhausted. Finishing up: https://dss.sadar.khagrachhari.gov.bd
==================================================
[*] STARTING NEW DOMAIN: https://mmhighersecondaryschool.jessoreboard.gov.bd
==================================================
[+] Domain exhausted. Finishing up: https://mmhighersecondaryschool.jessoreboard.gov.bd
==================================================
[*] STARTING NEW DOMAIN: https://sutarparaup.kishoreganj.gov.bd
==================================================
[+] Domain exhausted. Finishing up: https://sutarparaup.kishoreganj.gov.bd
==================================================
[*] STARTING NEW DOMAIN: https://dsscms.gov.bd
==================================================
[+] Domain exhausted. Finishing up: https://dsscms.gov.bd
==================================================
[*] STARTING NEW DOMAIN: https://dls.bhandaria.pirojpur.gov.bd
==================================================
[+] Domain exhausted. Finishing up: https://dls.bhandaria.pirojpur.gov.bd
==================================================
[*] STARTING NEW DOMAIN: https://eed.kasba.brahmanbaria.gov.bd
==================================================
[+] Domain exhausted. Finishing up: https://eed.kasba.brahmanbaria.gov.bd
==================================================
[*] STARTING NEW DOMAIN: https://dls.sadar.bogra.gov.bd
==================================================
[+] Domain exhausted. Finishing up: https://dls.sadar.bogra.gov.bd
==================================================
[*] STARTING NEW DOMAIN: https://bscic.pirojpur.gov.bd
==================================================
[+] Domain exhausted. Finishing up: https://bscic.pirojpur.gov.bd
==================================================
[*] STARTING NEW DOMAIN: https://bbs.shajahanpur.bogra.gov.bd
==================================================
[+] Domain exhausted. Finishing up: https://bbs.shajahanpur.bogra.gov.bd
==================================================
[*] STARTING NEW DOMAIN: https://fenipaurashava.gov.bd
==================================================
[+] Domain exhausted. Finishing up: https://fenipaurashava.gov.bd
==================================================
[*] STARTING NEW DOMAIN: https://erajshahi.portal.gov.bd
==================================================
[+] Domain exhausted. Finishing up: https://erajshahi.portal.gov.bd
==================================================
[*] STARTING NEW DOMAIN: http://dao.boda.panchagarh.gov.bd
==================================================
[+] Domain exhausted. Finishing up: http://dao.boda.panchagarh.gov.bd
==================================================
[*] STARTING NEW DOMAIN: http://bbghsgirlssecondaryschool.jessoreboard.gov.bd
==================================================
[+] Domain exhausted. Finishing up: http://bbghsgirlssecondaryschool.jessoreboard.gov.bd
==================================================
[*] STARTING NEW DOMAIN: https://youth.jagannathpur.sunamganj.gov.bd
==================================================
[+] Domain exhausted. Finishing up: https://youth.jagannathpur.sunamganj.gov.bd
==================================================
[*] STARTING NEW DOMAIN: https://verification.bmab.gov.bd
==================================================
[+] Domain exhausted. Finishing up: https://verification.bmab.gov.bd
==================================================
[*] STARTING NEW DOMAIN: https://wzpdcl2.barisal.gov.bd
==================================================
[+] Domain exhausted. Finishing up: https://wzpdcl2.barisal.gov.bd
==================================================
[*] STARTING NEW DOMAIN: https://urc.koyra.khulna.gov.bd
==================================================
[+] Domain exhausted. Finishing up: https://urc.koyra.khulna.gov.bd
==================================================
[*] STARTING NEW DOMAIN: https://urc.damudya.shariatpur.gov.bd
==================================================
[+] Domain exhausted. Finishing up: https://urc.damudya.shariatpur.gov.bd
==================================================
[*] STARTING NEW DOMAIN: https://sports.rajbari.gov.bd
==================================================
[+] Domain exhausted. Finishing up: https://sports.rajbari.gov.bd
==================================================
[*] STARTING NEW DOMAIN: http://acl.shariakandi.bogra.gov.bd
==================================================
[+] Domain exhausted. Finishing up: http://acl.shariakandi.bogra.gov.bd
==================================================
[*] STARTING NEW DOMAIN: https://wewb.gov.bd
==================================================
[+] Domain exhausted. Finishing up: https://wewb.gov.bd
==================================================
[*] STARTING NEW DOMAIN: https://vainaup.pabna.gov.bd
==================================================
[+] Domain exhausted. Finishing up: https://vainaup.pabna.gov.bd
==================================================
[*] STARTING NEW DOMAIN: https://ytc.natore.gov.bd
==================================================
[+] Domain exhausted. Finishing up: https://ytc.natore.gov.bd
==================================================
[*] STARTING NEW DOMAIN: https://youth.dinajpur.gov.bd
==================================================
[+] Domain exhausted. Finishing up: https://youth.dinajpur.gov.bd
==================================================
[*] STARTING NEW DOMAIN: http://bfis.bforest.gov.bd
==================================================
[+] Domain exhausted. Finishing up: http://bfis.bforest.gov.bd
==================================================
[*] STARTING NEW DOMAIN: https://hss.rangpur.gov.bd
==================================================
[+] Domain exhausted. Finishing up: https://hss.rangpur.gov.bd
==================================================
[*] STARTING NEW DOMAIN: https://minajpursecondaryschool.jessoreboard.gov.bd
==================================================
[+] Domain exhausted. Finishing up: https://minajpursecondaryschool.jessoreboard.gov.bd
==================================================
[*] STARTING NEW DOMAIN: https://food.bogra.gov.bd
==================================================
[+] Domain exhausted. Finishing up: https://food.bogra.gov.bd
==================================================
[*] STARTING NEW DOMAIN: https://khalilnagarunionsecondaryschool.jessoreboard.gov.bd
==================================================
[+] Domain exhausted. Finishing up: https://khalilnagarunionsecondaryschool.jessoreboard.gov.bd
==================================================
[*] STARTING NEW DOMAIN: https://pbs.mymensingh.gov.bd
==================================================
[+] Domain exhausted. Finishing up: https://pbs.mymensingh.gov.bd
==================================================
[*] STARTING NEW DOMAIN: https://fisheries.madhabpur.habiganj.gov.bd
==================================================
[+] Domain exhausted. Finishing up: https://fisheries.madhabpur.habiganj.gov.bd
==================================================
[*] STARTING NEW DOMAIN: https://icb.gov.bd
==================================================
[+] Domain exhausted. Finishing up: https://icb.gov.bd
==================================================
[*] STARTING NEW DOMAIN: https://narayanpursecondaryschool.jessoreboard.gov.bd
==================================================
[+] Domain exhausted. Finishing up: https://narayanpursecondaryschool.jessoreboard.gov.bd
==================================================
[*] STARTING NEW DOMAIN: https://dwa.gangachara.rangpur.gov.bd
==================================================
[+] Domain exhausted. Finishing up: https://dwa.gangachara.rangpur.gov.bd
==================================================
[*] STARTING NEW DOMAIN: https://godaipurup.khulna.gov.bd
==================================================
[+] Domain exhausted. Finishing up: https://godaipurup.khulna.gov.bd
==================================================
[*] STARTING NEW DOMAIN: https://mail.bgb.gov.bd
==================================================
[+] Domain exhausted. Finishing up: https://mail.bgb.gov.bd
==================================================
[*] STARTING NEW DOMAIN: https://pdbf.tangailsadar.tangail.gov.bd
==================================================
[+] Domain exhausted. Finishing up: https://pdbf.tangailsadar.tangail.gov.bd
==================================================
[*] STARTING NEW DOMAIN: https://gouripurup.pirojpur.gov.bd
==================================================
[+] Domain exhausted. Finishing up: https://gouripurup.pirojpur.gov.bd
==================================================
[*] STARTING NEW DOMAIN: https://maharazpurup.jhenaidah.gov.bd
==================================================
[+] Domain exhausted. Finishing up: https://maharazpurup.jhenaidah.gov.bd
==================================================
[*] STARTING NEW DOMAIN: https://pio.sonargaon.narayanganj.gov.bd
==================================================
[+] Domain exhausted. Finishing up: https://pio.sonargaon.narayanganj.gov.bd
==================================================
[*] STARTING NEW DOMAIN: https://food.barisal.gov.bd
==================================================
[+] Domain exhausted. Finishing up: https://food.barisal.gov.bd
==================================================
[*] STARTING NEW DOMAIN: https://joypurtaranagarhighschool.jessoreboard.gov.bd
==================================================
[+] Domain exhausted. Finishing up: https://joypurtaranagarhighschool.jessoreboard.gov.bd
==================================================
[*] STARTING NEW DOMAIN: https://pallisreesecondaryschool.jessoreboard.gov.bd
==================================================
[+] Domain exhausted. Finishing up: https://pallisreesecondaryschool.jessoreboard.gov.bd
==================================================
[*] STARTING NEW DOMAIN: https://food.sadar.bandarban.gov.bd
==================================================
[+] Domain exhausted. Finishing up: https://food.sadar.bandarban.gov.bd
==================================================
[*] STARTING NEW DOMAIN: https://gnct.college.gov.bd
==================================================
[+] Domain exhausted. Finishing up: https://gnct.college.gov.bd
==================================================
[*] STARTING NEW DOMAIN: https://lged.mymensingh.gov.bd
==================================================
[+] Domain exhausted. Finishing up: https://lged.mymensingh.gov.bd
==================================================
[*] STARTING NEW DOMAIN: https://pdbf.monohargonj.comilla.gov.bd
==================================================
[+] Domain exhausted. Finishing up: https://pdbf.monohargonj.comilla.gov.bd
==================================================
[*] STARTING NEW DOMAIN: https://jattrapurjuniorhighschool.jessoreboard.gov.bd
==================================================
[+] Domain exhausted. Finishing up: https://jattrapurjuniorhighschool.jessoreboard.gov.bd
==================================================
[*] STARTING NEW DOMAIN: https://nazrulnagarsecondarygirlsschool.jessoreboard.gov.bd
==================================================
[+] Domain exhausted. Finishing up: https://nazrulnagarsecondarygirlsschool.jessoreboard.gov.bd
==================================================
[*] STARTING NEW DOMAIN: https://police.kulaura.moulvibazar.gov.bd
==================================================
[+] Domain exhausted. Finishing up: https://police.kulaura.moulvibazar.gov.bd
==================================================
[*] STARTING NEW DOMAIN: https://hoglapatisecondaryschool.jessoreboard.gov.bd
==================================================
[+] Domain exhausted. Finishing up: https://hoglapatisecondaryschool.jessoreboard.gov.bd
==================================================
[*] STARTING NEW DOMAIN: https://mch.rangpur.gov.bd
==================================================
[+] Domain exhausted. Finishing up: https://mch.rangpur.gov.bd
==================================================
[*] STARTING NEW DOMAIN: https://pio.khoksa.kushtia.gov.bd
==================================================
[+] Domain exhausted. Finishing up: https://pio.khoksa.kushtia.gov.bd
==================================================
[*] STARTING NEW DOMAIN: https://fpo.rowangchhari.bandarban.gov.bd
==================================================
[+] Domain exhausted. Finishing up: https://fpo.rowangchhari.bandarban.gov.bd
==================================================
[*] STARTING NEW DOMAIN: https://mail.bmtti.gov.bd
==================================================
[+] Domain exhausted. Finishing up: https://mail.bmtti.gov.bd
==================================================
[*] STARTING NEW DOMAIN: https://pio.nasirnagar.brahmanbaria.gov.bd
==================================================
[+] Domain exhausted. Finishing up: https://pio.nasirnagar.brahmanbaria.gov.bd
==================================================
[*] STARTING NEW DOMAIN: https://asu.porsha.naogaon.gov.bd
==================================================
[+] Domain exhausted. Finishing up: https://asu.porsha.naogaon.gov.bd
==================================================
[*] STARTING NEW DOMAIN: https://acl.domar.nilphamari.gov.bd
==================================================
[+] Domain exhausted. Finishing up: https://acl.domar.nilphamari.gov.bd
==================================================
[*] STARTING NEW DOMAIN: https://mizanagarup.feni.gov.bd
==================================================
[+] Domain exhausted. Finishing up: https://mizanagarup.feni.gov.bd
==================================================
[*] STARTING NEW DOMAIN: https://police.habiganj.gov.bd
==================================================
[+] Domain exhausted. Finishing up: https://police.habiganj.gov.bd
==================================================
[*] STARTING NEW DOMAIN: https://hcdawanhat.chittagong.gov.bd
==================================================
[+] Domain exhausted. Finishing up: https://hcdawanhat.chittagong.gov.bd
==================================================
[*] STARTING NEW DOMAIN: https://lged.rajbari.gov.bd
==================================================
[+] Domain exhausted. Finishing up: https://lged.rajbari.gov.bd
==================================================
[*] STARTING NEW DOMAIN: https://peoplesjutemillssecondaryschool.jessoreboard.gov.bd
==================================================
[+] Domain exhausted. Finishing up: https://peoplesjutemillssecondaryschool.jessoreboard.gov.bd
==================================================
[*] STARTING NEW DOMAIN: http://ottawa.mofa.gov.bd
==================================================
[+] Domain exhausted. Finishing up: http://ottawa.mofa.gov.bd
==================================================
[*] STARTING NEW DOMAIN: https://koyramadinabadsecondaryschool.jessoreboard.gov.bd
==================================================
[+] Domain exhausted. Finishing up: https://koyramadinabadsecondaryschool.jessoreboard.gov.bd
==================================================
[*] STARTING NEW DOMAIN: https://pdbf.rangpursadar.rangpur.gov.bd
==================================================
[+] Domain exhausted. Finishing up: https://pdbf.rangpursadar.rangpur.gov.bd
==================================================
[*] STARTING NEW DOMAIN: https://food.nangalkot.comilla.gov.bd
==================================================
[+] Domain exhausted. Finishing up: https://food.nangalkot.comilla.gov.bd
==================================================
[*] STARTING NEW DOMAIN: https://jms.gobindaganj.gaibandha.gov.bd
==================================================
[+] Domain exhausted. Finishing up: https://jms.gobindaganj.gaibandha.gov.bd
==================================================
[*] STARTING NEW DOMAIN: https://naragaticollege.jessoreboard.gov.bd
==================================================
[+] Domain exhausted. Finishing up: https://naragaticollege.jessoreboard.gov.bd
==================================================
[*] STARTING NEW DOMAIN: https://food.sadar.rajbari.gov.bd
==================================================
[+] Domain exhausted. Finishing up: https://food.sadar.rajbari.gov.bd
==================================================
[*] STARTING NEW DOMAIN: https://info.rangamati.gov.bd
==================================================
[+] Domain exhausted. Finishing up: https://info.rangamati.gov.bd
==================================================
[*] STARTING NEW DOMAIN: https://namejsardarsecondaryschool.jessoreboard.gov.bd
==================================================
[+] Domain exhausted. Finishing up: https://namejsardarsecondaryschool.jessoreboard.gov.bd
==================================================
[*] STARTING NEW DOMAIN: https://fisheries.santhia.pabna.gov.bd
==================================================
[+] Domain exhausted. Finishing up: https://fisheries.santhia.pabna.gov.bd
==================================================
[*] STARTING NEW DOMAIN: https://gis.lged.gov.bd
==================================================
[+] Domain exhausted. Finishing up: https://gis.lged.gov.bd
==================================================
[*] STARTING NEW DOMAIN: https://mail.dpe.gov.bd
==================================================
[+] Domain exhausted. Finishing up: https://mail.dpe.gov.bd
==================================================
[*] STARTING NEW DOMAIN: https://police.lohagara.chittagong.gov.bd
==================================================
[+] Domain exhausted. Finishing up: https://police.lohagara.chittagong.gov.bd
==================================================
[*] STARTING NEW DOMAIN: https://bhbfc.gov.bd
==================================================
[+] Domain exhausted. Finishing up: https://bhbfc.gov.bd
==================================================
[*] STARTING NEW DOMAIN: https://lwc.tejgaoncircle.dhaka.gov.bd
==================================================
[+] Domain exhausted. Finishing up: https://lwc.tejgaoncircle.dhaka.gov.bd
==================================================
[*] STARTING NEW DOMAIN: https://pirgachaup.rangpur.gov.bd
==================================================
[+] Domain exhausted. Finishing up: https://pirgachaup.rangpur.gov.bd
==================================================
[*] STARTING NEW DOMAIN: https://fpo.matlabsouth.chandpur.gov.bd
==================================================
[+] Domain exhausted. Finishing up: https://fpo.matlabsouth.chandpur.gov.bd
==================================================
[*] STARTING NEW DOMAIN: https://madhuhatihighschool.jessoreboard.gov.bd
==================================================
[+] Domain exhausted. Finishing up: https://madhuhatihighschool.jessoreboard.gov.bd
==================================================
[*] STARTING NEW DOMAIN: https://badc.dhaka.gov.bd
==================================================
[+] Domain exhausted. Finishing up: https://badc.dhaka.gov.bd
==================================================
[*] STARTING NEW DOMAIN: https://food.sirajdikhan.munshiganj.gov.bd
==================================================
[+] Domain exhausted. Finishing up: https://food.sirajdikhan.munshiganj.gov.bd
==================================================
[*] STARTING NEW DOMAIN: https://kaliganjmucollege.jessoreboard.gov.bd
==================================================
[+] Domain exhausted. Finishing up: https://kaliganjmucollege.jessoreboard.gov.bd
==================================================
[*] STARTING NEW DOMAIN: https://nishchintapurup.sirajganj.gov.bd
==================================================
[+] Domain exhausted. Finishing up: https://nishchintapurup.sirajganj.gov.bd
==================================================
[*] STARTING NEW DOMAIN: https://fisheries.ranisankail.thakurgaon.gov.bd
==================================================
[+] Domain exhausted. Finishing up: https://fisheries.ranisankail.thakurgaon.gov.bd
==================================================
[*] STARTING NEW DOMAIN: https://hfwc.panchagarhsadar.panchagarh.gov.bd
==================================================
[+] Domain exhausted. Finishing up: https://hfwc.panchagarhsadar.panchagarh.gov.bd
==================================================
[*] STARTING NEW DOMAIN: https://noutaraup.nilphamari.gov.bd
==================================================
[+] Domain exhausted. Finishing up: https://noutaraup.nilphamari.gov.bd
==================================================
[*] STARTING NEW DOMAIN: https://pozip.gabtali.bogra.gov.bd
==================================================
[+] Domain exhausted. Finishing up: https://pozip.gabtali.bogra.gov.bd
==================================================
[*] STARTING NEW DOMAIN: https://hrwt.rajshahidiv.gov.bd
==================================================
[+] Domain exhausted. Finishing up: https://hrwt.rajshahidiv.gov.bd
==================================================
[*] STARTING NEW DOMAIN: https://mikshimilsecondarygirlsschool.jessoreboard.gov.bd
==================================================
[+] Domain exhausted. Finishing up: https://mikshimilsecondarygirlsschool.jessoreboard.gov.bd
==================================================
[*] STARTING NEW DOMAIN: https://police.daulatpur.manikganj.gov.bd
==================================================
[+] Domain exhausted. Finishing up: https://police.daulatpur.manikganj.gov.bd
==================================================
[*] STARTING NEW DOMAIN: https://icb.portal.gov.bd
==================================================
[+] Domain exhausted. Finishing up: https://icb.portal.gov.bd
==================================================
[*] STARTING NEW DOMAIN: https://ntmc.gov.bd
==================================================
[+] Domain exhausted. Finishing up: https://ntmc.gov.bd
==================================================
[*] STARTING NEW DOMAIN: https://post.charfesson.bhola.gov.bd
==================================================
[+] Domain exhausted. Finishing up: https://post.charfesson.bhola.gov.bd
==================================================
[*] STARTING NEW DOMAIN: https://fsmf.rangpursadar.rangpur.gov.bd
==================================================
[+] Domain exhausted. Finishing up: https://fsmf.rangpursadar.rangpur.gov.bd
==================================================
[*] STARTING NEW DOMAIN: https://lged.boalmari.faridpur.gov.bd
==================================================
[+] Domain exhausted. Finishing up: https://lged.boalmari.faridpur.gov.bd
==================================================
[*] STARTING NEW DOMAIN: https://police.bijoynagar.brahmanbaria.gov.bd
==================================================
[+] Domain exhausted. Finishing up: https://police.bijoynagar.brahmanbaria.gov.bd
==================================================
[*] STARTING NEW DOMAIN: https://ims.ictd.gov.bd
==================================================
[+] Domain exhausted. Finishing up: https://ims.ictd.gov.bd
==================================================
[*] STARTING NEW DOMAIN: https://naldiup.narail.gov.bd
==================================================
[+] Domain exhausted. Finishing up: https://naldiup.narail.gov.bd
==================================================
[*] STARTING NEW DOMAIN: https://fpo.raozan.chittagong.gov.bd
==================================================
[+] Domain exhausted. Finishing up: https://fpo.raozan.chittagong.gov.bd
==================================================
[*] STARTING NEW DOMAIN: https://lalmohanup.bhola.gov.bd
==================================================
[+] Domain exhausted. Finishing up: https://lalmohanup.bhola.gov.bd
==================================================
[*] STARTING NEW DOMAIN: https://pbs1.bakerganj.barisal.gov.bd
==================================================
[+] Domain exhausted. Finishing up: https://pbs1.bakerganj.barisal.gov.bd
==================================================
[*] STARTING NEW DOMAIN: https://food.shibpur.narsingdi.gov.bd
==================================================
[+] Domain exhausted. Finishing up: https://food.shibpur.narsingdi.gov.bd
==================================================
[*] STARTING NEW DOMAIN: https://karimasecondaryschool.jessoreboard.gov.bd
==================================================
[+] Domain exhausted. Finishing up: https://karimasecondaryschool.jessoreboard.gov.bd
==================================================
[*] STARTING NEW DOMAIN: https://pbs.sylhetdiv.gov.bd
==================================================
[+] Domain exhausted. Finishing up: https://pbs.sylhetdiv.gov.bd
==================================================
[*] STARTING NEW DOMAIN: https://pozip.mohonpur.rajshahi.gov.bd
==================================================
[+] Domain exhausted. Finishing up: https://pozip.mohonpur.rajshahi.gov.bd
==================================================
[*] STARTING NEW DOMAIN: https://hrwt.bagerhat.gov.bd
==================================================
[+] Domain exhausted. Finishing up: https://hrwt.bagerhat.gov.bd
==================================================
[*] STARTING NEW DOMAIN: https://meghna.comilla.gov.bd
==================================================
[+] Domain exhausted. Finishing up: https://meghna.comilla.gov.bd
==================================================
[*] STARTING NEW DOMAIN: https://pio.ulipur.kurigram.gov.bd
==================================================
[+] Domain exhausted. Finishing up: https://pio.ulipur.kurigram.gov.bd
==================================================
[*] STARTING NEW DOMAIN: https://fpo.golapganj.sylhet.gov.bd
==================================================
[+] Domain exhausted. Finishing up: https://fpo.golapganj.sylhet.gov.bd
==================================================
[*] STARTING NEW DOMAIN: https://kalisongkorpurjuniorhighschool.jessoreboard.gov.bd
==================================================
[+] Domain exhausted. Finishing up: https://kalisongkorpurjuniorhighschool.jessoreboard.gov.bd
==================================================
[*] STARTING NEW DOMAIN: https://post.delduar.tangail.gov.bd
==================================================
[+] Domain exhausted. Finishing up: https://post.delduar.tangail.gov.bd
==================================================
[*] STARTING NEW DOMAIN: https://youth.gomostapur.chapainawabganj.gov.bd
==================================================
[+] Domain exhausted. Finishing up: https://youth.gomostapur.chapainawabganj.gov.bd
==================================================
[*] STARTING NEW DOMAIN: https://youth.kulaura.moulvibazar.gov.bd
==================================================
[+] Domain exhausted. Finishing up: https://youth.kulaura.moulvibazar.gov.bd
==================================================
[*] STARTING NEW DOMAIN: https://youth.gaibandha.gov.bd
==================================================
[+] Domain exhausted. Finishing up: https://youth.gaibandha.gov.bd
==================================================
[*] STARTING NEW DOMAIN: https://zplalmonirhat.gov.bd
==================================================
[+] Domain exhausted. Finishing up: https://zplalmonirhat.gov.bd
==================================================
[*] STARTING NEW DOMAIN: https://zso.shibganj.bogra.gov.bd
==================================================
[+] Domain exhausted. Finishing up: https://zso.shibganj.bogra.gov.bd
==================================================
[*] STARTING NEW DOMAIN: https://youth.parshuram.feni.gov.bd
==================================================
[+] Domain exhausted. Finishing up: https://youth.parshuram.feni.gov.bd
==================================================
[*] STARTING NEW DOMAIN: https://youth.gopalganj.gov.bd
==================================================
[+] Domain exhausted. Finishing up: https://youth.gopalganj.gov.bd
==================================================
[*] STARTING NEW DOMAIN: https://youth.banshkhali.chittagong.gov.bd
==================================================
[+] Domain exhausted. Finishing up: https://youth.banshkhali.chittagong.gov.bd
==================================================
[*] STARTING NEW DOMAIN: http://bkhsecondaryschool.jessoreboard.gov.bd
==================================================
[+] Domain exhausted. Finishing up: http://bkhsecondaryschool.jessoreboard.gov.bd
==================================================
[*] STARTING NEW DOMAIN: http://case.rdcd.gov.bd
==================================================
[+] Domain exhausted. Finishing up: http://case.rdcd.gov.bd
==================================================
[*] STARTING NEW DOMAIN: https://sr.chirirbandar.dinajpur.gov.bd
==================================================
[+] Domain exhausted. Finishing up: https://sr.chirirbandar.dinajpur.gov.bd
==================================================
[*] STARTING NEW DOMAIN: https://tax.rajshahi.gov.bd
==================================================
[+] Domain exhausted. Finishing up: https://tax.rajshahi.gov.bd
==================================================
[*] STARTING NEW DOMAIN: https://pttc.pirojpur.gov.bd
==================================================
[+] Domain exhausted. Finishing up: https://pttc.pirojpur.gov.bd
==================================================
[*] STARTING NEW DOMAIN: https://satbariaup.pabna.gov.bd
==================================================
[+] Domain exhausted. Finishing up: https://satbariaup.pabna.gov.bd
==================================================
[*] STARTING NEW DOMAIN: https://ttc.narail.gov.bd
==================================================
[+] Domain exhausted. Finishing up: https://ttc.narail.gov.bd
==================================================
[*] STARTING NEW DOMAIN: https://sirajulislamjoardermodelnimnomaddhomikbiddaloy.jessoreboard.gov.bd
==================================================
[+] Domain exhausted. Finishing up: https://sirajulislamjoardermodelnimnomaddhomikbiddaloy.jessoreboard.gov.bd
==================================================
[*] STARTING NEW DOMAIN: https://uitrce.dhamrai.dhaka.gov.bd
==================================================
[+] Domain exhausted. Finishing up: https://uitrce.dhamrai.dhaka.gov.bd
==================================================
[*] STARTING NEW DOMAIN: https://tebariasherkandigirlsschool.jessoreboard.gov.bd
==================================================
[+] Domain exhausted. Finishing up: https://tebariasherkandigirlsschool.jessoreboard.gov.bd
==================================================
[*] STARTING NEW DOMAIN: https://uddipanbadarshamsubidhyaniketan.jessoreboard.gov.bd
==================================================
[+] Domain exhausted. Finishing up: https://uddipanbadarshamsubidhyaniketan.jessoreboard.gov.bd
==================================================
[*] STARTING NEW DOMAIN: https://sugarmills.jhenaidah.gov.bd
==================================================
[+] Domain exhausted. Finishing up: https://sugarmills.jhenaidah.gov.bd
==================================================
[*] STARTING NEW DOMAIN: https://sutalorieup.manikganj.gov.bd
==================================================
[+] Domain exhausted. Finishing up: https://sutalorieup.manikganj.gov.bd
==================================================
[*] STARTING NEW DOMAIN: https://ueo.moulvibazarsadar.moulvibazar.gov.bd
==================================================
[+] Domain exhausted. Finishing up: https://ueo.moulvibazarsadar.moulvibazar.gov.bd
==================================================
[*] STARTING NEW DOMAIN: https://shuvechchhapreparatoryschoolmagura.jessoreboard.gov.bd
==================================================
[+] Domain exhausted. Finishing up: https://shuvechchhapreparatoryschoolmagura.jessoreboard.gov.bd
==================================================
[*] STARTING NEW DOMAIN: https://sr.chhatak.sunamganj.gov.bd
==================================================
[+] Domain exhausted. Finishing up: https://sr.chhatak.sunamganj.gov.bd
==================================================
[*] STARTING NEW DOMAIN: https://sunamganj.gov.bd
==================================================
[+] Domain exhausted. Finishing up: https://sunamganj.gov.bd
==================================================
[*] STARTING NEW DOMAIN: https://soamol.patuakhali.gov.bd
==================================================
[+] Domain exhausted. Finishing up: https://soamol.patuakhali.gov.bd
==================================================
[*] STARTING NEW DOMAIN: https://totthoapa.sadar.bhola.gov.bd
==================================================
[+] Domain exhausted. Finishing up: https://totthoapa.sadar.bhola.gov.bd
==================================================
[*] STARTING NEW DOMAIN: https://tscdurgapur.netrokona.gov.bd
==================================================
[+] Domain exhausted. Finishing up: https://tscdurgapur.netrokona.gov.bd
==================================================
[*] STARTING NEW DOMAIN: https://pwd.munshiganj.gov.bd
==================================================
[+] Domain exhausted. Finishing up: https://pwd.munshiganj.gov.bd
==================================================
[*] STARTING NEW DOMAIN: https://ramu.coxsbazar.gov.bd
==================================================
[+] Domain exhausted. Finishing up: https://ramu.coxsbazar.gov.bd
==================================================
[*] STARTING NEW DOMAIN: https://raonarayanganj.krishibank.gov.bd
==================================================
[+] Domain exhausted. Finishing up: https://raonarayanganj.krishibank.gov.bd
==================================================
[*] STARTING NEW DOMAIN: https://netaung.parjatan.portal.gov.bd
==================================================
[+] Domain exhausted. Finishing up: https://netaung.parjatan.portal.gov.bd
==================================================
[*] STARTING NEW DOMAIN: https://morichpuranup.sherpur.gov.bd
==================================================
[+] Domain exhausted. Finishing up: https://morichpuranup.sherpur.gov.bd
==================================================
[*] STARTING NEW DOMAIN: https://moscow.mofa.gov.bd
==================================================
[+] Domain exhausted. Finishing up: https://moscow.mofa.gov.bd
==================================================
[*] STARTING NEW DOMAIN: https://rptisylhet.niport.gov.bd
==================================================
[+] Domain exhausted. Finishing up: https://rptisylhet.niport.gov.bd
==================================================
[*] STARTING NEW DOMAIN: https://mohadebpurup.manikganj.gov.bd
==================================================
[+] Domain exhausted. Finishing up: https://mohadebpurup.manikganj.gov.bd
==================================================
[*] STARTING NEW DOMAIN: https://health.dimla.nilphamari.gov.bd
==================================================
[+] Domain exhausted. Finishing up: https://health.dimla.nilphamari.gov.bd
==================================================
[*] STARTING NEW DOMAIN: https://acl.kalai.joypurhat.gov.bd
==================================================
[+] Domain exhausted. Finishing up: https://acl.kalai.joypurhat.gov.bd
==================================================
[*] STARTING NEW DOMAIN: https://saygaonup.shariatpur.gov.bd
==================================================
[+] Domain exhausted. Finishing up: https://saygaonup.shariatpur.gov.bd
==================================================
[*] STARTING NEW DOMAIN: https://dae.bancharampur.brahmanbaria.gov.bd
==================================================
[+] Domain exhausted. Finishing up: https://dae.bancharampur.brahmanbaria.gov.bd
==================================================
[*] STARTING NEW DOMAIN: https://seo.alamdanga.chuadanga.gov.bd
==================================================
[+] Domain exhausted. Finishing up: https://seo.alamdanga.chuadanga.gov.bd
==================================================
[*] STARTING NEW DOMAIN: https://bmda.gomostapur.chapainawabganj.gov.bd
==================================================
[+] Domain exhausted. Finishing up: https://bmda.gomostapur.chapainawabganj.gov.bd
==================================================
[*] STARTING NEW DOMAIN: https://cfhbfdc.chittagong.gov.bd
==================================================
[+] Domain exhausted. Finishing up: https://cfhbfdc.chittagong.gov.bd
==================================================
[*] STARTING NEW DOMAIN: https://ashrafpursecondaryschool.jessoreboard.gov.bd
==================================================
[+] Domain exhausted. Finishing up: https://ashrafpursecondaryschool.jessoreboard.gov.bd
==================================================
[*] STARTING NEW DOMAIN: https://bbs.jessore.gov.bd
==================================================
[+] Domain exhausted. Finishing up: https://bbs.jessore.gov.bd
==================================================
[*] STARTING NEW DOMAIN: https://bstsecondaryschool.jessoreboard.gov.bd
==================================================
[+] Domain exhausted. Finishing up: https://bstsecondaryschool.jessoreboard.gov.bd
==================================================
[*] STARTING NEW DOMAIN: https://seo.narsingdisadar.narsingdi.gov.bd
==================================================
[+] Domain exhausted. Finishing up: https://seo.narsingdisadar.narsingdi.gov.bd
==================================================
[*] STARTING NEW DOMAIN: https://deb109252.dhakaeducationboard.gov.bd
==================================================
[+] Domain exhausted. Finishing up: https://deb109252.dhakaeducationboard.gov.bd
==================================================
[*] STARTING NEW DOMAIN: https://nssbk.dhaka.gov.bd
==================================================
[+] Domain exhausted. Finishing up: https://nssbk.dhaka.gov.bd
==================================================
[*] STARTING NEW DOMAIN: https://deb133710.dhakaeducationboard.gov.bd
==================================================
[+] Domain exhausted. Finishing up: https://deb133710.dhakaeducationboard.gov.bd
==================================================
[*] STARTING NEW DOMAIN: https://seo.keshabpur.jessore.gov.bd
==================================================
[+] Domain exhausted. Finishing up: https://seo.keshabpur.jessore.gov.bd
==================================================
[*] STARTING NEW DOMAIN: https://deb109434.dhakaeducationboard.gov.bd
==================================================
[+] Domain exhausted. Finishing up: https://deb109434.dhakaeducationboard.gov.bd
==================================================
[*] STARTING NEW DOMAIN: https://btcl.matiranga.khagrachhari.gov.bd
==================================================
[+] Domain exhausted. Finishing up: https://btcl.matiranga.khagrachhari.gov.bd
==================================================
[*] STARTING NEW DOMAIN: https://ansarvdp.sundarganj.gaibandha.gov.bd
==================================================
[+] Domain exhausted. Finishing up: https://ansarvdp.sundarganj.gaibandha.gov.bd
==================================================
[*] STARTING NEW DOMAIN: https://bbs.nesarabad.pirojpur.gov.bd
==================================================
[+] Domain exhausted. Finishing up: https://bbs.nesarabad.pirojpur.gov.bd
==================================================
[*] STARTING NEW DOMAIN: https://ansarvdp.osmaninagar.sylhet.gov.bd
==================================================
[+] Domain exhausted. Finishing up: https://ansarvdp.osmaninagar.sylhet.gov.bd
==================================================
[*] STARTING NEW DOMAIN: https://ansarvdp.chirirbandar.dinajpur.gov.bd
==================================================
[+] Domain exhausted. Finishing up: https://ansarvdp.chirirbandar.dinajpur.gov.bd
==================================================
[*] STARTING NEW DOMAIN: https://dpe.bogra.gov.bd
==================================================
[+] Domain exhausted. Finishing up: https://dpe.bogra.gov.bd
==================================================
[*] STARTING NEW DOMAIN: https://shepower.portal.gov.bd
==================================================
[+] Domain exhausted. Finishing up: https://shepower.portal.gov.bd
==================================================
[*] STARTING NEW DOMAIN: https://baradalaftabuddincollegiateschool.jessoreboard.gov.bd
==================================================
[+] Domain exhausted. Finishing up: https://baradalaftabuddincollegiateschool.jessoreboard.gov.bd
==================================================
[*] STARTING NEW DOMAIN: http://chipataliup.chittagong.gov.bd
==================================================
[+] Domain exhausted. Finishing up: http://chipataliup.chittagong.gov.bd
==================================================
[*] STARTING NEW DOMAIN: https://dss.nandail.mymensingh.gov.bd
==================================================
[+] Domain exhausted. Finishing up: https://dss.nandail.mymensingh.gov.bd
==================================================
[*] STARTING NEW DOMAIN: https://burburiahighschool.jessoreboard.gov.bd
==================================================
[+] Domain exhausted. Finishing up: https://burburiahighschool.jessoreboard.gov.bd
==================================================
[*] STARTING NEW DOMAIN: https://deb109239.dhakaeducationboard.gov.bd
==================================================
[+] Domain exhausted. Finishing up: https://deb109239.dhakaeducationboard.gov.bd
==================================================
[*] STARTING NEW DOMAIN: https://bforest.portal.gov.bd
==================================================
[+] Domain exhausted. Finishing up: https://bforest.portal.gov.bd
==================================================
[*] STARTING NEW DOMAIN: https://seo.dhamoirhat.naogaon.gov.bd
==================================================
[+] Domain exhausted. Finishing up: https://seo.dhamoirhat.naogaon.gov.bd
==================================================
[*] STARTING NEW DOMAIN: https://ansarvdp.sreepur.gazipur.gov.bd
==================================================
[+] Domain exhausted. Finishing up: https://ansarvdp.sreepur.gazipur.gov.bd
==================================================
[*] STARTING NEW DOMAIN: https://brdb.parbatipur.dinajpur.gov.bd
==================================================
[+] Domain exhausted. Finishing up: https://brdb.parbatipur.dinajpur.gov.bd
==================================================
[*] STARTING NEW DOMAIN: https://bbs.chitalmari.bagerhat.gov.bd
==================================================
[+] Domain exhausted. Finishing up: https://bbs.chitalmari.bagerhat.gov.bd
==================================================
[*] STARTING NEW DOMAIN: https://ec.sadar.faridpur.gov.bd
==================================================
[+] Domain exhausted. Finishing up: https://ec.sadar.faridpur.gov.bd
==================================================
[*] STARTING NEW DOMAIN: https://bholahatup.chapainawabganj.gov.bd
==================================================
[+] Domain exhausted. Finishing up: https://bholahatup.chapainawabganj.gov.bd
==================================================
[*] STARTING NEW DOMAIN: https://brdb.saturia.manikganj.gov.bd
==================================================
[+] Domain exhausted. Finishing up: https://brdb.saturia.manikganj.gov.bd
==================================================
[*] STARTING NEW DOMAIN: http://pqs.beanibazar.sylhet.gov.bd
==================================================
[+] Domain exhausted. Finishing up: http://pqs.beanibazar.sylhet.gov.bd
==================================================
[*] STARTING NEW DOMAIN: https://asp.bera.pabna.gov.bd
==================================================
[+] Domain exhausted. Finishing up: https://asp.bera.pabna.gov.bd
==================================================
[*] STARTING NEW DOMAIN: https://deb109238.dhakaeducationboard.gov.bd
==================================================
[+] Domain exhausted. Finishing up: https://deb109238.dhakaeducationboard.gov.bd
==================================================
[*] STARTING NEW DOMAIN: https://abak.nangalkot.comilla.gov.bd
==================================================
[+] Domain exhausted. Finishing up: https://abak.nangalkot.comilla.gov.bd
==================================================
[*] STARTING NEW DOMAIN: https://ec.bauphal.patuakhali.gov.bd
==================================================
[+] Domain exhausted. Finishing up: https://ec.bauphal.patuakhali.gov.bd
==================================================
[*] STARTING NEW DOMAIN: https://ballabhdiup.faridpur.gov.bd
==================================================
[+] Domain exhausted. Finishing up: https://ballabhdiup.faridpur.gov.bd
==================================================
[*] STARTING NEW DOMAIN: http://sundalpursecondaryschool.jessoreboard.gov.bd
==================================================
[+] Domain exhausted. Finishing up: http://sundalpursecondaryschool.jessoreboard.gov.bd
==================================================
[*] STARTING NEW DOMAIN: https://barabhakoirpaschimup.habiganj.gov.bd
==================================================
[+] Domain exhausted. Finishing up: https://barabhakoirpaschimup.habiganj.gov.bd
==================================================
[*] STARTING NEW DOMAIN: https://shariatpurmunicipality.gov.bd
==================================================
[+] Domain exhausted. Finishing up: https://shariatpurmunicipality.gov.bd
==================================================
[*] STARTING NEW DOMAIN: https://raocumillasouth.krishibank.gov.bd
==================================================
[+] Domain exhausted. Finishing up: https://raocumillasouth.krishibank.gov.bd
==================================================
[*] STARTING NEW DOMAIN: https://deb109425.dhakaeducationboard.gov.bd
==================================================
[+] Domain exhausted. Finishing up: https://deb109425.dhakaeducationboard.gov.bd
==================================================
[*] STARTING NEW DOMAIN: https://brdb.rangpur.gov.bd
==================================================
[+] Domain exhausted. Finishing up: https://brdb.rangpur.gov.bd
==================================================
[*] STARTING NEW DOMAIN: https://eed.naldanga.natore.gov.bd
==================================================
[+] Domain exhausted. Finishing up: https://eed.naldanga.natore.gov.bd
==================================================
[*] STARTING NEW DOMAIN: https://ansarvdp.sadar.barguna.gov.bd
==================================================
[+] Domain exhausted. Finishing up: https://ansarvdp.sadar.barguna.gov.bd
==================================================
[*] STARTING NEW DOMAIN: https://deb134597.dhakaeducationboard.gov.bd
==================================================
[+] Domain exhausted. Finishing up: https://deb134597.dhakaeducationboard.gov.bd
==================================================
[*] STARTING NEW DOMAIN: https://sfdf.bheramara.kushtia.gov.bd
==================================================
[+] Domain exhausted. Finishing up: https://sfdf.bheramara.kushtia.gov.bd
==================================================
[*] STARTING NEW DOMAIN: https://abak.akhaura.brahmanbaria.gov.bd
==================================================
[+] Domain exhausted. Finishing up: https://abak.akhaura.brahmanbaria.gov.bd
==================================================
[*] STARTING NEW DOMAIN: http://deb114082.dhakaeducationboard.gov.bd
==================================================
[+] Domain exhausted. Finishing up: http://deb114082.dhakaeducationboard.gov.bd
==================================================
[*] STARTING NEW DOMAIN: https://10noujangramup.kushtia.gov.bd
==================================================
[+] Domain exhausted. Finishing up: https://10noujangramup.kushtia.gov.bd
==================================================
[*] STARTING NEW DOMAIN: https://info.narayanganj.gov.bd
==================================================
[+] Domain exhausted. Finishing up: https://info.narayanganj.gov.bd
==================================================
[*] STARTING NEW DOMAIN: https://deb114218.dhakaeducationboard.gov.bd
==================================================
[+] Domain exhausted. Finishing up: https://deb114218.dhakaeducationboard.gov.bd
==================================================
[*] STARTING NEW DOMAIN: https://abak.feni.gov.bd
==================================================
[+] Domain exhausted. Finishing up: https://abak.feni.gov.bd
==================================================
[*] STARTING NEW DOMAIN: http://pozip.dewangonj.jamalpur.gov.bd
==================================================
[+] Domain exhausted. Finishing up: http://pozip.dewangonj.jamalpur.gov.bd
==================================================
[*] STARTING NEW DOMAIN: https://ansarvdp.joypurhat.gov.bd
==================================================
[+] Domain exhausted. Finishing up: https://ansarvdp.joypurhat.gov.bd
==================================================
[*] STARTING NEW DOMAIN: https://deb140355.dhakaeducationboard.gov.bd
==================================================
[+] Domain exhausted. Finishing up: https://deb140355.dhakaeducationboard.gov.bd
==================================================
[*] STARTING NEW DOMAIN: https://acl.dhamoirhat.naogaon.gov.bd
==================================================
[+] Domain exhausted. Finishing up: https://acl.dhamoirhat.naogaon.gov.bd
==================================================
[*] STARTING NEW DOMAIN: https://deo.lohagara.chittagong.gov.bd
==================================================
[+] Domain exhausted. Finishing up: https://deo.lohagara.chittagong.gov.bd
==================================================
[*] STARTING NEW DOMAIN: https://seo.tangailsadar.tangail.gov.bd
==================================================
[+] Domain exhausted. Finishing up: https://seo.tangailsadar.tangail.gov.bd
==================================================
[*] STARTING NEW DOMAIN: https://deb110088.dhakaeducationboard.gov.bd
==================================================
[+] Domain exhausted. Finishing up: https://deb110088.dhakaeducationboard.gov.bd
==================================================
[*] STARTING NEW DOMAIN: https://ruheaup.thakurgaon.gov.bd
==================================================
[+] Domain exhausted. Finishing up: https://ruheaup.thakurgaon.gov.bd
==================================================
[*] STARTING NEW DOMAIN: https://shatparamodelacademy.jessoreboard.gov.bd
==================================================
[+] Domain exhausted. Finishing up: https://shatparamodelacademy.jessoreboard.gov.bd
==================================================
[*] STARTING NEW DOMAIN: https://deb112610.dhakaeducationboard.gov.bd
==================================================
[+] Domain exhausted. Finishing up: https://deb112610.dhakaeducationboard.gov.bd
==================================================
[*] STARTING NEW DOMAIN: https://sfdf.muktagacha.mymensingh.gov.bd
==================================================
[+] Domain exhausted. Finishing up: https://sfdf.muktagacha.mymensingh.gov.bd
==================================================
[*] STARTING NEW DOMAIN: https://seo.purbadhala.netrokona.gov.bd
==================================================
[+] Domain exhausted. Finishing up: https://seo.purbadhala.netrokona.gov.bd
==================================================
[*] STARTING NEW DOMAIN: https://seo.kamalnagar.lakshmipur.gov.bd
==================================================
[+] Domain exhausted. Finishing up: https://seo.kamalnagar.lakshmipur.gov.bd
==================================================
[*] STARTING NEW DOMAIN: https://food.chunarughat.habiganj.gov.bd
==================================================
[+] Domain exhausted. Finishing up: https://food.chunarughat.habiganj.gov.bd
==================================================
[*] STARTING NEW DOMAIN: https://brtc.khulna.gov.bd
==================================================
[+] Domain exhausted. Finishing up: https://brtc.khulna.gov.bd
==================================================
[*] STARTING NEW DOMAIN: https://barachaonaup.tangail.gov.bd
==================================================
[+] Domain exhausted. Finishing up: https://barachaonaup.tangail.gov.bd
==================================================
[*] STARTING NEW DOMAIN: https://deb111119.dhakaeducationboard.gov.bd
==================================================
[+] Domain exhausted. Finishing up: https://deb111119.dhakaeducationboard.gov.bd
==================================================
[*] STARTING NEW DOMAIN: https://deb113276.dhakaeducationboard.gov.bd
==================================================
[+] Domain exhausted. Finishing up: https://deb113276.dhakaeducationboard.gov.bd
==================================================
[*] STARTING NEW DOMAIN: https://ati.brahmanbaria.gov.bd
==================================================
[+] Domain exhausted. Finishing up: https://ati.brahmanbaria.gov.bd
==================================================
[*] STARTING NEW DOMAIN: https://hafchariup.khagrachhari.gov.bd
==================================================
[+] Domain exhausted. Finishing up: https://hafchariup.khagrachhari.gov.bd
==================================================
[*] STARTING NEW DOMAIN: https://sammilanisecondarybidyaniketan.jessoreboard.gov.bd
==================================================
[+] Domain exhausted. Finishing up: https://sammilanisecondarybidyaniketan.jessoreboard.gov.bd
==================================================
[*] STARTING NEW DOMAIN: https://bbs.sadar.manikganj.gov.bd
==================================================
[+] Domain exhausted. Finishing up: https://bbs.sadar.manikganj.gov.bd
==================================================
[*] STARTING NEW DOMAIN: https://cooparative.paikgasa.khulna.gov.bd
==================================================
[+] Domain exhausted. Finishing up: https://cooparative.paikgasa.khulna.gov.bd
==================================================
[*] STARTING NEW DOMAIN: https://brdb.begumganj.noakhali.gov.bd
==================================================
[+] Domain exhausted. Finishing up: https://brdb.begumganj.noakhali.gov.bd
==================================================
[*] STARTING NEW DOMAIN: https://ansarvdp.companiganj.noakhali.gov.bd
==================================================
[+] Domain exhausted. Finishing up: https://ansarvdp.companiganj.noakhali.gov.bd
==================================================
[*] STARTING NEW DOMAIN: https://daudpurup.dinajpur.gov.bd
==================================================
[+] Domain exhausted. Finishing up: https://daudpurup.dinajpur.gov.bd
==================================================
[*] STARTING NEW DOMAIN: https://birtan.jhenaidah.gov.bd
==================================================
[+] Domain exhausted. Finishing up: https://birtan.jhenaidah.gov.bd
==================================================
[*] STARTING NEW DOMAIN: https://bbs.indurkani.pirojpur.gov.bd
==================================================
[+] Domain exhausted. Finishing up: https://bbs.indurkani.pirojpur.gov.bd
==================================================
[*] STARTING NEW DOMAIN: https://goalmathsecondarygirlsschool.jessoreboard.gov.bd
==================================================
[+] Domain exhausted. Finishing up: https://goalmathsecondarygirlsschool.jessoreboard.gov.bd
==================================================
[*] STARTING NEW DOMAIN: https://coop.thakurgaonsadar.thakurgaon.gov.bd
==================================================
[+] Domain exhausted. Finishing up: https://coop.thakurgaonsadar.thakurgaon.gov.bd
==================================================
[*] STARTING NEW DOMAIN: https://dwa.kachua.bagerhat.gov.bd
==================================================
[+] Domain exhausted. Finishing up: https://dwa.kachua.bagerhat.gov.bd
==================================================
[*] STARTING NEW DOMAIN: https://dae.monohargonj.comilla.gov.bd
==================================================
[+] Domain exhausted. Finishing up: https://dae.monohargonj.comilla.gov.bd
==================================================
[*] STARTING NEW DOMAIN: https://dnc.sreemangal.moulvibazar.gov.bd
==================================================
[+] Domain exhausted. Finishing up: https://dnc.sreemangal.moulvibazar.gov.bd
==================================================
[*] STARTING NEW DOMAIN: https://3nopaharpurup.naogaon.gov.bd
==================================================
[+] Domain exhausted. Finishing up: https://3nopaharpurup.naogaon.gov.bd
==================================================
[*] STARTING NEW DOMAIN: https://cooparative.bholahat.chapainawabganj.gov.bd
==================================================
[+] Domain exhausted. Finishing up: https://cooparative.bholahat.chapainawabganj.gov.bd
==================================================
[*] STARTING NEW DOMAIN: https://chandpur.gov.bd
==================================================
[+] Domain exhausted. Finishing up: https://chandpur.gov.bd
==================================================
[*] STARTING NEW DOMAIN: https://charamkhawaup.jamalpur.gov.bd
==================================================
[+] Domain exhausted. Finishing up: https://charamkhawaup.jamalpur.gov.bd
==================================================
[*] STARTING NEW DOMAIN: https://sherpursadar.sherpur.gov.bd
==================================================
[+] Domain exhausted. Finishing up: https://sherpursadar.sherpur.gov.bd
==================================================
[*] STARTING NEW DOMAIN: https://dae.mongla.bagerhat.gov.bd
==================================================
[+] Domain exhausted. Finishing up: https://dae.mongla.bagerhat.gov.bd
==================================================
[*] STARTING NEW DOMAIN: https://coxsreg.touristpolice.gov.bd
==================================================
[+] Domain exhausted. Finishing up: https://coxsreg.touristpolice.gov.bd
==================================================
[*] STARTING NEW DOMAIN: https://sec.rangpur.gov.bd
==================================================
[+] Domain exhausted. Finishing up: https://sec.rangpur.gov.bd
==================================================
[*] STARTING NEW DOMAIN: https://amzhupisecondarygirlsschool.jessoreboard.gov.bd
==================================================
[+] Domain exhausted. Finishing up: https://amzhupisecondarygirlsschool.jessoreboard.gov.bd
==================================================
[*] STARTING NEW DOMAIN: https://customs.dhakadiv.gov.bd
==================================================
[+] Domain exhausted. Finishing up: https://customs.dhakadiv.gov.bd
==================================================
[*] STARTING NEW DOMAIN: https://bbs.karnafuli.chittagong.gov.bd
==================================================
[+] Domain exhausted. Finishing up: https://bbs.karnafuli.chittagong.gov.bd
==================================================
[*] STARTING NEW DOMAIN: https://ec.ranisankail.thakurgaon.gov.bd
==================================================
[+] Domain exhausted. Finishing up: https://ec.ranisankail.thakurgaon.gov.bd
==================================================
[*] STARTING NEW DOMAIN: https://dadevangaup.kurigram.gov.bd
==================================================
[+] Domain exhausted. Finishing up: https://dadevangaup.kurigram.gov.bd
==================================================
[*] STARTING NEW DOMAIN: https://deb109538.dhakaeducationboard.gov.bd
==================================================
[+] Domain exhausted. Finishing up: https://deb109538.dhakaeducationboard.gov.bd
==================================================
[*] STARTING NEW DOMAIN: https://coop.teknaf.coxsbazar.gov.bd
==================================================
[+] Domain exhausted. Finishing up: https://coop.teknaf.coxsbazar.gov.bd
==================================================
[*] STARTING NEW DOMAIN: https://sca.manikganj.gov.bd
==================================================
[+] Domain exhausted. Finishing up: https://sca.manikganj.gov.bd
==================================================
[*] STARTING NEW DOMAIN: https://cooperative.porsha.naogaon.gov.bd
==================================================
[+] Domain exhausted. Finishing up: https://cooperative.porsha.naogaon.gov.bd
==================================================
[*] STARTING NEW DOMAIN: https://ansarvdp.raozan.chittagong.gov.bd
==================================================
[+] Domain exhausted. Finishing up: https://ansarvdp.raozan.chittagong.gov.bd
==================================================
[*] STARTING NEW DOMAIN: https://deb109377.dhakaeducationboard.gov.bd
==================================================
[+] Domain exhausted. Finishing up: https://deb109377.dhakaeducationboard.gov.bd
==================================================
[*] STARTING NEW DOMAIN: https://acl.kaliakair.gazipur.gov.bd
==================================================
[+] Domain exhausted. Finishing up: https://acl.kaliakair.gazipur.gov.bd
==================================================
[*] STARTING NEW DOMAIN: https://shibrampurschoolandcollege.jessoreboard.gov.bd
==================================================
[+] Domain exhausted. Finishing up: https://shibrampurschoolandcollege.jessoreboard.gov.bd
==================================================
[*] STARTING NEW DOMAIN: https://dwa.sadarsouth.comilla.gov.bd
==================================================
[+] Domain exhausted. Finishing up: https://dwa.sadarsouth.comilla.gov.bd
==================================================
[*] STARTING NEW DOMAIN: https://deb109654.dhakaeducationboard.gov.bd
==================================================
[+] Domain exhausted. Finishing up: https://deb109654.dhakaeducationboard.gov.bd
==================================================
[*] STARTING NEW DOMAIN: https://cjmc.sylhetdiv.gov.bd
==================================================
[+] Domain exhausted. Finishing up: https://cjmc.sylhetdiv.gov.bd
==================================================
[*] STARTING NEW DOMAIN: https://dae.hatia.noakhali.gov.bd
==================================================
[+] Domain exhausted. Finishing up: https://dae.hatia.noakhali.gov.bd
==================================================
[*] STARTING NEW DOMAIN: https://dwa.naikhongchhari.bandarban.gov.bd
==================================================
[+] Domain exhausted. Finishing up: https://dwa.naikhongchhari.bandarban.gov.bd
==================================================
[*] STARTING NEW DOMAIN: https://cooparative.chitalmari.bagerhat.gov.bd
==================================================
[+] Domain exhausted. Finishing up: https://cooparative.chitalmari.bagerhat.gov.bd
==================================================
[*] STARTING NEW DOMAIN: https://choumohanisecondaryschool.jessoreboard.gov.bd
==================================================
[+] Domain exhausted. Finishing up: https://choumohanisecondaryschool.jessoreboard.gov.bd
==================================================
[*] STARTING NEW DOMAIN: https://chowgachahazisardermartuzalisecondaryschool.jessoreboard.gov.bd
==================================================
[+] Domain exhausted. Finishing up: https://chowgachahazisardermartuzalisecondaryschool.jessoreboard.gov.bd
==================================================
[*] STARTING NEW DOMAIN: https://fireservice.kalaroa.satkhira.gov.bd
==================================================
[+] Domain exhausted. Finishing up: https://fireservice.kalaroa.satkhira.gov.bd
==================================================
[*] STARTING NEW DOMAIN: https://ansarvdp.moulvibazar.gov.bd
==================================================
[+] Domain exhausted. Finishing up: https://ansarvdp.moulvibazar.gov.bd
==================================================
[*] STARTING NEW DOMAIN: https://deb109537.dhakaeducationboard.gov.bd
==================================================
[+] Domain exhausted. Finishing up: https://deb109537.dhakaeducationboard.gov.bd
==================================================
[*] STARTING NEW DOMAIN: https://ansarvdp.kachua.chandpur.gov.bd
==================================================
[+] Domain exhausted. Finishing up: https://ansarvdp.kachua.chandpur.gov.bd
==================================================
[*] STARTING NEW DOMAIN: https://dphe.mymensinghsadar.mymensingh.gov.bd
==================================================
[+] Domain exhausted. Finishing up: https://dphe.mymensinghsadar.mymensingh.gov.bd
==================================================
[*] STARTING NEW DOMAIN: https://chuadangakrishnanagarsecondaryschool.jessoreboard.gov.bd
==================================================
[+] Domain exhausted. Finishing up: https://chuadangakrishnanagarsecondaryschool.jessoreboard.gov.bd
==================================================
[*] STARTING NEW DOMAIN: https://deb112919.dhakaeducationboard.gov.bd
==================================================
[+] Domain exhausted. Finishing up: https://deb112919.dhakaeducationboard.gov.bd
==================================================
[*] STARTING NEW DOMAIN: https://fisheries.baliakandi.rajbari.gov.bd
==================================================
[+] Domain exhausted. Finishing up: https://fisheries.baliakandi.rajbari.gov.bd
==================================================
[*] STARTING NEW DOMAIN: https://dae.sylhetsadar.sylhet.gov.bd
==================================================
[+] Domain exhausted. Finishing up: https://dae.sylhetsadar.sylhet.gov.bd
==================================================
[*] STARTING NEW DOMAIN: https://deb112787.dhakaeducationboard.gov.bd
==================================================
[+] Domain exhausted. Finishing up: https://deb112787.dhakaeducationboard.gov.bd
==================================================
[*] STARTING NEW DOMAIN: https://ebek.kutubdia.coxsbazar.gov.bd
==================================================
[+] Domain exhausted. Finishing up: https://ebek.kutubdia.coxsbazar.gov.bd
==================================================
[*] STARTING NEW DOMAIN: https://dwa.mymensinghdiv.gov.bd
==================================================
[+] Domain exhausted. Finishing up: https://dwa.mymensinghdiv.gov.bd
==================================================
[*] STARTING NEW DOMAIN: https://banshbariahighschool.jessoreboard.gov.bd
==================================================
[+] Domain exhausted. Finishing up: https://banshbariahighschool.jessoreboard.gov.bd
==================================================
[*] STARTING NEW DOMAIN: https://deb110383.dhakaeducationboard.gov.bd
==================================================
[+] Domain exhausted. Finishing up: https://deb110383.dhakaeducationboard.gov.bd
==================================================
[*] STARTING NEW DOMAIN: https://dae.hajiganj.chandpur.gov.bd
==================================================
[+] Domain exhausted. Finishing up: https://dae.hajiganj.chandpur.gov.bd
==================================================
[*] STARTING NEW DOMAIN: https://idsc.bhanga.faridpur.gov.bd
==================================================
[+] Domain exhausted. Finishing up: https://idsc.bhanga.faridpur.gov.bd
==================================================
[*] STARTING NEW DOMAIN: https://deb110158.dhakaeducationboard.gov.bd
==================================================
[+] Domain exhausted. Finishing up: https://deb110158.dhakaeducationboard.gov.bd
==================================================
[*] STARTING NEW DOMAIN: https://bagmarasecondaryschool.jessoreboard.gov.bd
==================================================
[+] Domain exhausted. Finishing up: https://bagmarasecondaryschool.jessoreboard.gov.bd
==================================================
[*] STARTING NEW DOMAIN: https://dae.sonargaon.narayanganj.gov.bd
==================================================
[+] Domain exhausted. Finishing up: https://dae.sonargaon.narayanganj.gov.bd
==================================================
[*] STARTING NEW DOMAIN: https://deb109729.dhakaeducationboard.gov.bd
==================================================
[+] Domain exhausted. Finishing up: https://deb109729.dhakaeducationboard.gov.bd
==================================================
[*] STARTING NEW DOMAIN: https://food.faridgonj.chandpur.gov.bd
==================================================
[+] Domain exhausted. Finishing up: https://food.faridgonj.chandpur.gov.bd
==================================================
[*] STARTING NEW DOMAIN: https://deb110089.dhakaeducationboard.gov.bd
==================================================
[+] Domain exhausted. Finishing up: https://deb110089.dhakaeducationboard.gov.bd
==================================================
[*] STARTING NEW DOMAIN: https://dss.belaichari.rangamati.gov.bd
==================================================
[+] Domain exhausted. Finishing up: https://dss.belaichari.rangamati.gov.bd
==================================================
[*] STARTING NEW DOMAIN: https://acl.bancharampur.brahmanbaria.gov.bd
==================================================
[+] Domain exhausted. Finishing up: https://acl.bancharampur.brahmanbaria.gov.bd
==================================================
[*] STARTING NEW DOMAIN: https://copyrightoffice.portal.gov.bd
==================================================
[+] Domain exhausted. Finishing up: https://copyrightoffice.portal.gov.bd
==================================================
[*] STARTING NEW DOMAIN: https://shiromonisecondaryschool.jessoreboard.gov.bd
==================================================
[+] Domain exhausted. Finishing up: https://shiromonisecondaryschool.jessoreboard.gov.bd
==================================================
[*] STARTING NEW DOMAIN: https://bbs.sadar.gopalganj.gov.bd
==================================================
[+] Domain exhausted. Finishing up: https://bbs.sadar.gopalganj.gov.bd
==================================================
[*] STARTING NEW DOMAIN: https://bajitpurup.madaripur.gov.bd
==================================================
[+] Domain exhausted. Finishing up: https://bajitpurup.madaripur.gov.bd
==================================================
[*] STARTING NEW DOMAIN: https://ershadpuracademy.jessoreboard.gov.bd
==================================================
[+] Domain exhausted. Finishing up: https://ershadpuracademy.jessoreboard.gov.bd
==================================================
[*] STARTING NEW DOMAIN: https://ebek.rajapur.jhalakathi.gov.bd
==================================================
[+] Domain exhausted. Finishing up: https://ebek.rajapur.jhalakathi.gov.bd
==================================================
[*] STARTING NEW DOMAIN: https://dae.raninagar.naogaon.gov.bd
==================================================
[+] Domain exhausted. Finishing up: https://dae.raninagar.naogaon.gov.bd
==================================================
[*] STARTING NEW DOMAIN: https://abakpb.nandail.mymensingh.gov.bd
==================================================
[+] Domain exhausted. Finishing up: https://abakpb.nandail.mymensingh.gov.bd
==================================================
[*] STARTING NEW DOMAIN: http://sreedharpurunioncollege.jessoreboard.gov.bd
==================================================
[+] Domain exhausted. Finishing up: http://sreedharpurunioncollege.jessoreboard.gov.bd
==================================================
[*] STARTING NEW DOMAIN: https://bbs.gomostapur.chapainawabganj.gov.bd
==================================================
[+] Domain exhausted. Finishing up: https://bbs.gomostapur.chapainawabganj.gov.bd
==================================================
[*] STARTING NEW DOMAIN: https://bbs.thanchi.bandarban.gov.bd
==================================================
[+] Domain exhausted. Finishing up: https://bbs.thanchi.bandarban.gov.bd
==================================================
[*] STARTING NEW DOMAIN: https://ec.daulatpur.manikganj.gov.bd
==================================================
[+] Domain exhausted. Finishing up: https://ec.daulatpur.manikganj.gov.bd
==================================================
[*] STARTING NEW DOMAIN: https://ebek.paba.rajshahi.gov.bd
==================================================
[+] Domain exhausted. Finishing up: https://ebek.paba.rajshahi.gov.bd
==================================================
[*] STARTING NEW DOMAIN: https://customs.bagerhat.gov.bd
==================================================
[+] Domain exhausted. Finishing up: https://customs.bagerhat.gov.bd
==================================================
[*] STARTING NEW DOMAIN: https://dae.phulbari.kurigram.gov.bd
==================================================
[+] Domain exhausted. Finishing up: https://dae.phulbari.kurigram.gov.bd
==================================================
[*] STARTING NEW DOMAIN: https://ec.kamalnagar.lakshmipur.gov.bd
==================================================
[+] Domain exhausted. Finishing up: https://ec.kamalnagar.lakshmipur.gov.bd
==================================================
[*] STARTING NEW DOMAIN: https://mohammadalisecondaryschool.jessoreboard.gov.bd
==================================================
[+] Domain exhausted. Finishing up: https://mohammadalisecondaryschool.jessoreboard.gov.bd
==================================================
[*] STARTING NEW DOMAIN: https://bdansarerp.gov.bd
==================================================
[+] Domain exhausted. Finishing up: https://bdansarerp.gov.bd
==================================================
[*] STARTING NEW DOMAIN: https://dwa.thanchi.bandarban.gov.bd
==================================================
[+] Domain exhausted. Finishing up: https://dwa.thanchi.bandarban.gov.bd
==================================================
[*] STARTING NEW DOMAIN: https://sbljuniorgirlshighschool.jessoreboard.gov.bd
==================================================
[+] Domain exhausted. Finishing up: https://sbljuniorgirlshighschool.jessoreboard.gov.bd
==================================================
[*] STARTING NEW DOMAIN: https://padmanathpurjuniorgirlshighschool.jessoreboard.gov.bd
==================================================
[+] Domain exhausted. Finishing up: https://padmanathpurjuniorgirlshighschool.jessoreboard.gov.bd
==================================================
[*] STARTING NEW DOMAIN: https://deb110178.dhakaeducationboard.gov.bd
==================================================
[+] Domain exhausted. Finishing up: https://deb110178.dhakaeducationboard.gov.bd
==================================================
[*] STARTING NEW DOMAIN: https://dao.alikadam.bandarban.gov.bd
==================================================
[+] Domain exhausted. Finishing up: https://dao.alikadam.bandarban.gov.bd
==================================================
[*] STARTING NEW DOMAIN: https://akkelpurmunicipality.gov.bd
==================================================
[+] Domain exhausted. Finishing up: https://akkelpurmunicipality.gov.bd
==================================================
[*] STARTING NEW DOMAIN: https://deb109243.dhakaeducationboard.gov.bd
==================================================
[+] Domain exhausted. Finishing up: https://deb109243.dhakaeducationboard.gov.bd
==================================================
[*] STARTING NEW DOMAIN: https://dao.mirsharai.chittagong.gov.bd
==================================================
[+] Domain exhausted. Finishing up: https://dao.mirsharai.chittagong.gov.bd
==================================================
[*] STARTING NEW DOMAIN: https://deb108180.dhakaeducationboard.gov.bd
==================================================
[+] Domain exhausted. Finishing up: https://deb108180.dhakaeducationboard.gov.bd
==================================================
[*] STARTING NEW DOMAIN: https://seo.bheramara.kushtia.gov.bd
==================================================
[+] Domain exhausted. Finishing up: https://seo.bheramara.kushtia.gov.bd
==================================================
[*] STARTING NEW DOMAIN: https://deb108689.dhakaeducationboard.gov.bd
==================================================
[+] Domain exhausted. Finishing up: https://deb108689.dhakaeducationboard.gov.bd
==================================================
[*] STARTING NEW DOMAIN: https://food.tungipara.gopalganj.gov.bd
==================================================
[+] Domain exhausted. Finishing up: https://food.tungipara.gopalganj.gov.bd
==================================================
[*] STARTING NEW DOMAIN: https://ebek.durgapur.rajshahi.gov.bd
==================================================
[+] Domain exhausted. Finishing up: https://ebek.durgapur.rajshahi.gov.bd
==================================================
[*] STARTING NEW DOMAIN: https://ebek.subarnachar.noakhali.gov.bd
==================================================
[+] Domain exhausted. Finishing up: https://ebek.subarnachar.noakhali.gov.bd
==================================================
[*] STARTING NEW DOMAIN: https://deb108185.dhakaeducationboard.gov.bd
==================================================
[+] Domain exhausted. Finishing up: https://deb108185.dhakaeducationboard.gov.bd
==================================================
[*] STARTING NEW DOMAIN: https://deb108756.dhakaeducationboard.gov.bd
==================================================
[+] Domain exhausted. Finishing up: https://deb108756.dhakaeducationboard.gov.bd
==================================================
[*] STARTING NEW DOMAIN: https://fpo.zajira.shariatpur.gov.bd
==================================================
[+] Domain exhausted. Finishing up: https://fpo.zajira.shariatpur.gov.bd
==================================================
[*] STARTING NEW DOMAIN: https://borokashiabirampurup.netrokona.gov.bd
==================================================
[+] Domain exhausted. Finishing up: https://borokashiabirampurup.netrokona.gov.bd
==================================================
[*] STARTING NEW DOMAIN: https://deb111418.dhakaeducationboard.gov.bd
==================================================
[+] Domain exhausted. Finishing up: https://deb111418.dhakaeducationboard.gov.bd
==================================================
[*] STARTING NEW DOMAIN: https://dao.mathbaria.pirojpur.gov.bd
==================================================
[+] Domain exhausted. Finishing up: https://dao.mathbaria.pirojpur.gov.bd
==================================================
[*] STARTING NEW DOMAIN: https://bhaturiahighersecondaryschool.jessoreboard.gov.bd
==================================================
[+] Domain exhausted. Finishing up: https://bhaturiahighersecondaryschool.jessoreboard.gov.bd
==================================================
[*] STARTING NEW DOMAIN: https://acl.burichang.comilla.gov.bd
==================================================
[+] Domain exhausted. Finishing up: https://acl.burichang.comilla.gov.bd
==================================================
[*] STARTING NEW DOMAIN: https://dao.naogaon.gov.bd
==================================================
[+] Domain exhausted. Finishing up: https://dao.naogaon.gov.bd
==================================================
[*] STARTING NEW DOMAIN: https://brdb.shibganj.chapainawabganj.gov.bd
==================================================
[+] Domain exhausted. Finishing up: https://brdb.shibganj.chapainawabganj.gov.bd
==================================================
[*] STARTING NEW DOMAIN: https://acl.haripur.thakurgaon.gov.bd
==================================================
[+] Domain exhausted. Finishing up: https://acl.haripur.thakurgaon.gov.bd
==================================================
[*] STARTING NEW DOMAIN: https://shilpakala.gaibandha.gov.bd
==================================================
[+] Domain exhausted. Finishing up: https://shilpakala.gaibandha.gov.bd
==================================================
[*] STARTING NEW DOMAIN: https://deb110860.dhakaeducationboard.gov.bd
==================================================
[+] Domain exhausted. Finishing up: https://deb110860.dhakaeducationboard.gov.bd
==================================================
[*] STARTING NEW DOMAIN: https://deo.dumuria.khulna.gov.bd
==================================================
[+] Domain exhausted. Finishing up: https://deo.dumuria.khulna.gov.bd
==================================================
[*] STARTING NEW DOMAIN: https://deb108261.dhakaeducationboard.gov.bd
==================================================
[+] Domain exhausted. Finishing up: https://deb108261.dhakaeducationboard.gov.bd
==================================================
[*] STARTING NEW DOMAIN: https://deb110644.dhakaeducationboard.gov.bd
==================================================
[+] Domain exhausted. Finishing up: https://deb110644.dhakaeducationboard.gov.bd
==================================================
[*] STARTING NEW DOMAIN: https://asu.dhamrai.dhaka.gov.bd
==================================================
[+] Domain exhausted. Finishing up: https://asu.dhamrai.dhaka.gov.bd
==================================================
[*] STARTING NEW DOMAIN: https://amdabadsecondaryschool.jessoreboard.gov.bd
==================================================
[+] Domain exhausted. Finishing up: https://amdabadsecondaryschool.jessoreboard.gov.bd
==================================================
[*] STARTING NEW DOMAIN: https://dwa.sirajdikhan.munshiganj.gov.bd
==================================================
[+] Domain exhausted. Finishing up: https://dwa.sirajdikhan.munshiganj.gov.bd
==================================================
[*] STARTING NEW DOMAIN: https://bakaljoraup.netrokona.gov.bd
==================================================
[+] Domain exhausted. Finishing up: https://bakaljoraup.netrokona.gov.bd
==================================================
[*] STARTING NEW DOMAIN: https://deb109146.dhakaeducationboard.gov.bd
==================================================
[+] Domain exhausted. Finishing up: https://deb109146.dhakaeducationboard.gov.bd
==================================================
[*] STARTING NEW DOMAIN: https://acl.nagarpur.tangail.gov.bd
==================================================
[+] Domain exhausted. Finishing up: https://acl.nagarpur.tangail.gov.bd
==================================================
[*] STARTING NEW DOMAIN: https://barura.comilla.gov.bd
==================================================
[+] Domain exhausted. Finishing up: https://barura.comilla.gov.bd
==================================================
[*] STARTING NEW DOMAIN: https://dao.hatia.noakhali.gov.bd
==================================================
[+] Domain exhausted. Finishing up: https://dao.hatia.noakhali.gov.bd
==================================================
[*] STARTING NEW DOMAIN: https://jjijuniorsecondaryschool.jessoreboard.gov.bd
==================================================
[+] Domain exhausted. Finishing up: https://jjijuniorsecondaryschool.jessoreboard.gov.bd
==================================================
[*] STARTING NEW DOMAIN: https://dasharup.madaripur.gov.bd
==================================================
[+] Domain exhausted. Finishing up: https://dasharup.madaripur.gov.bd
==================================================
[*] STARTING NEW DOMAIN: https://fdi.kishoreganj.gov.bd
==================================================
[+] Domain exhausted. Finishing up: https://fdi.kishoreganj.gov.bd
==================================================
[*] STARTING NEW DOMAIN: https://ansarvdp.lalmohan.bhola.gov.bd
==================================================
[+] Domain exhausted. Finishing up: https://ansarvdp.lalmohan.bhola.gov.bd
==================================================
[*] STARTING NEW DOMAIN: https://dam.barisaldiv.gov.bd
==================================================
[+] Domain exhausted. Finishing up: https://dam.barisaldiv.gov.bd
==================================================
[*] STARTING NEW DOMAIN: https://deb111784.dhakaeducationboard.gov.bd
==================================================
[+] Domain exhausted. Finishing up: https://deb111784.dhakaeducationboard.gov.bd
==================================================
[*] STARTING NEW DOMAIN: https://deb111696.dhakaeducationboard.gov.bd
==================================================
[+] Domain exhausted. Finishing up: https://deb111696.dhakaeducationboard.gov.bd
==================================================
[*] STARTING NEW DOMAIN: https://bbs.sreebordi.sherpur.gov.bd
==================================================
[+] Domain exhausted. Finishing up: https://bbs.sreebordi.sherpur.gov.bd
==================================================
[*] STARTING NEW DOMAIN: https://dao.baliadangi.thakurgaon.gov.bd
==================================================
[+] Domain exhausted. Finishing up: https://dao.baliadangi.thakurgaon.gov.bd
==================================================
[*] STARTING NEW DOMAIN: https://po.patuakhali.gov.bd
==================================================
[+] Domain exhausted. Finishing up: https://po.patuakhali.gov.bd
==================================================
[*] STARTING NEW DOMAIN: https://deb111175.dhakaeducationboard.gov.bd
==================================================
[+] Domain exhausted. Finishing up: https://deb111175.dhakaeducationboard.gov.bd
==================================================
[*] STARTING NEW DOMAIN: https://brdb.dinajpur.gov.bd
==================================================
[+] Domain exhausted. Finishing up: https://brdb.dinajpur.gov.bd
==================================================
[*] STARTING NEW DOMAIN: https://cooperative.paba.rajshahi.gov.bd
==================================================
[+] Domain exhausted. Finishing up: https://cooperative.paba.rajshahi.gov.bd
==================================================
[*] STARTING NEW DOMAIN: https://deb111272.dhakaeducationboard.gov.bd
==================================================
[+] Domain exhausted. Finishing up: https://deb111272.dhakaeducationboard.gov.bd
==================================================
[*] STARTING NEW DOMAIN: https://pdb.phulpur.mymensingh.gov.bd
==================================================
[+] Domain exhausted. Finishing up: https://pdb.phulpur.mymensingh.gov.bd
==================================================
[*] STARTING NEW DOMAIN: https://deb108270.dhakaeducationboard.gov.bd
==================================================
[+] Domain exhausted. Finishing up: https://deb108270.dhakaeducationboard.gov.bd
==================================================
[*] STARTING NEW DOMAIN: https://dam.habiganj.gov.bd
==================================================
[+] Domain exhausted. Finishing up: https://dam.habiganj.gov.bd
==================================================
[*] STARTING NEW DOMAIN: https://deb139469.dhakaeducationboard.gov.bd
==================================================
[+] Domain exhausted. Finishing up: https://deb139469.dhakaeducationboard.gov.bd
==================================================
[*] STARTING NEW DOMAIN: https://dwa.sylhetdiv.gov.bd
==================================================
[+] Domain exhausted. Finishing up: https://dwa.sylhetdiv.gov.bd
==================================================
[*] STARTING NEW DOMAIN: https://karachi.mofa.gov.bd
==================================================
[+] Domain exhausted. Finishing up: https://karachi.mofa.gov.bd
==================================================
[*] STARTING NEW DOMAIN: https://ansarvdp.tangail.gov.bd
==================================================
[+] Domain exhausted. Finishing up: https://ansarvdp.tangail.gov.bd
==================================================
[*] STARTING NEW DOMAIN: http://kazisalimahaquemohilacollege.jessoreboard.gov.bd
==================================================
[+] Domain exhausted. Finishing up: http://kazisalimahaquemohilacollege.jessoreboard.gov.bd
==================================================
[*] STARTING NEW DOMAIN: https://dao.shibganj.chapainawabganj.gov.bd
==================================================
[+] Domain exhausted. Finishing up: https://dao.shibganj.chapainawabganj.gov.bd
==================================================
[*] STARTING NEW DOMAIN: https://deb108320.dhakaeducationboard.gov.bd
==================================================
[+] Domain exhausted. Finishing up: https://deb108320.dhakaeducationboard.gov.bd
==================================================
[*] STARTING NEW DOMAIN: https://forest.sadar.bogra.gov.bd
==================================================
[+] Domain exhausted. Finishing up: https://forest.sadar.bogra.gov.bd
==================================================
[*] STARTING NEW DOMAIN: https://deb111298.dhakaeducationboard.gov.bd
==================================================
[+] Domain exhausted. Finishing up: https://deb111298.dhakaeducationboard.gov.bd
==================================================
[*] STARTING NEW DOMAIN: https://deb108944.dhakaeducationboard.gov.bd
==================================================
[+] Domain exhausted. Finishing up: https://deb108944.dhakaeducationboard.gov.bd
==================================================
[*] STARTING NEW DOMAIN: https://deb111954.dhakaeducationboard.gov.bd
==================================================
[+] Domain exhausted. Finishing up: https://deb111954.dhakaeducationboard.gov.bd
==================================================
[*] STARTING NEW DOMAIN: https://deb111268.dhakaeducationboard.gov.bd
==================================================
[+] Domain exhausted. Finishing up: https://deb111268.dhakaeducationboard.gov.bd
==================================================
[*] STARTING NEW DOMAIN: https://seo.charghat.rajshahi.gov.bd
==================================================
[+] Domain exhausted. Finishing up: https://seo.charghat.rajshahi.gov.bd
==================================================
[*] STARTING NEW DOMAIN: https://deb108404.dhakaeducationboard.gov.bd
==================================================
[+] Domain exhausted. Finishing up: https://deb108404.dhakaeducationboard.gov.bd
==================================================
[*] STARTING NEW DOMAIN: https://bscic.kurigram.gov.bd
==================================================
[+] Domain exhausted. Finishing up: https://bscic.kurigram.gov.bd
==================================================
[*] STARTING NEW DOMAIN: https://deb111912.dhakaeducationboard.gov.bd
==================================================
[+] Domain exhausted. Finishing up: https://deb111912.dhakaeducationboard.gov.bd
==================================================
[*] STARTING NEW DOMAIN: https://dss.bagerhat.gov.bd
==================================================
[+] Domain exhausted. Finishing up: https://dss.bagerhat.gov.bd
==================================================
[*] STARTING NEW DOMAIN: https://deb108770.dhakaeducationboard.gov.bd
==================================================
[+] Domain exhausted. Finishing up: https://deb108770.dhakaeducationboard.gov.bd
==================================================
[*] STARTING NEW DOMAIN: https://acl.sreepur.magura.gov.bd
==================================================
[+] Domain exhausted. Finishing up: https://acl.sreepur.magura.gov.bd
==================================================
[*] STARTING NEW DOMAIN: https://dao.ramgati.lakshmipur.gov.bd
==================================================
[+] Domain exhausted. Finishing up: https://dao.ramgati.lakshmipur.gov.bd
==================================================
[*] STARTING NEW DOMAIN: https://deb140081.dhakaeducationboard.gov.bd
==================================================
[+] Domain exhausted. Finishing up: https://deb140081.dhakaeducationboard.gov.bd
==================================================
[*] STARTING NEW DOMAIN: https://raobagerhat.krishibank.gov.bd
==================================================
[+] Domain exhausted. Finishing up: https://raobagerhat.krishibank.gov.bd
==================================================
[*] STARTING NEW DOMAIN: https://deb111353.dhakaeducationboard.gov.bd
==================================================
[+] Domain exhausted. Finishing up: https://deb111353.dhakaeducationboard.gov.bd
==================================================
[*] STARTING NEW DOMAIN: https://deb112116.dhakaeducationboard.gov.bd
==================================================
[+] Domain exhausted. Finishing up: https://deb112116.dhakaeducationboard.gov.bd
==================================================
[*] STARTING NEW DOMAIN: https://deb110967.dhakaeducationboard.gov.bd
==================================================
[+] Domain exhausted. Finishing up: https://deb110967.dhakaeducationboard.gov.bd
==================================================
[*] STARTING NEW DOMAIN: https://eed.bancharampur.brahmanbaria.gov.bd
==================================================
[+] Domain exhausted. Finishing up: https://eed.bancharampur.brahmanbaria.gov.bd
==================================================
[*] STARTING NEW DOMAIN: https://deb112821.dhakaeducationboard.gov.bd
==================================================
[+] Domain exhausted. Finishing up: https://deb112821.dhakaeducationboard.gov.bd
==================================================
[*] STARTING NEW DOMAIN: https://deb112920.dhakaeducationboard.gov.bd
==================================================
[+] Domain exhausted. Finishing up: https://deb112920.dhakaeducationboard.gov.bd
==================================================
[*] STARTING NEW DOMAIN: https://mail.nmi.gov.bd
==================================================
[+] Domain exhausted. Finishing up: https://mail.nmi.gov.bd
==================================================
[*] STARTING NEW DOMAIN: https://eed.nabiganj.habiganj.gov.bd
==================================================
[+] Domain exhausted. Finishing up: https://eed.nabiganj.habiganj.gov.bd
==================================================
[*] STARTING NEW DOMAIN: https://deb113849.dhakaeducationboard.gov.bd
==================================================
[+] Domain exhausted. Finishing up: https://deb113849.dhakaeducationboard.gov.bd
==================================================
[*] STARTING NEW DOMAIN: https://pdb.matiranga.khagrachhari.gov.bd
==================================================
[+] Domain exhausted. Finishing up: https://pdb.matiranga.khagrachhari.gov.bd
==================================================
[*] STARTING NEW DOMAIN: https://pdbf.chirirbandar.dinajpur.gov.bd
==================================================
[+] Domain exhausted. Finishing up: https://pdbf.chirirbandar.dinajpur.gov.bd
==================================================
[*] STARTING NEW DOMAIN: https://ekeb.nondigram.bogra.gov.bd
==================================================
[+] Domain exhausted. Finishing up: https://ekeb.nondigram.bogra.gov.bd
==================================================
[*] STARTING NEW DOMAIN: https://sfdf.pabnasadar.pabna.gov.bd
==================================================
[+] Domain exhausted. Finishing up: https://sfdf.pabnasadar.pabna.gov.bd
==================================================
[*] STARTING NEW DOMAIN: https://ec.raigonj.sirajganj.gov.bd
==================================================
[+] Domain exhausted. Finishing up: https://ec.raigonj.sirajganj.gov.bd
==================================================
[*] STARTING NEW DOMAIN: https://pbs1.sirajganj.gov.bd
==================================================
[+] Domain exhausted. Finishing up: https://pbs1.sirajganj.gov.bd
==================================================
[*] STARTING NEW DOMAIN: https://deb114244.dhakaeducationboard.gov.bd
==================================================
[+] Domain exhausted. Finishing up: https://deb114244.dhakaeducationboard.gov.bd
==================================================
[*] STARTING NEW DOMAIN: https://deb114199.dhakaeducationboard.gov.bd
==================================================
[+] Domain exhausted. Finishing up: https://deb114199.dhakaeducationboard.gov.bd
==================================================
[*] STARTING NEW DOMAIN: https://pbs.sadullapur.gaibandha.gov.bd
==================================================
[+] Domain exhausted. Finishing up: https://pbs.sadullapur.gaibandha.gov.bd
==================================================
[*] STARTING NEW DOMAIN: https://doict.mirpur.kushtia.gov.bd
==================================================
[+] Domain exhausted. Finishing up: https://doict.mirpur.kushtia.gov.bd
==================================================
[*] STARTING NEW DOMAIN: https://deb114537.dhakaeducationboard.gov.bd
==================================================
[+] Domain exhausted. Finishing up: https://deb114537.dhakaeducationboard.gov.bd
==================================================
[*] STARTING NEW DOMAIN: https://pio.ajmiriganj.habiganj.gov.bd
==================================================
[+] Domain exhausted. Finishing up: https://pio.ajmiriganj.habiganj.gov.bd
==================================================
[*] STARTING NEW DOMAIN: https://pbs.delduar.tangail.gov.bd
==================================================
[+] Domain exhausted. Finishing up: https://pbs.delduar.tangail.gov.bd
==================================================
[*] STARTING NEW DOMAIN: https://explosives.rangpur.gov.bd
==================================================
[+] Domain exhausted. Finishing up: https://explosives.rangpur.gov.bd
==================================================
[*] STARTING NEW DOMAIN: https://deb112945.dhakaeducationboard.gov.bd
==================================================
[+] Domain exhausted. Finishing up: https://deb112945.dhakaeducationboard.gov.bd
==================================================
[*] STARTING NEW DOMAIN: https://police.banshkhali.chittagong.gov.bd
==================================================
[+] Domain exhausted. Finishing up: https://police.banshkhali.chittagong.gov.bd
==================================================
[*] STARTING NEW DOMAIN: https://erendabariup.gaibandha.gov.bd
==================================================
[+] Domain exhausted. Finishing up: https://erendabariup.gaibandha.gov.bd
==================================================
[*] STARTING NEW DOMAIN: https://deb114216.dhakaeducationboard.gov.bd
==================================================
[+] Domain exhausted. Finishing up: https://deb114216.dhakaeducationboard.gov.bd
==================================================
[*] STARTING NEW DOMAIN: http://ansarvdp.atpara.netrokona.gov.bd
==================================================
[+] Domain exhausted. Finishing up: http://ansarvdp.atpara.netrokona.gov.bd
==================================================
[*] STARTING NEW DOMAIN: https://deb113718.dhakaeducationboard.gov.bd
==================================================
[+] Domain exhausted. Finishing up: https://deb113718.dhakaeducationboard.gov.bd
==================================================
[*] STARTING NEW DOMAIN: http://deb114035.dhakaeducationboard.gov.bd
==================================================
[+] Domain exhausted. Finishing up: http://deb114035.dhakaeducationboard.gov.bd
==================================================
[*] STARTING NEW DOMAIN: https://eportal.kkcp.gov.bd
==================================================
[+] Domain exhausted. Finishing up: https://eportal.kkcp.gov.bd
==================================================
[*] STARTING NEW DOMAIN: https://pio.kushtiasadar.kushtia.gov.bd
==================================================
[+] Domain exhausted. Finishing up: https://pio.kushtiasadar.kushtia.gov.bd
==================================================
[*] STARTING NEW DOMAIN: https://pmgkhulna.bdpost.gov.bd
==================================================
[+] Domain exhausted. Finishing up: https://pmgkhulna.bdpost.gov.bd
==================================================
[*] STARTING NEW DOMAIN: https://deb114719.dhakaeducationboard.gov.bd
==================================================
[+] Domain exhausted. Finishing up: https://deb114719.dhakaeducationboard.gov.bd
==================================================
[*] STARTING NEW DOMAIN: https://seo.kanaighat.sylhet.gov.bd
==================================================
[+] Domain exhausted. Finishing up: https://seo.kanaighat.sylhet.gov.bd
==================================================
[*] STARTING NEW DOMAIN: https://dhanpotahighschool.jessoreboard.gov.bd
==================================================
[+] Domain exhausted. Finishing up: https://dhanpotahighschool.jessoreboard.gov.bd
==================================================
[*] STARTING NEW DOMAIN: https://fisheries.kamalnagar.lakshmipur.gov.bd
==================================================
[+] Domain exhausted. Finishing up: https://fisheries.kamalnagar.lakshmipur.gov.bd
==================================================
[*] STARTING NEW DOMAIN: https://acc.patuakhali.gov.bd
==================================================
[+] Domain exhausted. Finishing up: https://acc.patuakhali.gov.bd
==================================================
[*] STARTING NEW DOMAIN: https://dholigatisecondaryschool.jessoreboard.gov.bd
==================================================
[+] Domain exhausted. Finishing up: https://dholigatisecondaryschool.jessoreboard.gov.bd
==================================================
[*] STARTING NEW DOMAIN: https://akidajuniorgirlshighschool.jessoreboard.gov.bd
==================================================
[+] Domain exhausted. Finishing up: https://akidajuniorgirlshighschool.jessoreboard.gov.bd
==================================================
[*] STARTING NEW DOMAIN: https://deuatalakcsecondaryschool.jessoreboard.gov.bd
==================================================
[+] Domain exhausted. Finishing up: https://deuatalakcsecondaryschool.jessoreboard.gov.bd
==================================================
[*] STARTING NEW DOMAIN: https://deb139124.dhakaeducationboard.gov.bd
==================================================
[+] Domain exhausted. Finishing up: https://deb139124.dhakaeducationboard.gov.bd
==================================================
[*] STARTING NEW DOMAIN: http://abulkalamcollegegilatala.jessoreboard.gov.bd
==================================================
[+] Domain exhausted. Finishing up: http://abulkalamcollegegilatala.jessoreboard.gov.bd
==================================================
[*] STARTING NEW DOMAIN: https://ansarvdp.shariatpur.gov.bd
==================================================
[+] Domain exhausted. Finishing up: https://ansarvdp.shariatpur.gov.bd
==================================================
[*] STARTING NEW DOMAIN: https://deb134030.dhakaeducationboard.gov.bd
==================================================
[+] Domain exhausted. Finishing up: https://deb134030.dhakaeducationboard.gov.bd
==================================================
[*] STARTING NEW DOMAIN: https://dls.ukhiya.coxsbazar.gov.bd
==================================================
[+] Domain exhausted. Finishing up: https://dls.ukhiya.coxsbazar.gov.bd
==================================================
[*] STARTING NEW DOMAIN: https://deb132107.dhakaeducationboard.gov.bd
==================================================
[+] Domain exhausted. Finishing up: https://deb132107.dhakaeducationboard.gov.bd
==================================================
[*] STARTING NEW DOMAIN: https://doict.sirajdikhan.munshiganj.gov.bd
==================================================
[+] Domain exhausted. Finishing up: https://doict.sirajdikhan.munshiganj.gov.bd
==================================================
[*] STARTING NEW DOMAIN: https://dls.chhatak.sunamganj.gov.bd
==================================================
[+] Domain exhausted. Finishing up: https://dls.chhatak.sunamganj.gov.bd
==================================================
[*] STARTING NEW DOMAIN: https://baec.gov.bd
==================================================
[+] Domain exhausted. Finishing up: https://baec.gov.bd
==================================================
[*] STARTING NEW DOMAIN: https://deb136662.dhakaeducationboard.gov.bd
==================================================
[+] Domain exhausted. Finishing up: https://deb136662.dhakaeducationboard.gov.bd
==================================================
[*] STARTING NEW DOMAIN: https://doict.chapainawabganj.gov.bd
==================================================
[+] Domain exhausted. Finishing up: https://doict.chapainawabganj.gov.bd
==================================================
[*] STARTING NEW DOMAIN: https://deb138883.dhakaeducationboard.gov.bd
==================================================
[+] Domain exhausted. Finishing up: https://deb138883.dhakaeducationboard.gov.bd
==================================================
[*] STARTING NEW DOMAIN: https://dr.jhalakathi.gov.bd
==================================================
[+] Domain exhausted. Finishing up: https://dr.jhalakathi.gov.bd
==================================================
[*] STARTING NEW DOMAIN: https://so.ullapara.sirajganj.gov.bd
==================================================
[+] Domain exhausted. Finishing up: https://so.ullapara.sirajganj.gov.bd
==================================================
[*] STARTING NEW DOMAIN: https://deb138818.dhakaeducationboard.gov.bd
==================================================
[+] Domain exhausted. Finishing up: https://deb138818.dhakaeducationboard.gov.bd
==================================================
[*] STARTING NEW DOMAIN: https://ansarvdp.moulvibazarsadar.moulvibazar.gov.bd
==================================================
[+] Domain exhausted. Finishing up: https://ansarvdp.moulvibazarsadar.moulvibazar.gov.bd
==================================================
[*] STARTING NEW DOMAIN: https://doict.sreepur.magura.gov.bd
==================================================
[+] Domain exhausted. Finishing up: https://doict.sreepur.magura.gov.bd
==================================================
[*] STARTING NEW DOMAIN: https://dgda.gov.bd
==================================================
[+] Domain exhausted. Finishing up: https://dgda.gov.bd
==================================================
[*] STARTING NEW DOMAIN: https://deo.monpura.bhola.gov.bd
==================================================
[+] Domain exhausted. Finishing up: https://deo.monpura.bhola.gov.bd
==================================================
[*] STARTING NEW DOMAIN: https://brdb.durgapur.netrokona.gov.bd
==================================================
[+] Domain exhausted. Finishing up: https://brdb.durgapur.netrokona.gov.bd
==================================================
[*] STARTING NEW DOMAIN: https://deb139221.dhakaeducationboard.gov.bd
==================================================
[+] Domain exhausted. Finishing up: https://deb139221.dhakaeducationboard.gov.bd
==================================================
[*] STARTING NEW DOMAIN: https://arpangashiapnsecondaryschool.jessoreboard.gov.bd
==================================================
[+] Domain exhausted. Finishing up: https://arpangashiapnsecondaryschool.jessoreboard.gov.bd
==================================================
[*] STARTING NEW DOMAIN: https://deo.madhabpur.habiganj.gov.bd
==================================================
[+] Domain exhausted. Finishing up: https://deo.madhabpur.habiganj.gov.bd
==================================================
[*] STARTING NEW DOMAIN: https://deb133849.dhakaeducationboard.gov.bd
==================================================
[+] Domain exhausted. Finishing up: https://deb133849.dhakaeducationboard.gov.bd
==================================================
[*] STARTING NEW DOMAIN: https://deo.amtali.barguna.gov.bd
==================================================
[+] Domain exhausted. Finishing up: https://deo.amtali.barguna.gov.bd
==================================================
[*] STARTING NEW DOMAIN: https://afccl.portal.gov.bd
==================================================
[+] Domain exhausted. Finishing up: https://afccl.portal.gov.bd
==================================================
[*] STARTING NEW DOMAIN: https://deb134588.dhakaeducationboard.gov.bd
==================================================
[+] Domain exhausted. Finishing up: https://deb134588.dhakaeducationboard.gov.bd
==================================================
[*] STARTING NEW DOMAIN: https://deb137834.dhakaeducationboard.gov.bd
==================================================
[+] Domain exhausted. Finishing up: https://deb137834.dhakaeducationboard.gov.bd
==================================================
[*] STARTING NEW DOMAIN: https://fisheries.saturia.manikganj.gov.bd
==================================================
[+] Domain exhausted. Finishing up: https://fisheries.saturia.manikganj.gov.bd
==================================================
[*] STARTING NEW DOMAIN: https://deb137627.dhakaeducationboard.gov.bd
==================================================
[+] Domain exhausted. Finishing up: https://deb137627.dhakaeducationboard.gov.bd
==================================================
[*] STARTING NEW DOMAIN: https://ansarvdp.kaliganj.satkhira.gov.bd
==================================================
[+] Domain exhausted. Finishing up: https://ansarvdp.kaliganj.satkhira.gov.bd
==================================================
[*] STARTING NEW DOMAIN: https://dphe.boalkhali.chittagong.gov.bd
==================================================
[+] Domain exhausted. Finishing up: https://dphe.boalkhali.chittagong.gov.bd
==================================================
[*] STARTING NEW DOMAIN: https://dnc.kishoreganj.gov.bd
==================================================
[+] Domain exhausted. Finishing up: https://dnc.kishoreganj.gov.bd
==================================================
[*] STARTING NEW DOMAIN: https://acl.nawabganj.dhaka.gov.bd
==================================================
[+] Domain exhausted. Finishing up: https://acl.nawabganj.dhaka.gov.bd
==================================================
[*] STARTING NEW DOMAIN: https://doict.gurudaspur.natore.gov.bd
==================================================
[+] Domain exhausted. Finishing up: https://doict.gurudaspur.natore.gov.bd
==================================================
[*] STARTING NEW DOMAIN: https://dphe.parbatipur.dinajpur.gov.bd
==================================================
[+] Domain exhausted. Finishing up: https://dphe.parbatipur.dinajpur.gov.bd
==================================================
[*] STARTING NEW DOMAIN: https://dgda.narayanganj.gov.bd
==================================================
[+] Domain exhausted. Finishing up: https://dgda.narayanganj.gov.bd
==================================================
[*] STARTING NEW DOMAIN: https://brdb.alikadam.bandarban.gov.bd
==================================================
[+] Domain exhausted. Finishing up: https://brdb.alikadam.bandarban.gov.bd
==================================================
[*] STARTING NEW DOMAIN: https://dphe.kurigram.gov.bd
==================================================
[+] Domain exhausted. Finishing up: https://dphe.kurigram.gov.bd
==================================================
[*] STARTING NEW DOMAIN: https://food.jhalakathi.gov.bd
==================================================
[+] Domain exhausted. Finishing up: https://food.jhalakathi.gov.bd
==================================================
[*] STARTING NEW DOMAIN: https://forest.mirzapur.tangail.gov.bd
==================================================
[+] Domain exhausted. Finishing up: https://forest.mirzapur.tangail.gov.bd
==================================================
[*] STARTING NEW DOMAIN: https://brdb.saghata.gaibandha.gov.bd
==================================================
[+] Domain exhausted. Finishing up: https://brdb.saghata.gaibandha.gov.bd
==================================================
[*] STARTING NEW DOMAIN: https://food.barlekha.moulvibazar.gov.bd
==================================================
[+] Domain exhausted. Finishing up: https://food.barlekha.moulvibazar.gov.bd
==================================================
[*] STARTING NEW DOMAIN: https://fisheries.phulpur.mymensingh.gov.bd
==================================================
[+] Domain exhausted. Finishing up: https://fisheries.phulpur.mymensingh.gov.bd
==================================================
[*] STARTING NEW DOMAIN: https://fireservice.nandail.mymensingh.gov.bd
==================================================
[+] Domain exhausted. Finishing up: https://fireservice.nandail.mymensingh.gov.bd
==================================================
[*] STARTING NEW DOMAIN: https://dphe.homna.comilla.gov.bd
==================================================
[+] Domain exhausted. Finishing up: https://dphe.homna.comilla.gov.bd
==================================================
[*] STARTING NEW DOMAIN: https://dpe.patuakhali.gov.bd
==================================================
[+] Domain exhausted. Finishing up: https://dpe.patuakhali.gov.bd
==================================================
[*] STARTING NEW DOMAIN: https://fisheries.mirsharai.chittagong.gov.bd
==================================================
[+] Domain exhausted. Finishing up: https://fisheries.mirsharai.chittagong.gov.bd
==================================================
[*] STARTING NEW DOMAIN: https://fireservice.kalihati.tangail.gov.bd
==================================================
[+] Domain exhausted. Finishing up: https://fireservice.kalihati.tangail.gov.bd
==================================================
[*] STARTING NEW DOMAIN: https://seo.satkhirasadar.satkhira.gov.bd
==================================================
[+] Domain exhausted. Finishing up: https://seo.satkhirasadar.satkhira.gov.bd
==================================================
[*] STARTING NEW DOMAIN: https://bjmc.portal.gov.bd
==================================================
[+] Domain exhausted. Finishing up: https://bjmc.portal.gov.bd
==================================================
[*] STARTING NEW DOMAIN: https://kutubpursecondaryschoolchuadangasadar.jessoreboard.gov.bd
==================================================
[+] Domain exhausted. Finishing up: https://kutubpursecondaryschoolchuadangasadar.jessoreboard.gov.bd
==================================================
[*] STARTING NEW DOMAIN: https://fisheries.daganbhuiyan.feni.gov.bd
==================================================
[+] Domain exhausted. Finishing up: https://fisheries.daganbhuiyan.feni.gov.bd
==================================================
[*] STARTING NEW DOMAIN: https://cebwdb.faridpur.gov.bd
==================================================
[+] Domain exhausted. Finishing up: https://cebwdb.faridpur.gov.bd
==================================================
[*] STARTING NEW DOMAIN: https://deb108968.dhakaeducationboard.gov.bd
==================================================
[+] Domain exhausted. Finishing up: https://deb108968.dhakaeducationboard.gov.bd
==================================================
[*] STARTING NEW DOMAIN: https://forest.comilla.gov.bd
==================================================
[+] Domain exhausted. Finishing up: https://forest.comilla.gov.bd
==================================================
[*] STARTING NEW DOMAIN: https://fisheries.sitakunda.chittagong.gov.bd
==================================================
[+] Domain exhausted. Finishing up: https://fisheries.sitakunda.chittagong.gov.bd
==================================================
[*] STARTING NEW DOMAIN: https://accounts.parshuram.feni.gov.bd
==================================================
[+] Domain exhausted. Finishing up: https://accounts.parshuram.feni.gov.bd
==================================================
[*] STARTING NEW DOMAIN: https://ansarvdp.naniarchar.rangamati.gov.bd
==================================================
[+] Domain exhausted. Finishing up: https://ansarvdp.naniarchar.rangamati.gov.bd
==================================================
[*] STARTING NEW DOMAIN: https://pio.goalanda.rajbari.gov.bd
==================================================
[+] Domain exhausted. Finishing up: https://pio.goalanda.rajbari.gov.bd
==================================================
[*] STARTING NEW DOMAIN: https://fireservice.baliakandi.rajbari.gov.bd
==================================================
[+] Domain exhausted. Finishing up: https://fireservice.baliakandi.rajbari.gov.bd
==================================================
[*] STARTING NEW DOMAIN: https://fireservice.bishwanath.sylhet.gov.bd
==================================================
[+] Domain exhausted. Finishing up: https://fireservice.bishwanath.sylhet.gov.bd
==================================================
[*] STARTING NEW DOMAIN: https://baliakandi.rajbari.gov.bd
==================================================
[+] Domain exhausted. Finishing up: https://baliakandi.rajbari.gov.bd
==================================================
[*] STARTING NEW DOMAIN: https://dphe.sundarganj.gaibandha.gov.bd
==================================================
[+] Domain exhausted. Finishing up: https://dphe.sundarganj.gaibandha.gov.bd
==================================================
[*] STARTING NEW DOMAIN: https://fisheries.dhaka.gov.bd
==================================================
[+] Domain exhausted. Finishing up: https://fisheries.dhaka.gov.bd
==================================================
[*] STARTING NEW DOMAIN: https://mats.jhenaidah.gov.bd
==================================================
[+] Domain exhausted. Finishing up: https://mats.jhenaidah.gov.bd
==================================================
[*] STARTING NEW DOMAIN: https://alhajsaidurrahmanmontuwomencollege.jessoreboard.gov.bd
==================================================
[+] Domain exhausted. Finishing up: https://alhajsaidurrahmanmontuwomencollege.jessoreboard.gov.bd
==================================================
[*] STARTING NEW DOMAIN: https://ansarvdp.kaptai.rangamati.gov.bd
==================================================
[+] Domain exhausted. Finishing up: https://ansarvdp.kaptai.rangamati.gov.bd
==================================================
[*] STARTING NEW DOMAIN: https://shilpakala.netrokona.gov.bd
==================================================
[+] Domain exhausted. Finishing up: https://shilpakala.netrokona.gov.bd
==================================================
[*] STARTING NEW DOMAIN: https://food.dhaka.gov.bd
==================================================
[+] Domain exhausted. Finishing up: https://food.dhaka.gov.bd
==================================================
[*] STARTING NEW DOMAIN: https://taxappealkhulna.gov.bd
==================================================
[+] Domain exhausted. Finishing up: https://taxappealkhulna.gov.bd
==================================================
[*] STARTING NEW DOMAIN: https://bfsa.chapainawabganj.gov.bd
==================================================
[+] Domain exhausted. Finishing up: https://bfsa.chapainawabganj.gov.bd
==================================================
[*] STARTING NEW DOMAIN: https://fpo.harirampur.manikganj.gov.bd
==================================================
[+] Domain exhausted. Finishing up: https://fpo.harirampur.manikganj.gov.bd
==================================================
[*] STARTING NEW DOMAIN: https://bbs.dhanbari.tangail.gov.bd
==================================================
[+] Domain exhausted. Finishing up: https://bbs.dhanbari.tangail.gov.bd
==================================================
[*] STARTING NEW DOMAIN: https://dss.naldanga.natore.gov.bd
==================================================
[+] Domain exhausted. Finishing up: https://dss.naldanga.natore.gov.bd
==================================================
[*] STARTING NEW DOMAIN: https://food.thakurgaon.gov.bd
==================================================
[+] Domain exhausted. Finishing up: https://food.thakurgaon.gov.bd
==================================================
[*] STARTING NEW DOMAIN: https://dao.assasuni.satkhira.gov.bd
==================================================
[+] Domain exhausted. Finishing up: https://dao.assasuni.satkhira.gov.bd
==================================================
[*] STARTING NEW DOMAIN: https://food.rajshahi.gov.bd
==================================================
[+] Domain exhausted. Finishing up: https://food.rajshahi.gov.bd
==================================================
[*] STARTING NEW DOMAIN: https://dls.kumarkhali.kushtia.gov.bd
==================================================
[+] Domain exhausted. Finishing up: https://dls.kumarkhali.kushtia.gov.bd
==================================================
[*] STARTING NEW DOMAIN: https://dphe.sadar.gopalganj.gov.bd
==================================================
[+] Domain exhausted. Finishing up: https://dphe.sadar.gopalganj.gov.bd
==================================================
[*] STARTING NEW DOMAIN: https://sarishaup.rajbari.gov.bd
==================================================
[+] Domain exhausted. Finishing up: https://sarishaup.rajbari.gov.bd
==================================================
[*] STARTING NEW DOMAIN: https://fireservice.mohonpur.rajshahi.gov.bd
==================================================
[+] Domain exhausted. Finishing up: https://fireservice.mohonpur.rajshahi.gov.bd
==================================================
[*] STARTING NEW DOMAIN: https://fpo.kaharol.dinajpur.gov.bd
==================================================
[+] Domain exhausted. Finishing up: https://fpo.kaharol.dinajpur.gov.bd
==================================================
[*] STARTING NEW DOMAIN: https://dwa.bijoynagar.brahmanbaria.gov.bd
==================================================
[+] Domain exhausted. Finishing up: https://dwa.bijoynagar.brahmanbaria.gov.bd
==================================================
[*] STARTING NEW DOMAIN: https://forest.tungipara.gopalganj.gov.bd
==================================================
[+] Domain exhausted. Finishing up: https://forest.tungipara.gopalganj.gov.bd
==================================================
[*] STARTING NEW DOMAIN: https://so.chatkhil.noakhali.gov.bd
==================================================
[+] Domain exhausted. Finishing up: https://so.chatkhil.noakhali.gov.bd
==================================================
[*] STARTING NEW DOMAIN: https://bmet.moulvibazar.gov.bd
==================================================
[+] Domain exhausted. Finishing up: https://bmet.moulvibazar.gov.bd
==================================================
[*] STARTING NEW DOMAIN: https://dwa.burichang.comilla.gov.bd
==================================================
[+] Domain exhausted. Finishing up: https://dwa.burichang.comilla.gov.bd
==================================================
[*] STARTING NEW DOMAIN: https://chandpursecondaryschoolgangni.jessoreboard.gov.bd
==================================================
[+] Domain exhausted. Finishing up: https://chandpursecondaryschoolgangni.jessoreboard.gov.bd
==================================================
[*] STARTING NEW DOMAIN: https://durgapurup.bogra.gov.bd
==================================================
[+] Domain exhausted. Finishing up: https://durgapurup.bogra.gov.bd
==================================================
[*] STARTING NEW DOMAIN: https://pti.jamalpur.gov.bd
==================================================
[+] Domain exhausted. Finishing up: https://pti.jamalpur.gov.bd
==================================================
[*] STARTING NEW DOMAIN: https://dss.kotchandpur.jhenaidah.gov.bd
==================================================
[+] Domain exhausted. Finishing up: https://dss.kotchandpur.jhenaidah.gov.bd
==================================================
[*] STARTING NEW DOMAIN: https://coop.burichang.comilla.gov.bd
==================================================
[+] Domain exhausted. Finishing up: https://coop.burichang.comilla.gov.bd
==================================================
[*] STARTING NEW DOMAIN: https://dss.alamdanga.chuadanga.gov.bd
==================================================
[+] Domain exhausted. Finishing up: https://dss.alamdanga.chuadanga.gov.bd
==================================================
[*] STARTING NEW DOMAIN: https://dss.singiar.manikganj.gov.bd
==================================================
[+] Domain exhausted. Finishing up: https://dss.singiar.manikganj.gov.bd
==================================================
[*] STARTING NEW DOMAIN: https://health.saghata.gaibandha.gov.bd
==================================================
[+] Domain exhausted. Finishing up: https://health.saghata.gaibandha.gov.bd
==================================================
[*] STARTING NEW DOMAIN: https://dss.madhupur.tangail.gov.bd
==================================================
[+] Domain exhausted. Finishing up: https://dss.madhupur.tangail.gov.bd
==================================================
[*] STARTING NEW DOMAIN: https://ghatmajhiup.madaripur.gov.bd
==================================================
[+] Domain exhausted. Finishing up: https://ghatmajhiup.madaripur.gov.bd
==================================================
[*] STARTING NEW DOMAIN: https://cooparative.sylhet.gov.bd
==================================================
[+] Domain exhausted. Finishing up: https://cooparative.sylhet.gov.bd
==================================================
[*] STARTING NEW DOMAIN: https://cooperative.hakimpur.dinajpur.gov.bd
==================================================
[+] Domain exhausted. Finishing up: https://cooperative.hakimpur.dinajpur.gov.bd
==================================================
[*] STARTING NEW DOMAIN: https://ctggpo.pmgctg.bdpost.gov.bd
==================================================
[+] Domain exhausted. Finishing up: https://ctggpo.pmgctg.bdpost.gov.bd
==================================================
[*] STARTING NEW DOMAIN: https://customs.habiganj.gov.bd
==================================================
[+] Domain exhausted. Finishing up: https://customs.habiganj.gov.bd
==================================================
[*] STARTING NEW DOMAIN: https://gca.bise-ctg.gov.bd
==================================================
[+] Domain exhausted. Finishing up: https://gca.bise-ctg.gov.bd
==================================================
[*] STARTING NEW DOMAIN: https://dss.daulatpur.kushtia.gov.bd
==================================================
[+] Domain exhausted. Finishing up: https://dss.daulatpur.kushtia.gov.bd
==================================================
[*] STARTING NEW DOMAIN: https://dae.chandpur.gov.bd
==================================================
[+] Domain exhausted. Finishing up: https://dae.chandpur.gov.bd
==================================================
[*] STARTING NEW DOMAIN: https://heu.gov.bd
==================================================
[+] Domain exhausted. Finishing up: https://heu.gov.bd
==================================================
[*] STARTING NEW DOMAIN: https://gajaria.munshiganj.gov.bd
==================================================
[+] Domain exhausted. Finishing up: https://gajaria.munshiganj.gov.bd
==================================================
[*] STARTING NEW DOMAIN: https://jdojute.shariatpur.gov.bd
==================================================
[+] Domain exhausted. Finishing up: https://jdojute.shariatpur.gov.bd
==================================================
[*] STARTING NEW DOMAIN: https://dae.sadar.madaripur.gov.bd
==================================================
[+] Domain exhausted. Finishing up: https://dae.sadar.madaripur.gov.bd
==================================================
[*] STARTING NEW DOMAIN: https://damrtc.dhaka.gov.bd
==================================================
[+] Domain exhausted. Finishing up: https://damrtc.dhaka.gov.bd
==================================================
[*] STARTING NEW DOMAIN: https://dam.sherpur.gov.bd
==================================================
[+] Domain exhausted. Finishing up: https://dam.sherpur.gov.bd
==================================================
[*] STARTING NEW DOMAIN: https://freelancers.gov.bd
==================================================
[+] Domain exhausted. Finishing up: https://freelancers.gov.bd
==================================================
[*] STARTING NEW DOMAIN: https://dao.charbhadrasan.faridpur.gov.bd
==================================================
[+] Domain exhausted. Finishing up: https://dao.charbhadrasan.faridpur.gov.bd
==================================================
[*] STARTING NEW DOMAIN: https://gumdhumup.bandarban.gov.bd
==================================================
[+] Domain exhausted. Finishing up: https://gumdhumup.bandarban.gov.bd
==================================================
[*] STARTING NEW DOMAIN: https://dao.narsingdi.gov.bd
==================================================
[+] Domain exhausted. Finishing up: https://dao.narsingdi.gov.bd
==================================================
[*] STARTING NEW DOMAIN: https://holdiaup.gaibandha.gov.bd
==================================================
[+] Domain exhausted. Finishing up: https://holdiaup.gaibandha.gov.bd
==================================================
[*] STARTING NEW DOMAIN: https://health.haripur.thakurgaon.gov.bd
==================================================
[+] Domain exhausted. Finishing up: https://health.haripur.thakurgaon.gov.bd
==================================================
[*] STARTING NEW DOMAIN: https://data.banbeis.gov.bd
==================================================
[+] Domain exhausted. Finishing up: https://data.banbeis.gov.bd
==================================================
[*] STARTING NEW DOMAIN: https://deb107845.dhakaeducationboard.gov.bd
==================================================
[+] Domain exhausted. Finishing up: https://deb107845.dhakaeducationboard.gov.bd
==================================================
[*] STARTING NEW DOMAIN: https://deb108207.dhakaeducationboard.gov.bd
==================================================
[+] Domain exhausted. Finishing up: https://deb108207.dhakaeducationboard.gov.bd
==================================================
[*] STARTING NEW DOMAIN: https://health.phulpur.mymensingh.gov.bd
==================================================
[+] Domain exhausted. Finishing up: https://health.phulpur.mymensingh.gov.bd
==================================================
[*] STARTING NEW DOMAIN: https://irbadc.pirojpur.gov.bd
==================================================
[+] Domain exhausted. Finishing up: https://irbadc.pirojpur.gov.bd
==================================================
[*] STARTING NEW DOMAIN: https://imli.portal.gov.bd
==================================================
[+] Domain exhausted. Finishing up: https://imli.portal.gov.bd
==================================================
[*] STARTING NEW DOMAIN: https://hfwc.sadar.patuakhali.gov.bd
==================================================
[+] Domain exhausted. Finishing up: https://hfwc.sadar.patuakhali.gov.bd
==================================================
[*] STARTING NEW DOMAIN: https://deb108854.dhakaeducationboard.gov.bd
==================================================
[+] Domain exhausted. Finishing up: https://deb108854.dhakaeducationboard.gov.bd
==================================================
[*] STARTING NEW DOMAIN: https://health.ramgati.lakshmipur.gov.bd
==================================================
[+] Domain exhausted. Finishing up: https://health.ramgati.lakshmipur.gov.bd
==================================================
[*] STARTING NEW DOMAIN: https://deb109087.dhakaeducationboard.gov.bd
==================================================
[+] Domain exhausted. Finishing up: https://deb109087.dhakaeducationboard.gov.bd
==================================================
[*] STARTING NEW DOMAIN: https://hatgachasecondaryschool.jessoreboard.gov.bd
==================================================
[+] Domain exhausted. Finishing up: https://hatgachasecondaryschool.jessoreboard.gov.bd
==================================================
[*] STARTING NEW DOMAIN: https://police.narailsadar.narail.gov.bd
==================================================
[+] Domain exhausted. Finishing up: https://police.narailsadar.narail.gov.bd
==================================================
[*] STARTING NEW DOMAIN: https://post.bogra.gov.bd
==================================================
[+] Domain exhausted. Finishing up: https://post.bogra.gov.bd
==================================================
[*] STARTING NEW DOMAIN: https://deb109566.dhakaeducationboard.gov.bd
==================================================
[+] Domain exhausted. Finishing up: https://deb109566.dhakaeducationboard.gov.bd
==================================================
[*] STARTING NEW DOMAIN: https://deb109753.dhakaeducationboard.gov.bd
==================================================
[+] Domain exhausted. Finishing up: https://deb109753.dhakaeducationboard.gov.bd
==================================================
[*] STARTING NEW DOMAIN: https://reb.sylhet.gov.bd
==================================================
[+] Domain exhausted. Finishing up: https://reb.sylhet.gov.bd
==================================================
[*] STARTING NEW DOMAIN: https://pozip.hajiganj.chandpur.gov.bd
==================================================
[+] Domain exhausted. Finishing up: https://pozip.hajiganj.chandpur.gov.bd
==================================================
[*] STARTING NEW DOMAIN: https://pti.kishoreganj.gov.bd
==================================================
[+] Domain exhausted. Finishing up: https://pti.kishoreganj.gov.bd
==================================================
[*] STARTING NEW DOMAIN: https://deb110264.dhakaeducationboard.gov.bd
==================================================
[+] Domain exhausted. Finishing up: https://deb110264.dhakaeducationboard.gov.bd
==================================================
[*] STARTING NEW DOMAIN: https://rrfsecondaryschoolkhulna.jessoreboard.gov.bd
==================================================
[+] Domain exhausted. Finishing up: https://rrfsecondaryschoolkhulna.jessoreboard.gov.bd
==================================================
[*] STARTING NEW DOMAIN: https://rptikushtia.niport.gov.bd
==================================================
[+] Domain exhausted. Finishing up: https://rptikushtia.niport.gov.bd
==================================================
[*] STARTING NEW DOMAIN: https://prison.gov.bd
==================================================
[+] Domain exhausted. Finishing up: https://prison.gov.bd
==================================================
[*] STARTING NEW DOMAIN: https://police.tazumuddin.bhola.gov.bd
==================================================
[+] Domain exhausted. Finishing up: https://police.tazumuddin.bhola.gov.bd
==================================================
[*] STARTING NEW DOMAIN: https://sreepurup.magura.gov.bd
==================================================
[+] Domain exhausted. Finishing up: https://sreepurup.magura.gov.bd
==================================================
[*] STARTING NEW DOMAIN: https://lged.charbhadrasan.faridpur.gov.bd
==================================================
[+] Domain exhausted. Finishing up: https://lged.charbhadrasan.faridpur.gov.bd
==================================================
[*] STARTING NEW DOMAIN: https://deb111275.dhakaeducationboard.gov.bd
==================================================
[+] Domain exhausted. Finishing up: https://deb111275.dhakaeducationboard.gov.bd
==================================================
[*] STARTING NEW DOMAIN: https://lged.gosairhat.shariatpur.gov.bd
==================================================
[+] Domain exhausted. Finishing up: https://lged.gosairhat.shariatpur.gov.bd
==================================================
[*] STARTING NEW DOMAIN: https://subarnachar.noakhali.gov.bd
==================================================
[+] Domain exhausted. Finishing up: https://subarnachar.noakhali.gov.bd
==================================================
[*] STARTING NEW DOMAIN: https://deb111852.dhakaeducationboard.gov.bd
==================================================
[+] Domain exhausted. Finishing up: https://deb111852.dhakaeducationboard.gov.bd
==================================================
[*] STARTING NEW DOMAIN: https://postpaidold.nesco.gov.bd
==================================================
[+] Domain exhausted. Finishing up: https://postpaidold.nesco.gov.bd
==================================================
[*] STARTING NEW DOMAIN: https://post.gosairhat.shariatpur.gov.bd
==================================================
[+] Domain exhausted. Finishing up: https://post.gosairhat.shariatpur.gov.bd
==================================================
[*] STARTING NEW DOMAIN: https://kawliberaup.faridpur.gov.bd
==================================================
[+] Domain exhausted. Finishing up: https://kawliberaup.faridpur.gov.bd
==================================================
[*] STARTING NEW DOMAIN: https://lged.naniarchar.rangamati.gov.bd
==================================================
[+] Domain exhausted. Finishing up: https://lged.naniarchar.rangamati.gov.bd
==================================================
[*] STARTING NEW DOMAIN: https://deb112548.dhakaeducationboard.gov.bd
==================================================
[+] Domain exhausted. Finishing up: https://deb112548.dhakaeducationboard.gov.bd
==================================================
[*] STARTING NEW DOMAIN: https://deb112499.dhakaeducationboard.gov.bd
==================================================
[+] Domain exhausted. Finishing up: https://deb112499.dhakaeducationboard.gov.bd
==================================================
[*] STARTING NEW DOMAIN: https://lged.bogra.gov.bd
==================================================
[+] Domain exhausted. Finishing up: https://lged.bogra.gov.bd
==================================================
[*] STARTING NEW DOMAIN: https://deb112759.dhakaeducationboard.gov.bd
==================================================
[+] Domain exhausted. Finishing up: https://deb112759.dhakaeducationboard.gov.bd
==================================================
[*] STARTING NEW DOMAIN: https://deb112767.dhakaeducationboard.gov.bd
==================================================
[+] Domain exhausted. Finishing up: https://deb112767.dhakaeducationboard.gov.bd
==================================================
[*] STARTING NEW DOMAIN: https://kumarkhalicollege.jessoreboard.gov.bd
==================================================
[+] Domain exhausted. Finishing up: https://kumarkhalicollege.jessoreboard.gov.bd
==================================================
[*] STARTING NEW DOMAIN: https://deb112980.dhakaeducationboard.gov.bd
==================================================
[+] Domain exhausted. Finishing up: https://deb112980.dhakaeducationboard.gov.bd
==================================================
[*] STARTING NEW DOMAIN: https://lama.bandarban.gov.bd
==================================================
[+] Domain exhausted. Finishing up: https://lama.bandarban.gov.bd
==================================================
[*] STARTING NEW DOMAIN: https://deb113255.dhakaeducationboard.gov.bd
==================================================
[+] Domain exhausted. Finishing up: https://deb113255.dhakaeducationboard.gov.bd
==================================================
[*] STARTING NEW DOMAIN: https://deb113308.dhakaeducationboard.gov.bd
==================================================
[+] Domain exhausted. Finishing up: https://deb113308.dhakaeducationboard.gov.bd
==================================================
[*] STARTING NEW DOMAIN: https://deb113460.dhakaeducationboard.gov.bd
==================================================
[+] Domain exhausted. Finishing up: https://deb113460.dhakaeducationboard.gov.bd
==================================================
[*] STARTING NEW DOMAIN: https://lged.ukhiya.coxsbazar.gov.bd
==================================================
[+] Domain exhausted. Finishing up: https://lged.ukhiya.coxsbazar.gov.bd
==================================================
[*] STARTING NEW DOMAIN: https://deb113831.dhakaeducationboard.gov.bd
==================================================
[+] Domain exhausted. Finishing up: https://deb113831.dhakaeducationboard.gov.bd
==================================================
[*] STARTING NEW DOMAIN: https://deb113684.dhakaeducationboard.gov.bd
==================================================
[+] Domain exhausted. Finishing up: https://deb113684.dhakaeducationboard.gov.bd
==================================================
[*] STARTING NEW DOMAIN: https://lwc.lalmonirhat.gov.bd
==================================================
[+] Domain exhausted. Finishing up: https://lwc.lalmonirhat.gov.bd
==================================================
[*] STARTING NEW DOMAIN: https://deb114084.dhakaeducationboard.gov.bd
==================================================
[+] Domain exhausted. Finishing up: https://deb114084.dhakaeducationboard.gov.bd
==================================================
[*] STARTING NEW DOMAIN: https://manikdhaup.faridpur.gov.bd
==================================================
[+] Domain exhausted. Finishing up: https://manikdhaup.faridpur.gov.bd
==================================================
[*] STARTING NEW DOMAIN: https://bbs.gaibandha.gov.bd
==================================================
[+] Domain exhausted. Finishing up: https://bbs.gaibandha.gov.bd
==================================================
[*] STARTING NEW DOMAIN: https://nesco.godagari.rajshahi.gov.bd
==================================================
[+] Domain exhausted. Finishing up: https://nesco.godagari.rajshahi.gov.bd
==================================================
[*] STARTING NEW DOMAIN: https://deb114350.dhakaeducationboard.gov.bd
==================================================
[+] Domain exhausted. Finishing up: https://deb114350.dhakaeducationboard.gov.bd
==================================================
[*] STARTING NEW DOMAIN: https://psosk.jamalpur.gov.bd
==================================================
[+] Domain exhausted. Finishing up: https://psosk.jamalpur.gov.bd
==================================================
[*] STARTING NEW DOMAIN: https://battajoreup.jamalpur.gov.bd
==================================================
[+] Domain exhausted. Finishing up: https://battajoreup.jamalpur.gov.bd
==================================================
[*] STARTING NEW DOMAIN: https://deb114504.dhakaeducationboard.gov.bd
==================================================
[+] Domain exhausted. Finishing up: https://deb114504.dhakaeducationboard.gov.bd
==================================================
[*] STARTING NEW DOMAIN: https://bgb.satkhira.gov.bd
==================================================
[+] Domain exhausted. Finishing up: https://bgb.satkhira.gov.bd
==================================================
[*] STARTING NEW DOMAIN: https://deb114676.dhakaeducationboard.gov.bd
==================================================
[+] Domain exhausted. Finishing up: https://deb114676.dhakaeducationboard.gov.bd
==================================================
[*] STARTING NEW DOMAIN: https://bmet.barisal.gov.bd
==================================================
[+] Domain exhausted. Finishing up: https://bmet.barisal.gov.bd
==================================================
[*] STARTING NEW DOMAIN: https://bhurungamariup.kurigram.gov.bd
==================================================
[+] Domain exhausted. Finishing up: https://bhurungamariup.kurigram.gov.bd
==================================================
[*] STARTING NEW DOMAIN: https://bpi.gov.bd
==================================================
[+] Domain exhausted. Finishing up: https://bpi.gov.bd
==================================================
[*] STARTING NEW DOMAIN: https://boroshalghorup.comilla.gov.bd
==================================================
[+] Domain exhausted. Finishing up: https://boroshalghorup.comilla.gov.bd
==================================================
[*] STARTING NEW DOMAIN: https://brta.shariatpur.gov.bd
==================================================
[+] Domain exhausted. Finishing up: https://brta.shariatpur.gov.bd
==================================================
[*] STARTING NEW DOMAIN: https://brdb.rajarhat.kurigram.gov.bd
==================================================
[+] Domain exhausted. Finishing up: https://brdb.rajarhat.kurigram.gov.bd
==================================================
[*] STARTING NEW DOMAIN: https://bwdb.portal.gov.bd
==================================================
[+] Domain exhausted. Finishing up: https://bwdb.portal.gov.bd
==================================================
[*] STARTING NEW DOMAIN: https://ces.pwd.gov.bd
==================================================
[+] Domain exhausted. Finishing up: https://ces.pwd.gov.bd
==================================================
[*] STARTING NEW DOMAIN: https://chatalparup.brahmanbaria.gov.bd
==================================================
[+] Domain exhausted. Finishing up: https://chatalparup.brahmanbaria.gov.bd
==================================================
[*] STARTING NEW DOMAIN: https://sundalisthighersecondaryschool.jessoreboard.gov.bd
==================================================
[+] Domain exhausted. Finishing up: https://sundalisthighersecondaryschool.jessoreboard.gov.bd
==================================================
[*] STARTING NEW DOMAIN: https://deb131213.dhakaeducationboard.gov.bd
==================================================
[+] Domain exhausted. Finishing up: https://deb131213.dhakaeducationboard.gov.bd
==================================================
[*] STARTING NEW DOMAIN: https://deb109632.dhakaeducationboard.gov.bd
==================================================
[+] Domain exhausted. Finishing up: https://deb109632.dhakaeducationboard.gov.bd
==================================================
[*] STARTING NEW DOMAIN: https://deb109513.dhakaeducationboard.gov.bd
==================================================
[+] Domain exhausted. Finishing up: https://deb109513.dhakaeducationboard.gov.bd
==================================================
[*] STARTING NEW DOMAIN: https://deb111688.dhakaeducationboard.gov.bd
==================================================
[+] Domain exhausted. Finishing up: https://deb111688.dhakaeducationboard.gov.bd
==================================================
[*] STARTING NEW DOMAIN: https://deb140079.dhakaeducationboard.gov.bd
==================================================
[+] Domain exhausted. Finishing up: https://deb140079.dhakaeducationboard.gov.bd
==================================================
[*] STARTING NEW DOMAIN: https://mail.rajukdhaka.gov.bd
==================================================
[+] Domain exhausted. Finishing up: https://mail.rajukdhaka.gov.bd
==================================================
[*] STARTING NEW DOMAIN: https://dphebzl.barisal.gov.bd
==================================================
[+] Domain exhausted. Finishing up: https://dphebzl.barisal.gov.bd
==================================================
[*] STARTING NEW DOMAIN: https://deb133868.dhakaeducationboard.gov.bd
==================================================
[+] Domain exhausted. Finishing up: https://deb133868.dhakaeducationboard.gov.bd
==================================================
[*] STARTING NEW DOMAIN: https://eed.dhunot.bogra.gov.bd
==================================================
[+] Domain exhausted. Finishing up: https://eed.dhunot.bogra.gov.bd
==================================================
[*] STARTING NEW DOMAIN: https://ebek.kaliakair.gazipur.gov.bd
==================================================
[+] Domain exhausted. Finishing up: https://ebek.kaliakair.gazipur.gov.bd
==================================================
[*] STARTING NEW DOMAIN: https://deb134516.dhakaeducationboard.gov.bd
==================================================
[+] Domain exhausted. Finishing up: https://deb134516.dhakaeducationboard.gov.bd
==================================================
[*] STARTING NEW DOMAIN: https://hed.lalmonirhat.gov.bd
==================================================
[+] Domain exhausted. Finishing up: https://hed.lalmonirhat.gov.bd
==================================================
[*] STARTING NEW DOMAIN: https://deb134195.dhakaeducationboard.gov.bd
==================================================
[+] Domain exhausted. Finishing up: https://deb134195.dhakaeducationboard.gov.bd
==================================================
[*] STARTING NEW DOMAIN: https://mail.dgfp.gov.bd
==================================================
[+] Domain exhausted. Finishing up: https://mail.dgfp.gov.bd
==================================================
[*] STARTING NEW DOMAIN: https://deb134970.dhakaeducationboard.gov.bd
==================================================
[+] Domain exhausted. Finishing up: https://deb134970.dhakaeducationboard.gov.bd
==================================================
[*] STARTING NEW DOMAIN: https://onlinecdc.gso.gov.bd
==================================================
[+] Domain exhausted. Finishing up: https://onlinecdc.gso.gov.bd
==================================================
[*] STARTING NEW DOMAIN: https://deb136837.dhakaeducationboard.gov.bd
==================================================
[+] Domain exhausted. Finishing up: https://deb136837.dhakaeducationboard.gov.bd
==================================================
[*] STARTING NEW DOMAIN: https://deb136617.dhakaeducationboard.gov.bd
==================================================
[+] Domain exhausted. Finishing up: https://deb136617.dhakaeducationboard.gov.bd
==================================================
[*] STARTING NEW DOMAIN: https://uitrce.osmaninagar.sylhet.gov.bd
==================================================
[+] Domain exhausted. Finishing up: https://uitrce.osmaninagar.sylhet.gov.bd
==================================================
[*] STARTING NEW DOMAIN: https://deb137156.dhakaeducationboard.gov.bd
==================================================
[+] Domain exhausted. Finishing up: https://deb137156.dhakaeducationboard.gov.bd
==================================================
[*] STARTING NEW DOMAIN: https://deb137141.dhakaeducationboard.gov.bd
==================================================
[+] Domain exhausted. Finishing up: https://deb137141.dhakaeducationboard.gov.bd
==================================================
[*] STARTING NEW DOMAIN: https://mosharafhossaincollege.jessoreboard.gov.bd
==================================================
[+] Domain exhausted. Finishing up: https://mosharafhossaincollege.jessoreboard.gov.bd
==================================================
[*] STARTING NEW DOMAIN: https://deb137602.dhakaeducationboard.gov.bd
==================================================
[+] Domain exhausted. Finishing up: https://deb137602.dhakaeducationboard.gov.bd
==================================================
[*] STARTING NEW DOMAIN: https://moulaviabdullatifcollege.jessoreboard.gov.bd
==================================================
[+] Domain exhausted. Finishing up: https://moulaviabdullatifcollege.jessoreboard.gov.bd
==================================================
[*] STARTING NEW DOMAIN: https://urc.meghna.comilla.gov.bd
==================================================
[+] Domain exhausted. Finishing up: https://urc.meghna.comilla.gov.bd
==================================================
[*] STARTING NEW DOMAIN: https://urc.kalaroa.satkhira.gov.bd
==================================================
[+] Domain exhausted. Finishing up: https://urc.kalaroa.satkhira.gov.bd
==================================================
[*] STARTING NEW DOMAIN: https://deb137914.dhakaeducationboard.gov.bd
==================================================
[+] Domain exhausted. Finishing up: https://deb137914.dhakaeducationboard.gov.bd
==================================================
[*] STARTING NEW DOMAIN: https://urircharup.chittagong.gov.bd
==================================================
[+] Domain exhausted. Finishing up: https://urircharup.chittagong.gov.bd
==================================================
[*] STARTING NEW DOMAIN: https://sundarpurjuniorsecondaryschool.jessoreboard.gov.bd
==================================================
[+] Domain exhausted. Finishing up: https://sundarpurjuniorsecondaryschool.jessoreboard.gov.bd
==================================================
[*] STARTING NEW DOMAIN: https://waste.ncc.gov.bd
==================================================
[+] Domain exhausted. Finishing up: https://waste.ncc.gov.bd
==================================================
[*] STARTING NEW DOMAIN: https://deb138449.dhakaeducationboard.gov.bd
==================================================
[+] Domain exhausted. Finishing up: https://deb138449.dhakaeducationboard.gov.bd
==================================================
[*] STARTING NEW DOMAIN: https://www.dwa.gov.bd
==================================================
[+] Domain exhausted. Finishing up: https://www.dwa.gov.bd
==================================================
[*] STARTING NEW DOMAIN: https://wzpdcl.chuadanga.gov.bd
==================================================
[+] Domain exhausted. Finishing up: https://wzpdcl.chuadanga.gov.bd
==================================================
[*] STARTING NEW DOMAIN: https://youth.dhaka.gov.bd
==================================================
[+] Domain exhausted. Finishing up: https://youth.dhaka.gov.bd
==================================================
[*] STARTING NEW DOMAIN: https://youth.kaptai.rangamati.gov.bd
==================================================
[+] Domain exhausted. Finishing up: https://youth.kaptai.rangamati.gov.bd
==================================================
[*] STARTING NEW DOMAIN: https://deb138754.dhakaeducationboard.gov.bd
==================================================
[+] Domain exhausted. Finishing up: https://deb138754.dhakaeducationboard.gov.bd
==================================================
[*] STARTING NEW DOMAIN: https://youth.nagarkanda.faridpur.gov.bd
==================================================
[+] Domain exhausted. Finishing up: https://youth.nagarkanda.faridpur.gov.bd
==================================================
[*] STARTING NEW DOMAIN: https://youth.madaripur.gov.bd
==================================================
[+] Domain exhausted. Finishing up: https://youth.madaripur.gov.bd
==================================================
[*] STARTING NEW DOMAIN: https://rhd.narayanganj.gov.bd
==================================================
[+] Domain exhausted. Finishing up: https://rhd.narayanganj.gov.bd
==================================================
[*] STARTING NEW DOMAIN: https://deb139122.dhakaeducationboard.gov.bd
==================================================
[+] Domain exhausted. Finishing up: https://deb139122.dhakaeducationboard.gov.bd
==================================================
[*] STARTING NEW DOMAIN: https://deb190068.dhakaeducationboard.gov.bd
==================================================
[+] Domain exhausted. Finishing up: https://deb190068.dhakaeducationboard.gov.bd
==================================================
[*] STARTING NEW DOMAIN: https://zso.gaibandha.gov.bd
==================================================
[+] Domain exhausted. Finishing up: https://zso.gaibandha.gov.bd
==================================================
[*] STARTING NEW DOMAIN: https://deb140311.dhakaeducationboard.gov.bd
==================================================
[+] Domain exhausted. Finishing up: https://deb140311.dhakaeducationboard.gov.bd
==================================================
[*] STARTING NEW DOMAIN: https://zso.bochaganj.dinajpur.gov.bd
==================================================
[+] Domain exhausted. Finishing up: https://zso.bochaganj.dinajpur.gov.bd
==================================================
[*] STARTING NEW DOMAIN: https://deo.belkuchi.sirajganj.gov.bd
==================================================
[+] Domain exhausted. Finishing up: https://deo.belkuchi.sirajganj.gov.bd
==================================================
[*] STARTING NEW DOMAIN: http://ansarvdp.bokshiganj.jamalpur.gov.bd
==================================================
[+] Domain exhausted. Finishing up: http://ansarvdp.bokshiganj.jamalpur.gov.bd
==================================================
[*] STARTING NEW DOMAIN: https://tiakhaliup.patuakhali.gov.bd
==================================================
[+] Domain exhausted. Finishing up: https://tiakhaliup.patuakhali.gov.bd
==================================================
[*] STARTING NEW DOMAIN: http://deb109088.dhakaeducationboard.gov.bd
==================================================
[+] Domain exhausted. Finishing up: http://deb109088.dhakaeducationboard.gov.bd
==================================================
[*] STARTING NEW DOMAIN: https://deo.sadar.pirojpur.gov.bd
==================================================
[+] Domain exhausted. Finishing up: https://deo.sadar.pirojpur.gov.bd
==================================================
[*] STARTING NEW DOMAIN: http://deb134215.dhakaeducationboard.gov.bd
==================================================
[+] Domain exhausted. Finishing up: http://deb134215.dhakaeducationboard.gov.bd
==================================================
[*] STARTING NEW DOMAIN: https://deo.muladi.barisal.gov.bd
==================================================
[+] Domain exhausted. Finishing up: https://deo.muladi.barisal.gov.bd
==================================================
[*] STARTING NEW DOMAIN: http://dae.chitalmari.bagerhat.gov.bd
==================================================
[+] Domain exhausted. Finishing up: http://dae.chitalmari.bagerhat.gov.bd
==================================================
[*] STARTING NEW DOMAIN: https://dhopadiadarshahighschool.jessoreboard.gov.bd
==================================================
[+] Domain exhausted. Finishing up: https://dhopadiadarshahighschool.jessoreboard.gov.bd
==================================================
[*] STARTING NEW DOMAIN: https://shishuacademy.noakhali.gov.bd
==================================================
[+] Domain exhausted. Finishing up: https://shishuacademy.noakhali.gov.bd
==================================================
[*] STARTING NEW DOMAIN: https://dgnm.gov.bd
==================================================
[+] Domain exhausted. Finishing up: https://dgnm.gov.bd
==================================================
[*] STARTING NEW DOMAIN: https://smp.police.gov.bd
==================================================
[+] Domain exhausted. Finishing up: https://smp.police.gov.bd
==================================================
[*] STARTING NEW DOMAIN: https://bbs.begumganj.noakhali.gov.bd
==================================================
[+] Domain exhausted. Finishing up: https://bbs.begumganj.noakhali.gov.bd
==================================================
[*] STARTING NEW DOMAIN: https://sonaychariup.bandarban.gov.bd
==================================================
[+] Domain exhausted. Finishing up: https://sonaychariup.bandarban.gov.bd
==================================================
[*] STARTING NEW DOMAIN: https://sonod.scc.gov.bd
==================================================
[+] Domain exhausted. Finishing up: https://sonod.scc.gov.bd
==================================================
[*] STARTING NEW DOMAIN: https://lged.shayestaganj.habiganj.gov.bd
==================================================
[+] Domain exhausted. Finishing up: https://lged.shayestaganj.habiganj.gov.bd
==================================================
[*] STARTING NEW DOMAIN: https://sr.kalihati.tangail.gov.bd
==================================================
[+] Domain exhausted. Finishing up: https://sr.kalihati.tangail.gov.bd
==================================================
[*] STARTING NEW DOMAIN: https://dls.bishwambarpur.sunamganj.gov.bd
==================================================
[+] Domain exhausted. Finishing up: https://dls.bishwambarpur.sunamganj.gov.bd
==================================================
[*] STARTING NEW DOMAIN: https://uitrce.dumuria.khulna.gov.bd
==================================================
[+] Domain exhausted. Finishing up: https://uitrce.dumuria.khulna.gov.bd
==================================================
[*] STARTING NEW DOMAIN: https://sr.sherpur.bogra.gov.bd
==================================================
[+] Domain exhausted. Finishing up: https://sr.sherpur.bogra.gov.bd
==================================================
[*] STARTING NEW DOMAIN: https://betarnews.khulna.gov.bd
==================================================
[+] Domain exhausted. Finishing up: https://betarnews.khulna.gov.bd
==================================================
[*] STARTING NEW DOMAIN: https://pio.nachol.chapainawabganj.gov.bd
==================================================
[+] Domain exhausted. Finishing up: https://pio.nachol.chapainawabganj.gov.bd
==================================================
[*] STARTING NEW DOMAIN: https://bbs.sadullapur.gaibandha.gov.bd
==================================================
[+] Domain exhausted. Finishing up: https://bbs.sadullapur.gaibandha.gov.bd
==================================================
[*] STARTING NEW DOMAIN: https://ttc.kurigram.gov.bd
==================================================
[+] Domain exhausted. Finishing up: https://ttc.kurigram.gov.bd
==================================================
[*] STARTING NEW DOMAIN: https://betar.chittagongdiv.gov.bd
==================================================
[+] Domain exhausted. Finishing up: https://betar.chittagongdiv.gov.bd
==================================================
[*] STARTING NEW DOMAIN: https://dls.wazirpur.barisal.gov.bd
==================================================
[+] Domain exhausted. Finishing up: https://dls.wazirpur.barisal.gov.bd
==================================================
[*] STARTING NEW DOMAIN: https://urc.chandanaish.chittagong.gov.bd
==================================================
[+] Domain exhausted. Finishing up: https://urc.chandanaish.chittagong.gov.bd
==================================================
[*] STARTING NEW DOMAIN: https://dnc.khulnadiv.gov.bd
==================================================
[+] Domain exhausted. Finishing up: https://dnc.khulnadiv.gov.bd
==================================================
[*] STARTING NEW DOMAIN: https://bbs.ullapara.sirajganj.gov.bd
==================================================
[+] Domain exhausted. Finishing up: https://bbs.ullapara.sirajganj.gov.bd
==================================================
[*] STARTING NEW DOMAIN: https://doe.mymensinghdiv.gov.bd
==================================================
[+] Domain exhausted. Finishing up: https://doe.mymensinghdiv.gov.bd
==================================================
[*] STARTING NEW DOMAIN: https://urc.indurkani.pirojpur.gov.bd
==================================================
[+] Domain exhausted. Finishing up: https://urc.indurkani.pirojpur.gov.bd
==================================================
[*] STARTING NEW DOMAIN: https://mosharrofhossaincollege.jessoreboard.gov.bd
==================================================
[+] Domain exhausted. Finishing up: https://mosharrofhossaincollege.jessoreboard.gov.bd
==================================================
[*] STARTING NEW DOMAIN: https://mail.btcl.gov.bd
==================================================
[+] Domain exhausted. Finishing up: https://mail.btcl.gov.bd
==================================================
[*] STARTING NEW DOMAIN: https://doict.natore.gov.bd
==================================================
[+] Domain exhausted. Finishing up: https://doict.natore.gov.bd
==================================================
[*] STARTING NEW DOMAIN: https://sca.gopalganj.gov.bd
==================================================
[+] Domain exhausted. Finishing up: https://sca.gopalganj.gov.bd
==================================================
[*] STARTING NEW DOMAIN: https://brdb.mohalchari.khagrachhari.gov.bd
==================================================
[+] Domain exhausted. Finishing up: https://brdb.mohalchari.khagrachhari.gov.bd
==================================================
[*] STARTING NEW DOMAIN: https://doict.sadar.noakhali.gov.bd
==================================================
[+] Domain exhausted. Finishing up: https://doict.sadar.noakhali.gov.bd
==================================================
[*] STARTING NEW DOMAIN: https://pdbf.lalmonirhat.gov.bd
==================================================
[+] Domain exhausted. Finishing up: https://pdbf.lalmonirhat.gov.bd
==================================================
[*] STARTING NEW DOMAIN: https://doj.lalmonirhat.gov.bd
==================================================
[+] Domain exhausted. Finishing up: https://doj.lalmonirhat.gov.bd
==================================================
[*] STARTING NEW DOMAIN: https://dpe.joypurhat.gov.bd
==================================================
[+] Domain exhausted. Finishing up: https://dpe.joypurhat.gov.bd
==================================================
[*] STARTING NEW DOMAIN: https://dpe.companiganj.sylhet.gov.bd
==================================================
[+] Domain exhausted. Finishing up: https://dpe.companiganj.sylhet.gov.bd
==================================================
[*] STARTING NEW DOMAIN: https://bgdcl.gov.bd
==================================================
[+] Domain exhausted. Finishing up: https://bgdcl.gov.bd
==================================================
[*] STARTING NEW DOMAIN: https://brdb.naogaonsadar.naogaon.gov.bd
==================================================
[+] Domain exhausted. Finishing up: https://brdb.naogaonsadar.naogaon.gov.bd
==================================================
[*] STARTING NEW DOMAIN: https://bigc.polytech.gov.bd
==================================================
[+] Domain exhausted. Finishing up: https://bigc.polytech.gov.bd
==================================================
[*] STARTING NEW DOMAIN: https://jadukhalisecondaryschoolandcollege.jessoreboard.gov.bd
==================================================
[+] Domain exhausted. Finishing up: https://jadukhalisecondaryschoolandcollege.jessoreboard.gov.bd
==================================================
[*] STARTING NEW DOMAIN: https://webmail.moa.gov.bd
==================================================
[+] Domain exhausted. Finishing up: https://webmail.moa.gov.bd
==================================================
[*] STARTING NEW DOMAIN: https://sfdf.beanibazar.sylhet.gov.bd
==================================================
[+] Domain exhausted. Finishing up: https://sfdf.beanibazar.sylhet.gov.bd
==================================================
[*] STARTING NEW DOMAIN: https://brdb.habiganj.gov.bd
==================================================
[+] Domain exhausted. Finishing up: https://brdb.habiganj.gov.bd
==================================================
[*] STARTING NEW DOMAIN: https://dphe.singra.natore.gov.bd
==================================================
[+] Domain exhausted. Finishing up: https://dphe.singra.natore.gov.bd
==================================================
[*] STARTING NEW DOMAIN: https://wzpdcl2.jessore.gov.bd
==================================================
[+] Domain exhausted. Finishing up: https://wzpdcl2.jessore.gov.bd
==================================================
[*] STARTING NEW DOMAIN: https://dr.barisal.gov.bd
==================================================
[+] Domain exhausted. Finishing up: https://dr.barisal.gov.bd
==================================================
[*] STARTING NEW DOMAIN: https://sagunasecondaryschool.jessoreboard.gov.bd
==================================================
[+] Domain exhausted. Finishing up: https://sagunasecondaryschool.jessoreboard.gov.bd
==================================================
[*] STARTING NEW DOMAIN: https://dshe.dhakadiv.gov.bd
==================================================
[+] Domain exhausted. Finishing up: https://dshe.dhakadiv.gov.bd
==================================================
[*] STARTING NEW DOMAIN: https://bpc.coxsbazar.gov.bd
==================================================
[+] Domain exhausted. Finishing up: https://bpc.coxsbazar.gov.bd
==================================================
[*] STARTING NEW DOMAIN: https://dss.fulgazi.feni.gov.bd
==================================================
[+] Domain exhausted. Finishing up: https://dss.fulgazi.feni.gov.bd
==================================================
[*] STARTING NEW DOMAIN: https://dss.belkuchi.sirajganj.gov.bd
==================================================
[+] Domain exhausted. Finishing up: https://dss.belkuchi.sirajganj.gov.bd
==================================================
[*] STARTING NEW DOMAIN: https://youth.harirampur.manikganj.gov.bd
==================================================
[+] Domain exhausted. Finishing up: https://youth.harirampur.manikganj.gov.bd
==================================================
[*] STARTING NEW DOMAIN: https://dss.manikchari.khagrachhari.gov.bd
==================================================
[+] Domain exhausted. Finishing up: https://dss.manikchari.khagrachhari.gov.bd
==================================================
[*] STARTING NEW DOMAIN: https://dwa.araihazar.narayanganj.gov.bd
==================================================
[+] Domain exhausted. Finishing up: https://dwa.araihazar.narayanganj.gov.bd
==================================================
[*] STARTING NEW DOMAIN: https://durgahataup.bogra.gov.bd
==================================================
[+] Domain exhausted. Finishing up: https://durgahataup.bogra.gov.bd
==================================================
[*] STARTING NEW DOMAIN: https://dwa.goalanda.rajbari.gov.bd
==================================================
[+] Domain exhausted. Finishing up: https://dwa.goalanda.rajbari.gov.bd
==================================================
[*] STARTING NEW DOMAIN: https://dwa.kushtia.gov.bd
==================================================
[+] Domain exhausted. Finishing up: https://dwa.kushtia.gov.bd
==================================================
[*] STARTING NEW DOMAIN: https://dwa.meherpur.gov.bd
==================================================
[+] Domain exhausted. Finishing up: https://dwa.meherpur.gov.bd
==================================================
[*] STARTING NEW DOMAIN: https://dphe.gov.bd
==================================================
[+] Domain exhausted. Finishing up: https://dphe.gov.bd
==================================================
[*] STARTING NEW DOMAIN: https://ebek.kamolganj.moulvibazar.gov.bd
==================================================
[+] Domain exhausted. Finishing up: https://ebek.kamolganj.moulvibazar.gov.bd
==================================================
[*] STARTING NEW DOMAIN: https://jute.baliakandi.rajbari.gov.bd
==================================================
[+] Domain exhausted. Finishing up: https://jute.baliakandi.rajbari.gov.bd
==================================================
[*] STARTING NEW DOMAIN: https://ec.botiaghata.khulna.gov.bd
==================================================
[+] Domain exhausted. Finishing up: https://ec.botiaghata.khulna.gov.bd
==================================================
[*] STARTING NEW DOMAIN: https://ec.nandail.mymensingh.gov.bd
==================================================
[+] Domain exhausted. Finishing up: https://ec.nandail.mymensingh.gov.bd
==================================================
[*] STARTING NEW DOMAIN: https://ec.pirganj.thakurgaon.gov.bd
==================================================
[+] Domain exhausted. Finishing up: https://ec.pirganj.thakurgaon.gov.bd
==================================================
[*] STARTING NEW DOMAIN: https://ec.sadarsouth.comilla.gov.bd
==================================================
[+] Domain exhausted. Finishing up: https://ec.sadarsouth.comilla.gov.bd
==================================================
[*] STARTING NEW DOMAIN: https://eed.kaliganj.lalmonirhat.gov.bd
==================================================
[+] Domain exhausted. Finishing up: https://eed.kaliganj.lalmonirhat.gov.bd
==================================================
[*] STARTING NEW DOMAIN: https://eed.gomostapur.chapainawabganj.gov.bd
==================================================
[+] Domain exhausted. Finishing up: https://eed.gomostapur.chapainawabganj.gov.bd
==================================================
[*] STARTING NEW DOMAIN: https://eed.naogaon.gov.bd
==================================================
[+] Domain exhausted. Finishing up: https://eed.naogaon.gov.bd
==================================================
[*] STARTING NEW DOMAIN: https://enayetpurbghgirlshighschool.jessoreboard.gov.bd
==================================================
[+] Domain exhausted. Finishing up: https://enayetpurbghgirlshighschool.jessoreboard.gov.bd
==================================================
[*] STARTING NEW DOMAIN: https://zso.madhupur.tangail.gov.bd
==================================================
[+] Domain exhausted. Finishing up: https://zso.madhupur.tangail.gov.bd
==================================================
[*] STARTING NEW DOMAIN: https://urc.baraigram.natore.gov.bd
==================================================
[+] Domain exhausted. Finishing up: https://urc.baraigram.natore.gov.bd
==================================================
[*] STARTING NEW DOMAIN: https://fireservice.assasuni.satkhira.gov.bd
==================================================
[+] Domain exhausted. Finishing up: https://fireservice.assasuni.satkhira.gov.bd
==================================================
[*] STARTING NEW DOMAIN: https://fireservice.mongla.bagerhat.gov.bd
==================================================
[+] Domain exhausted. Finishing up: https://fireservice.mongla.bagerhat.gov.bd
==================================================
[*] STARTING NEW DOMAIN: https://fireservice.rajshahi.gov.bd
==================================================
[+] Domain exhausted. Finishing up: https://fireservice.rajshahi.gov.bd
==================================================
[*] STARTING NEW DOMAIN: https://fisheries.belkuchi.sirajganj.gov.bd
==================================================
[+] Domain exhausted. Finishing up: https://fisheries.belkuchi.sirajganj.gov.bd
==================================================
[*] STARTING NEW DOMAIN: http://cm.emrd.gov.bd
==================================================
[+] Domain exhausted. Finishing up: http://cm.emrd.gov.bd
==================================================
[*] STARTING NEW DOMAIN: https://youth.gournadi.barisal.gov.bd
==================================================
[+] Domain exhausted. Finishing up: https://youth.gournadi.barisal.gov.bd
==================================================
[*] STARTING NEW DOMAIN: https://fisheries.durgapur.rajshahi.gov.bd
==================================================
[+] Domain exhausted. Finishing up: https://fisheries.durgapur.rajshahi.gov.bd
==================================================
[*] STARTING NEW DOMAIN: https://fisheries.rangpursadar.rangpur.gov.bd
==================================================
[+] Domain exhausted. Finishing up: https://fisheries.rangpursadar.rangpur.gov.bd
==================================================
[*] STARTING NEW DOMAIN: https://fisheries.rowangchhari.bandarban.gov.bd
==================================================
[+] Domain exhausted. Finishing up: https://fisheries.rowangchhari.bandarban.gov.bd
==================================================
[*] STARTING NEW DOMAIN: https://fisheries.ullapara.sirajganj.gov.bd
==================================================
[+] Domain exhausted. Finishing up: https://fisheries.ullapara.sirajganj.gov.bd
==================================================
[*] STARTING NEW DOMAIN: http://deb110247.dhakaeducationboard.gov.bd
==================================================
[+] Domain exhausted. Finishing up: http://deb110247.dhakaeducationboard.gov.bd
==================================================
[*] STARTING NEW DOMAIN: https://zso.delduar.tangail.gov.bd
==================================================
[+] Domain exhausted. Finishing up: https://zso.delduar.tangail.gov.bd
==================================================
[*] STARTING NEW DOMAIN: https://food.muktagacha.mymensingh.gov.bd
==================================================
[+] Domain exhausted. Finishing up: https://food.muktagacha.mymensingh.gov.bd
==================================================
[*] STARTING NEW DOMAIN: https://food.osmaninagar.sylhet.gov.bd
==================================================
[+] Domain exhausted. Finishing up: https://food.osmaninagar.sylhet.gov.bd
==================================================
[*] STARTING NEW DOMAIN: https://forest.joypurhat.gov.bd
==================================================
[+] Domain exhausted. Finishing up: https://forest.joypurhat.gov.bd
==================================================
[*] STARTING NEW DOMAIN: https://forest.madhupur.tangail.gov.bd
==================================================
[+] Domain exhausted. Finishing up: https://forest.madhupur.tangail.gov.bd
==================================================
[*] STARTING NEW DOMAIN: https://forest.panchagarh.gov.bd
==================================================
[+] Domain exhausted. Finishing up: https://forest.panchagarh.gov.bd
==================================================
[*] STARTING NEW DOMAIN: https://form.bfa.gov.bd
==================================================
[+] Domain exhausted. Finishing up: https://form.bfa.gov.bd
==================================================
[*] STARTING NEW DOMAIN: https://fpo.nachol.chapainawabganj.gov.bd
==================================================
[+] Domain exhausted. Finishing up: https://fpo.nachol.chapainawabganj.gov.bd
==================================================
[*] STARTING NEW DOMAIN: https://fpo.kishorganj.nilphamari.gov.bd
==================================================
[+] Domain exhausted. Finishing up: https://fpo.kishorganj.nilphamari.gov.bd
==================================================
[*] STARTING NEW DOMAIN: https://fpo.terokhada.khulna.gov.bd
==================================================
[+] Domain exhausted. Finishing up: https://fpo.terokhada.khulna.gov.bd
==================================================
[*] STARTING NEW DOMAIN: https://fsmf.sadar.faridpur.gov.bd
==================================================
[+] Domain exhausted. Finishing up: https://fsmf.sadar.faridpur.gov.bd
==================================================
[*] STARTING NEW DOMAIN: https://gilatalasecondaryschoolphultala.jessoreboard.gov.bd
==================================================
[+] Domain exhausted. Finishing up: https://gilatalasecondaryschoolphultala.jessoreboard.gov.bd
==================================================
[*] STARTING NEW DOMAIN: https://gtcollegetalsar.jessoreboard.gov.bd
==================================================
[+] Domain exhausted. Finishing up: https://gtcollegetalsar.jessoreboard.gov.bd
==================================================
[*] STARTING NEW DOMAIN: https://so.begumganj.noakhali.gov.bd
==================================================
[+] Domain exhausted. Finishing up: https://so.begumganj.noakhali.gov.bd
==================================================
[*] STARTING NEW DOMAIN: https://haimcharup.chandpur.gov.bd
==================================================
[+] Domain exhausted. Finishing up: https://haimcharup.chandpur.gov.bd
==================================================
[*] STARTING NEW DOMAIN: https://handloon.bandarban.gov.bd
==================================================
[+] Domain exhausted. Finishing up: https://handloon.bandarban.gov.bd
==================================================
[*] STARTING NEW DOMAIN: https://soamol3.dhaka.gov.bd
==================================================
[+] Domain exhausted. Finishing up: https://soamol3.dhaka.gov.bd
==================================================
[*] STARTING NEW DOMAIN: https://hcu.portal.gov.bd
==================================================
[+] Domain exhausted. Finishing up: https://hcu.portal.gov.bd
==================================================
[*] STARTING NEW DOMAIN: https://hed.dhaka.gov.bd
==================================================
[+] Domain exhausted. Finishing up: https://hed.dhaka.gov.bd
==================================================
[*] STARTING NEW DOMAIN: https://health.monpura.bhola.gov.bd
==================================================
[+] Domain exhausted. Finishing up: https://health.monpura.bhola.gov.bd
==================================================
[*] STARTING NEW DOMAIN: https://hrwt.narsingdi.gov.bd
==================================================
[+] Domain exhausted. Finishing up: https://hrwt.narsingdi.gov.bd
==================================================
[*] STARTING NEW DOMAIN: https://hpt1.betar.gov.bd
==================================================
[+] Domain exhausted. Finishing up: https://hpt1.betar.gov.bd
==================================================
[*] STARTING NEW DOMAIN: https://hospital.lakshmipur.gov.bd
==================================================
[+] Domain exhausted. Finishing up: https://hospital.lakshmipur.gov.bd
==================================================
[*] STARTING NEW DOMAIN: https://iras.brri.gov.bd
==================================================
[+] Domain exhausted. Finishing up: https://iras.brri.gov.bd
==================================================
[*] STARTING NEW DOMAIN: https://info.shariatpur.gov.bd
==================================================
[+] Domain exhausted. Finishing up: https://info.shariatpur.gov.bd
==================================================
[*] STARTING NEW DOMAIN: https://iviei.lakshmipur.gov.bd
==================================================
[+] Domain exhausted. Finishing up: https://iviei.lakshmipur.gov.bd
==================================================
[*] STARTING NEW DOMAIN: https://itnaup.narail.gov.bd
==================================================
[+] Domain exhausted. Finishing up: https://itnaup.narail.gov.bd
==================================================
[*] STARTING NEW DOMAIN: https://jattc.jessore.gov.bd
==================================================
[+] Domain exhausted. Finishing up: https://jattc.jessore.gov.bd
==================================================
[*] STARTING NEW DOMAIN: https://jms.brahmanbaria.gov.bd
==================================================
[+] Domain exhausted. Finishing up: https://jms.brahmanbaria.gov.bd
==================================================
[*] STARTING NEW DOMAIN: https://jumarbariup.gaibandha.gov.bd
==================================================
[+] Domain exhausted. Finishing up: https://jumarbariup.gaibandha.gov.bd
==================================================
[*] STARTING NEW DOMAIN: https://srbonpara.baraigram.natore.gov.bd
==================================================
[+] Domain exhausted. Finishing up: https://srbonpara.baraigram.natore.gov.bd
==================================================
[*] STARTING NEW DOMAIN: https://kazipurcollege.jessoreboard.gov.bd
==================================================
[+] Domain exhausted. Finishing up: https://kazipurcollege.jessoreboard.gov.bd
==================================================
[*] STARTING NEW DOMAIN: https://sspb.mymensingh.gov.bd
==================================================
[+] Domain exhausted. Finishing up: https://sspb.mymensingh.gov.bd
==================================================
[*] STARTING NEW DOMAIN: https://khalsibuniagpbsecondaryschool.jessoreboard.gov.bd
==================================================
[+] Domain exhausted. Finishing up: https://khalsibuniagpbsecondaryschool.jessoreboard.gov.bd
==================================================
[*] STARTING NEW DOMAIN: https://kusumpuraup.chittagong.gov.bd
==================================================
[+] Domain exhausted. Finishing up: https://kusumpuraup.chittagong.gov.bd
==================================================
[*] STARTING NEW DOMAIN: https://ktmsecondaryschool.jessoreboard.gov.bd
==================================================
[+] Domain exhausted. Finishing up: https://ktmsecondaryschool.jessoreboard.gov.bd
==================================================
[*] STARTING NEW DOMAIN: https://lged.birampur.dinajpur.gov.bd
==================================================
[+] Domain exhausted. Finishing up: https://lged.birampur.dinajpur.gov.bd
==================================================
[*] STARTING NEW DOMAIN: https://lged.dhaka.gov.bd
==================================================
[+] Domain exhausted. Finishing up: https://lged.dhaka.gov.bd
==================================================
[*] STARTING NEW DOMAIN: https://lged.pangsa.rajbari.gov.bd
==================================================
[+] Domain exhausted. Finishing up: https://lged.pangsa.rajbari.gov.bd
==================================================
[*] STARTING NEW DOMAIN: https://lged.nandail.mymensingh.gov.bd
==================================================
[+] Domain exhausted. Finishing up: https://lged.nandail.mymensingh.gov.bd
==================================================
[*] STARTING NEW DOMAIN: https://taxeszone3dhaka.gov.bd
==================================================
[+] Domain exhausted. Finishing up: https://taxeszone3dhaka.gov.bd
==================================================
[*] STARTING NEW DOMAIN: https://lged.shibganj.chapainawabganj.gov.bd
==================================================
[+] Domain exhausted. Finishing up: https://lged.shibganj.chapainawabganj.gov.bd
==================================================
[*] STARTING NEW DOMAIN: https://mahadanup.jamalpur.gov.bd
==================================================
[+] Domain exhausted. Finishing up: https://mahadanup.jamalpur.gov.bd
==================================================
[*] STARTING NEW DOMAIN: https://titudahsecondaryschool.jessoreboard.gov.bd
==================================================
[+] Domain exhausted. Finishing up: https://titudahsecondaryschool.jessoreboard.gov.bd
==================================================
[*] STARTING NEW DOMAIN: https://mail.bnmc.gov.bd
==================================================
[+] Domain exhausted. Finishing up: https://mail.bnmc.gov.bd
==================================================
[*] STARTING NEW DOMAIN: https://mail.hajoffice.gov.bd
==================================================
[+] Domain exhausted. Finishing up: https://mail.hajoffice.gov.bd
==================================================
[*] STARTING NEW DOMAIN: https://maischariup.khagrachhari.gov.bd
==================================================
[+] Domain exhausted. Finishing up: https://maischariup.khagrachhari.gov.bd
==================================================
[*] STARTING NEW DOMAIN: https://matlabsouth.chandpur.gov.bd
==================================================
[+] Domain exhausted. Finishing up: https://matlabsouth.chandpur.gov.bd
==================================================
[*] STARTING NEW DOMAIN: https://mohpw.gov.bd
==================================================
[+] Domain exhausted. Finishing up: https://mohpw.gov.bd
==================================================
[*] STARTING NEW DOMAIN: https://mohanpurup.chandpur.gov.bd
==================================================
[+] Domain exhausted. Finishing up: https://mohanpurup.chandpur.gov.bd
==================================================
[*] STARTING NEW DOMAIN: https://munshiganj.gov.bd
==================================================
[+] Domain exhausted. Finishing up: https://munshiganj.gov.bd
==================================================
[*] STARTING NEW DOMAIN: https://trcdv.barisal.gov.bd
==================================================
[+] Domain exhausted. Finishing up: https://trcdv.barisal.gov.bd
==================================================
[*] STARTING NEW DOMAIN: https://neir.btrc.gov.bd
==================================================
[+] Domain exhausted. Finishing up: https://neir.btrc.gov.bd
==================================================
[*] STARTING NEW DOMAIN: https://nayanagarup.jamalpur.gov.bd
==================================================
[+] Domain exhausted. Finishing up: https://nayanagarup.jamalpur.gov.bd
==================================================
[*] STARTING NEW DOMAIN: https://nkkf.gov.bd
==================================================
[+] Domain exhausted. Finishing up: https://nkkf.gov.bd
==================================================
[*] STARTING NEW DOMAIN: https://nijparaup.dinajpur.gov.bd
==================================================
[+] Domain exhausted. Finishing up: https://nijparaup.dinajpur.gov.bd
==================================================
[*] STARTING NEW DOMAIN: https://pabna.ccie.gov.bd
==================================================
[+] Domain exhausted. Finishing up: https://pabna.ccie.gov.bd
==================================================
[*] STARTING NEW DOMAIN: https://sr.zakiganj.sylhet.gov.bd
==================================================
[+] Domain exhausted. Finishing up: https://sr.zakiganj.sylhet.gov.bd
==================================================
[*] STARTING NEW DOMAIN: https://pangsa.rajbari.gov.bd
==================================================
[+] Domain exhausted. Finishing up: https://pangsa.rajbari.gov.bd
==================================================
[*] STARTING NEW DOMAIN: https://totthoapa.alikadam.bandarban.gov.bd
==================================================
[+] Domain exhausted. Finishing up: https://totthoapa.alikadam.bandarban.gov.bd
==================================================
[*] STARTING NEW DOMAIN: https://trishalup.mymensingh.gov.bd
==================================================
[+] Domain exhausted. Finishing up: https://trishalup.mymensingh.gov.bd
==================================================
[*] STARTING NEW DOMAIN: https://ucdo1.khagrachhari.gov.bd
==================================================
[+] Domain exhausted. Finishing up: https://ucdo1.khagrachhari.gov.bd
==================================================
[*] STARTING NEW DOMAIN: https://pio.naria.shariatpur.gov.bd
==================================================
[+] Domain exhausted. Finishing up: https://pio.naria.shariatpur.gov.bd
==================================================
[*] STARTING NEW DOMAIN: https://po.sherpur.gov.bd
==================================================
[+] Domain exhausted. Finishing up: https://po.sherpur.gov.bd
==================================================
[*] STARTING NEW DOMAIN: https://po.jhenaidah.gov.bd
==================================================
[+] Domain exhausted. Finishing up: https://po.jhenaidah.gov.bd
==================================================
[*] STARTING NEW DOMAIN: https://police.kalaroa.satkhira.gov.bd
==================================================
[+] Domain exhausted. Finishing up: https://police.kalaroa.satkhira.gov.bd
==================================================
[*] STARTING NEW DOMAIN: https://police.islampur.jamalpur.gov.bd
==================================================
[+] Domain exhausted. Finishing up: https://police.islampur.jamalpur.gov.bd
==================================================
[*] STARTING NEW DOMAIN: https://police.parbatipur.dinajpur.gov.bd
==================================================
[+] Domain exhausted. Finishing up: https://police.parbatipur.dinajpur.gov.bd
==================================================
[*] STARTING NEW DOMAIN: https://police.sunamganj.gov.bd
==================================================
[+] Domain exhausted. Finishing up: https://police.sunamganj.gov.bd
==================================================
[*] STARTING NEW DOMAIN: https://post.magura.gov.bd
==================================================
[+] Domain exhausted. Finishing up: https://post.magura.gov.bd
==================================================
[*] STARTING NEW DOMAIN: https://post.pirganj.thakurgaon.gov.bd
==================================================
[+] Domain exhausted. Finishing up: https://post.pirganj.thakurgaon.gov.bd
==================================================
[*] STARTING NEW DOMAIN: https://post.pabnasadar.pabna.gov.bd
==================================================
[+] Domain exhausted. Finishing up: https://post.pabnasadar.pabna.gov.bd
==================================================
[*] STARTING NEW DOMAIN: https://pozip.karnafuli.chittagong.gov.bd
==================================================
[+] Domain exhausted. Finishing up: https://pozip.karnafuli.chittagong.gov.bd
==================================================
[*] STARTING NEW DOMAIN: https://ppi.pabna.gov.bd
==================================================
[+] Domain exhausted. Finishing up: https://ppi.pabna.gov.bd
==================================================
[*] STARTING NEW DOMAIN: https://prisonkashim2.gazipur.gov.bd
==================================================
[+] Domain exhausted. Finishing up: https://prisonkashim2.gazipur.gov.bd
==================================================
[*] STARTING NEW DOMAIN: https://pti.jhalakathi.gov.bd
==================================================
[+] Domain exhausted. Finishing up: https://pti.jhalakathi.gov.bd
==================================================
[*] STARTING NEW DOMAIN: https://pttc.khulna.gov.bd
==================================================
[+] Domain exhausted. Finishing up: https://pttc.khulna.gov.bd
==================================================
[*] STARTING NEW DOMAIN: https://railway.gov.bd
==================================================
[+] Domain exhausted. Finishing up: https://railway.gov.bd
==================================================
[*] STARTING NEW DOMAIN: https://pwdmetro.dhaka.gov.bd
==================================================
[+] Domain exhausted. Finishing up: https://pwdmetro.dhaka.gov.bd
==================================================
[*] STARTING NEW DOMAIN: https://rauthgaonup.moulvibazar.gov.bd
==================================================
[+] Domain exhausted. Finishing up: https://rauthgaonup.moulvibazar.gov.bd
==================================================
[*] STARTING NEW DOMAIN: https://rangpurkalitalasecondaryschool.jessoreboard.gov.bd
==================================================
[+] Domain exhausted. Finishing up: https://rangpurkalitalasecondaryschool.jessoreboard.gov.bd
==================================================
[*] STARTING NEW DOMAIN: https://rhd.sunamganj.gov.bd
==================================================
[+] Domain exhausted. Finishing up: https://rhd.sunamganj.gov.bd
==================================================
[*] STARTING NEW DOMAIN: https://rmnarail.krishibank.gov.bd
==================================================
[+] Domain exhausted. Finishing up: https://rmnarail.krishibank.gov.bd
==================================================
[*] STARTING NEW DOMAIN: https://sadar.madaripur.gov.bd
==================================================
[+] Domain exhausted. Finishing up: https://sadar.madaripur.gov.bd
==================================================
[*] STARTING NEW DOMAIN: https://mail.finance.gov.bd
==================================================
[+] Domain exhausted. Finishing up: https://mail.finance.gov.bd
==================================================
[*] STARTING NEW DOMAIN: https://lged.jamalpur.gov.bd
==================================================
[+] Domain exhausted. Finishing up: https://lged.jamalpur.gov.bd
==================================================
[*] STARTING NEW DOMAIN: https://pakuriaup.rajshahi.gov.bd
==================================================
[+] Domain exhausted. Finishing up: https://pakuriaup.rajshahi.gov.bd
==================================================
[*] STARTING NEW DOMAIN: https://sr.karimgonj.kishoreganj.gov.bd
==================================================
[+] Domain exhausted. Finishing up: https://sr.karimgonj.kishoreganj.gov.bd
==================================================
[*] STARTING NEW DOMAIN: https://bbs.sarail.brahmanbaria.gov.bd
==================================================
[+] Domain exhausted. Finishing up: https://bbs.sarail.brahmanbaria.gov.bd
==================================================
[*] STARTING NEW DOMAIN: https://bkspds.gov.bd
==================================================
[+] Domain exhausted. Finishing up: https://bkspds.gov.bd
==================================================
[*] STARTING NEW DOMAIN: https://central.mofa.gov.bd
==================================================
[+] Domain exhausted. Finishing up: https://central.mofa.gov.bd
==================================================
[*] STARTING NEW DOMAIN: https://cms.bdpost.gov.bd
==================================================
[+] Domain exhausted. Finishing up: https://cms.bdpost.gov.bd
==================================================
[*] STARTING NEW DOMAIN: https://deb114321.dhakaeducationboard.gov.bd
==================================================
[+] Domain exhausted. Finishing up: https://deb114321.dhakaeducationboard.gov.bd
==================================================
[*] STARTING NEW DOMAIN: https://doict.senbug.noakhali.gov.bd
==================================================
[+] Domain exhausted. Finishing up: https://doict.senbug.noakhali.gov.bd
==================================================
[*] STARTING NEW DOMAIN: https://food.moheshkhali.coxsbazar.gov.bd
==================================================
[+] Domain exhausted. Finishing up: https://food.moheshkhali.coxsbazar.gov.bd
==================================================
[*] STARTING NEW DOMAIN: https://lged.karimgonj.kishoreganj.gov.bd
==================================================
[+] Domain exhausted. Finishing up: https://lged.karimgonj.kishoreganj.gov.bd
==================================================
[*] STARTING NEW DOMAIN: https://post.sreemangal.moulvibazar.gov.bd
==================================================
[+] Domain exhausted. Finishing up: https://post.sreemangal.moulvibazar.gov.bd
==================================================
[*] STARTING NEW DOMAIN: https://sfntc.magura.gov.bd
==================================================
[+] Domain exhausted. Finishing up: https://sfntc.magura.gov.bd
==================================================
[*] STARTING NEW DOMAIN: https://unitedadarshacollege.jessoreboard.gov.bd
==================================================
[+] Domain exhausted. Finishing up: https://unitedadarshacollege.jessoreboard.gov.bd
==================================================
[*] STARTING NEW DOMAIN: https://urc.dhanbari.tangail.gov.bd
==================================================
[+] Domain exhausted. Finishing up: https://urc.dhanbari.tangail.gov.bd
==================================================
[*] STARTING NEW DOMAIN: https://urc.palash.narsingdi.gov.bd
==================================================
[+] Domain exhausted. Finishing up: https://urc.palash.narsingdi.gov.bd
==================================================
[*] STARTING NEW DOMAIN: https://webmail.iresppw-brdb.gov.bd
==================================================
[+] Domain exhausted. Finishing up: https://webmail.iresppw-brdb.gov.bd
==================================================
[*] STARTING NEW DOMAIN: https://youth.charfesson.bhola.gov.bd
==================================================
[+] Domain exhausted. Finishing up: https://youth.charfesson.bhola.gov.bd
==================================================
[*] STARTING NEW DOMAIN: https://youth.kaliganj.gazipur.gov.bd
==================================================
[+] Domain exhausted. Finishing up: https://youth.kaliganj.gazipur.gov.bd
==================================================
[*] STARTING NEW DOMAIN: https://youth.nazirpur.pirojpur.gov.bd
==================================================
[+] Domain exhausted. Finishing up: https://youth.nazirpur.pirojpur.gov.bd
==================================================
[*] STARTING NEW DOMAIN: https://youth.terokhada.khulna.gov.bd
==================================================
[+] Domain exhausted. Finishing up: https://youth.terokhada.khulna.gov.bd
==================================================
[*] STARTING NEW DOMAIN: https://zso.hakimpur.dinajpur.gov.bd
==================================================
[+] Domain exhausted. Finishing up: https://zso.hakimpur.dinajpur.gov.bd
==================================================
[*] STARTING NEW DOMAIN: http://bashuarysecondaryschool.jessoreboard.gov.bd
==================================================
[+] Domain exhausted. Finishing up: http://bashuarysecondaryschool.jessoreboard.gov.bd
==================================================
[*] STARTING NEW DOMAIN: http://deb107934.dhakaeducationboard.gov.bd
==================================================
[+] Domain exhausted. Finishing up: http://deb107934.dhakaeducationboard.gov.bd
==================================================
[*] STARTING NEW DOMAIN: http://deb114272.dhakaeducationboard.gov.bd
==================================================
[+] Domain exhausted. Finishing up: http://deb114272.dhakaeducationboard.gov.bd
==================================================
[*] STARTING NEW DOMAIN: https://satkhiragovernmentcollege.jessoreboard.gov.bd
==================================================
[+] Domain exhausted. Finishing up: https://satkhiragovernmentcollege.jessoreboard.gov.bd
==================================================
[*] STARTING NEW DOMAIN: https://shurjamoniup.patuakhali.gov.bd
==================================================
[+] Domain exhausted. Finishing up: https://shurjamoniup.patuakhali.gov.bd
==================================================
[*] STARTING NEW DOMAIN: https://smbadc.chapainawabganj.gov.bd
==================================================
[+] Domain exhausted. Finishing up: https://smbadc.chapainawabganj.gov.bd
==================================================
[*] STARTING NEW DOMAIN: https://sonakataup.barguna.gov.bd
==================================================
[+] Domain exhausted. Finishing up: https://sonakataup.barguna.gov.bd
==================================================
[*] STARTING NEW DOMAIN: https://sr.ajmiriganj.habiganj.gov.bd
==================================================
[+] Domain exhausted. Finishing up: https://sr.ajmiriganj.habiganj.gov.bd
==================================================
[*] STARTING NEW DOMAIN: https://sr.kurigramsadar.kurigram.gov.bd
==================================================
[+] Domain exhausted. Finishing up: https://sr.kurigramsadar.kurigram.gov.bd
==================================================
[*] STARTING NEW DOMAIN: https://sr.rampal.bagerhat.gov.bd
==================================================
[+] Domain exhausted. Finishing up: https://sr.rampal.bagerhat.gov.bd
==================================================
[*] STARTING NEW DOMAIN: https://stjosephshighschool.jessoreboard.gov.bd
==================================================
[+] Domain exhausted. Finishing up: https://stjosephshighschool.jessoreboard.gov.bd
==================================================
[*] STARTING NEW DOMAIN: https://sukhariup.netrokona.gov.bd
==================================================
[+] Domain exhausted. Finishing up: https://sukhariup.netrokona.gov.bd
==================================================
[*] STARTING NEW DOMAIN: https://tax.comilla.gov.bd
==================================================
[+] Domain exhausted. Finishing up: https://tax.comilla.gov.bd
==================================================
[*] STARTING NEW DOMAIN: https://thepolestarpourahighschool.jessoreboard.gov.bd
==================================================
[+] Domain exhausted. Finishing up: https://thepolestarpourahighschool.jessoreboard.gov.bd
==================================================
[*] STARTING NEW DOMAIN: https://tolshircharup.jamalpur.gov.bd
==================================================
[+] Domain exhausted. Finishing up: https://tolshircharup.jamalpur.gov.bd
==================================================
[*] STARTING NEW DOMAIN: https://totthoapa.sadar.feni.gov.bd
==================================================
[+] Domain exhausted. Finishing up: https://totthoapa.sadar.feni.gov.bd
==================================================
[*] STARTING NEW DOMAIN: https://ttc.kishoreganj.gov.bd
==================================================
[+] Domain exhausted. Finishing up: https://ttc.kishoreganj.gov.bd
==================================================
[*] STARTING NEW DOMAIN: https://ttc.panchagarh.gov.bd
==================================================
[+] Domain exhausted. Finishing up: https://ttc.panchagarh.gov.bd
==================================================
[*] STARTING NEW DOMAIN: https://uitrce.chhagalnaiya.feni.gov.bd
==================================================
[+] Domain exhausted. Finishing up: https://uitrce.chhagalnaiya.feni.gov.bd
[*] All websites in the text file have been fully crawled! Shutting down.
