[*] Seeds loaded from data/crawled_alive_gov_bd_sites.txt.

🚀 Starting Domain-by-Domain Spider...

==================================================
[*] STARTING NEW DOMAIN: https://deb113440.dhakaeducationboard.gov.bd
==================================================
[+] Domain exhausted. Finishing up: https://deb113440.dhakaeducationboard.gov.bd
==================================================
[*] STARTING NEW DOMAIN: https://deb112331.dhakaeducationboard.gov.bd
==================================================
[+] Domain exhausted. Finishing up: https://deb112331.dhakaeducationboard.gov.bd
==================================================
[*] STARTING NEW DOMAIN: https://pio.chirirbandar.dinajpur.gov.bd
==================================================
[+] Domain exhausted. Finishing up: https://pio.chirirbandar.dinajpur.gov.bd
==================================================
[*] STARTING NEW DOMAIN: https://pdbf.itna.kishoreganj.gov.bd
==================================================
[+] Domain exhausted. Finishing up: https://pdbf.itna.kishoreganj.gov.bd
==================================================
[*] STARTING NEW DOMAIN: https://comilla.gov.bd
==================================================
[+] Domain exhausted. Finishing up: https://comilla.gov.bd
==================================================
[*] STARTING NEW DOMAIN: https://dgda.chuadanga.gov.bd
==================================================
[+] Domain exhausted. Finishing up: https://dgda.chuadanga.gov.bd
==================================================
[*] STARTING NEW DOMAIN: https://benapolcollege.jessoreboard.gov.bd
==================================================
[+] Domain exhausted. Finishing up: https://benapolcollege.jessoreboard.gov.bd
==================================================
[*] STARTING NEW DOMAIN: https://fisheries.mohammadpur.magura.gov.bd
==================================================
[+] Domain exhausted. Finishing up: https://fisheries.mohammadpur.magura.gov.bd
==================================================
[*] STARTING NEW DOMAIN: https://dae.kamarkhand.sirajganj.gov.bd
==================================================
[+] Domain exhausted. Finishing up: https://dae.kamarkhand.sirajganj.gov.bd
==================================================
[*] STARTING NEW DOMAIN: https://dae.patuakhali.gov.bd
==================================================
[+] Domain exhausted. Finishing up: https://dae.patuakhali.gov.bd
==================================================
[*] STARTING NEW DOMAIN: https://dao.banaripara.barisal.gov.bd
==================================================
[+] Domain exhausted. Finishing up: https://dao.banaripara.barisal.gov.bd
==================================================
[*] STARTING NEW DOMAIN: https://doict.katiadi.kishoreganj.gov.bd
==================================================
[+] Domain exhausted. Finishing up: https://doict.katiadi.kishoreganj.gov.bd
==================================================
[*] STARTING NEW DOMAIN: https://fatoabadsr.hathazari.chittagong.gov.bd
==================================================
[+] Domain exhausted. Finishing up: https://fatoabadsr.hathazari.chittagong.gov.bd
==================================================
[*] STARTING NEW DOMAIN: https://dpe.sharsha.jessore.gov.bd
==================================================
[+] Domain exhausted. Finishing up: https://dpe.sharsha.jessore.gov.bd
==================================================
[*] STARTING NEW DOMAIN: https://dao.dhamrai.dhaka.gov.bd
==================================================
[+] Domain exhausted. Finishing up: https://dao.dhamrai.dhaka.gov.bd
==================================================
[*] STARTING NEW DOMAIN: https://chanpurup.narsingdi.gov.bd
==================================================
[+] Domain exhausted. Finishing up: https://chanpurup.narsingdi.gov.bd
==================================================
[*] STARTING NEW DOMAIN: https://dphe.rajbari.gov.bd
==================================================
[+] Domain exhausted. Finishing up: https://dphe.rajbari.gov.bd
==================================================
[*] STARTING NEW DOMAIN: https://deb130698.dhakaeducationboard.gov.bd
==================================================
[+] Domain exhausted. Finishing up: https://deb130698.dhakaeducationboard.gov.bd
==================================================
[*] STARTING NEW DOMAIN: https://jscbd.portal.gov.bd
==================================================
[+] Domain exhausted. Finishing up: https://jscbd.portal.gov.bd
==================================================
[*] STARTING NEW DOMAIN: https://dao.sreepur.gazipur.gov.bd
==================================================
[+] Domain exhausted. Finishing up: https://dao.sreepur.gazipur.gov.bd
==================================================
[*] STARTING NEW DOMAIN: https://care-point.bpdbprepaid.gov.bd
==================================================
[+] Domain exhausted. Finishing up: https://care-point.bpdbprepaid.gov.bd
==================================================
[*] STARTING NEW DOMAIN: https://hetampursecondaryschool.jessoreboard.gov.bd
==================================================
[+] Domain exhausted. Finishing up: https://hetampursecondaryschool.jessoreboard.gov.bd
==================================================
[*] STARTING NEW DOMAIN: https://noarparaup.jamalpur.gov.bd
==================================================
[+] Domain exhausted. Finishing up: https://noarparaup.jamalpur.gov.bd
==================================================
[*] STARTING NEW DOMAIN: https://natp2pmu.portal.gov.bd
==================================================
[+] Domain exhausted. Finishing up: https://natp2pmu.portal.gov.bd
==================================================
[*] STARTING NEW DOMAIN: https://chandrakonaup.sherpur.gov.bd
==================================================
[+] Domain exhausted. Finishing up: https://chandrakonaup.sherpur.gov.bd
==================================================
[*] STARTING NEW DOMAIN: https://panchopollyshoheedziahighschool.jessoreboard.gov.bd
==================================================
[+] Domain exhausted. Finishing up: https://panchopollyshoheedziahighschool.jessoreboard.gov.bd
==================================================
[*] STARTING NEW DOMAIN: https://ec.barisaldiv.gov.bd
==================================================
[+] Domain exhausted. Finishing up: https://ec.barisaldiv.gov.bd
==================================================
[*] STARTING NEW DOMAIN: https://dwa.kamolganj.moulvibazar.gov.bd
==================================================
[+] Domain exhausted. Finishing up: https://dwa.kamolganj.moulvibazar.gov.bd
==================================================
[*] STARTING NEW DOMAIN: https://passport.satkhira.gov.bd
==================================================
[+] Domain exhausted. Finishing up: https://passport.satkhira.gov.bd
==================================================
[*] STARTING NEW DOMAIN: https://ec.panchari.khagrachhari.gov.bd
==================================================
[+] Domain exhausted. Finishing up: https://ec.panchari.khagrachhari.gov.bd
==================================================
[*] STARTING NEW DOMAIN: https://pbs.langadu.rangamati.gov.bd
==================================================
[+] Domain exhausted. Finishing up: https://pbs.langadu.rangamati.gov.bd
==================================================
[*] STARTING NEW DOMAIN: https://pdbf.bogra.gov.bd
==================================================
[+] Domain exhausted. Finishing up: https://pdbf.bogra.gov.bd
==================================================
[*] STARTING NEW DOMAIN: https://urc.sadar.barguna.gov.bd
==================================================
[+] Domain exhausted. Finishing up: https://urc.sadar.barguna.gov.bd
==================================================
[*] STARTING NEW DOMAIN: http://ati.gazipur.gov.bd
==================================================
[+] Domain exhausted. Finishing up: http://ati.gazipur.gov.bd
==================================================
[*] STARTING NEW DOMAIN: https://deo.pabna.gov.bd
==================================================
[+] Domain exhausted. Finishing up: https://deo.pabna.gov.bd
==================================================
[*] STARTING NEW DOMAIN: https://pdbf.naria.shariatpur.gov.bd
==================================================
[+] Domain exhausted. Finishing up: https://pdbf.naria.shariatpur.gov.bd
==================================================
[*] STARTING NEW DOMAIN: https://pdbf.nagarpur.tangail.gov.bd
==================================================
[+] Domain exhausted. Finishing up: https://pdbf.nagarpur.tangail.gov.bd
==================================================
[*] STARTING NEW DOMAIN: https://pio.borhanuddin.bhola.gov.bd
==================================================
[+] Domain exhausted. Finishing up: https://pio.borhanuddin.bhola.gov.bd
==================================================
[*] STARTING NEW DOMAIN: https://food.aditmari.lalmonirhat.gov.bd
==================================================
[+] Domain exhausted. Finishing up: https://food.aditmari.lalmonirhat.gov.bd
==================================================
[*] STARTING NEW DOMAIN: https://fireservice.raigonj.sirajganj.gov.bd
==================================================
[+] Domain exhausted. Finishing up: https://fireservice.raigonj.sirajganj.gov.bd
==================================================
[*] STARTING NEW DOMAIN: https://food.chittagong.gov.bd
==================================================
[+] Domain exhausted. Finishing up: https://food.chittagong.gov.bd
==================================================
[*] STARTING NEW DOMAIN: https://fisharies.parshuram.feni.gov.bd
==================================================
[+] Domain exhausted. Finishing up: https://fisharies.parshuram.feni.gov.bd
==================================================
[*] STARTING NEW DOMAIN: https://khanjapurup.barisal.gov.bd
==================================================
[+] Domain exhausted. Finishing up: https://khanjapurup.barisal.gov.bd
==================================================
[*] STARTING NEW DOMAIN: https://fsmf.trishal.mymensingh.gov.bd
==================================================
[+] Domain exhausted. Finishing up: https://fsmf.trishal.mymensingh.gov.bd
==================================================
[*] STARTING NEW DOMAIN: https://fireservice.santhia.pabna.gov.bd
==================================================
[+] Domain exhausted. Finishing up: https://fireservice.santhia.pabna.gov.bd
==================================================
[*] STARTING NEW DOMAIN: https://urc.singiar.manikganj.gov.bd
==================================================
[+] Domain exhausted. Finishing up: https://urc.singiar.manikganj.gov.bd
==================================================
[*] STARTING NEW DOMAIN: https://sfdf.bera.pabna.gov.bd
==================================================
[+] Domain exhausted. Finishing up: https://sfdf.bera.pabna.gov.bd
==================================================
[*] STARTING NEW DOMAIN: https://wewb.portal.gov.bd
==================================================
[+] Domain exhausted. Finishing up: https://wewb.portal.gov.bd
==================================================
[*] STARTING NEW DOMAIN: https://sheikhparadukhimahmudcollege.jessoreboard.gov.bd
==================================================
[+] Domain exhausted. Finishing up: https://sheikhparadukhimahmudcollege.jessoreboard.gov.bd
==================================================
[*] STARTING NEW DOMAIN: https://fpo.munshiganj.gov.bd
==================================================
[+] Domain exhausted. Finishing up: https://fpo.munshiganj.gov.bd
==================================================
[*] STARTING NEW DOMAIN: https://forest.sadar.noakhali.gov.bd
==================================================
[+] Domain exhausted. Finishing up: https://forest.sadar.noakhali.gov.bd
==================================================
[*] STARTING NEW DOMAIN: https://urc.patgram.lalmonirhat.gov.bd
==================================================
[+] Domain exhausted. Finishing up: https://urc.patgram.lalmonirhat.gov.bd
==================================================
[*] STARTING NEW DOMAIN: https://uitrce.pirgacha.rangpur.gov.bd
==================================================
[+] Domain exhausted. Finishing up: https://uitrce.pirgacha.rangpur.gov.bd
==================================================
[*] STARTING NEW DOMAIN: https://uitrce.ullapara.sirajganj.gov.bd
==================================================
[+] Domain exhausted. Finishing up: https://uitrce.ullapara.sirajganj.gov.bd
==================================================
[*] STARTING NEW DOMAIN: https://ramanandakhajuraup.natore.gov.bd
==================================================
[+] Domain exhausted. Finishing up: https://ramanandakhajuraup.natore.gov.bd
==================================================
[*] STARTING NEW DOMAIN: https://pozip.sitakunda.chittagong.gov.bd
==================================================
[+] Domain exhausted. Finishing up: https://pozip.sitakunda.chittagong.gov.bd
==================================================
[*] STARTING NEW DOMAIN: https://uitrce.mirzapur.tangail.gov.bd
==================================================
[+] Domain exhausted. Finishing up: https://uitrce.mirzapur.tangail.gov.bd
==================================================
[*] STARTING NEW DOMAIN: https://youth.sirajganj.gov.bd
==================================================
[+] Domain exhausted. Finishing up: https://youth.sirajganj.gov.bd
==================================================
[*] STARTING NEW DOMAIN: https://urc.damurhuda.chuadanga.gov.bd
==================================================
[+] Domain exhausted. Finishing up: https://urc.damurhuda.chuadanga.gov.bd
==================================================
[*] STARTING NEW DOMAIN: https://gems.gov.bd
==================================================
[+] Domain exhausted. Finishing up: https://gems.gov.bd
==================================================
[*] STARTING NEW DOMAIN: https://pio.khetlal.joypurhat.gov.bd
==================================================
[+] Domain exhausted. Finishing up: https://pio.khetlal.joypurhat.gov.bd
==================================================
[*] STARTING NEW DOMAIN: https://pio.kotalipara.gopalganj.gov.bd
==================================================
[+] Domain exhausted. Finishing up: https://pio.kotalipara.gopalganj.gov.bd
==================================================
[*] STARTING NEW DOMAIN: https://bbs.bakerganj.barisal.gov.bd
==================================================
[+] Domain exhausted. Finishing up: https://bbs.bakerganj.barisal.gov.bd
==================================================
[*] STARTING NEW DOMAIN: http://deb107929.dhakaeducationboard.gov.bd
==================================================
[+] Domain exhausted. Finishing up: http://deb107929.dhakaeducationboard.gov.bd
==================================================
[*] STARTING NEW DOMAIN: https://cife.portal.gov.bd
==================================================
[+] Domain exhausted. Finishing up: https://cife.portal.gov.bd
==================================================
[*] STARTING NEW DOMAIN: https://ashuganjup.brahmanbaria.gov.bd
==================================================
[+] Domain exhausted. Finishing up: https://ashuganjup.brahmanbaria.gov.bd
==================================================
[*] STARTING NEW DOMAIN: http://dshe.sadar.jhalakathi.gov.bd
==================================================
[+] Domain exhausted. Finishing up: http://dshe.sadar.jhalakathi.gov.bd
==================================================
[*] STARTING NEW DOMAIN: https://seo.dhunot.bogra.gov.bd
==================================================
[+] Domain exhausted. Finishing up: https://seo.dhunot.bogra.gov.bd
==================================================
[*] STARTING NEW DOMAIN: https://dae.atwari.panchagarh.gov.bd
==================================================
[+] Domain exhausted. Finishing up: https://dae.atwari.panchagarh.gov.bd
==================================================
[*] STARTING NEW DOMAIN: https://ramgati.lakshmipur.gov.bd
==================================================
[+] Domain exhausted. Finishing up: https://ramgati.lakshmipur.gov.bd
==================================================
[*] STARTING NEW DOMAIN: https://eastjuriup.moulvibazar.gov.bd
==================================================
[+] Domain exhausted. Finishing up: https://eastjuriup.moulvibazar.gov.bd
==================================================
[*] STARTING NEW DOMAIN: https://deb111398.dhakaeducationboard.gov.bd
==================================================
[+] Domain exhausted. Finishing up: https://deb111398.dhakaeducationboard.gov.bd
==================================================
[*] STARTING NEW DOMAIN: https://bmet.gaibandha.gov.bd
==================================================
[+] Domain exhausted. Finishing up: https://bmet.gaibandha.gov.bd
==================================================
[*] STARTING NEW DOMAIN: https://ebek.joypurhatsadar.joypurhat.gov.bd
==================================================
[+] Domain exhausted. Finishing up: https://ebek.joypurhatsadar.joypurhat.gov.bd
==================================================
[*] STARTING NEW DOMAIN: https://deb110724.dhakaeducationboard.gov.bd
==================================================
[+] Domain exhausted. Finishing up: https://deb110724.dhakaeducationboard.gov.bd
==================================================
[*] STARTING NEW DOMAIN: https://sarbjuniorhighschool.jessoreboard.gov.bd
==================================================
[+] Domain exhausted. Finishing up: https://sarbjuniorhighschool.jessoreboard.gov.bd
==================================================
[*] STARTING NEW DOMAIN: https://psosk.barguna.gov.bd
==================================================
[+] Domain exhausted. Finishing up: https://psosk.barguna.gov.bd
==================================================
[*] STARTING NEW DOMAIN: https://raocumillanorth.krishibank.gov.bd
==================================================
[+] Domain exhausted. Finishing up: https://raocumillanorth.krishibank.gov.bd
==================================================
[*] STARTING NEW DOMAIN: https://ptc.rangpur.gov.bd
==================================================
[+] Domain exhausted. Finishing up: https://ptc.rangpur.gov.bd
==================================================
[*] STARTING NEW DOMAIN: https://daulatpurpilotsecondarygirlsschool.jessoreboard.gov.bd
==================================================
[+] Domain exhausted. Finishing up: https://daulatpurpilotsecondarygirlsschool.jessoreboard.gov.bd
==================================================
[*] STARTING NEW DOMAIN: http://deb107935.dhakaeducationboard.gov.bd
==================================================
[+] Domain exhausted. Finishing up: http://deb107935.dhakaeducationboard.gov.bd
==================================================
[*] STARTING NEW DOMAIN: https://joinborderguard.bgb.gov.bd
==================================================
[+] Domain exhausted. Finishing up: https://joinborderguard.bgb.gov.bd
==================================================
[*] STARTING NEW DOMAIN: https://dss.narayanganj.gov.bd
==================================================
[+] Domain exhausted. Finishing up: https://dss.narayanganj.gov.bd
==================================================
[*] STARTING NEW DOMAIN: https://prottoyon.gov.bd
==================================================
[+] Domain exhausted. Finishing up: https://prottoyon.gov.bd
==================================================
[*] STARTING NEW DOMAIN: https://dshe.muktagacha.mymensingh.gov.bd
==================================================
[+] Domain exhausted. Finishing up: https://dshe.muktagacha.mymensingh.gov.bd
==================================================
[*] STARTING NEW DOMAIN: https://sabedkhansecondaryschool.jessoreboard.gov.bd
==================================================
[+] Domain exhausted. Finishing up: https://sabedkhansecondaryschool.jessoreboard.gov.bd
==================================================
[*] STARTING NEW DOMAIN: https://pdbf.ghoraghat.dinajpur.gov.bd
==================================================
[+] Domain exhausted. Finishing up: https://pdbf.ghoraghat.dinajpur.gov.bd
==================================================
[*] STARTING NEW DOMAIN: https://tgwc.portal.gov.bd
==================================================
[+] Domain exhausted. Finishing up: https://tgwc.portal.gov.bd
==================================================
[*] STARTING NEW DOMAIN: https://brdb.sadarsouth.comilla.gov.bd
==================================================
[+] Domain exhausted. Finishing up: https://brdb.sadarsouth.comilla.gov.bd
==================================================
[*] STARTING NEW DOMAIN: https://shmrmi.gov.bd
==================================================
[+] Domain exhausted. Finishing up: https://shmrmi.gov.bd
==================================================
[*] STARTING NEW DOMAIN: https://prisonfemale.gazipur.gov.bd
==================================================
[+] Domain exhausted. Finishing up: https://prisonfemale.gazipur.gov.bd
==================================================
[*] STARTING NEW DOMAIN: https://ansarvdp.sylhetdiv.gov.bd
==================================================
[+] Domain exhausted. Finishing up: https://ansarvdp.sylhetdiv.gov.bd
==================================================
[*] STARTING NEW DOMAIN: http://dls.fulbaria.mymensingh.gov.bd
==================================================
[+] Domain exhausted. Finishing up: http://dls.fulbaria.mymensingh.gov.bd
==================================================
[*] STARTING NEW DOMAIN: https://dwa.agailjhara.barisal.gov.bd
==================================================
[+] Domain exhausted. Finishing up: https://dwa.agailjhara.barisal.gov.bd
==================================================
[*] STARTING NEW DOMAIN: https://brdb.rangunia.chittagong.gov.bd
==================================================
[+] Domain exhausted. Finishing up: https://brdb.rangunia.chittagong.gov.bd
==================================================
[*] STARTING NEW DOMAIN: https://dae.muksudpur.gopalganj.gov.bd
==================================================
[+] Domain exhausted. Finishing up: https://dae.muksudpur.gopalganj.gov.bd
==================================================
[*] STARTING NEW DOMAIN: https://eed.domar.nilphamari.gov.bd
==================================================
[+] Domain exhausted. Finishing up: https://eed.domar.nilphamari.gov.bd
==================================================
[*] STARTING NEW DOMAIN: https://eed.mithapukur.rangpur.gov.bd
==================================================
[+] Domain exhausted. Finishing up: https://eed.mithapukur.rangpur.gov.bd
==================================================
[*] STARTING NEW DOMAIN: https://deb113490.dhakaeducationboard.gov.bd
==================================================
[+] Domain exhausted. Finishing up: https://deb113490.dhakaeducationboard.gov.bd
==================================================
[*] STARTING NEW DOMAIN: https://ansarvdp.hizla.barisal.gov.bd
==================================================
[+] Domain exhausted. Finishing up: https://ansarvdp.hizla.barisal.gov.bd
==================================================
[*] STARTING NEW DOMAIN: https://dss.kalukhali.rajbari.gov.bd
==================================================
[+] Domain exhausted. Finishing up: https://dss.kalukhali.rajbari.gov.bd
==================================================
[*] STARTING NEW DOMAIN: https://bhomradahaup.thakurgaon.gov.bd
==================================================
[+] Domain exhausted. Finishing up: https://bhomradahaup.thakurgaon.gov.bd
==================================================
[*] STARTING NEW DOMAIN: https://dae.faridpur.pabna.gov.bd
==================================================
[+] Domain exhausted. Finishing up: https://dae.faridpur.pabna.gov.bd
==================================================
[*] STARTING NEW DOMAIN: https://publiclibrary.dewangonj.jamalpur.gov.bd
==================================================
[+] Domain exhausted. Finishing up: https://publiclibrary.dewangonj.jamalpur.gov.bd
==================================================
[*] STARTING NEW DOMAIN: https://deb112510.dhakaeducationboard.gov.bd
==================================================
[+] Domain exhausted. Finishing up: https://deb112510.dhakaeducationboard.gov.bd
==================================================
[*] STARTING NEW DOMAIN: https://coop.nokla.sherpur.gov.bd
==================================================
[+] Domain exhausted. Finishing up: https://coop.nokla.sherpur.gov.bd
==================================================
[*] STARTING NEW DOMAIN: https://dae.dharmapasha.sunamganj.gov.bd
==================================================
[+] Domain exhausted. Finishing up: https://dae.dharmapasha.sunamganj.gov.bd
==================================================
[*] STARTING NEW DOMAIN: https://chandparasecondaryschool.jessoreboard.gov.bd
==================================================
[+] Domain exhausted. Finishing up: https://chandparasecondaryschool.jessoreboard.gov.bd
==================================================
[*] STARTING NEW DOMAIN: https://aimacharaup.rangamati.gov.bd
==================================================
[+] Domain exhausted. Finishing up: https://aimacharaup.rangamati.gov.bd
==================================================
[*] STARTING NEW DOMAIN: https://dwa.atghoria.pabna.gov.bd
==================================================
[+] Domain exhausted. Finishing up: https://dwa.atghoria.pabna.gov.bd
==================================================
[*] STARTING NEW DOMAIN: https://deb109075.dhakaeducationboard.gov.bd
==================================================
[+] Domain exhausted. Finishing up: https://deb109075.dhakaeducationboard.gov.bd
==================================================
[*] STARTING NEW DOMAIN: http://ajhsecondarygirlsschool.jessoreboard.gov.bd
==================================================
[+] Domain exhausted. Finishing up: http://ajhsecondarygirlsschool.jessoreboard.gov.bd
==================================================
[*] STARTING NEW DOMAIN: https://coop.ghoraghat.dinajpur.gov.bd
==================================================
[+] Domain exhausted. Finishing up: https://coop.ghoraghat.dinajpur.gov.bd
==================================================
[*] STARTING NEW DOMAIN: https://deb109733.dhakaeducationboard.gov.bd
==================================================
[+] Domain exhausted. Finishing up: https://deb109733.dhakaeducationboard.gov.bd
==================================================
[*] STARTING NEW DOMAIN: https://deb113992.dhakaeducationboard.gov.bd
==================================================
[+] Domain exhausted. Finishing up: https://deb113992.dhakaeducationboard.gov.bd
==================================================
[*] STARTING NEW DOMAIN: https://sr.bauphal.patuakhali.gov.bd
==================================================
[+] Domain exhausted. Finishing up: https://sr.bauphal.patuakhali.gov.bd
==================================================
[*] STARTING NEW DOMAIN: https://dnc.rajshahi.gov.bd
==================================================
[+] Domain exhausted. Finishing up: https://dnc.rajshahi.gov.bd
==================================================
[*] STARTING NEW DOMAIN: https://deb112238.dhakaeducationboard.gov.bd
==================================================
[+] Domain exhausted. Finishing up: https://deb112238.dhakaeducationboard.gov.bd
==================================================
[*] STARTING NEW DOMAIN: https://pwdta.gov.bd
==================================================
[+] Domain exhausted. Finishing up: https://pwdta.gov.bd
==================================================
[*] STARTING NEW DOMAIN: https://dae.ashuganj.brahmanbaria.gov.bd
==================================================
[+] Domain exhausted. Finishing up: https://dae.ashuganj.brahmanbaria.gov.bd
==================================================
[*] STARTING NEW DOMAIN: https://dakhinbhurshiup.chittagong.gov.bd
==================================================
[+] Domain exhausted. Finishing up: https://dakhinbhurshiup.chittagong.gov.bd
==================================================
[*] STARTING NEW DOMAIN: http://payroll.minland.gov.bd
==================================================
[+] Domain exhausted. Finishing up: http://payroll.minland.gov.bd
==================================================
[*] STARTING NEW DOMAIN: https://dss.shalikha.magura.gov.bd
==================================================
[+] Domain exhausted. Finishing up: https://dss.shalikha.magura.gov.bd
==================================================
[*] STARTING NEW DOMAIN: https://btcl.brahmanbaria.gov.bd
==================================================
[+] Domain exhausted. Finishing up: https://btcl.brahmanbaria.gov.bd
==================================================
[*] STARTING NEW DOMAIN: https://doe.habiganj.gov.bd
==================================================
[+] Domain exhausted. Finishing up: https://doe.habiganj.gov.bd
==================================================
[*] STARTING NEW DOMAIN: https://dss.sreemangal.moulvibazar.gov.bd
==================================================
[+] Domain exhausted. Finishing up: https://dss.sreemangal.moulvibazar.gov.bd
==================================================
[*] STARTING NEW DOMAIN: https://deb114533.dhakaeducationboard.gov.bd
==================================================
[+] Domain exhausted. Finishing up: https://deb114533.dhakaeducationboard.gov.bd
==================================================
[*] STARTING NEW DOMAIN: https://dss.moulvibazar.gov.bd
==================================================
[+] Domain exhausted. Finishing up: https://dss.moulvibazar.gov.bd
==================================================
[*] STARTING NEW DOMAIN: https://dao.hossainpur.kishoreganj.gov.bd
==================================================
[+] Domain exhausted. Finishing up: https://dao.hossainpur.kishoreganj.gov.bd
==================================================
[*] STARTING NEW DOMAIN: https://deb112716.dhakaeducationboard.gov.bd
==================================================
[+] Domain exhausted. Finishing up: https://deb112716.dhakaeducationboard.gov.bd
==================================================
[*] STARTING NEW DOMAIN: https://post.pakundia.kishoreganj.gov.bd
==================================================
[+] Domain exhausted. Finishing up: https://post.pakundia.kishoreganj.gov.bd
==================================================
[*] STARTING NEW DOMAIN: https://dao.gaibandha.gov.bd
==================================================
[+] Domain exhausted. Finishing up: https://dao.gaibandha.gov.bd
==================================================
[*] STARTING NEW DOMAIN: https://bbs.hatia.noakhali.gov.bd
==================================================
[+] Domain exhausted. Finishing up: https://bbs.hatia.noakhali.gov.bd
==================================================
[*] STARTING NEW DOMAIN: https://eed.harirampur.manikganj.gov.bd
==================================================
[+] Domain exhausted. Finishing up: https://eed.harirampur.manikganj.gov.bd
==================================================
[*] STARTING NEW DOMAIN: https://cooparative.nalchity.jhalakathi.gov.bd
==================================================
[+] Domain exhausted. Finishing up: https://cooparative.nalchity.jhalakathi.gov.bd
==================================================
[*] STARTING NEW DOMAIN: https://dnc.panchagarh.gov.bd
==================================================
[+] Domain exhausted. Finishing up: https://dnc.panchagarh.gov.bd
==================================================
[*] STARTING NEW DOMAIN: https://pbs.shibaloy.manikganj.gov.bd
==================================================
[+] Domain exhausted. Finishing up: https://pbs.shibaloy.manikganj.gov.bd
==================================================
[*] STARTING NEW DOMAIN: https://cooparative.daulatpur.manikganj.gov.bd
==================================================
[+] Domain exhausted. Finishing up: https://cooparative.daulatpur.manikganj.gov.bd
==================================================
[*] STARTING NEW DOMAIN: https://sangdiaadarshajuniorhighsecondary.jessoreboard.gov.bd
==================================================
[+] Domain exhausted. Finishing up: https://sangdiaadarshajuniorhighsecondary.jessoreboard.gov.bd
==================================================
[*] STARTING NEW DOMAIN: https://baniachong.habiganj.gov.bd
==================================================
[+] Domain exhausted. Finishing up: https://baniachong.habiganj.gov.bd
==================================================
[*] STARTING NEW DOMAIN: https://fpo.dhanbari.tangail.gov.bd
==================================================
[+] Domain exhausted. Finishing up: https://fpo.dhanbari.tangail.gov.bd
==================================================
[*] STARTING NEW DOMAIN: https://dao.chandanaish.chittagong.gov.bd
==================================================
[+] Domain exhausted. Finishing up: https://dao.chandanaish.chittagong.gov.bd
==================================================
[*] STARTING NEW DOMAIN: https://deb110854.dhakaeducationboard.gov.bd
==================================================
[+] Domain exhausted. Finishing up: https://deb110854.dhakaeducationboard.gov.bd
==================================================
[*] STARTING NEW DOMAIN: https://fpo.barisalsadar.barisal.gov.bd
==================================================
[+] Domain exhausted. Finishing up: https://fpo.barisalsadar.barisal.gov.bd
==================================================
[*] STARTING NEW DOMAIN: https://jamalganjnorthup.sunamganj.gov.bd
==================================================
[+] Domain exhausted. Finishing up: https://jamalganjnorthup.sunamganj.gov.bd
==================================================
[*] STARTING NEW DOMAIN: https://dam.moulvibazar.gov.bd
==================================================
[+] Domain exhausted. Finishing up: https://dam.moulvibazar.gov.bd
==================================================
[*] STARTING NEW DOMAIN: https://shibpur.narsingdi.gov.bd
==================================================
[+] Domain exhausted. Finishing up: https://shibpur.narsingdi.gov.bd
==================================================
[*] STARTING NEW DOMAIN: https://gangarampursecondarygirlsschool.jessoreboard.gov.bd
==================================================
[+] Domain exhausted. Finishing up: https://gangarampursecondarygirlsschool.jessoreboard.gov.bd
==================================================
[*] STARTING NEW DOMAIN: https://deb112137.dhakaeducationboard.gov.bd
==================================================
[+] Domain exhausted. Finishing up: https://deb112137.dhakaeducationboard.gov.bd
==================================================
[*] STARTING NEW DOMAIN: https://pbs.damudya.shariatpur.gov.bd
==================================================
[+] Domain exhausted. Finishing up: https://pbs.damudya.shariatpur.gov.bd
==================================================
[*] STARTING NEW DOMAIN: https://cooparative.fatikchhari.chittagong.gov.bd
==================================================
[+] Domain exhausted. Finishing up: https://cooparative.fatikchhari.chittagong.gov.bd
==================================================
[*] STARTING NEW DOMAIN: https://doict.thanchi.bandarban.gov.bd
==================================================
[+] Domain exhausted. Finishing up: https://doict.thanchi.bandarban.gov.bd
==================================================
[*] STARTING NEW DOMAIN: https://seo.kashiani.gopalganj.gov.bd
==================================================
[+] Domain exhausted. Finishing up: https://seo.kashiani.gopalganj.gov.bd
==================================================
[*] STARTING NEW DOMAIN: https://cooperative.atrai.naogaon.gov.bd
==================================================
[+] Domain exhausted. Finishing up: https://cooperative.atrai.naogaon.gov.bd
==================================================
[*] STARTING NEW DOMAIN: https://doict.shibchar.madaripur.gov.bd
==================================================
[+] Domain exhausted. Finishing up: https://doict.shibchar.madaripur.gov.bd
==================================================
[*] STARTING NEW DOMAIN: https://ec.doulatkhan.bhola.gov.bd
==================================================
[+] Domain exhausted. Finishing up: https://ec.doulatkhan.bhola.gov.bd
==================================================
[*] STARTING NEW DOMAIN: https://putiaup.narsingdi.gov.bd
==================================================
[+] Domain exhausted. Finishing up: https://putiaup.narsingdi.gov.bd
==================================================
[*] STARTING NEW DOMAIN: https://dncrp.comilla.gov.bd
==================================================
[+] Domain exhausted. Finishing up: https://dncrp.comilla.gov.bd
==================================================
[*] STARTING NEW DOMAIN: https://ao.chakaria.coxsbazar.gov.bd
==================================================
[+] Domain exhausted. Finishing up: https://ao.chakaria.coxsbazar.gov.bd
==================================================
[*] STARTING NEW DOMAIN: https://fpo.ishurdi.pabna.gov.bd
==================================================
[+] Domain exhausted. Finishing up: https://fpo.ishurdi.pabna.gov.bd
==================================================
[*] STARTING NEW DOMAIN: https://bbs.panchari.khagrachhari.gov.bd
==================================================
[+] Domain exhausted. Finishing up: https://bbs.panchari.khagrachhari.gov.bd
==================================================
[*] STARTING NEW DOMAIN: https://bscic.bandarban.gov.bd
==================================================
[+] Domain exhausted. Finishing up: https://bscic.bandarban.gov.bd
==================================================
[*] STARTING NEW DOMAIN: https://pio.sadar.barguna.gov.bd
==================================================
[+] Domain exhausted. Finishing up: https://pio.sadar.barguna.gov.bd
==================================================
[*] STARTING NEW DOMAIN: https://dae.satkania.chittagong.gov.bd
==================================================
[+] Domain exhausted. Finishing up: https://dae.satkania.chittagong.gov.bd
==================================================
[*] STARTING NEW DOMAIN: https://aic.dinajpur.gov.bd
==================================================
[+] Domain exhausted. Finishing up: https://aic.dinajpur.gov.bd
==================================================
[*] STARTING NEW DOMAIN: https://eo.sadullapur.gaibandha.gov.bd
==================================================
[+] Domain exhausted. Finishing up: https://eo.sadullapur.gaibandha.gov.bd
==================================================
[*] STARTING NEW DOMAIN: https://ansarvdp.gaibandha.gov.bd
==================================================
[+] Domain exhausted. Finishing up: https://ansarvdp.gaibandha.gov.bd
==================================================
[*] STARTING NEW DOMAIN: https://dae.tarail.kishoreganj.gov.bd
==================================================
[+] Domain exhausted. Finishing up: https://dae.tarail.kishoreganj.gov.bd
==================================================
[*] STARTING NEW DOMAIN: https://deb111451.dhakaeducationboard.gov.bd
==================================================
[+] Domain exhausted. Finishing up: https://deb111451.dhakaeducationboard.gov.bd
==================================================
[*] STARTING NEW DOMAIN: https://doict.ramganj.lakshmipur.gov.bd
==================================================
[+] Domain exhausted. Finishing up: https://doict.ramganj.lakshmipur.gov.bd
==================================================
[*] STARTING NEW DOMAIN: https://hfwc.botiaghata.khulna.gov.bd
==================================================
[+] Domain exhausted. Finishing up: https://hfwc.botiaghata.khulna.gov.bd
==================================================
[*] STARTING NEW DOMAIN: https://cbs.portal.gov.bd
==================================================
[+] Domain exhausted. Finishing up: https://cbs.portal.gov.bd
==================================================
[*] STARTING NEW DOMAIN: https://effhsc.bise-ctg.gov.bd
==================================================
[+] Domain exhausted. Finishing up: https://effhsc.bise-ctg.gov.bd
==================================================
[*] STARTING NEW DOMAIN: https://portal.gov.bd
==================================================
[+] Domain exhausted. Finishing up: https://portal.gov.bd
==================================================
[*] STARTING NEW DOMAIN: https://baulianirodkrishnasecondaryschool.jessoreboard.gov.bd
==================================================
[+] Domain exhausted. Finishing up: https://baulianirodkrishnasecondaryschool.jessoreboard.gov.bd
==================================================
[*] STARTING NEW DOMAIN: https://passport.chandpur.gov.bd
==================================================
[+] Domain exhausted. Finishing up: https://passport.chandpur.gov.bd
==================================================
[*] STARTING NEW DOMAIN: https://coop.sarishabari.jamalpur.gov.bd
==================================================
[+] Domain exhausted. Finishing up: https://coop.sarishabari.jamalpur.gov.bd
==================================================
[*] STARTING NEW DOMAIN: https://nape.mymensingh.gov.bd
==================================================
[+] Domain exhausted. Finishing up: https://nape.mymensingh.gov.bd
==================================================
[*] STARTING NEW DOMAIN: https://badcerp.gov.bd
==================================================
[+] Domain exhausted. Finishing up: https://badcerp.gov.bd
==================================================
[*] STARTING NEW DOMAIN: https://dae.rajoir.madaripur.gov.bd
==================================================
[+] Domain exhausted. Finishing up: https://dae.rajoir.madaripur.gov.bd
==================================================
[*] STARTING NEW DOMAIN: https://bondiculator.prison.gov.bd
==================================================
[+] Domain exhausted. Finishing up: https://bondiculator.prison.gov.bd
==================================================
[*] STARTING NEW DOMAIN: https://dss.gomostapur.chapainawabganj.gov.bd
==================================================
[+] Domain exhausted. Finishing up: https://dss.gomostapur.chapainawabganj.gov.bd
==================================================
[*] STARTING NEW DOMAIN: https://dao.debiganj.panchagarh.gov.bd
==================================================
[+] Domain exhausted. Finishing up: https://dao.debiganj.panchagarh.gov.bd
==================================================
[*] STARTING NEW DOMAIN: https://birbashindaup.tangail.gov.bd
==================================================
[+] Domain exhausted. Finishing up: https://birbashindaup.tangail.gov.bd
==================================================
[*] STARTING NEW DOMAIN: https://deb114380.dhakaeducationboard.gov.bd
==================================================
[+] Domain exhausted. Finishing up: https://deb114380.dhakaeducationboard.gov.bd
==================================================
[*] STARTING NEW DOMAIN: https://smarthealthbd.dghs.gov.bd
==================================================
[+] Domain exhausted. Finishing up: https://smarthealthbd.dghs.gov.bd
==================================================
[*] STARTING NEW DOMAIN: https://dife.dinajpur.gov.bd
==================================================
[+] Domain exhausted. Finishing up: https://dife.dinajpur.gov.bd
==================================================
[*] STARTING NEW DOMAIN: https://dss.sundarganj.gaibandha.gov.bd
==================================================
[+] Domain exhausted. Finishing up: https://dss.sundarganj.gaibandha.gov.bd
==================================================
[*] STARTING NEW DOMAIN: https://deo.phulbari.kurigram.gov.bd
==================================================
[+] Domain exhausted. Finishing up: https://deo.phulbari.kurigram.gov.bd
==================================================
[*] STARTING NEW DOMAIN: https://doict.rangabali.patuakhali.gov.bd
==================================================
[+] Domain exhausted. Finishing up: https://doict.rangabali.patuakhali.gov.bd
==================================================
[*] STARTING NEW DOMAIN: https://btcl.thakurgaon.gov.bd
==================================================
[+] Domain exhausted. Finishing up: https://btcl.thakurgaon.gov.bd
==================================================
[*] STARTING NEW DOMAIN: https://phulpur.mymensingh.gov.bd
==================================================
[+] Domain exhausted. Finishing up: https://phulpur.mymensingh.gov.bd
==================================================
[*] STARTING NEW DOMAIN: https://bbs.nangalkot.comilla.gov.bd
==================================================
[+] Domain exhausted. Finishing up: https://bbs.nangalkot.comilla.gov.bd
==================================================
[*] STARTING NEW DOMAIN: https://dphe.nalchity.jhalakathi.gov.bd
==================================================
[+] Domain exhausted. Finishing up: https://dphe.nalchity.jhalakathi.gov.bd
==================================================
[*] STARTING NEW DOMAIN: https://paranpuraraufmemorialschoolandcollege.jessoreboard.gov.bd
==================================================
[+] Domain exhausted. Finishing up: https://paranpuraraufmemorialschoolandcollege.jessoreboard.gov.bd
==================================================
[*] STARTING NEW DOMAIN: https://deo.indurkani.pirojpur.gov.bd
==================================================
[+] Domain exhausted. Finishing up: https://deo.indurkani.pirojpur.gov.bd
==================================================
[*] STARTING NEW DOMAIN: https://shahapursecondaryschool.jessoreboard.gov.bd
==================================================
[+] Domain exhausted. Finishing up: https://shahapursecondaryschool.jessoreboard.gov.bd
==================================================
[*] STARTING NEW DOMAIN: https://deb114083.dhakaeducationboard.gov.bd
==================================================
[+] Domain exhausted. Finishing up: https://deb114083.dhakaeducationboard.gov.bd
==================================================
[*] STARTING NEW DOMAIN: https://dls.dakshinsurma.sylhet.gov.bd
==================================================
[+] Domain exhausted. Finishing up: https://dls.dakshinsurma.sylhet.gov.bd
==================================================
[*] STARTING NEW DOMAIN: https://charjubileeup.noakhali.gov.bd
==================================================
[+] Domain exhausted. Finishing up: https://charjubileeup.noakhali.gov.bd
==================================================
[*] STARTING NEW DOMAIN: https://eed.dinajpursadar.dinajpur.gov.bd
==================================================
[+] Domain exhausted. Finishing up: https://eed.dinajpursadar.dinajpur.gov.bd
==================================================
[*] STARTING NEW DOMAIN: https://dgda.chandpur.gov.bd
==================================================
[+] Domain exhausted. Finishing up: https://dgda.chandpur.gov.bd
==================================================
[*] STARTING NEW DOMAIN: https://ansarvdp.gurudaspur.natore.gov.bd
==================================================
[+] Domain exhausted. Finishing up: https://ansarvdp.gurudaspur.natore.gov.bd
==================================================
[*] STARTING NEW DOMAIN: https://bscic.dhaka.gov.bd
==================================================
[+] Domain exhausted. Finishing up: https://bscic.dhaka.gov.bd
==================================================
[*] STARTING NEW DOMAIN: https://dhokrakolcollegemohishbathan.jessoreboard.gov.bd
==================================================
[+] Domain exhausted. Finishing up: https://dhokrakolcollegemohishbathan.jessoreboard.gov.bd
==================================================
[*] STARTING NEW DOMAIN: https://doict.monpura.bhola.gov.bd
==================================================
[+] Domain exhausted. Finishing up: https://doict.monpura.bhola.gov.bd
==================================================
[*] STARTING NEW DOMAIN: https://dpe.goalanda.rajbari.gov.bd
==================================================
[+] Domain exhausted. Finishing up: https://dpe.goalanda.rajbari.gov.bd
==================================================
[*] STARTING NEW DOMAIN: https://pdb.ghatail.tangail.gov.bd
==================================================
[+] Domain exhausted. Finishing up: https://pdb.ghatail.tangail.gov.bd
==================================================
[*] STARTING NEW DOMAIN: https://deb135611.dhakaeducationboard.gov.bd
==================================================
[+] Domain exhausted. Finishing up: https://deb135611.dhakaeducationboard.gov.bd
==================================================
[*] STARTING NEW DOMAIN: https://dls.charfesson.bhola.gov.bd
==================================================
[+] Domain exhausted. Finishing up: https://dls.charfesson.bhola.gov.bd
==================================================
[*] STARTING NEW DOMAIN: https://dargahpurafiluddinidealjuniorgirlsschool.jessoreboard.gov.bd
==================================================
[+] Domain exhausted. Finishing up: https://dargahpurafiluddinidealjuniorgirlsschool.jessoreboard.gov.bd
==================================================
[*] STARTING NEW DOMAIN: https://acl.habiganjsadar.habiganj.gov.bd
==================================================
[+] Domain exhausted. Finishing up: https://acl.habiganjsadar.habiganj.gov.bd
==================================================
[*] STARTING NEW DOMAIN: https://bgb.habiganj.gov.bd
==================================================
[+] Domain exhausted. Finishing up: https://bgb.habiganj.gov.bd
==================================================
[*] STARTING NEW DOMAIN: https://bbs.sadar.patuakhali.gov.bd
==================================================
[+] Domain exhausted. Finishing up: https://bbs.sadar.patuakhali.gov.bd
==================================================
[*] STARTING NEW DOMAIN: https://deo.dhamrai.dhaka.gov.bd
==================================================
[+] Domain exhausted. Finishing up: https://deo.dhamrai.dhaka.gov.bd
==================================================
[*] STARTING NEW DOMAIN: https://doict.sadar.pirojpur.gov.bd
==================================================
[+] Domain exhausted. Finishing up: https://doict.sadar.pirojpur.gov.bd
==================================================
[*] STARTING NEW DOMAIN: https://bfdc.kaptai.rangamati.gov.bd
==================================================
[+] Domain exhausted. Finishing up: https://bfdc.kaptai.rangamati.gov.bd
==================================================
[*] STARTING NEW DOMAIN: https://deb134107.dhakaeducationboard.gov.bd
==================================================
[+] Domain exhausted. Finishing up: https://deb134107.dhakaeducationboard.gov.bd
==================================================
[*] STARTING NEW DOMAIN: https://defolbarisecondaryschool.jessoreboard.gov.bd
==================================================
[+] Domain exhausted. Finishing up: https://defolbarisecondaryschool.jessoreboard.gov.bd
==================================================
[*] STARTING NEW DOMAIN: https://charbagdangaup.chapainawabganj.gov.bd
==================================================
[+] Domain exhausted. Finishing up: https://charbagdangaup.chapainawabganj.gov.bd
==================================================
[*] STARTING NEW DOMAIN: https://shyamkurup.jhenaidah.gov.bd
==================================================
[+] Domain exhausted. Finishing up: https://shyamkurup.jhenaidah.gov.bd
==================================================
[*] STARTING NEW DOMAIN: https://deb133914.dhakaeducationboard.gov.bd
==================================================
[+] Domain exhausted. Finishing up: https://deb133914.dhakaeducationboard.gov.bd
==================================================
[*] STARTING NEW DOMAIN: https://bfsa.bagerhat.gov.bd
==================================================
[+] Domain exhausted. Finishing up: https://bfsa.bagerhat.gov.bd
==================================================
[*] STARTING NEW DOMAIN: https://pdbf.banaripara.barisal.gov.bd
==================================================
[+] Domain exhausted. Finishing up: https://pdbf.banaripara.barisal.gov.bd
==================================================
[*] STARTING NEW DOMAIN: https://dls.langadu.rangamati.gov.bd
==================================================
[+] Domain exhausted. Finishing up: https://dls.langadu.rangamati.gov.bd
==================================================
[*] STARTING NEW DOMAIN: https://deb190128.dhakaeducationboard.gov.bd
==================================================
[+] Domain exhausted. Finishing up: https://deb190128.dhakaeducationboard.gov.bd
==================================================
[*] STARTING NEW DOMAIN: https://pdbf.kushtiasadar.kushtia.gov.bd
==================================================
[+] Domain exhausted. Finishing up: https://pdbf.kushtiasadar.kushtia.gov.bd
==================================================
[*] STARTING NEW DOMAIN: https://dghs.gov.bd
==================================================
[+] Domain exhausted. Finishing up: https://dghs.gov.bd
==================================================
[*] STARTING NEW DOMAIN: https://deb136893.dhakaeducationboard.gov.bd
==================================================
[+] Domain exhausted. Finishing up: https://deb136893.dhakaeducationboard.gov.bd
==================================================
[*] STARTING NEW DOMAIN: https://deb111092.dhakaeducationboard.gov.bd
==================================================
[+] Domain exhausted. Finishing up: https://deb111092.dhakaeducationboard.gov.bd
==================================================
[*] STARTING NEW DOMAIN: https://dphe.atghoria.pabna.gov.bd
==================================================
[+] Domain exhausted. Finishing up: https://dphe.atghoria.pabna.gov.bd
==================================================
[*] STARTING NEW DOMAIN: https://deb134580.dhakaeducationboard.gov.bd
==================================================
[+] Domain exhausted. Finishing up: https://deb134580.dhakaeducationboard.gov.bd
==================================================
[*] STARTING NEW DOMAIN: https://deb114707.dhakaeducationboard.gov.bd
==================================================
[+] Domain exhausted. Finishing up: https://deb114707.dhakaeducationboard.gov.bd
==================================================
[*] STARTING NEW DOMAIN: https://sr.bera.pabna.gov.bd
==================================================
[+] Domain exhausted. Finishing up: https://sr.bera.pabna.gov.bd
==================================================
[*] STARTING NEW DOMAIN: https://dls.bagmara.rajshahi.gov.bd
==================================================
[+] Domain exhausted. Finishing up: https://dls.bagmara.rajshahi.gov.bd
==================================================
[*] STARTING NEW DOMAIN: https://deb138874.dhakaeducationboard.gov.bd
==================================================
[+] Domain exhausted. Finishing up: https://deb138874.dhakaeducationboard.gov.bd
==================================================
[*] STARTING NEW DOMAIN: https://pio.ashuganj.brahmanbaria.gov.bd
==================================================
[+] Domain exhausted. Finishing up: https://pio.ashuganj.brahmanbaria.gov.bd
==================================================
[*] STARTING NEW DOMAIN: https://debbhogjuniorgirlshighschool.jessoreboard.gov.bd
==================================================
[+] Domain exhausted. Finishing up: https://debbhogjuniorgirlshighschool.jessoreboard.gov.bd
==================================================
[*] STARTING NEW DOMAIN: https://dls.sadar.rangamati.gov.bd
==================================================
[+] Domain exhausted. Finishing up: https://dls.sadar.rangamati.gov.bd
==================================================
[*] STARTING NEW DOMAIN: https://pio.purbadhala.netrokona.gov.bd
==================================================
[+] Domain exhausted. Finishing up: https://pio.purbadhala.netrokona.gov.bd
==================================================
[*] STARTING NEW DOMAIN: https://dme.memis.gov.bd
==================================================
[+] Domain exhausted. Finishing up: https://dme.memis.gov.bd
==================================================
[*] STARTING NEW DOMAIN: https://doict.dighinala.khagrachhari.gov.bd
==================================================
[+] Domain exhausted. Finishing up: https://doict.dighinala.khagrachhari.gov.bd
==================================================
[*] STARTING NEW DOMAIN: https://dphe.satkania.chittagong.gov.bd
==================================================
[+] Domain exhausted. Finishing up: https://dphe.satkania.chittagong.gov.bd
==================================================
[*] STARTING NEW DOMAIN: https://deb137902.dhakaeducationboard.gov.bd
==================================================
[+] Domain exhausted. Finishing up: https://deb137902.dhakaeducationboard.gov.bd
==================================================
[*] STARTING NEW DOMAIN: https://btdhighschool.jessoreboard.gov.bd
==================================================
[+] Domain exhausted. Finishing up: https://btdhighschool.jessoreboard.gov.bd
==================================================
[*] STARTING NEW DOMAIN: https://ansarvdp.barisalsadar.barisal.gov.bd
==================================================
[+] Domain exhausted. Finishing up: https://ansarvdp.barisalsadar.barisal.gov.bd
==================================================
[*] STARTING NEW DOMAIN: https://pathorghata.barguna.gov.bd
==================================================
[+] Domain exhausted. Finishing up: https://pathorghata.barguna.gov.bd
==================================================
[*] STARTING NEW DOMAIN: https://deb137978.dhakaeducationboard.gov.bd
==================================================
[+] Domain exhausted. Finishing up: https://deb137978.dhakaeducationboard.gov.bd
==================================================
[*] STARTING NEW DOMAIN: https://savings.rajshahi.gov.bd
==================================================
[+] Domain exhausted. Finishing up: https://savings.rajshahi.gov.bd
==================================================
[*] STARTING NEW DOMAIN: https://petrobangla.portal.gov.bd
==================================================
[+] Domain exhausted. Finishing up: https://petrobangla.portal.gov.bd
==================================================
[*] STARTING NEW DOMAIN: https://deb114702.dhakaeducationboard.gov.bd
==================================================
[+] Domain exhausted. Finishing up: https://deb114702.dhakaeducationboard.gov.bd
==================================================
[*] STARTING NEW DOMAIN: https://doict.narayanganjsadar.narayanganj.gov.bd
==================================================
[+] Domain exhausted. Finishing up: https://doict.narayanganjsadar.narayanganj.gov.bd
==================================================
[*] STARTING NEW DOMAIN: https://deb113933.dhakaeducationboard.gov.bd
==================================================
[+] Domain exhausted. Finishing up: https://deb113933.dhakaeducationboard.gov.bd
==================================================
[*] STARTING NEW DOMAIN: https://deb190038.dhakaeducationboard.gov.bd
==================================================
[+] Domain exhausted. Finishing up: https://deb190038.dhakaeducationboard.gov.bd
==================================================
[*] STARTING NEW DOMAIN: https://bakalsecondaryschool.jessoreboard.gov.bd
==================================================
[+] Domain exhausted. Finishing up: https://bakalsecondaryschool.jessoreboard.gov.bd
==================================================
[*] STARTING NEW DOMAIN: https://dphe.tazumuddin.bhola.gov.bd
==================================================
[+] Domain exhausted. Finishing up: https://dphe.tazumuddin.bhola.gov.bd
==================================================
[*] STARTING NEW DOMAIN: https://seo.harinakundu.jhenaidah.gov.bd
==================================================
[+] Domain exhausted. Finishing up: https://seo.harinakundu.jhenaidah.gov.bd
==================================================
[*] STARTING NEW DOMAIN: https://divisionoffice.barisaldiv.gov.bd
==================================================
[+] Domain exhausted. Finishing up: https://divisionoffice.barisaldiv.gov.bd
==================================================
[*] STARTING NEW DOMAIN: https://dpe.chandina.comilla.gov.bd
==================================================
[+] Domain exhausted. Finishing up: https://dpe.chandina.comilla.gov.bd
==================================================
[*] STARTING NEW DOMAIN: https://deb136304.dhakaeducationboard.gov.bd
==================================================
[+] Domain exhausted. Finishing up: https://deb136304.dhakaeducationboard.gov.bd
==================================================
[*] STARTING NEW DOMAIN: https://doict.tetulia.panchagarh.gov.bd
==================================================
[+] Domain exhausted. Finishing up: https://doict.tetulia.panchagarh.gov.bd
==================================================
[*] STARTING NEW DOMAIN: https://bpec.college.gov.bd
==================================================
[+] Domain exhausted. Finishing up: https://bpec.college.gov.bd
==================================================
[*] STARTING NEW DOMAIN: http://fsmf.sadar.jhalakathi.gov.bd
==================================================
[+] Domain exhausted. Finishing up: http://fsmf.sadar.jhalakathi.gov.bd
==================================================
[*] STARTING NEW DOMAIN: https://deb134150.dhakaeducationboard.gov.bd
==================================================
[+] Domain exhausted. Finishing up: https://deb134150.dhakaeducationboard.gov.bd
==================================================
[*] STARTING NEW DOMAIN: https://deo.chauddagram.comilla.gov.bd
==================================================
[+] Domain exhausted. Finishing up: https://deo.chauddagram.comilla.gov.bd
==================================================
[*] STARTING NEW DOMAIN: https://deb113512.dhakaeducationboard.gov.bd
==================================================
[+] Domain exhausted. Finishing up: https://deb113512.dhakaeducationboard.gov.bd
==================================================
[*] STARTING NEW DOMAIN: https://deb130645.dhakaeducationboard.gov.bd
==================================================
[+] Domain exhausted. Finishing up: https://deb130645.dhakaeducationboard.gov.bd
==================================================
[*] STARTING NEW DOMAIN: https://dls.pekua.coxsbazar.gov.bd
==================================================
[+] Domain exhausted. Finishing up: https://dls.pekua.coxsbazar.gov.bd
==================================================
[*] STARTING NEW DOMAIN: https://bagdangadahakulasecondaryschool.jessoreboard.gov.bd
==================================================
[+] Domain exhausted. Finishing up: https://bagdangadahakulasecondaryschool.jessoreboard.gov.bd
==================================================
[*] STARTING NEW DOMAIN: https://dife.dhaka.gov.bd
==================================================
[+] Domain exhausted. Finishing up: https://dife.dhaka.gov.bd
==================================================
[*] STARTING NEW DOMAIN: https://deo.sadar.faridpur.gov.bd
==================================================
[+] Domain exhausted. Finishing up: https://deo.sadar.faridpur.gov.bd
==================================================
[*] STARTING NEW DOMAIN: https://dls.keshabpur.jessore.gov.bd
==================================================
[+] Domain exhausted. Finishing up: https://dls.keshabpur.jessore.gov.bd
==================================================
[*] STARTING NEW DOMAIN: https://ec.bancharampur.brahmanbaria.gov.bd
==================================================
[+] Domain exhausted. Finishing up: https://ec.bancharampur.brahmanbaria.gov.bd
==================================================
[*] STARTING NEW DOMAIN: https://rddjuniorsecondaryschool.jessoreboard.gov.bd
==================================================
[+] Domain exhausted. Finishing up: https://rddjuniorsecondaryschool.jessoreboard.gov.bd
==================================================
[*] STARTING NEW DOMAIN: https://dss.juri.moulvibazar.gov.bd
==================================================
[+] Domain exhausted. Finishing up: https://dss.juri.moulvibazar.gov.bd
==================================================
[*] STARTING NEW DOMAIN: https://deb138648.dhakaeducationboard.gov.bd
==================================================
[+] Domain exhausted. Finishing up: https://deb138648.dhakaeducationboard.gov.bd
==================================================
[*] STARTING NEW DOMAIN: https://fireservice.aditmari.lalmonirhat.gov.bd
==================================================
[+] Domain exhausted. Finishing up: https://fireservice.aditmari.lalmonirhat.gov.bd
==================================================
[*] STARTING NEW DOMAIN: https://hc.jhenaidah.gov.bd
==================================================
[+] Domain exhausted. Finishing up: https://hc.jhenaidah.gov.bd
==================================================
[*] STARTING NEW DOMAIN: https://dao.ashuganj.brahmanbaria.gov.bd
==================================================
[+] Domain exhausted. Finishing up: https://dao.ashuganj.brahmanbaria.gov.bd
==================================================
[*] STARTING NEW DOMAIN: https://brdb.sreepur.gazipur.gov.bd
==================================================
[+] Domain exhausted. Finishing up: https://brdb.sreepur.gazipur.gov.bd
==================================================
[*] STARTING NEW DOMAIN: https://dgda.dhakadiv.gov.bd
==================================================
[+] Domain exhausted. Finishing up: https://dgda.dhakadiv.gov.bd
==================================================
[*] STARTING NEW DOMAIN: https://chatmohar.pabna.gov.bd
==================================================
[+] Domain exhausted. Finishing up: https://chatmohar.pabna.gov.bd
==================================================
[*] STARTING NEW DOMAIN: http://nagerhatsecondaryschool.jessoreboard.gov.bd
==================================================
[+] Domain exhausted. Finishing up: http://nagerhatsecondaryschool.jessoreboard.gov.bd
==================================================
[*] STARTING NEW DOMAIN: https://doict.nachol.chapainawabganj.gov.bd
==================================================
[+] Domain exhausted. Finishing up: https://doict.nachol.chapainawabganj.gov.bd
==================================================
[*] STARTING NEW DOMAIN: https://brdb.hatia.noakhali.gov.bd
==================================================
[+] Domain exhausted. Finishing up: https://brdb.hatia.noakhali.gov.bd
==================================================
[*] STARTING NEW DOMAIN: https://chapainawabganjsadar.chapainawabganj.gov.bd
==================================================
[+] Domain exhausted. Finishing up: https://chapainawabganjsadar.chapainawabganj.gov.bd
==================================================
[*] STARTING NEW DOMAIN: https://bororcharup.mymensingh.gov.bd
==================================================
[+] Domain exhausted. Finishing up: https://bororcharup.mymensingh.gov.bd
==================================================
[*] STARTING NEW DOMAIN: https://brdb.bandarban.gov.bd
==================================================
[+] Domain exhausted. Finishing up: https://brdb.bandarban.gov.bd
==================================================
[*] STARTING NEW DOMAIN: https://deb111526.dhakaeducationboard.gov.bd
==================================================
[+] Domain exhausted. Finishing up: https://deb111526.dhakaeducationboard.gov.bd
==================================================
[*] STARTING NEW DOMAIN: https://cooparative.kuliarchar.kishoreganj.gov.bd
==================================================
[+] Domain exhausted. Finishing up: https://cooparative.kuliarchar.kishoreganj.gov.bd
==================================================
[*] STARTING NEW DOMAIN: https://psosk.rajnagar.moulvibazar.gov.bd
==================================================
[+] Domain exhausted. Finishing up: https://psosk.rajnagar.moulvibazar.gov.bd
==================================================
[*] STARTING NEW DOMAIN: https://pbs.coxsbazar.gov.bd
==================================================
[+] Domain exhausted. Finishing up: https://pbs.coxsbazar.gov.bd
==================================================
[*] STARTING NEW DOMAIN: https://dphe.kalapara.patuakhali.gov.bd
==================================================
[+] Domain exhausted. Finishing up: https://dphe.kalapara.patuakhali.gov.bd
==================================================
[*] STARTING NEW DOMAIN: https://police.mohammadpur.magura.gov.bd
==================================================
[+] Domain exhausted. Finishing up: https://police.mohammadpur.magura.gov.bd
==================================================
[*] STARTING NEW DOMAIN: https://bbs.moheshkhali.coxsbazar.gov.bd
==================================================
[+] Domain exhausted. Finishing up: https://bbs.moheshkhali.coxsbazar.gov.bd
==================================================
[*] STARTING NEW DOMAIN: https://deb108641.dhakaeducationboard.gov.bd
==================================================
[+] Domain exhausted. Finishing up: https://deb108641.dhakaeducationboard.gov.bd
==================================================
[*] STARTING NEW DOMAIN: https://doict.mujibnagar.meherpur.gov.bd
==================================================
[+] Domain exhausted. Finishing up: https://doict.mujibnagar.meherpur.gov.bd
==================================================
[*] STARTING NEW DOMAIN: https://haziwazedalisecondaryschool.jessoreboard.gov.bd
==================================================
[+] Domain exhausted. Finishing up: https://haziwazedalisecondaryschool.jessoreboard.gov.bd
==================================================
[*] STARTING NEW DOMAIN: https://sreerampurup.lalmonirhat.gov.bd
==================================================
[+] Domain exhausted. Finishing up: https://sreerampurup.lalmonirhat.gov.bd
==================================================
[*] STARTING NEW DOMAIN: https://bhedarganj.shariatpur.gov.bd
==================================================
[+] Domain exhausted. Finishing up: https://bhedarganj.shariatpur.gov.bd
==================================================
[*] STARTING NEW DOMAIN: https://deb108343.dhakaeducationboard.gov.bd
==================================================
[+] Domain exhausted. Finishing up: https://deb108343.dhakaeducationboard.gov.bd
==================================================
[*] STARTING NEW DOMAIN: https://deb110851.dhakaeducationboard.gov.bd
==================================================
[+] Domain exhausted. Finishing up: https://deb110851.dhakaeducationboard.gov.bd
==================================================
[*] STARTING NEW DOMAIN: https://bnfe.thakurgaon.gov.bd
==================================================
[+] Domain exhausted. Finishing up: https://bnfe.thakurgaon.gov.bd
==================================================
[*] STARTING NEW DOMAIN: https://haziarifsecondarygirlsschool.jessoreboard.gov.bd
==================================================
[+] Domain exhausted. Finishing up: https://haziarifsecondarygirlsschool.jessoreboard.gov.bd
==================================================
[*] STARTING NEW DOMAIN: https://dpe.hizla.barisal.gov.bd
==================================================
[+] Domain exhausted. Finishing up: https://dpe.hizla.barisal.gov.bd
==================================================
[*] STARTING NEW DOMAIN: https://hfwc.bajitpur.kishoreganj.gov.bd
==================================================
[+] Domain exhausted. Finishing up: https://hfwc.bajitpur.kishoreganj.gov.bd
==================================================
[*] STARTING NEW DOMAIN: https://deb111235.dhakaeducationboard.gov.bd
==================================================
[+] Domain exhausted. Finishing up: https://deb111235.dhakaeducationboard.gov.bd
==================================================
[*] STARTING NEW DOMAIN: https://deb111114.dhakaeducationboard.gov.bd
==================================================
[+] Domain exhausted. Finishing up: https://deb111114.dhakaeducationboard.gov.bd
==================================================
[*] STARTING NEW DOMAIN: https://deb110905.dhakaeducationboard.gov.bd
==================================================
[+] Domain exhausted. Finishing up: https://deb110905.dhakaeducationboard.gov.bd
==================================================
[*] STARTING NEW DOMAIN: https://deb134772.dhakaeducationboard.gov.bd
==================================================
[+] Domain exhausted. Finishing up: https://deb134772.dhakaeducationboard.gov.bd
==================================================
[*] STARTING NEW DOMAIN: https://deb109449.dhakaeducationboard.gov.bd
==================================================
[+] Domain exhausted. Finishing up: https://deb109449.dhakaeducationboard.gov.bd
==================================================
[*] STARTING NEW DOMAIN: https://bcloud.bcc.gov.bd
==================================================
[+] Domain exhausted. Finishing up: https://bcloud.bcc.gov.bd
==================================================
[*] STARTING NEW DOMAIN: https://cooparative.palash.narsingdi.gov.bd
==================================================
[+] Domain exhausted. Finishing up: https://cooparative.palash.narsingdi.gov.bd
==================================================
[*] STARTING NEW DOMAIN: https://health.pathorghata.barguna.gov.bd
==================================================
[+] Domain exhausted. Finishing up: https://health.pathorghata.barguna.gov.bd
==================================================
[*] STARTING NEW DOMAIN: https://brdb.dumuria.khulna.gov.bd
==================================================
[+] Domain exhausted. Finishing up: https://brdb.dumuria.khulna.gov.bd
==================================================
[*] STARTING NEW DOMAIN: https://eed.rupganj.narayanganj.gov.bd
==================================================
[+] Domain exhausted. Finishing up: https://eed.rupganj.narayanganj.gov.bd
==================================================
[*] STARTING NEW DOMAIN: https://health.bauphal.patuakhali.gov.bd
==================================================
[+] Domain exhausted. Finishing up: https://health.bauphal.patuakhali.gov.bd
==================================================
[*] STARTING NEW DOMAIN: https://deb111449.dhakaeducationboard.gov.bd
==================================================
[+] Domain exhausted. Finishing up: https://deb111449.dhakaeducationboard.gov.bd
==================================================
[*] STARTING NEW DOMAIN: https://enlistment.frc.gov.bd
==================================================
[+] Domain exhausted. Finishing up: https://enlistment.frc.gov.bd
==================================================
[*] STARTING NEW DOMAIN: https://ps.lama.bandarban.gov.bd
==================================================
[+] Domain exhausted. Finishing up: https://ps.lama.bandarban.gov.bd
==================================================
[*] STARTING NEW DOMAIN: https://bezparasecondaryschool.jessoreboard.gov.bd
==================================================
[+] Domain exhausted. Finishing up: https://bezparasecondaryschool.jessoreboard.gov.bd
==================================================
[*] STARTING NEW DOMAIN: https://ec.comillasadar.comilla.gov.bd
==================================================
[+] Domain exhausted. Finishing up: https://ec.comillasadar.comilla.gov.bd
==================================================
[*] STARTING NEW DOMAIN: https://jhenidahgovtsecondaryschool.jessoreboard.gov.bd
==================================================
[+] Domain exhausted. Finishing up: https://jhenidahgovtsecondaryschool.jessoreboard.gov.bd
==================================================
[*] STARTING NEW DOMAIN: https://deb111570.dhakaeducationboard.gov.bd
==================================================
[+] Domain exhausted. Finishing up: https://deb111570.dhakaeducationboard.gov.bd
==================================================
[*] STARTING NEW DOMAIN: https://dwa.sadar.bhola.gov.bd
==================================================
[+] Domain exhausted. Finishing up: https://dwa.sadar.bhola.gov.bd
==================================================
[*] STARTING NEW DOMAIN: https://jri.kishoreganj.gov.bd
==================================================
[+] Domain exhausted. Finishing up: https://jri.kishoreganj.gov.bd
==================================================
[*] STARTING NEW DOMAIN: https://pozip.sadar.lalmonirhat.gov.bd
==================================================
[+] Domain exhausted. Finishing up: https://pozip.sadar.lalmonirhat.gov.bd
==================================================
[*] STARTING NEW DOMAIN: https://dshe.feni.gov.bd
==================================================
[+] Domain exhausted. Finishing up: https://dshe.feni.gov.bd
==================================================
[*] STARTING NEW DOMAIN: https://bwdb.jhalakathi.gov.bd
==================================================
[+] Domain exhausted. Finishing up: https://bwdb.jhalakathi.gov.bd
==================================================
[*] STARTING NEW DOMAIN: https://brdb.mohongonj.netrokona.gov.bd
==================================================
[+] Domain exhausted. Finishing up: https://brdb.mohongonj.netrokona.gov.bd
==================================================
[*] STARTING NEW DOMAIN: https://sgcl.portal.gov.bd
==================================================
[+] Domain exhausted. Finishing up: https://sgcl.portal.gov.bd
==================================================
[*] STARTING NEW DOMAIN: https://daosylhet.krishibank.gov.bd
==================================================
[+] Domain exhausted. Finishing up: https://daosylhet.krishibank.gov.bd
==================================================
[*] STARTING NEW DOMAIN: https://pio.tarakanda.mymensingh.gov.bd
==================================================
[+] Domain exhausted. Finishing up: https://pio.tarakanda.mymensingh.gov.bd
==================================================
[*] STARTING NEW DOMAIN: https://health.monohargonj.comilla.gov.bd
==================================================
[+] Domain exhausted. Finishing up: https://health.monohargonj.comilla.gov.bd
==================================================
[*] STARTING NEW DOMAIN: https://dpe.rangpursadar.rangpur.gov.bd
==================================================
[+] Domain exhausted. Finishing up: https://dpe.rangpursadar.rangpur.gov.bd
==================================================
[*] STARTING NEW DOMAIN: https://food.fulgazi.feni.gov.bd
==================================================
[+] Domain exhausted. Finishing up: https://food.fulgazi.feni.gov.bd
==================================================
[*] STARTING NEW DOMAIN: https://fpo.panchagarhsadar.panchagarh.gov.bd
==================================================
[+] Domain exhausted. Finishing up: https://fpo.panchagarhsadar.panchagarh.gov.bd
==================================================
[*] STARTING NEW DOMAIN: https://pwd.chittagongdiv.gov.bd
==================================================
[+] Domain exhausted. Finishing up: https://pwd.chittagongdiv.gov.bd
==================================================
[*] STARTING NEW DOMAIN: https://fisheries.kaliganj.jhenaidah.gov.bd
==================================================
[+] Domain exhausted. Finishing up: https://fisheries.kaliganj.jhenaidah.gov.bd
==================================================
[*] STARTING NEW DOMAIN: https://asu.habiganjsadar.habiganj.gov.bd
==================================================
[+] Domain exhausted. Finishing up: https://asu.habiganjsadar.habiganj.gov.bd
==================================================
[*] STARTING NEW DOMAIN: https://jms.shariatpur.gov.bd
==================================================
[+] Domain exhausted. Finishing up: https://jms.shariatpur.gov.bd
==================================================
[*] STARTING NEW DOMAIN: https://deb111095.dhakaeducationboard.gov.bd
==================================================
[+] Domain exhausted. Finishing up: https://deb111095.dhakaeducationboard.gov.bd
==================================================
[*] STARTING NEW DOMAIN: https://fireservicetc.portal.gov.bd
==================================================
[+] Domain exhausted. Finishing up: https://fireservicetc.portal.gov.bd
==================================================
[*] STARTING NEW DOMAIN: https://savings.narsingdi.gov.bd
==================================================
[+] Domain exhausted. Finishing up: https://savings.narsingdi.gov.bd
==================================================
[*] STARTING NEW DOMAIN: https://police.kachua.chandpur.gov.bd
==================================================
[+] Domain exhausted. Finishing up: https://police.kachua.chandpur.gov.bd
==================================================
[*] STARTING NEW DOMAIN: https://fireservice.baraigram.natore.gov.bd
==================================================
[+] Domain exhausted. Finishing up: https://fireservice.baraigram.natore.gov.bd
==================================================
[*] STARTING NEW DOMAIN: https://fisheries.mirpur.kushtia.gov.bd
==================================================
[+] Domain exhausted. Finishing up: https://fisheries.mirpur.kushtia.gov.bd
==================================================
[*] STARTING NEW DOMAIN: https://deb108988.dhakaeducationboard.gov.bd
==================================================
[+] Domain exhausted. Finishing up: https://deb108988.dhakaeducationboard.gov.bd
==================================================
[*] STARTING NEW DOMAIN: https://dpost.dinajpur.gov.bd
==================================================
[+] Domain exhausted. Finishing up: https://dpost.dinajpur.gov.bd
==================================================
[*] STARTING NEW DOMAIN: https://shashoraup.dinajpur.gov.bd
==================================================
[+] Domain exhausted. Finishing up: https://shashoraup.dinajpur.gov.bd
==================================================
[*] STARTING NEW DOMAIN: https://health.kabirhat.noakhali.gov.bd
==================================================
[+] Domain exhausted. Finishing up: https://health.kabirhat.noakhali.gov.bd
==================================================
[*] STARTING NEW DOMAIN: https://deb110656.dhakaeducationboard.gov.bd
==================================================
[+] Domain exhausted. Finishing up: https://deb110656.dhakaeducationboard.gov.bd
==================================================
[*] STARTING NEW DOMAIN: https://brdb.chirirbandar.dinajpur.gov.bd
==================================================
[+] Domain exhausted. Finishing up: https://brdb.chirirbandar.dinajpur.gov.bd
==================================================
[*] STARTING NEW DOMAIN: https://sfntc.sujanagar.pabna.gov.bd
==================================================
[+] Domain exhausted. Finishing up: https://sfntc.sujanagar.pabna.gov.bd
==================================================
[*] STARTING NEW DOMAIN: https://pti.narayanganj.gov.bd
==================================================
[+] Domain exhausted. Finishing up: https://pti.narayanganj.gov.bd
==================================================
[*] STARTING NEW DOMAIN: https://ansarvdp.birampur.dinajpur.gov.bd
==================================================
[+] Domain exhausted. Finishing up: https://ansarvdp.birampur.dinajpur.gov.bd
==================================================
[*] STARTING NEW DOMAIN: https://forest.juri.moulvibazar.gov.bd
==================================================
[+] Domain exhausted. Finishing up: https://forest.juri.moulvibazar.gov.bd
==================================================
[*] STARTING NEW DOMAIN: https://post.zajira.shariatpur.gov.bd
==================================================
[+] Domain exhausted. Finishing up: https://post.zajira.shariatpur.gov.bd
==================================================
[*] STARTING NEW DOMAIN: https://fireservice.sirajdikhan.munshiganj.gov.bd
==================================================
[+] Domain exhausted. Finishing up: https://fireservice.sirajdikhan.munshiganj.gov.bd
==================================================
[*] STARTING NEW DOMAIN: https://food.pathorghata.barguna.gov.bd
==================================================
[+] Domain exhausted. Finishing up: https://food.pathorghata.barguna.gov.bd
==================================================
[*] STARTING NEW DOMAIN: https://health.ukhiya.coxsbazar.gov.bd
==================================================
[+] Domain exhausted. Finishing up: https://health.ukhiya.coxsbazar.gov.bd
==================================================
[*] STARTING NEW DOMAIN: https://fireservice.phulchari.gaibandha.gov.bd
==================================================
[+] Domain exhausted. Finishing up: https://fireservice.phulchari.gaibandha.gov.bd
==================================================
[*] STARTING NEW DOMAIN: https://baradalup.satkhira.gov.bd
==================================================
[+] Domain exhausted. Finishing up: https://baradalup.satkhira.gov.bd
==================================================
[*] STARTING NEW DOMAIN: https://pwd.dhakadiv.gov.bd
==================================================
[+] Domain exhausted. Finishing up: https://pwd.dhakadiv.gov.bd
==================================================
[*] STARTING NEW DOMAIN: https://brdb.raipur.lakshmipur.gov.bd
==================================================
[+] Domain exhausted. Finishing up: https://brdb.raipur.lakshmipur.gov.bd
==================================================
[*] STARTING NEW DOMAIN: https://forest.jamalpur.gov.bd
==================================================
[+] Domain exhausted. Finishing up: https://forest.jamalpur.gov.bd
==================================================
[*] STARTING NEW DOMAIN: https://deb108187.dhakaeducationboard.gov.bd
==================================================
[+] Domain exhausted. Finishing up: https://deb108187.dhakaeducationboard.gov.bd
==================================================
[*] STARTING NEW DOMAIN: https://sreepur.gazipur.gov.bd
==================================================
[+] Domain exhausted. Finishing up: https://sreepur.gazipur.gov.bd
==================================================
[*] STARTING NEW DOMAIN: https://sfdf.bhairab.kishoreganj.gov.bd
==================================================
[+] Domain exhausted. Finishing up: https://sfdf.bhairab.kishoreganj.gov.bd
==================================================
[*] STARTING NEW DOMAIN: https://dao.patuakhali.gov.bd
==================================================
[+] Domain exhausted. Finishing up: https://dao.patuakhali.gov.bd
==================================================
[*] STARTING NEW DOMAIN: https://katakhalisecondaryschool.jessoreboard.gov.bd
==================================================
[+] Domain exhausted. Finishing up: https://katakhalisecondaryschool.jessoreboard.gov.bd
==================================================
[*] STARTING NEW DOMAIN: https://forest.aditmari.lalmonirhat.gov.bd
==================================================
[+] Domain exhausted. Finishing up: https://forest.aditmari.lalmonirhat.gov.bd
==================================================
[*] STARTING NEW DOMAIN: https://fpo.kawkhali.rangamati.gov.bd
==================================================
[+] Domain exhausted. Finishing up: https://fpo.kawkhali.rangamati.gov.bd
==================================================
[*] STARTING NEW DOMAIN: https://jms.rajshahi.gov.bd
==================================================
[+] Domain exhausted. Finishing up: https://jms.rajshahi.gov.bd
==================================================
[*] STARTING NEW DOMAIN: https://fpo.kashiani.gopalganj.gov.bd
==================================================
[+] Domain exhausted. Finishing up: https://fpo.kashiani.gopalganj.gov.bd
==================================================
[*] STARTING NEW DOMAIN: https://hc.jamalpur.gov.bd
==================================================
[+] Domain exhausted. Finishing up: https://hc.jamalpur.gov.bd
==================================================
[*] STARTING NEW DOMAIN: https://sr.trishal.mymensingh.gov.bd
==================================================
[+] Domain exhausted. Finishing up: https://sr.trishal.mymensingh.gov.bd
==================================================
[*] STARTING NEW DOMAIN: https://fireservice.sreenagar.munshiganj.gov.bd
==================================================
[+] Domain exhausted. Finishing up: https://fireservice.sreenagar.munshiganj.gov.bd
==================================================
[*] STARTING NEW DOMAIN: https://acc.rangamati.gov.bd
==================================================
[+] Domain exhausted. Finishing up: https://acc.rangamati.gov.bd
==================================================
[*] STARTING NEW DOMAIN: https://gobindahudasecondaryschool.jessoreboard.gov.bd
==================================================
[+] Domain exhausted. Finishing up: https://gobindahudasecondaryschool.jessoreboard.gov.bd
==================================================
[*] STARTING NEW DOMAIN: https://dpe.sadar.rangamati.gov.bd
==================================================
[+] Domain exhausted. Finishing up: https://dpe.sadar.rangamati.gov.bd
==================================================
[*] STARTING NEW DOMAIN: https://seo.gouripur.mymensingh.gov.bd
==================================================
[+] Domain exhausted. Finishing up: https://seo.gouripur.mymensingh.gov.bd
==================================================
[*] STARTING NEW DOMAIN: https://deb108319.dhakaeducationboard.gov.bd
==================================================
[+] Domain exhausted. Finishing up: https://deb108319.dhakaeducationboard.gov.bd
==================================================
[*] STARTING NEW DOMAIN: https://deb111017.dhakaeducationboard.gov.bd
==================================================
[+] Domain exhausted. Finishing up: https://deb111017.dhakaeducationboard.gov.bd
==================================================
[*] STARTING NEW DOMAIN: https://fisheries.ukhiya.coxsbazar.gov.bd
==================================================
[+] Domain exhausted. Finishing up: https://fisheries.ukhiya.coxsbazar.gov.bd
==================================================
[*] STARTING NEW DOMAIN: https://dphe.palash.narsingdi.gov.bd
==================================================
[+] Domain exhausted. Finishing up: https://dphe.palash.narsingdi.gov.bd
==================================================
[*] STARTING NEW DOMAIN: https://dphe.sadar.brahmanbaria.gov.bd
==================================================
[+] Domain exhausted. Finishing up: https://dphe.sadar.brahmanbaria.gov.bd
==================================================
[*] STARTING NEW DOMAIN: https://forest.kachua.bagerhat.gov.bd
==================================================
[+] Domain exhausted. Finishing up: https://forest.kachua.bagerhat.gov.bd
==================================================
[*] STARTING NEW DOMAIN: https://dss.gafargaon.mymensingh.gov.bd
==================================================
[+] Domain exhausted. Finishing up: https://dss.gafargaon.mymensingh.gov.bd
==================================================
[*] STARTING NEW DOMAIN: https://dss-ucdo.coxsbazar.gov.bd
==================================================
[+] Domain exhausted. Finishing up: https://dss-ucdo.coxsbazar.gov.bd
==================================================
[*] STARTING NEW DOMAIN: https://btrc.gov.bd
==================================================
[+] Domain exhausted. Finishing up: https://btrc.gov.bd
==================================================
[*] STARTING NEW DOMAIN: https://bbs.birampur.dinajpur.gov.bd
==================================================
[+] Domain exhausted. Finishing up: https://bbs.birampur.dinajpur.gov.bd
==================================================
[*] STARTING NEW DOMAIN: https://dss.chauddagram.comilla.gov.bd
==================================================
[+] Domain exhausted. Finishing up: https://dss.chauddagram.comilla.gov.bd
==================================================
[*] STARTING NEW DOMAIN: https://forest.sarankhola.bagerhat.gov.bd
==================================================
[+] Domain exhausted. Finishing up: https://forest.sarankhola.bagerhat.gov.bd
==================================================
[*] STARTING NEW DOMAIN: https://sfdf.tazumuddin.bhola.gov.bd
==================================================
[+] Domain exhausted. Finishing up: https://sfdf.tazumuddin.bhola.gov.bd
==================================================
[*] STARTING NEW DOMAIN: https://deb111590.dhakaeducationboard.gov.bd
==================================================
[+] Domain exhausted. Finishing up: https://deb111590.dhakaeducationboard.gov.bd
==================================================
[*] STARTING NEW DOMAIN: https://ec.muradnagar.comilla.gov.bd
==================================================
[+] Domain exhausted. Finishing up: https://ec.muradnagar.comilla.gov.bd
==================================================
[*] STARTING NEW DOMAIN: https://dphe.sreenagar.munshiganj.gov.bd
==================================================
[+] Domain exhausted. Finishing up: https://dphe.sreenagar.munshiganj.gov.bd
==================================================
[*] STARTING NEW DOMAIN: https://food.matlabnorth.chandpur.gov.bd
==================================================
[+] Domain exhausted. Finishing up: https://food.matlabnorth.chandpur.gov.bd
==================================================
[*] STARTING NEW DOMAIN: https://dss.bholahat.chapainawabganj.gov.bd
==================================================
[+] Domain exhausted. Finishing up: https://dss.bholahat.chapainawabganj.gov.bd
==================================================
[*] STARTING NEW DOMAIN: https://food.barisalsadar.barisal.gov.bd
==================================================
[+] Domain exhausted. Finishing up: https://food.barisalsadar.barisal.gov.bd
==================================================
[*] STARTING NEW DOMAIN: https://food.habiganj.gov.bd
==================================================
[+] Domain exhausted. Finishing up: https://food.habiganj.gov.bd
==================================================
[*] STARTING NEW DOMAIN: https://dphe.muktagacha.mymensingh.gov.bd
==================================================
[+] Domain exhausted. Finishing up: https://dphe.muktagacha.mymensingh.gov.bd
==================================================
[*] STARTING NEW DOMAIN: https://ec.rajoir.madaripur.gov.bd
==================================================
[+] Domain exhausted. Finishing up: https://ec.rajoir.madaripur.gov.bd
==================================================
[*] STARTING NEW DOMAIN: https://shilpakala.shariatpur.gov.bd
==================================================
[+] Domain exhausted. Finishing up: https://shilpakala.shariatpur.gov.bd
==================================================
[*] STARTING NEW DOMAIN: https://basurdhulzhurisecondaryschool.jessoreboard.gov.bd
==================================================
[+] Domain exhausted. Finishing up: https://basurdhulzhurisecondaryschool.jessoreboard.gov.bd
==================================================
[*] STARTING NEW DOMAIN: https://chardorbeshup.feni.gov.bd
==================================================
[+] Domain exhausted. Finishing up: https://chardorbeshup.feni.gov.bd
==================================================
[*] STARTING NEW DOMAIN: https://fireservice.kalmakanda.netrokona.gov.bd
==================================================
[+] Domain exhausted. Finishing up: https://fireservice.kalmakanda.netrokona.gov.bd
==================================================
[*] STARTING NEW DOMAIN: https://dphe.gangni.meherpur.gov.bd
==================================================
[+] Domain exhausted. Finishing up: https://dphe.gangni.meherpur.gov.bd
==================================================
[*] STARTING NEW DOMAIN: https://ec.bishwanath.sylhet.gov.bd
==================================================
[+] Domain exhausted. Finishing up: https://ec.bishwanath.sylhet.gov.bd
==================================================
[*] STARTING NEW DOMAIN: https://fireservice.nondigram.bogra.gov.bd
==================================================
[+] Domain exhausted. Finishing up: https://fireservice.nondigram.bogra.gov.bd
==================================================
[*] STARTING NEW DOMAIN: https://dwa.coxsbazar.gov.bd
==================================================
[+] Domain exhausted. Finishing up: https://dwa.coxsbazar.gov.bd
==================================================
[*] STARTING NEW DOMAIN: https://dwa.mathbaria.pirojpur.gov.bd
==================================================
[+] Domain exhausted. Finishing up: https://dwa.mathbaria.pirojpur.gov.bd
==================================================
[*] STARTING NEW DOMAIN: https://fec.portal.gov.bd
==================================================
[+] Domain exhausted. Finishing up: https://fec.portal.gov.bd
==================================================
[*] STARTING NEW DOMAIN: https://acl.khoksa.kushtia.gov.bd
==================================================
[+] Domain exhausted. Finishing up: https://acl.khoksa.kushtia.gov.bd
==================================================
[*] STARTING NEW DOMAIN: https://dwa.matlabsouth.chandpur.gov.bd
==================================================
[+] Domain exhausted. Finishing up: https://dwa.matlabsouth.chandpur.gov.bd
==================================================
[*] STARTING NEW DOMAIN: https://balighataup.joypurhat.gov.bd
==================================================
[+] Domain exhausted. Finishing up: https://balighataup.joypurhat.gov.bd
==================================================
[*] STARTING NEW DOMAIN: https://sr.begumganj.noakhali.gov.bd
==================================================
[+] Domain exhausted. Finishing up: https://sr.begumganj.noakhali.gov.bd
==================================================
[*] STARTING NEW DOMAIN: https://lalanacademysecondaryschool.jessoreboard.gov.bd
==================================================
[+] Domain exhausted. Finishing up: https://lalanacademysecondaryschool.jessoreboard.gov.bd
==================================================
[*] STARTING NEW DOMAIN: https://deb113228.dhakaeducationboard.gov.bd
==================================================
[+] Domain exhausted. Finishing up: https://deb113228.dhakaeducationboard.gov.bd
==================================================
[*] STARTING NEW DOMAIN: https://chandpursongkornagarjuniorhighschool.jessoreboard.gov.bd
==================================================
[+] Domain exhausted. Finishing up: https://chandpursongkornagarjuniorhighschool.jessoreboard.gov.bd
==================================================
[*] STARTING NEW DOMAIN: https://shahjadpur.sirajganj.gov.bd
==================================================
[+] Domain exhausted. Finishing up: https://shahjadpur.sirajganj.gov.bd
==================================================
[*] STARTING NEW DOMAIN: https://deb113832.dhakaeducationboard.gov.bd
==================================================
[+] Domain exhausted. Finishing up: https://deb113832.dhakaeducationboard.gov.bd
==================================================
[*] STARTING NEW DOMAIN: https://khulnacollegiategirlsschool.jessoreboard.gov.bd
==================================================
[+] Domain exhausted. Finishing up: https://khulnacollegiategirlsschool.jessoreboard.gov.bd
==================================================
[*] STARTING NEW DOMAIN: https://kasthovanghasecondarygirlsschool.jessoreboard.gov.bd
==================================================
[+] Domain exhausted. Finishing up: https://kasthovanghasecondarygirlsschool.jessoreboard.gov.bd
==================================================
[*] STARTING NEW DOMAIN: https://deb136789.dhakaeducationboard.gov.bd
==================================================
[+] Domain exhausted. Finishing up: https://deb136789.dhakaeducationboard.gov.bd
==================================================
[*] STARTING NEW DOMAIN: https://misebadc.ajmiriganj.habiganj.gov.bd
==================================================
[+] Domain exhausted. Finishing up: https://misebadc.ajmiriganj.habiganj.gov.bd
==================================================
[*] STARTING NEW DOMAIN: https://mahadebpurrbssecondaryschool.jessoreboard.gov.bd
==================================================
[+] Domain exhausted. Finishing up: https://mahadebpurrbssecondaryschool.jessoreboard.gov.bd
==================================================
[*] STARTING NEW DOMAIN: https://ranz.touristpolice.gov.bd
==================================================
[+] Domain exhausted. Finishing up: https://ranz.touristpolice.gov.bd
==================================================
[*] STARTING NEW DOMAIN: https://lged.satkania.chittagong.gov.bd
==================================================
[+] Domain exhausted. Finishing up: https://lged.satkania.chittagong.gov.bd
==================================================
[*] STARTING NEW DOMAIN: https://lgedreg.dhaka.gov.bd
==================================================
[+] Domain exhausted. Finishing up: https://lgedreg.dhaka.gov.bd
==================================================
[*] STARTING NEW DOMAIN: https://dphe.chatmohar.pabna.gov.bd
==================================================
[+] Domain exhausted. Finishing up: https://dphe.chatmohar.pabna.gov.bd
==================================================
[*] STARTING NEW DOMAIN: https://deb112549.dhakaeducationboard.gov.bd
==================================================
[+] Domain exhausted. Finishing up: https://deb112549.dhakaeducationboard.gov.bd
==================================================
[*] STARTING NEW DOMAIN: https://hijalgarisecondaryschool.jessoreboard.gov.bd
==================================================
[+] Domain exhausted. Finishing up: https://hijalgarisecondaryschool.jessoreboard.gov.bd
==================================================
[*] STARTING NEW DOMAIN: https://betar.coxsbazar.gov.bd
==================================================
[+] Domain exhausted. Finishing up: https://betar.coxsbazar.gov.bd
==================================================
[*] STARTING NEW DOMAIN: https://deb112580.dhakaeducationboard.gov.bd
==================================================
[+] Domain exhausted. Finishing up: https://deb112580.dhakaeducationboard.gov.bd
==================================================
[*] STARTING NEW DOMAIN: https://deb135329.dhakaeducationboard.gov.bd
==================================================
[+] Domain exhausted. Finishing up: https://deb135329.dhakaeducationboard.gov.bd
==================================================
[*] STARTING NEW DOMAIN: https://charchartalaup.brahmanbaria.gov.bd
==================================================
[+] Domain exhausted. Finishing up: https://charchartalaup.brahmanbaria.gov.bd
==================================================
[*] STARTING NEW DOMAIN: https://keshabpurmadhushikshaniketan.jessoreboard.gov.bd
==================================================
[+] Domain exhausted. Finishing up: https://keshabpurmadhushikshaniketan.jessoreboard.gov.bd
==================================================
[*] STARTING NEW DOMAIN: https://deb136253.dhakaeducationboard.gov.bd
==================================================
[+] Domain exhausted. Finishing up: https://deb136253.dhakaeducationboard.gov.bd
==================================================
[*] STARTING NEW DOMAIN: https://deo.sadar.bagerhat.gov.bd
==================================================
[+] Domain exhausted. Finishing up: https://deo.sadar.bagerhat.gov.bd
==================================================
[*] STARTING NEW DOMAIN: https://kalochonorthup.chandpur.gov.bd
==================================================
[+] Domain exhausted. Finishing up: https://kalochonorthup.chandpur.gov.bd
==================================================
[*] STARTING NEW DOMAIN: https://lged.sherpur.bogra.gov.bd
==================================================
[+] Domain exhausted. Finishing up: https://lged.sherpur.bogra.gov.bd
==================================================
[*] STARTING NEW DOMAIN: https://deb139505.dhakaeducationboard.gov.bd
==================================================
[+] Domain exhausted. Finishing up: https://deb139505.dhakaeducationboard.gov.bd
==================================================
[*] STARTING NEW DOMAIN: https://tvi.noakhali.gov.bd
==================================================
[+] Domain exhausted. Finishing up: https://tvi.noakhali.gov.bd
==================================================
[*] STARTING NEW DOMAIN: https://mail.dss.gov.bd
==================================================
[+] Domain exhausted. Finishing up: https://mail.dss.gov.bd
==================================================
[*] STARTING NEW DOMAIN: https://sadar.bogra.gov.bd
==================================================
[+] Domain exhausted. Finishing up: https://sadar.bogra.gov.bd
==================================================
[*] STARTING NEW DOMAIN: https://sca.sherpur.gov.bd
==================================================
[+] Domain exhausted. Finishing up: https://sca.sherpur.gov.bd
==================================================
[*] STARTING NEW DOMAIN: https://subidpurjuniorgirlshighschool.jessoreboard.gov.bd
==================================================
[+] Domain exhausted. Finishing up: https://subidpurjuniorgirlshighschool.jessoreboard.gov.bd
==================================================
[*] STARTING NEW DOMAIN: https://reb.bhola.gov.bd
==================================================
[+] Domain exhausted. Finishing up: https://reb.bhola.gov.bd
==================================================
[*] STARTING NEW DOMAIN: https://brdb.tanore.rajshahi.gov.bd
==================================================
[+] Domain exhausted. Finishing up: https://brdb.tanore.rajshahi.gov.bd
==================================================
[*] STARTING NEW DOMAIN: https://khordaailcharasecondaryschool.jessoreboard.gov.bd
==================================================
[+] Domain exhausted. Finishing up: https://khordaailcharasecondaryschool.jessoreboard.gov.bd
==================================================
[*] STARTING NEW DOMAIN: https://deb139754.dhakaeducationboard.gov.bd
==================================================
[+] Domain exhausted. Finishing up: https://deb139754.dhakaeducationboard.gov.bd
==================================================
[*] STARTING NEW DOMAIN: https://bmda.rowmari.kurigram.gov.bd
==================================================
[+] Domain exhausted. Finishing up: https://bmda.rowmari.kurigram.gov.bd
==================================================
[*] STARTING NEW DOMAIN: https://post.akhaura.brahmanbaria.gov.bd
==================================================
[+] Domain exhausted. Finishing up: https://post.akhaura.brahmanbaria.gov.bd
==================================================
[*] STARTING NEW DOMAIN: https://deb134462.dhakaeducationboard.gov.bd
==================================================
[+] Domain exhausted. Finishing up: https://deb134462.dhakaeducationboard.gov.bd
==================================================
[*] STARTING NEW DOMAIN: https://dig.chittagongdiv.gov.bd
==================================================
[+] Domain exhausted. Finishing up: https://dig.chittagongdiv.gov.bd
==================================================
[*] STARTING NEW DOMAIN: https://bnfe.chapainawabganj.gov.bd
==================================================
[+] Domain exhausted. Finishing up: https://bnfe.chapainawabganj.gov.bd
==================================================
[*] STARTING NEW DOMAIN: https://prison.joypurhat.gov.bd
==================================================
[+] Domain exhausted. Finishing up: https://prison.joypurhat.gov.bd
==================================================
[*] STARTING NEW DOMAIN: https://nidch.portal.gov.bd
==================================================
[+] Domain exhausted. Finishing up: https://nidch.portal.gov.bd
==================================================
[*] STARTING NEW DOMAIN: https://dmpi.polytech.gov.bd
==================================================
[+] Domain exhausted. Finishing up: https://dmpi.polytech.gov.bd
==================================================
[*] STARTING NEW DOMAIN: https://seo.lalmohan.bhola.gov.bd
==================================================
[+] Domain exhausted. Finishing up: https://seo.lalmohan.bhola.gov.bd
==================================================
[*] STARTING NEW DOMAIN: https://deb137501.dhakaeducationboard.gov.bd
==================================================
[+] Domain exhausted. Finishing up: https://deb137501.dhakaeducationboard.gov.bd
==================================================
[*] STARTING NEW DOMAIN: https://dls.moulvibazarsadar.moulvibazar.gov.bd
==================================================
[+] Domain exhausted. Finishing up: https://dls.moulvibazarsadar.moulvibazar.gov.bd
==================================================
[*] STARTING NEW DOMAIN: https://kholadangaadarshajuniorsecondarygirlsschool.jessoreboard.gov.bd
==================================================
[+] Domain exhausted. Finishing up: https://kholadangaadarshajuniorsecondarygirlsschool.jessoreboard.gov.bd
==================================================
[*] STARTING NEW DOMAIN: https://lged.bhairab.kishoreganj.gov.bd
==================================================
[+] Domain exhausted. Finishing up: https://lged.bhairab.kishoreganj.gov.bd
==================================================
[*] STARTING NEW DOMAIN: https://deo.haimchar.chandpur.gov.bd
==================================================
[+] Domain exhausted. Finishing up: https://deo.haimchar.chandpur.gov.bd
==================================================
[*] STARTING NEW DOMAIN: https://deb113079.dhakaeducationboard.gov.bd
==================================================
[+] Domain exhausted. Finishing up: https://deb113079.dhakaeducationboard.gov.bd
==================================================
[*] STARTING NEW DOMAIN: https://deb134632.dhakaeducationboard.gov.bd
==================================================
[+] Domain exhausted. Finishing up: https://deb134632.dhakaeducationboard.gov.bd
==================================================
[*] STARTING NEW DOMAIN: https://dls.zajira.shariatpur.gov.bd
==================================================
[+] Domain exhausted. Finishing up: https://dls.zajira.shariatpur.gov.bd
==================================================
[*] STARTING NEW DOMAIN: https://misebadc.kashiani.gopalganj.gov.bd
==================================================
[+] Domain exhausted. Finishing up: https://misebadc.kashiani.gopalganj.gov.bd
==================================================
[*] STARTING NEW DOMAIN: https://khalishpursecondaryschoolkhalishpur.jessoreboard.gov.bd
==================================================
[+] Domain exhausted. Finishing up: https://khalishpursecondaryschoolkhalishpur.jessoreboard.gov.bd
==================================================
[*] STARTING NEW DOMAIN: https://deoparaup.tangail.gov.bd
==================================================
[+] Domain exhausted. Finishing up: https://deoparaup.tangail.gov.bd
==================================================
[*] STARTING NEW DOMAIN: https://deb112098.dhakaeducationboard.gov.bd
==================================================
[+] Domain exhausted. Finishing up: https://deb112098.dhakaeducationboard.gov.bd
==================================================
[*] STARTING NEW DOMAIN: https://deb132141.dhakaeducationboard.gov.bd
==================================================
[+] Domain exhausted. Finishing up: https://deb132141.dhakaeducationboard.gov.bd
==================================================
[*] STARTING NEW DOMAIN: https://baushaup.habiganj.gov.bd
==================================================
[+] Domain exhausted. Finishing up: https://baushaup.habiganj.gov.bd
==================================================
[*] STARTING NEW DOMAIN: https://dss.fulbari.dinajpur.gov.bd
==================================================
[+] Domain exhausted. Finishing up: https://dss.fulbari.dinajpur.gov.bd
==================================================
[*] STARTING NEW DOMAIN: https://kachua.chandpur.gov.bd
==================================================
[+] Domain exhausted. Finishing up: https://kachua.chandpur.gov.bd
==================================================
[*] STARTING NEW DOMAIN: https://deb140390.dhakaeducationboard.gov.bd
==================================================
[+] Domain exhausted. Finishing up: https://deb140390.dhakaeducationboard.gov.bd
==================================================
[*] STARTING NEW DOMAIN: https://dshe.habiganjsadar.habiganj.gov.bd
==================================================
[+] Domain exhausted. Finishing up: https://dshe.habiganjsadar.habiganj.gov.bd
==================================================
[*] STARTING NEW DOMAIN: https://deb113248.dhakaeducationboard.gov.bd
==================================================
[+] Domain exhausted. Finishing up: https://deb113248.dhakaeducationboard.gov.bd
==================================================
[*] STARTING NEW DOMAIN: https://swaruppurup.jhenaidah.gov.bd
==================================================
[+] Domain exhausted. Finishing up: https://swaruppurup.jhenaidah.gov.bd
==================================================
[*] STARTING NEW DOMAIN: https://dss.madhukhali.faridpur.gov.bd
==================================================
[+] Domain exhausted. Finishing up: https://dss.madhukhali.faridpur.gov.bd
==================================================
[*] STARTING NEW DOMAIN: https://kaluparaup.rangpur.gov.bd
==================================================
[+] Domain exhausted. Finishing up: https://kaluparaup.rangpur.gov.bd
==================================================
[*] STARTING NEW DOMAIN: https://rudrapursecondaryschool.jessoreboard.gov.bd
==================================================
[+] Domain exhausted. Finishing up: https://rudrapursecondaryschool.jessoreboard.gov.bd
==================================================
[*] STARTING NEW DOMAIN: https://dss.bhedarganj.shariatpur.gov.bd
==================================================
[+] Domain exhausted. Finishing up: https://dss.bhedarganj.shariatpur.gov.bd
==================================================
[*] STARTING NEW DOMAIN: https://kaliganjadarsasecondiarygirlsschool.jessoreboard.gov.bd
==================================================
[+] Domain exhausted. Finishing up: https://kaliganjadarsasecondiarygirlsschool.jessoreboard.gov.bd
==================================================
[*] STARTING NEW DOMAIN: https://deb138578.dhakaeducationboard.gov.bd
==================================================
[+] Domain exhausted. Finishing up: https://deb138578.dhakaeducationboard.gov.bd
==================================================
[*] STARTING NEW DOMAIN: https://dss-ucd.comilla.gov.bd
==================================================
[+] Domain exhausted. Finishing up: https://dss-ucd.comilla.gov.bd
==================================================
[*] STARTING NEW DOMAIN: https://khejurtolapatikabarisecondaryschool.jessoreboard.gov.bd
==================================================
[+] Domain exhausted. Finishing up: https://khejurtolapatikabarisecondaryschool.jessoreboard.gov.bd
==================================================
[*] STARTING NEW DOMAIN: https://dls.fulgazi.feni.gov.bd
==================================================
[+] Domain exhausted. Finishing up: https://dls.fulgazi.feni.gov.bd
==================================================
[*] STARTING NEW DOMAIN: https://eed.delduar.tangail.gov.bd
==================================================
[+] Domain exhausted. Finishing up: https://eed.delduar.tangail.gov.bd
==================================================
[*] STARTING NEW DOMAIN: https://deb136833.dhakaeducationboard.gov.bd
==================================================
[+] Domain exhausted. Finishing up: https://deb136833.dhakaeducationboard.gov.bd
==================================================
[*] STARTING NEW DOMAIN: https://kashiani.gopalganj.gov.bd
==================================================
[+] Domain exhausted. Finishing up: https://kashiani.gopalganj.gov.bd
==================================================
[*] STARTING NEW DOMAIN: https://deb137949.dhakaeducationboard.gov.bd
==================================================
[+] Domain exhausted. Finishing up: https://deb137949.dhakaeducationboard.gov.bd
==================================================
[*] STARTING NEW DOMAIN: https://dls.singiar.manikganj.gov.bd
==================================================
[+] Domain exhausted. Finishing up: https://dls.singiar.manikganj.gov.bd
==================================================
[*] STARTING NEW DOMAIN: https://lged.bera.pabna.gov.bd
==================================================
[+] Domain exhausted. Finishing up: https://lged.bera.pabna.gov.bd
==================================================
[*] STARTING NEW DOMAIN: https://deb140072.dhakaeducationboard.gov.bd
==================================================
[+] Domain exhausted. Finishing up: https://deb140072.dhakaeducationboard.gov.bd
==================================================
[*] STARTING NEW DOMAIN: https://dss.rupganj.narayanganj.gov.bd
==================================================
[+] Domain exhausted. Finishing up: https://dss.rupganj.narayanganj.gov.bd
==================================================
[*] STARTING NEW DOMAIN: https://deb112664.dhakaeducationboard.gov.bd
==================================================
[+] Domain exhausted. Finishing up: https://deb112664.dhakaeducationboard.gov.bd
==================================================
[*] STARTING NEW DOMAIN: https://reb.dinajpur.gov.bd
==================================================
[+] Domain exhausted. Finishing up: https://reb.dinajpur.gov.bd
==================================================
[*] STARTING NEW DOMAIN: https://islamicfoundation.bhaluka.mymensingh.gov.bd
==================================================
[+] Domain exhausted. Finishing up: https://islamicfoundation.bhaluka.mymensingh.gov.bd
==================================================
[*] STARTING NEW DOMAIN: https://maskaup.netrokona.gov.bd
==================================================
[+] Domain exhausted. Finishing up: https://maskaup.netrokona.gov.bd
==================================================
[*] STARTING NEW DOMAIN: https://deb135693.dhakaeducationboard.gov.bd
==================================================
[+] Domain exhausted. Finishing up: https://deb135693.dhakaeducationboard.gov.bd
==================================================
[*] STARTING NEW DOMAIN: https://ec.bishwambarpur.sunamganj.gov.bd
==================================================
[+] Domain exhausted. Finishing up: https://ec.bishwambarpur.sunamganj.gov.bd
==================================================
[*] STARTING NEW DOMAIN: https://dwa.tala.satkhira.gov.bd
==================================================
[+] Domain exhausted. Finishing up: https://dwa.tala.satkhira.gov.bd
==================================================
[*] STARTING NEW DOMAIN: https://deb109784.dhakaeducationboard.gov.bd
==================================================
[+] Domain exhausted. Finishing up: https://deb109784.dhakaeducationboard.gov.bd
==================================================
[*] STARTING NEW DOMAIN: https://eed.rangamati.gov.bd
==================================================
[+] Domain exhausted. Finishing up: https://eed.rangamati.gov.bd
==================================================
[*] STARTING NEW DOMAIN: https://maliatup.jhenaidah.gov.bd
==================================================
[+] Domain exhausted. Finishing up: https://maliatup.jhenaidah.gov.bd
==================================================
[*] STARTING NEW DOMAIN: https://edge.gov.bd
==================================================
[+] Domain exhausted. Finishing up: https://edge.gov.bd
==================================================
[*] STARTING NEW DOMAIN: https://ec.patgram.lalmonirhat.gov.bd
==================================================
[+] Domain exhausted. Finishing up: https://ec.patgram.lalmonirhat.gov.bd
==================================================
[*] STARTING NEW DOMAIN: https://zso.shyamnagar.satkhira.gov.bd
==================================================
[+] Domain exhausted. Finishing up: https://zso.shyamnagar.satkhira.gov.bd
==================================================
[*] STARTING NEW DOMAIN: https://youth.nangalkot.comilla.gov.bd
==================================================
[+] Domain exhausted. Finishing up: https://youth.nangalkot.comilla.gov.bd
==================================================
[*] STARTING NEW DOMAIN: https://wa.chakaria.coxsbazar.gov.bd
==================================================
[+] Domain exhausted. Finishing up: https://wa.chakaria.coxsbazar.gov.bd
==================================================
[*] STARTING NEW DOMAIN: https://ullapara.sirajganj.gov.bd
==================================================
[+] Domain exhausted. Finishing up: https://ullapara.sirajganj.gov.bd
==================================================
[*] STARTING NEW DOMAIN: https://urc.mathbaria.pirojpur.gov.bd
==================================================
[+] Domain exhausted. Finishing up: https://urc.mathbaria.pirojpur.gov.bd
==================================================
[*] STARTING NEW DOMAIN: https://seo.rangpur.gov.bd
==================================================
[+] Domain exhausted. Finishing up: https://seo.rangpur.gov.bd
==================================================
[*] STARTING NEW DOMAIN: https://www.nagoriksheba.gov.bd/services
==================================================
[+] Domain exhausted. Finishing up: https://www.nagoriksheba.gov.bd/services
==================================================
[*] STARTING NEW DOMAIN: https://youth.teknaf.coxsbazar.gov.bd
==================================================
[+] Domain exhausted. Finishing up: https://youth.teknaf.coxsbazar.gov.bd
==================================================
[*] STARTING NEW DOMAIN: https://youth.jamalpursadar.jamalpur.gov.bd
==================================================
[+] Domain exhausted. Finishing up: https://youth.jamalpursadar.jamalpur.gov.bd
==================================================
[*] STARTING NEW DOMAIN: https://urc.syedpur.nilphamari.gov.bd
==================================================
[+] Domain exhausted. Finishing up: https://urc.syedpur.nilphamari.gov.bd
==================================================
[*] STARTING NEW DOMAIN: https://urc.khaliajuri.netrokona.gov.bd
==================================================
[+] Domain exhausted. Finishing up: https://urc.khaliajuri.netrokona.gov.bd
==================================================
[*] STARTING NEW DOMAIN: https://youth.ruma.bandarban.gov.bd
==================================================
[+] Domain exhausted. Finishing up: https://youth.ruma.bandarban.gov.bd
==================================================
[*] STARTING NEW DOMAIN: https://youth.banaripara.barisal.gov.bd
==================================================
[+] Domain exhausted. Finishing up: https://youth.banaripara.barisal.gov.bd
==================================================
[*] STARTING NEW DOMAIN: http://railwayestate.gov.bd
==================================================
[+] Domain exhausted. Finishing up: http://railwayestate.gov.bd
==================================================
[*] STARTING NEW DOMAIN: https://ilst.netrokona.gov.bd
==================================================
[+] Domain exhausted. Finishing up: https://ilst.netrokona.gov.bd
==================================================
[*] STARTING NEW DOMAIN: https://monirampuradarshasammilanisecondaryschool.jessoreboard.gov.bd
==================================================
[+] Domain exhausted. Finishing up: https://monirampuradarshasammilanisecondaryschool.jessoreboard.gov.bd
==================================================
[*] STARTING NEW DOMAIN: https://pbs.mirzapur.tangail.gov.bd
==================================================
[+] Domain exhausted. Finishing up: https://pbs.mirzapur.tangail.gov.bd
==================================================
[*] STARTING NEW DOMAIN: https://hfwc.mujibnagar.meherpur.gov.bd
==================================================
[+] Domain exhausted. Finishing up: https://hfwc.mujibnagar.meherpur.gov.bd
==================================================
[*] STARTING NEW DOMAIN: https://muktijoddahabdussattersikdarcollege.jessoreboard.gov.bd
==================================================
[+] Domain exhausted. Finishing up: https://muktijoddahabdussattersikdarcollege.jessoreboard.gov.bd
==================================================
[*] STARTING NEW DOMAIN: https://pio.bauphal.patuakhali.gov.bd
==================================================
[+] Domain exhausted. Finishing up: https://pio.bauphal.patuakhali.gov.bd
==================================================
[*] STARTING NEW DOMAIN: https://forest.gaibandha.gov.bd
==================================================
[+] Domain exhausted. Finishing up: https://forest.gaibandha.gov.bd
==================================================
[*] STARTING NEW DOMAIN: https://lged.kurigram.gov.bd
==================================================
[+] Domain exhausted. Finishing up: https://lged.kurigram.gov.bd
==================================================
[*] STARTING NEW DOMAIN: https://pdbf.basail.tangail.gov.bd
==================================================
[+] Domain exhausted. Finishing up: https://pdbf.basail.tangail.gov.bd
==================================================
[*] STARTING NEW DOMAIN: https://food.mithapukur.rangpur.gov.bd
==================================================
[+] Domain exhausted. Finishing up: https://food.mithapukur.rangpur.gov.bd
==================================================
[*] STARTING NEW DOMAIN: https://jpsecondaryschool.jessoreboard.gov.bd
==================================================
[+] Domain exhausted. Finishing up: https://jpsecondaryschool.jessoreboard.gov.bd
==================================================
[*] STARTING NEW DOMAIN: https://pathakataup.sherpur.gov.bd
==================================================
[+] Domain exhausted. Finishing up: https://pathakataup.sherpur.gov.bd
==================================================
[*] STARTING NEW DOMAIN: https://food.gobindaganj.gaibandha.gov.bd
==================================================
[+] Domain exhausted. Finishing up: https://food.gobindaganj.gaibandha.gov.bd
==================================================
[*] STARTING NEW DOMAIN: https://kushtia.police.gov.bd
==================================================
[+] Domain exhausted. Finishing up: https://kushtia.police.gov.bd
==================================================
[*] STARTING NEW DOMAIN: https://pbs.pirgonj.rangpur.gov.bd
==================================================
[+] Domain exhausted. Finishing up: https://pbs.pirgonj.rangpur.gov.bd
==================================================
[*] STARTING NEW DOMAIN: https://pozip.shahjadpur.sirajganj.gov.bd
==================================================
[+] Domain exhausted. Finishing up: https://pozip.shahjadpur.sirajganj.gov.bd
==================================================
[*] STARTING NEW DOMAIN: https://hfwc.rowangchhari.bandarban.gov.bd
==================================================
[+] Domain exhausted. Finishing up: https://hfwc.rowangchhari.bandarban.gov.bd
==================================================
[*] STARTING NEW DOMAIN: https://nea.bcc.gov.bd
==================================================
[+] Domain exhausted. Finishing up: https://nea.bcc.gov.bd
==================================================
[*] STARTING NEW DOMAIN: https://police.khoksa.kushtia.gov.bd
==================================================
[+] Domain exhausted. Finishing up: https://police.khoksa.kushtia.gov.bd
==================================================
[*] STARTING NEW DOMAIN: https://fpo.ukhiya.coxsbazar.gov.bd
==================================================
[+] Domain exhausted. Finishing up: https://fpo.ukhiya.coxsbazar.gov.bd
==================================================
[*] STARTING NEW DOMAIN: https://krishnakatihighschool.jessoreboard.gov.bd
==================================================
[+] Domain exhausted. Finishing up: https://krishnakatihighschool.jessoreboard.gov.bd
==================================================
[*] STARTING NEW DOMAIN: https://pbs.nagarkanda.faridpur.gov.bd
==================================================
[+] Domain exhausted. Finishing up: https://pbs.nagarkanda.faridpur.gov.bd
==================================================
[*] STARTING NEW DOMAIN: https://gaglajurup.netrokona.gov.bd
==================================================
[+] Domain exhausted. Finishing up: https://gaglajurup.netrokona.gov.bd
==================================================
[*] STARTING NEW DOMAIN: https://mail.dam.gov.bd
==================================================
[+] Domain exhausted. Finishing up: https://mail.dam.gov.bd
==================================================
[*] STARTING NEW DOMAIN: https://pio.sreenagar.munshiganj.gov.bd
==================================================
[+] Domain exhausted. Finishing up: https://pio.sreenagar.munshiganj.gov.bd
==================================================
[*] STARTING NEW DOMAIN: https://gangailup.mymensingh.gov.bd
==================================================
[+] Domain exhausted. Finishing up: https://gangailup.mymensingh.gov.bd
==================================================
[*] STARTING NEW DOMAIN: https://kuptolaup.gaibandha.gov.bd
==================================================
[+] Domain exhausted. Finishing up: https://kuptolaup.gaibandha.gov.bd
==================================================
[*] STARTING NEW DOMAIN: https://pdbf.shibaloy.manikganj.gov.bd
==================================================
[+] Domain exhausted. Finishing up: https://pdbf.shibaloy.manikganj.gov.bd
==================================================
[*] STARTING NEW DOMAIN: https://fpo.badalgachi.naogaon.gov.bd
==================================================
[+] Domain exhausted. Finishing up: https://fpo.badalgachi.naogaon.gov.bd
==================================================
[*] STARTING NEW DOMAIN: https://lged.nachol.chapainawabganj.gov.bd
==================================================
[+] Domain exhausted. Finishing up: https://lged.nachol.chapainawabganj.gov.bd
==================================================
[*] STARTING NEW DOMAIN: http://ansarvdp.abhaynagar.jessore.gov.bd
==================================================
[+] Domain exhausted. Finishing up: http://ansarvdp.abhaynagar.jessore.gov.bd
==================================================
[*] STARTING NEW DOMAIN: https://pqsairport.chittagong.gov.bd
==================================================
[+] Domain exhausted. Finishing up: https://pqsairport.chittagong.gov.bd
==================================================
[*] STARTING NEW DOMAIN: https://health.barkal.rangamati.gov.bd
==================================================
[+] Domain exhausted. Finishing up: https://health.barkal.rangamati.gov.bd
==================================================
[*] STARTING NEW DOMAIN: https://mail.mefwd.gov.bd
==================================================
[+] Domain exhausted. Finishing up: https://mail.mefwd.gov.bd
==================================================
[*] STARTING NEW DOMAIN: https://police.badalgachi.naogaon.gov.bd
==================================================
[+] Domain exhausted. Finishing up: https://police.badalgachi.naogaon.gov.bd
==================================================
[*] STARTING NEW DOMAIN: https://gksecondaryschool.jessoreboard.gov.bd
==================================================
[+] Domain exhausted. Finishing up: https://gksecondaryschool.jessoreboard.gov.bd
==================================================
[*] STARTING NEW DOMAIN: https://lged.lakshmipur.gov.bd
==================================================
[+] Domain exhausted. Finishing up: https://lged.lakshmipur.gov.bd
==================================================
[*] STARTING NEW DOMAIN: https://pdrhighschool.jessoreboard.gov.bd
==================================================
[+] Domain exhausted. Finishing up: https://pdrhighschool.jessoreboard.gov.bd
==================================================
[*] STARTING NEW DOMAIN: https://food.kamolganj.moulvibazar.gov.bd
==================================================
[+] Domain exhausted. Finishing up: https://food.kamolganj.moulvibazar.gov.bd
==================================================
[*] STARTING NEW DOMAIN: https://lged.melandah.jamalpur.gov.bd
==================================================
[+] Domain exhausted. Finishing up: https://lged.melandah.jamalpur.gov.bd
==================================================
[*] STARTING NEW DOMAIN: https://pio.hatibandha.lalmonirhat.gov.bd
==================================================
[+] Domain exhausted. Finishing up: https://pio.hatibandha.lalmonirhat.gov.bd
==================================================
[*] STARTING NEW DOMAIN: https://food.shayestaganj.habiganj.gov.bd
==================================================
[+] Domain exhausted. Finishing up: https://food.shayestaganj.habiganj.gov.bd
==================================================
[*] STARTING NEW DOMAIN: https://jpuf.akhaura.brahmanbaria.gov.bd
==================================================
[+] Domain exhausted. Finishing up: https://jpuf.akhaura.brahmanbaria.gov.bd
==================================================
[*] STARTING NEW DOMAIN: https://nioh.portal.gov.bd
==================================================
[+] Domain exhausted. Finishing up: https://nioh.portal.gov.bd
==================================================
[*] STARTING NEW DOMAIN: https://cooparative.banaripara.barisal.gov.bd
==================================================
[+] Domain exhausted. Finishing up: https://cooparative.banaripara.barisal.gov.bd
==================================================
[*] STARTING NEW DOMAIN: https://ishurdi.pabna.gov.bd
==================================================
[+] Domain exhausted. Finishing up: https://ishurdi.pabna.gov.bd
==================================================
[*] STARTING NEW DOMAIN: https://navarancollege.jessoreboard.gov.bd
==================================================
[+] Domain exhausted. Finishing up: https://navarancollege.jessoreboard.gov.bd
==================================================
[*] STARTING NEW DOMAIN: https://fisheries.sharsha.jessore.gov.bd
==================================================
[+] Domain exhausted. Finishing up: https://fisheries.sharsha.jessore.gov.bd
==================================================
[*] STARTING NEW DOMAIN: https://harikhalisecondaryschool.jessoreboard.gov.bd
==================================================
[+] Domain exhausted. Finishing up: https://harikhalisecondaryschool.jessoreboard.gov.bd
==================================================
[*] STARTING NEW DOMAIN: https://mowca.gov.bd
==================================================
[+] Domain exhausted. Finishing up: https://mowca.gov.bd
==================================================
[*] STARTING NEW DOMAIN: https://policedig.rajshahidiv.gov.bd
==================================================
[+] Domain exhausted. Finishing up: https://policedig.rajshahidiv.gov.bd
==================================================
[*] STARTING NEW DOMAIN: https://health.singra.natore.gov.bd
==================================================
[+] Domain exhausted. Finishing up: https://health.singra.natore.gov.bd
==================================================
[*] STARTING NEW DOMAIN: https://mohammadpur.magura.gov.bd
==================================================
[+] Domain exhausted. Finishing up: https://mohammadpur.magura.gov.bd
==================================================
[*] STARTING NEW DOMAIN: https://police.nilphamari.gov.bd
==================================================
[+] Domain exhausted. Finishing up: https://police.nilphamari.gov.bd
==================================================
[*] STARTING NEW DOMAIN: https://fpo.rajapur.jhalakathi.gov.bd
==================================================
[+] Domain exhausted. Finishing up: https://fpo.rajapur.jhalakathi.gov.bd
==================================================
[*] STARTING NEW DOMAIN: https://masterplan.rajuk.gov.bd
==================================================
[+] Domain exhausted. Finishing up: https://masterplan.rajuk.gov.bd
==================================================
[*] STARTING NEW DOMAIN: https://police.chittagongdiv.gov.bd
==================================================
[+] Domain exhausted. Finishing up: https://police.chittagongdiv.gov.bd
==================================================
[*] STARTING NEW DOMAIN: https://food.moulvibazar.gov.bd
==================================================
[+] Domain exhausted. Finishing up: https://food.moulvibazar.gov.bd
==================================================
[*] STARTING NEW DOMAIN: https://kalabariramnagarsecondaryschool.jessoreboard.gov.bd
==================================================
[+] Domain exhausted. Finishing up: https://kalabariramnagarsecondaryschool.jessoreboard.gov.bd
==================================================
[*] STARTING NEW DOMAIN: https://nshd.sreda.gov.bd
==================================================
[+] Domain exhausted. Finishing up: https://nshd.sreda.gov.bd
==================================================
[*] STARTING NEW DOMAIN: https://fisheries.sreepur.gazipur.gov.bd
==================================================
[+] Domain exhausted. Finishing up: https://fisheries.sreepur.gazipur.gov.bd
==================================================
[*] STARTING NEW DOMAIN: https://jamuriaup.tangail.gov.bd
==================================================
[+] Domain exhausted. Finishing up: https://jamuriaup.tangail.gov.bd
==================================================
[*] STARTING NEW DOMAIN: https://passport.jamalpur.gov.bd
==================================================
[+] Domain exhausted. Finishing up: https://passport.jamalpur.gov.bd
==================================================
[*] STARTING NEW DOMAIN: https://pozip.pekua.coxsbazar.gov.bd
==================================================
[+] Domain exhausted. Finishing up: https://pozip.pekua.coxsbazar.gov.bd
==================================================
[*] STARTING NEW DOMAIN: https://health.jibannagar.chuadanga.gov.bd
==================================================
[+] Domain exhausted. Finishing up: https://health.jibannagar.chuadanga.gov.bd
==================================================
[*] STARTING NEW DOMAIN: https://matikomrasecondaryschool.jessoreboard.gov.bd
==================================================
[+] Domain exhausted. Finishing up: https://matikomrasecondaryschool.jessoreboard.gov.bd
==================================================
[*] STARTING NEW DOMAIN: https://police.barisalsadar.barisal.gov.bd
==================================================
[+] Domain exhausted. Finishing up: https://police.barisalsadar.barisal.gov.bd
==================================================
[*] STARTING NEW DOMAIN: https://hsc-group-sub.dinajpurboard.gov.bd
==================================================
[+] Domain exhausted. Finishing up: https://hsc-group-sub.dinajpurboard.gov.bd
==================================================
[*] STARTING NEW DOMAIN: https://pabna.polytech.gov.bd
==================================================
[+] Domain exhausted. Finishing up: https://pabna.polytech.gov.bd
==================================================
[*] STARTING NEW DOMAIN: https://pozip.damudya.shariatpur.gov.bd
==================================================
[+] Domain exhausted. Finishing up: https://pozip.damudya.shariatpur.gov.bd
==================================================
[*] STARTING NEW DOMAIN: https://hfwc.kishoreganjsadar.kishoreganj.gov.bd
==================================================
[+] Domain exhausted. Finishing up: https://hfwc.kishoreganjsadar.kishoreganj.gov.bd
==================================================
[*] STARTING NEW DOMAIN: https://lged.sarail.brahmanbaria.gov.bd
==================================================
[+] Domain exhausted. Finishing up: https://lged.sarail.brahmanbaria.gov.bd
==================================================
[*] STARTING NEW DOMAIN: https://pmgmetro.bdpost.gov.bd
==================================================
[+] Domain exhausted. Finishing up: https://pmgmetro.bdpost.gov.bd
==================================================
[*] STARTING NEW DOMAIN: https://icmab.gov.bd
==================================================
[+] Domain exhausted. Finishing up: https://icmab.gov.bd
==================================================
[*] STARTING NEW DOMAIN: https://pozip.faridpur.pabna.gov.bd
==================================================
[+] Domain exhausted. Finishing up: https://pozip.faridpur.pabna.gov.bd
==================================================
[*] STARTING NEW DOMAIN: https://fps.dgfood.gov.bd
==================================================
[+] Domain exhausted. Finishing up: https://fps.dgfood.gov.bd
==================================================
[*] STARTING NEW DOMAIN: https://khanjahanalisecondaryschool.jessoreboard.gov.bd
==================================================
[+] Domain exhausted. Finishing up: https://khanjahanalisecondaryschool.jessoreboard.gov.bd
==================================================
[*] STARTING NEW DOMAIN: https://pbs.pirganj.thakurgaon.gov.bd
==================================================
[+] Domain exhausted. Finishing up: https://pbs.pirganj.thakurgaon.gov.bd
==================================================
[*] STARTING NEW DOMAIN: https://food.faridpur.pabna.gov.bd
==================================================
[+] Domain exhausted. Finishing up: https://food.faridpur.pabna.gov.bd
==================================================
[*] STARTING NEW DOMAIN: https://karparaup.lakshmipur.gov.bd
==================================================
[+] Domain exhausted. Finishing up: https://karparaup.lakshmipur.gov.bd
==================================================
[*] STARTING NEW DOMAIN: https://pcb.portal.gov.bd
==================================================
[+] Domain exhausted. Finishing up: https://pcb.portal.gov.bd
==================================================
[*] STARTING NEW DOMAIN: https://pps.plandiv.gov.bd
==================================================
[+] Domain exhausted. Finishing up: https://pps.plandiv.gov.bd
==================================================
[*] STARTING NEW DOMAIN: https://irbadc.gournadi.barisal.gov.bd
==================================================
[+] Domain exhausted. Finishing up: https://irbadc.gournadi.barisal.gov.bd
==================================================
[*] STARTING NEW DOMAIN: https://naikhongchhari.bandarban.gov.bd
==================================================
[+] Domain exhausted. Finishing up: https://naikhongchhari.bandarban.gov.bd
==================================================
[*] STARTING NEW DOMAIN: https://police.boalmari.faridpur.gov.bd
==================================================
[+] Domain exhausted. Finishing up: https://police.boalmari.faridpur.gov.bd
==================================================
[*] STARTING NEW DOMAIN: https://fpo.nokla.sherpur.gov.bd
==================================================
[+] Domain exhausted. Finishing up: https://fpo.nokla.sherpur.gov.bd
==================================================
[*] STARTING NEW DOMAIN: https://kayanghatup.khagrachhari.gov.bd
==================================================
[+] Domain exhausted. Finishing up: https://kayanghatup.khagrachhari.gov.bd
==================================================
[*] STARTING NEW DOMAIN: https://upctrc.gopalganj.gov.bd
==================================================
[+] Domain exhausted. Finishing up: https://upctrc.gopalganj.gov.bd
==================================================
[*] STARTING NEW DOMAIN: https://youth.mohammadpur.magura.gov.bd
==================================================
[+] Domain exhausted. Finishing up: https://youth.mohammadpur.magura.gov.bd
==================================================
[*] STARTING NEW DOMAIN: https://youth.moulvibazar.gov.bd
==================================================
[+] Domain exhausted. Finishing up: https://youth.moulvibazar.gov.bd
==================================================
[*] STARTING NEW DOMAIN: https://youth.basail.tangail.gov.bd
==================================================
[+] Domain exhausted. Finishing up: https://youth.basail.tangail.gov.bd
==================================================
[*] STARTING NEW DOMAIN: https://zso.bahubal.habiganj.gov.bd
==================================================
[+] Domain exhausted. Finishing up: https://zso.bahubal.habiganj.gov.bd
==================================================
[*] STARTING NEW DOMAIN: http://dae.jibannagar.chuadanga.gov.bd
==================================================
[+] Domain exhausted. Finishing up: http://dae.jibannagar.chuadanga.gov.bd
==================================================
[*] STARTING NEW DOMAIN: https://youth.sadar.brahmanbaria.gov.bd
==================================================
[+] Domain exhausted. Finishing up: https://youth.sadar.brahmanbaria.gov.bd
==================================================
[*] STARTING NEW DOMAIN: https://youth.narailsadar.narail.gov.bd
==================================================
[+] Domain exhausted. Finishing up: https://youth.narailsadar.narail.gov.bd
==================================================
[*] STARTING NEW DOMAIN: https://youth.jhenaidah.gov.bd
==================================================
[+] Domain exhausted. Finishing up: https://youth.jhenaidah.gov.bd
==================================================
[*] STARTING NEW DOMAIN: https://urc.nondigram.bogra.gov.bd
==================================================
[+] Domain exhausted. Finishing up: https://urc.nondigram.bogra.gov.bd
==================================================
[*] STARTING NEW DOMAIN: https://totthoapa.raipur.lakshmipur.gov.bd
==================================================
[+] Domain exhausted. Finishing up: https://totthoapa.raipur.lakshmipur.gov.bd
==================================================
[*] STARTING NEW DOMAIN: https://sr.mymensinghsadar.mymensingh.gov.bd
==================================================
[+] Domain exhausted. Finishing up: https://sr.mymensinghsadar.mymensingh.gov.bd
==================================================
[*] STARTING NEW DOMAIN: https://tmis.bffwt.gov.bd
==================================================
[+] Domain exhausted. Finishing up: https://tmis.bffwt.gov.bd
==================================================
[*] STARTING NEW DOMAIN: https://jkagsecondaryschool.jessoreboard.gov.bd
==================================================
[+] Domain exhausted. Finishing up: https://jkagsecondaryschool.jessoreboard.gov.bd
==================================================
[*] STARTING NEW DOMAIN: https://shishuacademy.mithapukur.rangpur.gov.bd
==================================================
[+] Domain exhausted. Finishing up: https://shishuacademy.mithapukur.rangpur.gov.bd
==================================================
[*] STARTING NEW DOMAIN: https://savings.barisal.gov.bd
==================================================
[+] Domain exhausted. Finishing up: https://savings.barisal.gov.bd
==================================================
[*] STARTING NEW DOMAIN: https://sreekolup.magura.gov.bd
==================================================
[+] Domain exhausted. Finishing up: https://sreekolup.magura.gov.bd
==================================================
[*] STARTING NEW DOMAIN: https://totthoapa.sylhetsadar.sylhet.gov.bd
==================================================
[+] Domain exhausted. Finishing up: https://totthoapa.sylhetsadar.sylhet.gov.bd
==================================================
[*] STARTING NEW DOMAIN: https://srdirl.comilla.gov.bd
==================================================
[+] Domain exhausted. Finishing up: https://srdirl.comilla.gov.bd
==================================================
[*] STARTING NEW DOMAIN: https://templeedu.feni.gov.bd
==================================================
[+] Domain exhausted. Finishing up: https://templeedu.feni.gov.bd
==================================================
[*] STARTING NEW DOMAIN: https://ttc.mymensingh.gov.bd
==================================================
[+] Domain exhausted. Finishing up: https://ttc.mymensingh.gov.bd
==================================================
[*] STARTING NEW DOMAIN: https://sonaharmollikadahaup.panchagarh.gov.bd
==================================================
[+] Domain exhausted. Finishing up: https://sonaharmollikadahaup.panchagarh.gov.bd
==================================================
[*] STARTING NEW DOMAIN: https://southjoynagarup.bhola.gov.bd
==================================================
[+] Domain exhausted. Finishing up: https://southjoynagarup.bhola.gov.bd
==================================================
[*] STARTING NEW DOMAIN: https://sspg.pirojpur.gov.bd
==================================================
[+] Domain exhausted. Finishing up: https://sspg.pirojpur.gov.bd
==================================================
[*] STARTING NEW DOMAIN: https://satkhirasadar.satkhira.gov.bd
==================================================
[+] Domain exhausted. Finishing up: https://satkhirasadar.satkhira.gov.bd
==================================================
[*] STARTING NEW DOMAIN: https://sr.domar.nilphamari.gov.bd
==================================================
[+] Domain exhausted. Finishing up: https://sr.domar.nilphamari.gov.bd
==================================================
[*] STARTING NEW DOMAIN: https://sr.chatmohar.pabna.gov.bd
==================================================
[+] Domain exhausted. Finishing up: https://sr.chatmohar.pabna.gov.bd
==================================================
[*] STARTING NEW DOMAIN: https://tsc.thakurgaon.gov.bd
==================================================
[+] Domain exhausted. Finishing up: https://tsc.thakurgaon.gov.bd
==================================================
[*] STARTING NEW DOMAIN: https://ttc.feni.gov.bd
==================================================
[+] Domain exhausted. Finishing up: https://ttc.feni.gov.bd
==================================================
[*] STARTING NEW DOMAIN: https://rahimaafsarjuniorsecondarygirlsschool.jessoreboard.gov.bd
==================================================
[+] Domain exhausted. Finishing up: https://rahimaafsarjuniorsecondarygirlsschool.jessoreboard.gov.bd
==================================================
[*] STARTING NEW DOMAIN: https://reb.rajshahidiv.gov.bd
==================================================
[+] Domain exhausted. Finishing up: https://reb.rajshahidiv.gov.bd
==================================================
[*] STARTING NEW DOMAIN: https://mirpur.kushtia.gov.bd
==================================================
[+] Domain exhausted. Finishing up: https://mirpur.kushtia.gov.bd
==================================================
[*] STARTING NEW DOMAIN: https://modhupurhighersecondaryschool.jessoreboard.gov.bd
==================================================
[+] Domain exhausted. Finishing up: https://modhupurhighersecondaryschool.jessoreboard.gov.bd
==================================================
[*] STARTING NEW DOMAIN: https://moutalasecondaryschool.jessoreboard.gov.bd
==================================================
[+] Domain exhausted. Finishing up: https://moutalasecondaryschool.jessoreboard.gov.bd
==================================================
[*] STARTING NEW DOMAIN: https://nahalkhaligirlshighschool.jessoreboard.gov.bd
==================================================
[+] Domain exhausted. Finishing up: https://nahalkhaligirlshighschool.jessoreboard.gov.bd
==================================================
[*] STARTING NEW DOMAIN: https://health.tarakanda.mymensingh.gov.bd
==================================================
[+] Domain exhausted. Finishing up: https://health.tarakanda.mymensingh.gov.bd
==================================================
[*] STARTING NEW DOMAIN: https://dhansagarunitedsecondaryschool.jessoreboard.gov.bd
==================================================
[+] Domain exhausted. Finishing up: https://dhansagarunitedsecondaryschool.jessoreboard.gov.bd
==================================================
[*] STARTING NEW DOMAIN: https://seo.chatmohar.pabna.gov.bd
==================================================
[+] Domain exhausted. Finishing up: https://seo.chatmohar.pabna.gov.bd
==================================================
[*] STARTING NEW DOMAIN: https://ambattalasecondaryschool.jessoreboard.gov.bd
==================================================
[+] Domain exhausted. Finishing up: https://ambattalasecondaryschool.jessoreboard.gov.bd
==================================================
[*] STARTING NEW DOMAIN: https://brdb.chandanaish.chittagong.gov.bd
==================================================
[+] Domain exhausted. Finishing up: https://brdb.chandanaish.chittagong.gov.bd
==================================================
[*] STARTING NEW DOMAIN: http://pqs.mongla.bagerhat.gov.bd
==================================================
[+] Domain exhausted. Finishing up: http://pqs.mongla.bagerhat.gov.bd
==================================================
[*] STARTING NEW DOMAIN: https://seo.birampur.dinajpur.gov.bd
==================================================
[+] Domain exhausted. Finishing up: https://seo.birampur.dinajpur.gov.bd
==================================================
[*] STARTING NEW DOMAIN: http://paris.mofa.gov.bd
==================================================
[+] Domain exhausted. Finishing up: http://paris.mofa.gov.bd
==================================================
[*] STARTING NEW DOMAIN: https://kagkandaup.narayanganj.gov.bd
==================================================
[+] Domain exhausted. Finishing up: https://kagkandaup.narayanganj.gov.bd
==================================================
[*] STARTING NEW DOMAIN: https://acl.saturia.manikganj.gov.bd
==================================================
[+] Domain exhausted. Finishing up: https://acl.saturia.manikganj.gov.bd
==================================================
[*] STARTING NEW DOMAIN: https://rudagharasecondaryschool.jessoreboard.gov.bd
==================================================
[+] Domain exhausted. Finishing up: https://rudagharasecondaryschool.jessoreboard.gov.bd
==================================================
[*] STARTING NEW DOMAIN: https://dvh.pabna.gov.bd
==================================================
[+] Domain exhausted. Finishing up: https://dvh.pabna.gov.bd
==================================================
[*] STARTING NEW DOMAIN: https://brdb.satkhirasadar.satkhira.gov.bd
==================================================
[+] Domain exhausted. Finishing up: https://brdb.satkhirasadar.satkhira.gov.bd
==================================================
[*] STARTING NEW DOMAIN: https://health.koyra.khulna.gov.bd
==================================================
[+] Domain exhausted. Finishing up: https://health.koyra.khulna.gov.bd
==================================================
[*] STARTING NEW DOMAIN: https://deb109613.dhakaeducationboard.gov.bd
==================================================
[+] Domain exhausted. Finishing up: https://deb109613.dhakaeducationboard.gov.bd
==================================================
[*] STARTING NEW DOMAIN: http://fisheries.nalchity.jhalakathi.gov.bd
==================================================
[+] Domain exhausted. Finishing up: http://fisheries.nalchity.jhalakathi.gov.bd
==================================================
[*] STARTING NEW DOMAIN: http://tetuliajuniorhighschool.jessoreboard.gov.bd
==================================================
[+] Domain exhausted. Finishing up: http://tetuliajuniorhighschool.jessoreboard.gov.bd
==================================================
[*] STARTING NEW DOMAIN: https://rangpurrange.police.gov.bd
==================================================
[+] Domain exhausted. Finishing up: https://rangpurrange.police.gov.bd
==================================================
[*] STARTING NEW DOMAIN: https://deb112231.dhakaeducationboard.gov.bd
==================================================
[+] Domain exhausted. Finishing up: https://deb112231.dhakaeducationboard.gov.bd
==================================================
[*] STARTING NEW DOMAIN: https://ansarvdp.birganj.dinajpur.gov.bd
==================================================
[+] Domain exhausted. Finishing up: https://ansarvdp.birganj.dinajpur.gov.bd
==================================================
[*] STARTING NEW DOMAIN: http://erp.fisheries.gov.bd
==================================================
[+] Domain exhausted. Finishing up: http://erp.fisheries.gov.bd
==================================================
[*] STARTING NEW DOMAIN: https://1nobadalgachiup.naogaon.gov.bd
==================================================
[+] Domain exhausted. Finishing up: https://1nobadalgachiup.naogaon.gov.bd
==================================================
[*] STARTING NEW DOMAIN: https://archaeology.khulnadiv.gov.bd
==================================================
[+] Domain exhausted. Finishing up: https://archaeology.khulnadiv.gov.bd
==================================================
[*] STARTING NEW DOMAIN: https://badcseeds.sylhet.gov.bd
==================================================
[+] Domain exhausted. Finishing up: https://badcseeds.sylhet.gov.bd
==================================================
[*] STARTING NEW DOMAIN: https://acl.muladi.barisal.gov.bd
==================================================
[+] Domain exhausted. Finishing up: https://acl.muladi.barisal.gov.bd
==================================================
[*] STARTING NEW DOMAIN: https://sca.lakshmipur.gov.bd
==================================================
[+] Domain exhausted. Finishing up: https://sca.lakshmipur.gov.bd
==================================================
[*] STARTING NEW DOMAIN: https://shahidnayekabduljabbarsecondaryschool.jessoreboard.gov.bd
==================================================
[+] Domain exhausted. Finishing up: https://shahidnayekabduljabbarsecondaryschool.jessoreboard.gov.bd
==================================================
[*] STARTING NEW DOMAIN: https://health.gomostapur.chapainawabganj.gov.bd
==================================================
[+] Domain exhausted. Finishing up: https://health.gomostapur.chapainawabganj.gov.bd
==================================================
[*] STARTING NEW DOMAIN: https://airportps.rmp.gov.bd
==================================================
[+] Domain exhausted. Finishing up: https://airportps.rmp.gov.bd
==================================================
[*] STARTING NEW DOMAIN: https://deb134024.dhakaeducationboard.gov.bd
==================================================
[+] Domain exhausted. Finishing up: https://deb134024.dhakaeducationboard.gov.bd
==================================================
[*] STARTING NEW DOMAIN: https://baniyajanup.netrokona.gov.bd
==================================================
[+] Domain exhausted. Finishing up: https://baniyajanup.netrokona.gov.bd
==================================================
[*] STARTING NEW DOMAIN: https://brdb.barisal.gov.bd
==================================================
[+] Domain exhausted. Finishing up: https://brdb.barisal.gov.bd
==================================================
[*] STARTING NEW DOMAIN: https://seo.kaliganj.gazipur.gov.bd
==================================================
[+] Domain exhausted. Finishing up: https://seo.kaliganj.gazipur.gov.bd
==================================================
[*] STARTING NEW DOMAIN: https://betkatasecondaryschool.jessoreboard.gov.bd
==================================================
[+] Domain exhausted. Finishing up: https://betkatasecondaryschool.jessoreboard.gov.bd
==================================================
[*] STARTING NEW DOMAIN: https://dls.araihazar.narayanganj.gov.bd
==================================================
[+] Domain exhausted. Finishing up: https://dls.araihazar.narayanganj.gov.bd
==================================================
[*] STARTING NEW DOMAIN: https://sebwdb.faridpur.gov.bd
==================================================
[+] Domain exhausted. Finishing up: https://sebwdb.faridpur.gov.bd
==================================================
[*] STARTING NEW DOMAIN: https://borosoluanewmodelcollege.jessoreboard.gov.bd
==================================================
[+] Domain exhausted. Finishing up: https://borosoluanewmodelcollege.jessoreboard.gov.bd
==================================================
[*] STARTING NEW DOMAIN: http://mithapursecondaryschool.jessoreboard.gov.bd
==================================================
[+] Domain exhausted. Finishing up: http://mithapursecondaryschool.jessoreboard.gov.bd
==================================================
[*] STARTING NEW DOMAIN: https://sca.bandarban.gov.bd
==================================================
[+] Domain exhausted. Finishing up: https://sca.bandarban.gov.bd
==================================================
[*] STARTING NEW DOMAIN: https://brdb.kishoreganj.gov.bd
==================================================
[+] Domain exhausted. Finishing up: https://brdb.kishoreganj.gov.bd
==================================================
[*] STARTING NEW DOMAIN: https://bnfe.barguna.gov.bd
==================================================
[+] Domain exhausted. Finishing up: https://bnfe.barguna.gov.bd
==================================================
[*] STARTING NEW DOMAIN: https://jscadmitcard.bise-ctg.gov.bd
==================================================
[+] Domain exhausted. Finishing up: https://jscadmitcard.bise-ctg.gov.bd
==================================================
[*] STARTING NEW DOMAIN: http://sunderpurup.chittagong.gov.bd
==================================================
[+] Domain exhausted. Finishing up: http://sunderpurup.chittagong.gov.bd
==================================================
[*] STARTING NEW DOMAIN: https://asu.kotalipara.gopalganj.gov.bd
==================================================
[+] Domain exhausted. Finishing up: https://asu.kotalipara.gopalganj.gov.bd
==================================================
[*] STARTING NEW DOMAIN: https://khodejakhatungovtsecondarygirlsschool.jessoreboard.gov.bd
==================================================
[+] Domain exhausted. Finishing up: https://khodejakhatungovtsecondarygirlsschool.jessoreboard.gov.bd
==================================================
[*] STARTING NEW DOMAIN: https://raytotiup.kishoreganj.gov.bd
==================================================
[+] Domain exhausted. Finishing up: https://raytotiup.kishoreganj.gov.bd
==================================================
[*] STARTING NEW DOMAIN: https://bsmriith.gov.bd
==================================================
[+] Domain exhausted. Finishing up: https://bsmriith.gov.bd
==================================================
[*] STARTING NEW DOMAIN: https://sfdf.companiganj.sylhet.gov.bd
==================================================
[+] Domain exhausted. Finishing up: https://sfdf.companiganj.sylhet.gov.bd
==================================================
[*] STARTING NEW DOMAIN: https://brdb.bhanga.faridpur.gov.bd
==================================================
[+] Domain exhausted. Finishing up: https://brdb.bhanga.faridpur.gov.bd
==================================================
[*] STARTING NEW DOMAIN: https://deb110168.dhakaeducationboard.gov.bd
==================================================
[+] Domain exhausted. Finishing up: https://deb110168.dhakaeducationboard.gov.bd
==================================================
[*] STARTING NEW DOMAIN: https://bisdp.portal.gov.bd
==================================================
[+] Domain exhausted. Finishing up: https://bisdp.portal.gov.bd
==================================================
[*] STARTING NEW DOMAIN: http://services.cdb.gov.bd
==================================================
[+] Domain exhausted. Finishing up: http://services.cdb.gov.bd
==================================================
[*] STARTING NEW DOMAIN: https://architecture.gov.bd
==================================================
[+] Domain exhausted. Finishing up: https://architecture.gov.bd
==================================================
[*] STARTING NEW DOMAIN: https://akhaura.brahmanbaria.gov.bd
==================================================
[+] Domain exhausted. Finishing up: https://akhaura.brahmanbaria.gov.bd
==================================================
[*] STARTING NEW DOMAIN: https://deb134794.dhakaeducationboard.gov.bd
==================================================
[+] Domain exhausted. Finishing up: https://deb134794.dhakaeducationboard.gov.bd
==================================================
[*] STARTING NEW DOMAIN: https://bbs.anwara.chittagong.gov.bd
==================================================
[+] Domain exhausted. Finishing up: https://bbs.anwara.chittagong.gov.bd
==================================================
[*] STARTING NEW DOMAIN: https://shalla.sunamganj.gov.bd
==================================================
[+] Domain exhausted. Finishing up: https://shalla.sunamganj.gov.bd
==================================================
[*] STARTING NEW DOMAIN: https://deb109098.dhakaeducationboard.gov.bd
==================================================
[+] Domain exhausted. Finishing up: https://deb109098.dhakaeducationboard.gov.bd
==================================================
[*] STARTING NEW DOMAIN: https://nrcc.gov.bd
==================================================
[+] Domain exhausted. Finishing up: https://nrcc.gov.bd
==================================================
[*] STARTING NEW DOMAIN: https://balaganj.sylhet.gov.bd
==================================================
[+] Domain exhausted. Finishing up: https://balaganj.sylhet.gov.bd
==================================================
[*] STARTING NEW DOMAIN: https://senbug.noakhali.gov.bd
==================================================
[+] Domain exhausted. Finishing up: https://senbug.noakhali.gov.bd
==================================================
[*] STARTING NEW DOMAIN: https://hogolbariaup.kushtia.gov.bd
==================================================
[+] Domain exhausted. Finishing up: https://hogolbariaup.kushtia.gov.bd
==================================================
[*] STARTING NEW DOMAIN: https://acl.singra.natore.gov.bd
==================================================
[+] Domain exhausted. Finishing up: https://acl.singra.natore.gov.bd
==================================================
[*] STARTING NEW DOMAIN: https://health.moheshkhali.coxsbazar.gov.bd
==================================================
[+] Domain exhausted. Finishing up: https://health.moheshkhali.coxsbazar.gov.bd
==================================================
[*] STARTING NEW DOMAIN: https://hcpacgacheya.feni.gov.bd
==================================================
[+] Domain exhausted. Finishing up: https://hcpacgacheya.feni.gov.bd
==================================================
[*] STARTING NEW DOMAIN: https://bbs.kamalnagar.lakshmipur.gov.bd
==================================================
[+] Domain exhausted. Finishing up: https://bbs.kamalnagar.lakshmipur.gov.bd
==================================================
[*] STARTING NEW DOMAIN: https://ashwadiaup.noakhali.gov.bd
==================================================
[+] Domain exhausted. Finishing up: https://ashwadiaup.noakhali.gov.bd
==================================================
[*] STARTING NEW DOMAIN: https://asu.kalmakanda.netrokona.gov.bd
==================================================
[+] Domain exhausted. Finishing up: https://asu.kalmakanda.netrokona.gov.bd
==================================================
[*] STARTING NEW DOMAIN: https://ansarvdp.ramganj.lakshmipur.gov.bd
==================================================
[+] Domain exhausted. Finishing up: https://ansarvdp.ramganj.lakshmipur.gov.bd
==================================================
[*] STARTING NEW DOMAIN: https://seo.rangpursadar.rangpur.gov.bd
==================================================
[+] Domain exhausted. Finishing up: https://seo.rangpursadar.rangpur.gov.bd
==================================================
[*] STARTING NEW DOMAIN: https://seo.daganbhuiyan.feni.gov.bd
==================================================
[+] Domain exhausted. Finishing up: https://seo.daganbhuiyan.feni.gov.bd
==================================================
[*] STARTING NEW DOMAIN: https://kodaliamhbjuniorgirlshighschool.jessoreboard.gov.bd
==================================================
[+] Domain exhausted. Finishing up: https://kodaliamhbjuniorgirlshighschool.jessoreboard.gov.bd
==================================================
[*] STARTING NEW DOMAIN: http://kaligonjcollege.jessoreboard.gov.bd
==================================================
[+] Domain exhausted. Finishing up: http://kaligonjcollege.jessoreboard.gov.bd
==================================================
[*] STARTING NEW DOMAIN: https://sr.bahubal.habiganj.gov.bd
==================================================
[+] Domain exhausted. Finishing up: https://sr.bahubal.habiganj.gov.bd
==================================================
[*] STARTING NEW DOMAIN: https://shilpakala.barguna.gov.bd
==================================================
[+] Domain exhausted. Finishing up: https://shilpakala.barguna.gov.bd
==================================================
[*] STARTING NEW DOMAIN: https://brdb.jamalpur.gov.bd
==================================================
[+] Domain exhausted. Finishing up: https://brdb.jamalpur.gov.bd
==================================================
[*] STARTING NEW DOMAIN: http://ec.atpara.netrokona.gov.bd
==================================================
[+] Domain exhausted. Finishing up: http://ec.atpara.netrokona.gov.bd
==================================================
[*] STARTING NEW DOMAIN: https://bakheramukaddimkholajuniorhighschool.jessoreboard.gov.bd
==================================================
[+] Domain exhausted. Finishing up: https://bakheramukaddimkholajuniorhighschool.jessoreboard.gov.bd
==================================================
[*] STARTING NEW DOMAIN: https://centralsecondaryschool.jessoreboard.gov.bd
==================================================
[+] Domain exhausted. Finishing up: https://centralsecondaryschool.jessoreboard.gov.bd
==================================================
[*] STARTING NEW DOMAIN: https://deb190132.dhakaeducationboard.gov.bd
==================================================
[+] Domain exhausted. Finishing up: https://deb190132.dhakaeducationboard.gov.bd
==================================================
[*] STARTING NEW DOMAIN: https://centraldhis.mohfw.gov.bd
==================================================
[+] Domain exhausted. Finishing up: https://centraldhis.mohfw.gov.bd
==================================================
[*] STARTING NEW DOMAIN: https://anduliasecondaryschool.jessoreboard.gov.bd
==================================================
[+] Domain exhausted. Finishing up: https://anduliasecondaryschool.jessoreboard.gov.bd
==================================================
[*] STARTING NEW DOMAIN: https://deb109333.dhakaeducationboard.gov.bd
==================================================
[+] Domain exhausted. Finishing up: https://deb109333.dhakaeducationboard.gov.bd
==================================================
[*] STARTING NEW DOMAIN: https://jhenaidah.gov.bd
==================================================
[+] Domain exhausted. Finishing up: https://jhenaidah.gov.bd
==================================================
[*] STARTING NEW DOMAIN: https://sfdf.ro.chapainawabganj.gov.bd
==================================================
[+] Domain exhausted. Finishing up: https://sfdf.ro.chapainawabganj.gov.bd
==================================================
[*] STARTING NEW DOMAIN: https://seo.bhangura.pabna.gov.bd
==================================================
[+] Domain exhausted. Finishing up: https://seo.bhangura.pabna.gov.bd
==================================================
[*] STARTING NEW DOMAIN: https://bpdb.portal.gov.bd
==================================================
[+] Domain exhausted. Finishing up: https://bpdb.portal.gov.bd
==================================================
[*] STARTING NEW DOMAIN: https://forest.rajbari.gov.bd
==================================================
[+] Domain exhausted. Finishing up: https://forest.rajbari.gov.bd
==================================================
[*] STARTING NEW DOMAIN: https://cooparative.shibganj.chapainawabganj.gov.bd
==================================================
[+] Domain exhausted. Finishing up: https://cooparative.shibganj.chapainawabganj.gov.bd
==================================================
[*] STARTING NEW DOMAIN: https://bangabandhucollege1.jessoreboard.gov.bd
==================================================
[+] Domain exhausted. Finishing up: https://bangabandhucollege1.jessoreboard.gov.bd
==================================================
[*] STARTING NEW DOMAIN: https://chikdairup.chittagong.gov.bd
==================================================
[+] Domain exhausted. Finishing up: https://chikdairup.chittagong.gov.bd
==================================================
[*] STARTING NEW DOMAIN: https://deb113108.dhakaeducationboard.gov.bd
==================================================
[+] Domain exhausted. Finishing up: https://deb113108.dhakaeducationboard.gov.bd
==================================================
[*] STARTING NEW DOMAIN: https://deb113300.dhakaeducationboard.gov.bd
==================================================
[+] Domain exhausted. Finishing up: https://deb113300.dhakaeducationboard.gov.bd
==================================================
[*] STARTING NEW DOMAIN: https://seedsbadc.laksam.comilla.gov.bd
==================================================
[+] Domain exhausted. Finishing up: https://seedsbadc.laksam.comilla.gov.bd
==================================================
[*] STARTING NEW DOMAIN: https://deb108920.dhakaeducationboard.gov.bd
==================================================
[+] Domain exhausted. Finishing up: https://deb108920.dhakaeducationboard.gov.bd
==================================================
[*] STARTING NEW DOMAIN: https://fireservice.jaintiapur.sylhet.gov.bd
==================================================
[+] Domain exhausted. Finishing up: https://fireservice.jaintiapur.sylhet.gov.bd
==================================================
[*] STARTING NEW DOMAIN: https://ebek.bagatipara.natore.gov.bd
==================================================
[+] Domain exhausted. Finishing up: https://ebek.bagatipara.natore.gov.bd
==================================================
[*] STARTING NEW DOMAIN: https://dls.kaunia.rangpur.gov.bd
==================================================
[+] Domain exhausted. Finishing up: https://dls.kaunia.rangpur.gov.bd
==================================================
[*] STARTING NEW DOMAIN: https://kaliaup.tangail.gov.bd
==================================================
[+] Domain exhausted. Finishing up: https://kaliaup.tangail.gov.bd
==================================================
[*] STARTING NEW DOMAIN: https://cs.thakurgaon.gov.bd
==================================================
[+] Domain exhausted. Finishing up: https://cs.thakurgaon.gov.bd
==================================================
[*] STARTING NEW DOMAIN: https://shilpakala.jessore.gov.bd
==================================================
[+] Domain exhausted. Finishing up: https://shilpakala.jessore.gov.bd
==================================================
[*] STARTING NEW DOMAIN: https://ansarvdp.raipur.lakshmipur.gov.bd
==================================================
[+] Domain exhausted. Finishing up: https://ansarvdp.raipur.lakshmipur.gov.bd
==================================================
[*] STARTING NEW DOMAIN: https://cpp.barguna.gov.bd
==================================================
[+] Domain exhausted. Finishing up: https://cpp.barguna.gov.bd
==================================================
[*] STARTING NEW DOMAIN: https://arayshatasecondaryschool.jessoreboard.gov.bd
==================================================
[+] Domain exhausted. Finishing up: https://arayshatasecondaryschool.jessoreboard.gov.bd
==================================================
[*] STARTING NEW DOMAIN: https://ais.dhaka.gov.bd
==================================================
[+] Domain exhausted. Finishing up: https://ais.dhaka.gov.bd
==================================================
[*] STARTING NEW DOMAIN: https://cs.patuakhali.gov.bd
==================================================
[+] Domain exhausted. Finishing up: https://cs.patuakhali.gov.bd
==================================================
[*] STARTING NEW DOMAIN: https://deb109372.dhakaeducationboard.gov.bd
==================================================
[+] Domain exhausted. Finishing up: https://deb109372.dhakaeducationboard.gov.bd
==================================================
[*] STARTING NEW DOMAIN: https://coop.mymensingh.gov.bd
==================================================
[+] Domain exhausted. Finishing up: https://coop.mymensingh.gov.bd
==================================================
[*] STARTING NEW DOMAIN: https://brdb.sadar.bagerhat.gov.bd
==================================================
[+] Domain exhausted. Finishing up: https://brdb.sadar.bagerhat.gov.bd
==================================================
[*] STARTING NEW DOMAIN: https://cooperative.kaunia.rangpur.gov.bd
==================================================
[+] Domain exhausted. Finishing up: https://cooperative.kaunia.rangpur.gov.bd
==================================================
[*] STARTING NEW DOMAIN: https://deb110291.dhakaeducationboard.gov.bd
==================================================
[+] Domain exhausted. Finishing up: https://deb110291.dhakaeducationboard.gov.bd
==================================================
[*] STARTING NEW DOMAIN: https://ec.sadar.rangamati.gov.bd
==================================================
[+] Domain exhausted. Finishing up: https://ec.sadar.rangamati.gov.bd
==================================================
[*] STARTING NEW DOMAIN: https://cooparative.gosairhat.shariatpur.gov.bd
==================================================
[+] Domain exhausted. Finishing up: https://cooparative.gosairhat.shariatpur.gov.bd
==================================================
[*] STARTING NEW DOMAIN: https://doict.fulbari.dinajpur.gov.bd
==================================================
[+] Domain exhausted. Finishing up: https://doict.fulbari.dinajpur.gov.bd
==================================================
[*] STARTING NEW DOMAIN: https://dwa.gajaria.munshiganj.gov.bd
==================================================
[+] Domain exhausted. Finishing up: https://dwa.gajaria.munshiganj.gov.bd
==================================================
[*] STARTING NEW DOMAIN: https://coronationsecondarybiddyaniketan.jessoreboard.gov.bd
==================================================
[+] Domain exhausted. Finishing up: https://coronationsecondarybiddyaniketan.jessoreboard.gov.bd
==================================================
[*] STARTING NEW DOMAIN: https://cooparative.shyamnagar.satkhira.gov.bd
==================================================
[+] Domain exhausted. Finishing up: https://cooparative.shyamnagar.satkhira.gov.bd
==================================================
[*] STARTING NEW DOMAIN: https://customs.magura.gov.bd
==================================================
[+] Domain exhausted. Finishing up: https://customs.magura.gov.bd
==================================================
[*] STARTING NEW DOMAIN: https://mail.bnf.gov.bd
==================================================
[+] Domain exhausted. Finishing up: https://mail.bnf.gov.bd
==================================================
[*] STARTING NEW DOMAIN: https://report.dms.bdpost.gov.bd
==================================================
[+] Domain exhausted. Finishing up: https://report.dms.bdpost.gov.bd
==================================================
[*] STARTING NEW DOMAIN: https://deb108423.dhakaeducationboard.gov.bd
==================================================
[+] Domain exhausted. Finishing up: https://deb108423.dhakaeducationboard.gov.bd
==================================================
[*] STARTING NEW DOMAIN: https://deb108502.dhakaeducationboard.gov.bd
==================================================
[+] Domain exhausted. Finishing up: https://deb108502.dhakaeducationboard.gov.bd
==================================================
[*] STARTING NEW DOMAIN: https://bwdb.kaliganj.satkhira.gov.bd
==================================================
[+] Domain exhausted. Finishing up: https://bwdb.kaliganj.satkhira.gov.bd
==================================================
[*] STARTING NEW DOMAIN: https://caab.portal.gov.bd
==================================================
[+] Domain exhausted. Finishing up: https://caab.portal.gov.bd
==================================================
[*] STARTING NEW DOMAIN: https://dae.jamalganj.sunamganj.gov.bd
==================================================
[+] Domain exhausted. Finishing up: https://dae.jamalganj.sunamganj.gov.bd
==================================================
[*] STARTING NEW DOMAIN: https://bmet.jhalakathi.gov.bd
==================================================
[+] Domain exhausted. Finishing up: https://bmet.jhalakathi.gov.bd
==================================================
[*] STARTING NEW DOMAIN: https://dwa.natoresadar.natore.gov.bd
==================================================
[+] Domain exhausted. Finishing up: https://dwa.natoresadar.natore.gov.bd
==================================================
[*] STARTING NEW DOMAIN: https://dae.sadar.bagerhat.gov.bd
==================================================
[+] Domain exhausted. Finishing up: https://dae.sadar.bagerhat.gov.bd
==================================================
[*] STARTING NEW DOMAIN: https://deb109617.dhakaeducationboard.gov.bd
==================================================
[+] Domain exhausted. Finishing up: https://deb109617.dhakaeducationboard.gov.bd
==================================================
[*] STARTING NEW DOMAIN: https://crc.bandarban.gov.bd
==================================================
[+] Domain exhausted. Finishing up: https://crc.bandarban.gov.bd
==================================================
[*] STARTING NEW DOMAIN: https://cooparative.patnitala.naogaon.gov.bd
==================================================
[+] Domain exhausted. Finishing up: https://cooparative.patnitala.naogaon.gov.bd
==================================================
[*] STARTING NEW DOMAIN: https://ngte-welfaretrust.portal.gov.bd
==================================================
[+] Domain exhausted. Finishing up: https://ngte-welfaretrust.portal.gov.bd
==================================================
[*] STARTING NEW DOMAIN: https://crtsmf.dinajpur.gov.bd
==================================================
[+] Domain exhausted. Finishing up: https://crtsmf.dinajpur.gov.bd
==================================================
[*] STARTING NEW DOMAIN: https://bbs.sirajganj.gov.bd
==================================================
[+] Domain exhausted. Finishing up: https://bbs.sirajganj.gov.bd
==================================================
[*] STARTING NEW DOMAIN: https://cooppanchlaish.chittagong.gov.bd
==================================================
[+] Domain exhausted. Finishing up: https://cooppanchlaish.chittagong.gov.bd
==================================================
[*] STARTING NEW DOMAIN: https://dss.sreepur.gazipur.gov.bd
==================================================
[+] Domain exhausted. Finishing up: https://dss.sreepur.gazipur.gov.bd
==================================================
[*] STARTING NEW DOMAIN: https://chukaibariup.jamalpur.gov.bd
==================================================
[+] Domain exhausted. Finishing up: https://chukaibariup.jamalpur.gov.bd
==================================================
[*] STARTING NEW DOMAIN: https://deb110574.dhakaeducationboard.gov.bd
==================================================
[+] Domain exhausted. Finishing up: https://deb110574.dhakaeducationboard.gov.bd
==================================================
[*] STARTING NEW DOMAIN: https://deb110296.dhakaeducationboard.gov.bd
==================================================
[+] Domain exhausted. Finishing up: https://deb110296.dhakaeducationboard.gov.bd
==================================================
[*] STARTING NEW DOMAIN: https://btcl.raipura.narsingdi.gov.bd
==================================================
[+] Domain exhausted. Finishing up: https://btcl.raipura.narsingdi.gov.bd
==================================================
[*] STARTING NEW DOMAIN: https://deb110346.dhakaeducationboard.gov.bd
==================================================
[+] Domain exhausted. Finishing up: https://deb110346.dhakaeducationboard.gov.bd
==================================================
[*] STARTING NEW DOMAIN: https://deb113495.dhakaeducationboard.gov.bd
==================================================
[+] Domain exhausted. Finishing up: https://deb113495.dhakaeducationboard.gov.bd
==================================================
[*] STARTING NEW DOMAIN: https://customs.netrokona.gov.bd
==================================================
[+] Domain exhausted. Finishing up: https://customs.netrokona.gov.bd
==================================================
[*] STARTING NEW DOMAIN: https://acl.gajaria.munshiganj.gov.bd
==================================================
[+] Domain exhausted. Finishing up: https://acl.gajaria.munshiganj.gov.bd
==================================================
[*] STARTING NEW DOMAIN: https://seo.sadar.bagerhat.gov.bd
==================================================
[+] Domain exhausted. Finishing up: https://seo.sadar.bagerhat.gov.bd
==================================================
[*] STARTING NEW DOMAIN: https://ec.shahrasti.chandpur.gov.bd
==================================================
[+] Domain exhausted. Finishing up: https://ec.shahrasti.chandpur.gov.bd
==================================================
[*] STARTING NEW DOMAIN: https://brdb.sujanagar.pabna.gov.bd
==================================================
[+] Domain exhausted. Finishing up: https://brdb.sujanagar.pabna.gov.bd
==================================================
[*] STARTING NEW DOMAIN: https://ebek.dighinala.khagrachhari.gov.bd
==================================================
[+] Domain exhausted. Finishing up: https://ebek.dighinala.khagrachhari.gov.bd
==================================================
[*] STARTING NEW DOMAIN: https://da.pabna.gov.bd
==================================================
[+] Domain exhausted. Finishing up: https://da.pabna.gov.bd
==================================================
[*] STARTING NEW DOMAIN: https://eed.ullapara.sirajganj.gov.bd
==================================================
[+] Domain exhausted. Finishing up: https://eed.ullapara.sirajganj.gov.bd
==================================================
[*] STARTING NEW DOMAIN: https://dwa.madarganj.jamalpur.gov.bd
==================================================
[+] Domain exhausted. Finishing up: https://dwa.madarganj.jamalpur.gov.bd
==================================================
[*] STARTING NEW DOMAIN: https://deb109863.dhakaeducationboard.gov.bd
==================================================
[+] Domain exhausted. Finishing up: https://deb109863.dhakaeducationboard.gov.bd
==================================================
[*] STARTING NEW DOMAIN: https://doict.babuganj.barisal.gov.bd
==================================================
[+] Domain exhausted. Finishing up: https://doict.babuganj.barisal.gov.bd
==================================================
[*] STARTING NEW DOMAIN: https://abak.nachol.chapainawabganj.gov.bd
==================================================
[+] Domain exhausted. Finishing up: https://abak.nachol.chapainawabganj.gov.bd
==================================================
[*] STARTING NEW DOMAIN: https://ecertificate.fisheries.gov.bd
==================================================
[+] Domain exhausted. Finishing up: https://ecertificate.fisheries.gov.bd
==================================================
[*] STARTING NEW DOMAIN: https://dae.sadar.bandarban.gov.bd
==================================================
[+] Domain exhausted. Finishing up: https://dae.sadar.bandarban.gov.bd
==================================================
[*] STARTING NEW DOMAIN: https://dwa.kaliganj.gazipur.gov.bd
==================================================
[+] Domain exhausted. Finishing up: https://dwa.kaliganj.gazipur.gov.bd
==================================================
[*] STARTING NEW DOMAIN: https://ebek.shalikha.magura.gov.bd
==================================================
[+] Domain exhausted. Finishing up: https://ebek.shalikha.magura.gov.bd
==================================================
[*] STARTING NEW DOMAIN: https://bhbfc.barishal.gov.bd
==================================================
[+] Domain exhausted. Finishing up: https://bhbfc.barishal.gov.bd
==================================================
[*] STARTING NEW DOMAIN: https://brtcdepotgabtoli.dhaka.gov.bd
==================================================
[+] Domain exhausted. Finishing up: https://brtcdepotgabtoli.dhaka.gov.bd
==================================================
[*] STARTING NEW DOMAIN: https://ec.joypurhat.gov.bd
==================================================
[+] Domain exhausted. Finishing up: https://ec.joypurhat.gov.bd
==================================================
[*] STARTING NEW DOMAIN: https://seo.phulchari.gaibandha.gov.bd
==================================================
[+] Domain exhausted. Finishing up: https://seo.phulchari.gaibandha.gov.bd
==================================================
[*] STARTING NEW DOMAIN: https://educationboard.rajshahi.gov.bd
==================================================
[+] Domain exhausted. Finishing up: https://educationboard.rajshahi.gov.bd
==================================================
[*] STARTING NEW DOMAIN: https://shaulajaliaup.jhalakathi.gov.bd
==================================================
[+] Domain exhausted. Finishing up: https://shaulajaliaup.jhalakathi.gov.bd
==================================================
[*] STARTING NEW DOMAIN: https://ec.patnitala.naogaon.gov.bd
==================================================
[+] Domain exhausted. Finishing up: https://ec.patnitala.naogaon.gov.bd
==================================================
[*] STARTING NEW DOMAIN: https://e-service.ocei.gov.bd
==================================================
[+] Domain exhausted. Finishing up: https://e-service.ocei.gov.bd
==================================================
[*] STARTING NEW DOMAIN: https://eed.bhuapur.tangail.gov.bd
==================================================
[+] Domain exhausted. Finishing up: https://eed.bhuapur.tangail.gov.bd
==================================================
[*] STARTING NEW DOMAIN: https://eo.companiganj.noakhali.gov.bd
==================================================
[+] Domain exhausted. Finishing up: https://eo.companiganj.noakhali.gov.bd
==================================================
[*] STARTING NEW DOMAIN: https://batiaparashialmarisecondaryschool.jessoreboard.gov.bd
==================================================
[+] Domain exhausted. Finishing up: https://batiaparashialmarisecondaryschool.jessoreboard.gov.bd
==================================================
[*] STARTING NEW DOMAIN: https://sfdf.islampur.jamalpur.gov.bd
==================================================
[+] Domain exhausted. Finishing up: https://sfdf.islampur.jamalpur.gov.bd
==================================================
[*] STARTING NEW DOMAIN: https://api-training.doptor.gov.bd
==================================================
[+] Domain exhausted. Finishing up: https://api-training.doptor.gov.bd
==================================================
[*] STARTING NEW DOMAIN: https://acl.daganbhuiyan.feni.gov.bd
==================================================
[+] Domain exhausted. Finishing up: https://acl.daganbhuiyan.feni.gov.bd
==================================================
[*] STARTING NEW DOMAIN: https://dam.fulbaria.mymensingh.gov.bd
==================================================
[+] Domain exhausted. Finishing up: https://dam.fulbaria.mymensingh.gov.bd
==================================================
[*] STARTING NEW DOMAIN: https://dao.juraichari.rangamati.gov.bd
==================================================
[+] Domain exhausted. Finishing up: https://dao.juraichari.rangamati.gov.bd
==================================================
[*] STARTING NEW DOMAIN: https://chakborkatup.joypurhat.gov.bd
==================================================
[+] Domain exhausted. Finishing up: https://chakborkatup.joypurhat.gov.bd
==================================================
[*] STARTING NEW DOMAIN: https://jalirparup.gopalganj.gov.bd
==================================================
[+] Domain exhausted. Finishing up: https://jalirparup.gopalganj.gov.bd
==================================================
[*] STARTING NEW DOMAIN: https://daic.khulna.gov.bd
==================================================
[+] Domain exhausted. Finishing up: https://daic.khulna.gov.bd
==================================================
[*] STARTING NEW DOMAIN: https://ebek.manirampur.jessore.gov.bd
==================================================
[+] Domain exhausted. Finishing up: https://ebek.manirampur.jessore.gov.bd
==================================================
[*] STARTING NEW DOMAIN: https://ec.atrai.naogaon.gov.bd
==================================================
[+] Domain exhausted. Finishing up: https://ec.atrai.naogaon.gov.bd
==================================================
[*] STARTING NEW DOMAIN: https://barishalpoly.gov.bd
==================================================
[+] Domain exhausted. Finishing up: https://barishalpoly.gov.bd
==================================================
[*] STARTING NEW DOMAIN: https://ec.panchbibi.joypurhat.gov.bd
==================================================
[+] Domain exhausted. Finishing up: https://ec.panchbibi.joypurhat.gov.bd
==================================================
[*] STARTING NEW DOMAIN: https://dao.chapainawabganj.gov.bd
==================================================
[+] Domain exhausted. Finishing up: https://dao.chapainawabganj.gov.bd
==================================================
[*] STARTING NEW DOMAIN: https://ansarvdp.pangsa.rajbari.gov.bd
==================================================
[+] Domain exhausted. Finishing up: https://ansarvdp.pangsa.rajbari.gov.bd
==================================================
[*] STARTING NEW DOMAIN: https://bbs.hatibandha.lalmonirhat.gov.bd
==================================================
[+] Domain exhausted. Finishing up: https://bbs.hatibandha.lalmonirhat.gov.bd
==================================================
[*] STARTING NEW DOMAIN: https://dae.ullapara.sirajganj.gov.bd
==================================================
[+] Domain exhausted. Finishing up: https://dae.ullapara.sirajganj.gov.bd
==================================================
[*] STARTING NEW DOMAIN: https://dls.kalukhali.rajbari.gov.bd
==================================================
[+] Domain exhausted. Finishing up: https://dls.kalukhali.rajbari.gov.bd
==================================================
[*] STARTING NEW DOMAIN: https://sca.pirojpur.gov.bd
==================================================
[+] Domain exhausted. Finishing up: https://sca.pirojpur.gov.bd
==================================================
[*] STARTING NEW DOMAIN: https://deb110737.dhakaeducationboard.gov.bd
==================================================
[+] Domain exhausted. Finishing up: https://deb110737.dhakaeducationboard.gov.bd
==================================================
[*] STARTING NEW DOMAIN: https://dao.raninagar.naogaon.gov.bd
==================================================
[+] Domain exhausted. Finishing up: https://dao.raninagar.naogaon.gov.bd
==================================================
[*] STARTING NEW DOMAIN: http://sr.atpara.netrokona.gov.bd
==================================================
[+] Domain exhausted. Finishing up: http://sr.atpara.netrokona.gov.bd
==================================================
[*] STARTING NEW DOMAIN: https://dae.taltali.barguna.gov.bd
==================================================
[+] Domain exhausted. Finishing up: https://dae.taltali.barguna.gov.bd
==================================================
[*] STARTING NEW DOMAIN: https://deb107858.dhakaeducationboard.gov.bd
==================================================
[+] Domain exhausted. Finishing up: https://deb107858.dhakaeducationboard.gov.bd
==================================================
[*] STARTING NEW DOMAIN: https://pti.rajshahi.gov.bd
==================================================
[+] Domain exhausted. Finishing up: https://pti.rajshahi.gov.bd
==================================================
[*] STARTING NEW DOMAIN: https://dam.chittagongdiv.gov.bd
==================================================
[+] Domain exhausted. Finishing up: https://dam.chittagongdiv.gov.bd
==================================================
[*] STARTING NEW DOMAIN: https://deb108976.dhakaeducationboard.gov.bd
==================================================
[+] Domain exhausted. Finishing up: https://deb108976.dhakaeducationboard.gov.bd
==================================================
[*] STARTING NEW DOMAIN: https://deb108817.dhakaeducationboard.gov.bd
==================================================
[+] Domain exhausted. Finishing up: https://deb108817.dhakaeducationboard.gov.bd
==================================================
[*] STARTING NEW DOMAIN: https://deb110955.dhakaeducationboard.gov.bd
==================================================
[+] Domain exhausted. Finishing up: https://deb110955.dhakaeducationboard.gov.bd
==================================================
[*] STARTING NEW DOMAIN: https://atabahaup.gazipur.gov.bd
==================================================
[+] Domain exhausted. Finishing up: https://atabahaup.gazipur.gov.bd
==================================================
[*] STARTING NEW DOMAIN: https://deb107879.dhakaeducationboard.gov.bd
==================================================
[+] Domain exhausted. Finishing up: https://deb107879.dhakaeducationboard.gov.bd
==================================================
[*] STARTING NEW DOMAIN: https://dao.mohalchari.khagrachhari.gov.bd
==================================================
[+] Domain exhausted. Finishing up: https://dao.mohalchari.khagrachhari.gov.bd
==================================================
[*] STARTING NEW DOMAIN: https://dapdapiaup.jhalakathi.gov.bd
==================================================
[+] Domain exhausted. Finishing up: https://dapdapiaup.jhalakathi.gov.bd
==================================================
[*] STARTING NEW DOMAIN: https://dao.barisaldiv.gov.bd
==================================================
[+] Domain exhausted. Finishing up: https://dao.barisaldiv.gov.bd
==================================================
[*] STARTING NEW DOMAIN: https://deb111371.dhakaeducationboard.gov.bd
==================================================
[+] Domain exhausted. Finishing up: https://deb111371.dhakaeducationboard.gov.bd
==================================================
[*] STARTING NEW DOMAIN: https://dao.nachol.chapainawabganj.gov.bd
==================================================
[+] Domain exhausted. Finishing up: https://dao.nachol.chapainawabganj.gov.bd
==================================================
[*] STARTING NEW DOMAIN: https://deb108357.dhakaeducationboard.gov.bd
==================================================
[+] Domain exhausted. Finishing up: https://deb108357.dhakaeducationboard.gov.bd
==================================================
[*] STARTING NEW DOMAIN: https://deb108526.dhakaeducationboard.gov.bd
==================================================
[+] Domain exhausted. Finishing up: https://deb108526.dhakaeducationboard.gov.bd
==================================================
[*] STARTING NEW DOMAIN: https://deb112229.dhakaeducationboard.gov.bd
==================================================
[+] Domain exhausted. Finishing up: https://deb112229.dhakaeducationboard.gov.bd
==================================================
[*] STARTING NEW DOMAIN: https://deb111443.dhakaeducationboard.gov.bd
==================================================
[+] Domain exhausted. Finishing up: https://deb111443.dhakaeducationboard.gov.bd
==================================================
[*] STARTING NEW DOMAIN: https://deb111537.dhakaeducationboard.gov.bd
==================================================
[+] Domain exhausted. Finishing up: https://deb111537.dhakaeducationboard.gov.bd
==================================================
[*] STARTING NEW DOMAIN: https://fqohsiap.dhaka.gov.bd
==================================================
[+] Domain exhausted. Finishing up: https://fqohsiap.dhaka.gov.bd
==================================================
[*] STARTING NEW DOMAIN: https://deb112958.dhakaeducationboard.gov.bd
==================================================
[+] Domain exhausted. Finishing up: https://deb112958.dhakaeducationboard.gov.bd
==================================================
[*] STARTING NEW DOMAIN: https://deb109203.dhakaeducationboard.gov.bd
==================================================
[+] Domain exhausted. Finishing up: https://deb109203.dhakaeducationboard.gov.bd
==================================================
[*] STARTING NEW DOMAIN: https://deb112608.dhakaeducationboard.gov.bd
==================================================
[+] Domain exhausted. Finishing up: https://deb112608.dhakaeducationboard.gov.bd
==================================================
[*] STARTING NEW DOMAIN: https://deb112430.dhakaeducationboard.gov.bd
==================================================
[+] Domain exhausted. Finishing up: https://deb112430.dhakaeducationboard.gov.bd
==================================================
[*] STARTING NEW DOMAIN: https://deb108359.dhakaeducationboard.gov.bd
==================================================
[+] Domain exhausted. Finishing up: https://deb108359.dhakaeducationboard.gov.bd
==================================================
[*] STARTING NEW DOMAIN: https://dam.thakurgaon.gov.bd
==================================================
[+] Domain exhausted. Finishing up: https://dam.thakurgaon.gov.bd
==================================================
[*] STARTING NEW DOMAIN: https://deb111426.dhakaeducationboard.gov.bd
==================================================
[+] Domain exhausted. Finishing up: https://deb111426.dhakaeducationboard.gov.bd
==================================================
[*] STARTING NEW DOMAIN: https://deb108186.dhakaeducationboard.gov.bd
==================================================
[+] Domain exhausted. Finishing up: https://deb108186.dhakaeducationboard.gov.bd
==================================================
[*] STARTING NEW DOMAIN: https://deb111669.dhakaeducationboard.gov.bd
==================================================
[+] Domain exhausted. Finishing up: https://deb111669.dhakaeducationboard.gov.bd
==================================================
[*] STARTING NEW DOMAIN: https://deb111203.dhakaeducationboard.gov.bd
==================================================
[+] Domain exhausted. Finishing up: https://deb111203.dhakaeducationboard.gov.bd
==================================================
[*] STARTING NEW DOMAIN: https://deb112303.dhakaeducationboard.gov.bd
==================================================
[+] Domain exhausted. Finishing up: https://deb112303.dhakaeducationboard.gov.bd
==================================================
[*] STARTING NEW DOMAIN: https://brdb.narayanganj.gov.bd
==================================================
[+] Domain exhausted. Finishing up: https://brdb.narayanganj.gov.bd
==================================================
[*] STARTING NEW DOMAIN: https://freedomfighters.afd.gov.bd
==================================================
[+] Domain exhausted. Finishing up: https://freedomfighters.afd.gov.bd
==================================================
[*] STARTING NEW DOMAIN: https://deb112408.dhakaeducationboard.gov.bd
==================================================
[+] Domain exhausted. Finishing up: https://deb112408.dhakaeducationboard.gov.bd
==================================================
[*] STARTING NEW DOMAIN: https://dhansagarradhalaxmisecondaryschool.jessoreboard.gov.bd
==================================================
[+] Domain exhausted. Finishing up: https://dhansagarradhalaxmisecondaryschool.jessoreboard.gov.bd
==================================================
[*] STARTING NEW DOMAIN: https://deb109111.dhakaeducationboard.gov.bd
==================================================
[+] Domain exhausted. Finishing up: https://deb109111.dhakaeducationboard.gov.bd
==================================================
[*] STARTING NEW DOMAIN: https://deb108745.dhakaeducationboard.gov.bd
==================================================
[+] Domain exhausted. Finishing up: https://deb108745.dhakaeducationboard.gov.bd
==================================================
[*] STARTING NEW DOMAIN: https://deb111143.dhakaeducationboard.gov.bd
==================================================
[+] Domain exhausted. Finishing up: https://deb111143.dhakaeducationboard.gov.bd
==================================================
[*] STARTING NEW DOMAIN: https://deb109112.dhakaeducationboard.gov.bd
==================================================
[+] Domain exhausted. Finishing up: https://deb109112.dhakaeducationboard.gov.bd
==================================================
[*] STARTING NEW DOMAIN: https://deb111516.dhakaeducationboard.gov.bd
==================================================
[+] Domain exhausted. Finishing up: https://deb111516.dhakaeducationboard.gov.bd
==================================================
[*] STARTING NEW DOMAIN: https://nbc.portal.gov.bd
==================================================
[+] Domain exhausted. Finishing up: https://nbc.portal.gov.bd
==================================================
[*] STARTING NEW DOMAIN: https://pttc.rajbari.gov.bd
==================================================
[+] Domain exhausted. Finishing up: https://pttc.rajbari.gov.bd
==================================================
[*] STARTING NEW DOMAIN: https://deb108395.dhakaeducationboard.gov.bd
==================================================
[+] Domain exhausted. Finishing up: https://deb108395.dhakaeducationboard.gov.bd
==================================================
[*] STARTING NEW DOMAIN: https://deb108230.dhakaeducationboard.gov.bd
==================================================
[+] Domain exhausted. Finishing up: https://deb108230.dhakaeducationboard.gov.bd
==================================================
[*] STARTING NEW DOMAIN: https://bangkok.mofa.gov.bd
==================================================
[+] Domain exhausted. Finishing up: https://bangkok.mofa.gov.bd
==================================================
[*] STARTING NEW DOMAIN: https://deb108394.dhakaeducationboard.gov.bd
==================================================
[+] Domain exhausted. Finishing up: https://deb108394.dhakaeducationboard.gov.bd
==================================================
[*] STARTING NEW DOMAIN: https://application.sylhetboard.gov.bd
==================================================
[+] Domain exhausted. Finishing up: https://application.sylhetboard.gov.bd
==================================================
[*] STARTING NEW DOMAIN: https://acl.banshkhali.chittagong.gov.bd
==================================================
[+] Domain exhausted. Finishing up: https://acl.banshkhali.chittagong.gov.bd
==================================================
[*] STARTING NEW DOMAIN: https://deb108749.dhakaeducationboard.gov.bd
==================================================
[+] Domain exhausted. Finishing up: https://deb108749.dhakaeducationboard.gov.bd
==================================================
[*] STARTING NEW DOMAIN: https://deb111132.dhakaeducationboard.gov.bd
==================================================
[+] Domain exhausted. Finishing up: https://deb111132.dhakaeducationboard.gov.bd
==================================================
[*] STARTING NEW DOMAIN: https://deb108667.dhakaeducationboard.gov.bd
==================================================
[+] Domain exhausted. Finishing up: https://deb108667.dhakaeducationboard.gov.bd
==================================================
[*] STARTING NEW DOMAIN: https://deb112124.dhakaeducationboard.gov.bd
==================================================
[+] Domain exhausted. Finishing up: https://deb112124.dhakaeducationboard.gov.bd
==================================================
[*] STARTING NEW DOMAIN: http://deb107915.dhakaeducationboard.gov.bd
==================================================
[+] Domain exhausted. Finishing up: http://deb107915.dhakaeducationboard.gov.bd
==================================================
[*] STARTING NEW DOMAIN: https://deb111040.dhakaeducationboard.gov.bd
==================================================
[+] Domain exhausted. Finishing up: https://deb111040.dhakaeducationboard.gov.bd
==================================================
[*] STARTING NEW DOMAIN: https://ec.panchagarh.gov.bd
==================================================
[+] Domain exhausted. Finishing up: https://ec.panchagarh.gov.bd
==================================================
[*] STARTING NEW DOMAIN: https://jsm.bsfic.gov.bd
==================================================
[+] Domain exhausted. Finishing up: https://jsm.bsfic.gov.bd
==================================================
[*] STARTING NEW DOMAIN: https://ansarvdp.laksam.comilla.gov.bd
==================================================
[+] Domain exhausted. Finishing up: https://ansarvdp.laksam.comilla.gov.bd
==================================================
[*] STARTING NEW DOMAIN: https://deb112974.dhakaeducationboard.gov.bd
==================================================
[+] Domain exhausted. Finishing up: https://deb112974.dhakaeducationboard.gov.bd
==================================================
[*] STARTING NEW DOMAIN: https://eed.charfesson.bhola.gov.bd
==================================================
[+] Domain exhausted. Finishing up: https://eed.charfesson.bhola.gov.bd
==================================================
[*] STARTING NEW DOMAIN: https://deb113118.dhakaeducationboard.gov.bd
==================================================
[+] Domain exhausted. Finishing up: https://deb113118.dhakaeducationboard.gov.bd
==================================================
[*] STARTING NEW DOMAIN: https://pbs.patnitala.naogaon.gov.bd
==================================================
[+] Domain exhausted. Finishing up: https://pbs.patnitala.naogaon.gov.bd
==================================================
[*] STARTING NEW DOMAIN: https://pdbf.bhangura.pabna.gov.bd
==================================================
[+] Domain exhausted. Finishing up: https://pdbf.bhangura.pabna.gov.bd
==================================================
[*] STARTING NEW DOMAIN: https://ems.epb.gov.bd
==================================================
[+] Domain exhausted. Finishing up: https://ems.epb.gov.bd
==================================================
[*] STARTING NEW DOMAIN: https://deb111959.dhakaeducationboard.gov.bd
==================================================
[+] Domain exhausted. Finishing up: https://deb111959.dhakaeducationboard.gov.bd
==================================================
[*] STARTING NEW DOMAIN: https://eed.sadar.rangamati.gov.bd
==================================================
[+] Domain exhausted. Finishing up: https://eed.sadar.rangamati.gov.bd
==================================================
[*] STARTING NEW DOMAIN: https://ec.sreepur.magura.gov.bd
==================================================
[+] Domain exhausted. Finishing up: https://ec.sreepur.magura.gov.bd
==================================================
[*] STARTING NEW DOMAIN: https://deb114245.dhakaeducationboard.gov.bd
==================================================
[+] Domain exhausted. Finishing up: https://deb114245.dhakaeducationboard.gov.bd
==================================================
[*] STARTING NEW DOMAIN: https://deb114368.dhakaeducationboard.gov.bd
==================================================
[+] Domain exhausted. Finishing up: https://deb114368.dhakaeducationboard.gov.bd
==================================================
[*] STARTING NEW DOMAIN: https://pbs.sirajdikhan.munshiganj.gov.bd
==================================================
[+] Domain exhausted. Finishing up: https://pbs.sirajdikhan.munshiganj.gov.bd
==================================================
[*] STARTING NEW DOMAIN: https://eed.narail.gov.bd
==================================================
[+] Domain exhausted. Finishing up: https://eed.narail.gov.bd
==================================================
[*] STARTING NEW DOMAIN: https://deb113982.dhakaeducationboard.gov.bd
==================================================
[+] Domain exhausted. Finishing up: https://deb113982.dhakaeducationboard.gov.bd
==================================================
[*] STARTING NEW DOMAIN: https://deb114025.dhakaeducationboard.gov.bd
==================================================
[+] Domain exhausted. Finishing up: https://deb114025.dhakaeducationboard.gov.bd
==================================================
[*] STARTING NEW DOMAIN: https://panchkatiahighschool.jessoreboard.gov.bd
==================================================
[+] Domain exhausted. Finishing up: https://panchkatiahighschool.jessoreboard.gov.bd
==================================================
[*] STARTING NEW DOMAIN: https://eservice.bba.gov.bd
==================================================
[+] Domain exhausted. Finishing up: https://eservice.bba.gov.bd
==================================================
[*] STARTING NEW DOMAIN: https://deb136769.dhakaeducationboard.gov.bd
==================================================
[+] Domain exhausted. Finishing up: https://deb136769.dhakaeducationboard.gov.bd
==================================================
[*] STARTING NEW DOMAIN: https://acl.atghoria.pabna.gov.bd
==================================================
[+] Domain exhausted. Finishing up: https://acl.atghoria.pabna.gov.bd
==================================================
[*] STARTING NEW DOMAIN: https://eed.daulatpur.manikganj.gov.bd
==================================================
[+] Domain exhausted. Finishing up: https://eed.daulatpur.manikganj.gov.bd
==================================================
[*] STARTING NEW DOMAIN: https://deb113932.dhakaeducationboard.gov.bd
==================================================
[+] Domain exhausted. Finishing up: https://deb113932.dhakaeducationboard.gov.bd
==================================================
[*] STARTING NEW DOMAIN: https://fisheries.manda.naogaon.gov.bd
==================================================
[+] Domain exhausted. Finishing up: https://fisheries.manda.naogaon.gov.bd
==================================================
[*] STARTING NEW DOMAIN: https://acl.bera.pabna.gov.bd
==================================================
[+] Domain exhausted. Finishing up: https://acl.bera.pabna.gov.bd
==================================================
[*] STARTING NEW DOMAIN: https://lged.atrai.naogaon.gov.bd
==================================================
[+] Domain exhausted. Finishing up: https://lged.atrai.naogaon.gov.bd
==================================================
[*] STARTING NEW DOMAIN: https://sr.badargonj.rangpur.gov.bd
==================================================
[+] Domain exhausted. Finishing up: https://sr.badargonj.rangpur.gov.bd
==================================================
[*] STARTING NEW DOMAIN: https://sports.shariatpur.gov.bd
==================================================
[+] Domain exhausted. Finishing up: https://sports.shariatpur.gov.bd
==================================================
[*] STARTING NEW DOMAIN: https://skh.gov.bd
==================================================
[+] Domain exhausted. Finishing up: https://skh.gov.bd
==================================================
[*] STARTING NEW DOMAIN: https://eecpfp.sreda.gov.bd
==================================================
[+] Domain exhausted. Finishing up: https://eecpfp.sreda.gov.bd
==================================================
[*] STARTING NEW DOMAIN: https://pio.raipura.narsingdi.gov.bd
==================================================
[+] Domain exhausted. Finishing up: https://pio.raipura.narsingdi.gov.bd
==================================================
[*] STARTING NEW DOMAIN: https://dhainagarup.chapainawabganj.gov.bd
==================================================
[+] Domain exhausted. Finishing up: https://dhainagarup.chapainawabganj.gov.bd
==================================================
[*] STARTING NEW DOMAIN: https://deb114565.dhakaeducationboard.gov.bd
==================================================
[+] Domain exhausted. Finishing up: https://deb114565.dhakaeducationboard.gov.bd
==================================================
[*] STARTING NEW DOMAIN: https://seo.ranisankail.thakurgaon.gov.bd
==================================================
[+] Domain exhausted. Finishing up: https://seo.ranisankail.thakurgaon.gov.bd
==================================================
[*] STARTING NEW DOMAIN: https://deo.hossainpur.kishoreganj.gov.bd
==================================================
[+] Domain exhausted. Finishing up: https://deo.hossainpur.kishoreganj.gov.bd
==================================================
[*] STARTING NEW DOMAIN: https://deb132140.dhakaeducationboard.gov.bd
==================================================
[+] Domain exhausted. Finishing up: https://deb132140.dhakaeducationboard.gov.bd
==================================================
[*] STARTING NEW DOMAIN: https://fdi.chandpur.gov.bd
==================================================
[+] Domain exhausted. Finishing up: https://fdi.chandpur.gov.bd
==================================================
[*] STARTING NEW DOMAIN: https://deb139132.dhakaeducationboard.gov.bd
==================================================
[+] Domain exhausted. Finishing up: https://deb139132.dhakaeducationboard.gov.bd
==================================================
[*] STARTING NEW DOMAIN: https://deb134275.dhakaeducationboard.gov.bd
==================================================
[+] Domain exhausted. Finishing up: https://deb134275.dhakaeducationboard.gov.bd
==================================================
[*] STARTING NEW DOMAIN: https://sandhanischoolandcollege.jessoreboard.gov.bd
==================================================
[+] Domain exhausted. Finishing up: https://sandhanischoolandcollege.jessoreboard.gov.bd
==================================================
[*] STARTING NEW DOMAIN: https://deb131397.dhakaeducationboard.gov.bd
==================================================
[+] Domain exhausted. Finishing up: https://deb131397.dhakaeducationboard.gov.bd
==================================================
[*] STARTING NEW DOMAIN: https://dls.naikhongchhari.bandarban.gov.bd
==================================================
[+] Domain exhausted. Finishing up: https://dls.naikhongchhari.bandarban.gov.bd
==================================================
[*] STARTING NEW DOMAIN: https://deb133722.dhakaeducationboard.gov.bd
==================================================
[+] Domain exhausted. Finishing up: https://deb133722.dhakaeducationboard.gov.bd
==================================================
[*] STARTING NEW DOMAIN: https://doict.gangni.meherpur.gov.bd
==================================================
[+] Domain exhausted. Finishing up: https://doict.gangni.meherpur.gov.bd
==================================================
[*] STARTING NEW DOMAIN: https://dls.fultola.khulna.gov.bd
==================================================
[+] Domain exhausted. Finishing up: https://dls.fultola.khulna.gov.bd
==================================================
[*] STARTING NEW DOMAIN: https://bbs.laxmichhari.khagrachhari.gov.bd
==================================================
[+] Domain exhausted. Finishing up: https://bbs.laxmichhari.khagrachhari.gov.bd
==================================================
[*] STARTING NEW DOMAIN: https://deb134471.dhakaeducationboard.gov.bd
==================================================
[+] Domain exhausted. Finishing up: https://deb134471.dhakaeducationboard.gov.bd
==================================================
[*] STARTING NEW DOMAIN: https://doict.birganj.dinajpur.gov.bd
==================================================
[+] Domain exhausted. Finishing up: https://doict.birganj.dinajpur.gov.bd
==================================================
[*] STARTING NEW DOMAIN: https://deb138947.dhakaeducationboard.gov.bd
==================================================
[+] Domain exhausted. Finishing up: https://deb138947.dhakaeducationboard.gov.bd
==================================================
[*] STARTING NEW DOMAIN: https://deb140077.dhakaeducationboard.gov.bd
==================================================
[+] Domain exhausted. Finishing up: https://deb140077.dhakaeducationboard.gov.bd
==================================================
[*] STARTING NEW DOMAIN: https://doict.sadar.feni.gov.bd
==================================================
[+] Domain exhausted. Finishing up: https://doict.sadar.feni.gov.bd
==================================================
[*] STARTING NEW DOMAIN: https://deb136759.dhakaeducationboard.gov.bd
==================================================
[+] Domain exhausted. Finishing up: https://deb136759.dhakaeducationboard.gov.bd
==================================================
[*] STARTING NEW DOMAIN: https://deb137605.dhakaeducationboard.gov.bd
==================================================
[+] Domain exhausted. Finishing up: https://deb137605.dhakaeducationboard.gov.bd
==================================================
[*] STARTING NEW DOMAIN: https://doict.naniarchar.rangamati.gov.bd
==================================================
[+] Domain exhausted. Finishing up: https://doict.naniarchar.rangamati.gov.bd
==================================================
[*] STARTING NEW DOMAIN: https://deb139448.dhakaeducationboard.gov.bd
==================================================
[+] Domain exhausted. Finishing up: https://deb139448.dhakaeducationboard.gov.bd
==================================================
[*] STARTING NEW DOMAIN: https://dphe.chandanaish.chittagong.gov.bd
==================================================
[+] Domain exhausted. Finishing up: https://dphe.chandanaish.chittagong.gov.bd
==================================================
[*] STARTING NEW DOMAIN: https://deb130877.dhakaeducationboard.gov.bd
==================================================
[+] Domain exhausted. Finishing up: https://deb130877.dhakaeducationboard.gov.bd
==================================================
[*] STARTING NEW DOMAIN: https://acl.chakaria.coxsbazar.gov.bd
==================================================
[+] Domain exhausted. Finishing up: https://acl.chakaria.coxsbazar.gov.bd
==================================================
[*] STARTING NEW DOMAIN: https://dgplmodelcollege.jessoreboard.gov.bd
==================================================
[+] Domain exhausted. Finishing up: https://dgplmodelcollege.jessoreboard.gov.bd
==================================================
[*] STARTING NEW DOMAIN: https://deb134534.dhakaeducationboard.gov.bd
==================================================
[+] Domain exhausted. Finishing up: https://deb134534.dhakaeducationboard.gov.bd
==================================================
[*] STARTING NEW DOMAIN: https://deb131128.dhakaeducationboard.gov.bd
==================================================
[+] Domain exhausted. Finishing up: https://deb131128.dhakaeducationboard.gov.bd
==================================================
[*] STARTING NEW DOMAIN: https://deb134675.dhakaeducationboard.gov.bd
==================================================
[+] Domain exhausted. Finishing up: https://deb134675.dhakaeducationboard.gov.bd
==================================================
[*] STARTING NEW DOMAIN: https://deb190182.dhakaeducationboard.gov.bd
==================================================
[+] Domain exhausted. Finishing up: https://deb190182.dhakaeducationboard.gov.bd
==================================================
[*] STARTING NEW DOMAIN: https://deb130915.dhakaeducationboard.gov.bd
==================================================
[+] Domain exhausted. Finishing up: https://deb130915.dhakaeducationboard.gov.bd
==================================================
[*] STARTING NEW DOMAIN: https://deb136262.dhakaeducationboard.gov.bd
==================================================
[+] Domain exhausted. Finishing up: https://deb136262.dhakaeducationboard.gov.bd
==================================================
[*] STARTING NEW DOMAIN: https://abak.kaliganj.gazipur.gov.bd
==================================================
[+] Domain exhausted. Finishing up: https://abak.kaliganj.gazipur.gov.bd
==================================================
[*] STARTING NEW DOMAIN: https://bscicjamdani.rupganj.narayanganj.gov.bd
==================================================
[+] Domain exhausted. Finishing up: https://bscicjamdani.rupganj.narayanganj.gov.bd
==================================================
[*] STARTING NEW DOMAIN: https://dpe.kurigram.gov.bd
==================================================
[+] Domain exhausted. Finishing up: https://dpe.kurigram.gov.bd
==================================================
[*] STARTING NEW DOMAIN: https://doict.ukhiya.coxsbazar.gov.bd
==================================================
[+] Domain exhausted. Finishing up: https://doict.ukhiya.coxsbazar.gov.bd
==================================================
[*] STARTING NEW DOMAIN: https://computerlittlejewelsschool.jessoreboard.gov.bd
==================================================
[+] Domain exhausted. Finishing up: https://computerlittlejewelsschool.jessoreboard.gov.bd
==================================================
[*] STARTING NEW DOMAIN: https://dls.pathorghata.barguna.gov.bd
==================================================
[+] Domain exhausted. Finishing up: https://dls.pathorghata.barguna.gov.bd
==================================================
[*] STARTING NEW DOMAIN: https://sundarbantourism.bforest.gov.bd
==================================================
[+] Domain exhausted. Finishing up: https://sundarbantourism.bforest.gov.bd
==================================================
[*] STARTING NEW DOMAIN: https://deb111372.dhakaeducationboard.gov.bd
==================================================
[+] Domain exhausted. Finishing up: https://deb111372.dhakaeducationboard.gov.bd
==================================================
[*] STARTING NEW DOMAIN: https://dpe.parshuram.feni.gov.bd
==================================================
[+] Domain exhausted. Finishing up: https://dpe.parshuram.feni.gov.bd
==================================================
[*] STARTING NEW DOMAIN: https://dphe.raigonj.sirajganj.gov.bd
==================================================
[+] Domain exhausted. Finishing up: https://dphe.raigonj.sirajganj.gov.bd
==================================================
[*] STARTING NEW DOMAIN: https://doj.netrokonasadar.netrokona.gov.bd
==================================================
[+] Domain exhausted. Finishing up: https://doj.netrokonasadar.netrokona.gov.bd
==================================================
[*] STARTING NEW DOMAIN: https://dss.jhenaidah.gov.bd
==================================================
[+] Domain exhausted. Finishing up: https://dss.jhenaidah.gov.bd
==================================================
[*] STARTING NEW DOMAIN: https://fireservice.kaliganj.lalmonirhat.gov.bd
==================================================
[+] Domain exhausted. Finishing up: https://fireservice.kaliganj.lalmonirhat.gov.bd
==================================================
[*] STARTING NEW DOMAIN: https://dshe.aditmari.lalmonirhat.gov.bd
==================================================
[+] Domain exhausted. Finishing up: https://dshe.aditmari.lalmonirhat.gov.bd
==================================================
[*] STARTING NEW DOMAIN: https://brdb.chauddagram.comilla.gov.bd
==================================================
[+] Domain exhausted. Finishing up: https://brdb.chauddagram.comilla.gov.bd
==================================================
[*] STARTING NEW DOMAIN: https://brta.chapainawabganj.gov.bd
==================================================
[+] Domain exhausted. Finishing up: https://brta.chapainawabganj.gov.bd
==================================================
[*] STARTING NEW DOMAIN: https://badarpasaup.madaripur.gov.bd
==================================================
[+] Domain exhausted. Finishing up: https://badarpasaup.madaripur.gov.bd
==================================================
[*] STARTING NEW DOMAIN: https://deb113941.dhakaeducationboard.gov.bd
==================================================
[+] Domain exhausted. Finishing up: https://deb113941.dhakaeducationboard.gov.bd
==================================================
[*] STARTING NEW DOMAIN: https://bbs.haluaghat.mymensingh.gov.bd
==================================================
[+] Domain exhausted. Finishing up: https://bbs.haluaghat.mymensingh.gov.bd
==================================================
[*] STARTING NEW DOMAIN: https://dphe.mollahat.bagerhat.gov.bd
==================================================
[+] Domain exhausted. Finishing up: https://dphe.mollahat.bagerhat.gov.bd
==================================================
[*] STARTING NEW DOMAIN: https://totthoapa.bandar.narayanganj.gov.bd
==================================================
[+] Domain exhausted. Finishing up: https://totthoapa.bandar.narayanganj.gov.bd
==================================================
[*] STARTING NEW DOMAIN: https://dphe.haripur.thakurgaon.gov.bd
==================================================
[+] Domain exhausted. Finishing up: https://dphe.haripur.thakurgaon.gov.bd
==================================================
[*] STARTING NEW DOMAIN: https://ebek.kishoreganjsadar.kishoreganj.gov.bd
==================================================
[+] Domain exhausted. Finishing up: https://ebek.kishoreganjsadar.kishoreganj.gov.bd
==================================================
[*] STARTING NEW DOMAIN: https://fisheries.tanore.rajshahi.gov.bd
==================================================
[+] Domain exhausted. Finishing up: https://fisheries.tanore.rajshahi.gov.bd
==================================================
[*] STARTING NEW DOMAIN: https://forest.baraigram.natore.gov.bd
==================================================
[+] Domain exhausted. Finishing up: https://forest.baraigram.natore.gov.bd
==================================================
[*] STARTING NEW DOMAIN: https://fireservice.bochaganj.dinajpur.gov.bd
==================================================
[+] Domain exhausted. Finishing up: https://fireservice.bochaganj.dinajpur.gov.bd
==================================================
[*] STARTING NEW DOMAIN: https://bhomraup.satkhira.gov.bd
==================================================
[+] Domain exhausted. Finishing up: https://bhomraup.satkhira.gov.bd
==================================================
[*] STARTING NEW DOMAIN: https://services.rdarajshahi.gov.bd
==================================================
[+] Domain exhausted. Finishing up: https://services.rdarajshahi.gov.bd
==================================================
[*] STARTING NEW DOMAIN: https://food.porsha.naogaon.gov.bd
==================================================
[+] Domain exhausted. Finishing up: https://food.porsha.naogaon.gov.bd
==================================================
[*] STARTING NEW DOMAIN: https://fisheries.ramu.coxsbazar.gov.bd
==================================================
[+] Domain exhausted. Finishing up: https://fisheries.ramu.coxsbazar.gov.bd
==================================================
[*] STARTING NEW DOMAIN: https://fisheries.madaripur.gov.bd
==================================================
[+] Domain exhausted. Finishing up: https://fisheries.madaripur.gov.bd
==================================================
[*] STARTING NEW DOMAIN: https://deb113880.dhakaeducationboard.gov.bd
==================================================
[+] Domain exhausted. Finishing up: https://deb113880.dhakaeducationboard.gov.bd
==================================================
[*] STARTING NEW DOMAIN: https://cbraj.gov.bd
==================================================
[+] Domain exhausted. Finishing up: https://cbraj.gov.bd
==================================================
[*] STARTING NEW DOMAIN: https://bbra.portal.gov.bd
==================================================
[+] Domain exhausted. Finishing up: https://bbra.portal.gov.bd
==================================================
[*] STARTING NEW DOMAIN: https://dr.brahmanbaria.gov.bd
==================================================
[+] Domain exhausted. Finishing up: https://dr.brahmanbaria.gov.bd
==================================================
[*] STARTING NEW DOMAIN: https://fisheries.juri.moulvibazar.gov.bd
==================================================
[+] Domain exhausted. Finishing up: https://fisheries.juri.moulvibazar.gov.bd
==================================================
[*] STARTING NEW DOMAIN: https://fireservice.durgapur.rajshahi.gov.bd
==================================================
[+] Domain exhausted. Finishing up: https://fireservice.durgapur.rajshahi.gov.bd
==================================================
[*] STARTING NEW DOMAIN: https://fireservice.tarash.sirajganj.gov.bd
==================================================
[+] Domain exhausted. Finishing up: https://fireservice.tarash.sirajganj.gov.bd
==================================================
[*] STARTING NEW DOMAIN: https://alamdangaacademy.jessoreboard.gov.bd
==================================================
[+] Domain exhausted. Finishing up: https://alamdangaacademy.jessoreboard.gov.bd
==================================================
[*] STARTING NEW DOMAIN: https://bepza.gov.bd
==================================================
[+] Domain exhausted. Finishing up: https://bepza.gov.bd
==================================================
[*] STARTING NEW DOMAIN: https://food.gangachara.rangpur.gov.bd
==================================================
[+] Domain exhausted. Finishing up: https://food.gangachara.rangpur.gov.bd
==================================================
[*] STARTING NEW DOMAIN: https://fisheries.joypurhat.gov.bd
==================================================
[+] Domain exhausted. Finishing up: https://fisheries.joypurhat.gov.bd
==================================================
[*] STARTING NEW DOMAIN: https://pio.nalchity.jhalakathi.gov.bd
==================================================
[+] Domain exhausted. Finishing up: https://pio.nalchity.jhalakathi.gov.bd
==================================================
[*] STARTING NEW DOMAIN: https://spell.bangla.gov.bd
==================================================
[+] Domain exhausted. Finishing up: https://spell.bangla.gov.bd
==================================================
[*] STARTING NEW DOMAIN: https://arbabup.natore.gov.bd
==================================================
[+] Domain exhausted. Finishing up: https://arbabup.natore.gov.bd
==================================================
[*] STARTING NEW DOMAIN: https://forest.beanibazar.sylhet.gov.bd
==================================================
[+] Domain exhausted. Finishing up: https://forest.beanibazar.sylhet.gov.bd
==================================================
[*] STARTING NEW DOMAIN: https://adampurup.moulvibazar.gov.bd
==================================================
[+] Domain exhausted. Finishing up: https://adampurup.moulvibazar.gov.bd
==================================================
[*] STARTING NEW DOMAIN: http://sr.sadar.jhalakathi.gov.bd
==================================================
[+] Domain exhausted. Finishing up: http://sr.sadar.jhalakathi.gov.bd
==================================================
[*] STARTING NEW DOMAIN: https://police.ghoraghat.dinajpur.gov.bd
==================================================
[+] Domain exhausted. Finishing up: https://police.ghoraghat.dinajpur.gov.bd
==================================================
[*] STARTING NEW DOMAIN: https://bpdb.gov.bd
==================================================
[+] Domain exhausted. Finishing up: https://bpdb.gov.bd
==================================================
[*] STARTING NEW DOMAIN: http://deb136887.dhakaeducationboard.gov.bd
==================================================
[+] Domain exhausted. Finishing up: http://deb136887.dhakaeducationboard.gov.bd
==================================================
[*] STARTING NEW DOMAIN: https://police.harirampur.manikganj.gov.bd
==================================================
[+] Domain exhausted. Finishing up: https://police.harirampur.manikganj.gov.bd
==================================================
[*] STARTING NEW DOMAIN: https://fpo.jagannathpur.sunamganj.gov.bd
==================================================
[+] Domain exhausted. Finishing up: https://fpo.jagannathpur.sunamganj.gov.bd
==================================================
[*] STARTING NEW DOMAIN: https://fpo.kurigramsadar.kurigram.gov.bd
==================================================
[+] Domain exhausted. Finishing up: https://fpo.kurigramsadar.kurigram.gov.bd
==================================================
[*] STARTING NEW DOMAIN: https://eed.sadar.madaripur.gov.bd
==================================================
[+] Domain exhausted. Finishing up: https://eed.sadar.madaripur.gov.bd
==================================================
[*] STARTING NEW DOMAIN: https://dss.faridpur.gov.bd
==================================================
[+] Domain exhausted. Finishing up: https://dss.faridpur.gov.bd
==================================================
[*] STARTING NEW DOMAIN: https://bbs.rangamati.gov.bd
==================================================
[+] Domain exhausted. Finishing up: https://bbs.rangamati.gov.bd
==================================================
[*] STARTING NEW DOMAIN: https://bbs.rangunia.chittagong.gov.bd
==================================================
[+] Domain exhausted. Finishing up: https://bbs.rangunia.chittagong.gov.bd
==================================================
[*] STARTING NEW DOMAIN: https://bbs.sadar.bogra.gov.bd
==================================================
[+] Domain exhausted. Finishing up: https://bbs.sadar.bogra.gov.bd
==================================================
[*] STARTING NEW DOMAIN: https://soammilanysecondaryschool.jessoreboard.gov.bd
==================================================
[+] Domain exhausted. Finishing up: https://soammilanysecondaryschool.jessoreboard.gov.bd
==================================================
[*] STARTING NEW DOMAIN: https://sr.chandanaish.chittagong.gov.bd
==================================================
[+] Domain exhausted. Finishing up: https://sr.chandanaish.chittagong.gov.bd
==================================================
[*] STARTING NEW DOMAIN: https://sohrawardismaranibidyapith.jessoreboard.gov.bd
==================================================
[+] Domain exhausted. Finishing up: https://sohrawardismaranibidyapith.jessoreboard.gov.bd
==================================================
[*] STARTING NEW DOMAIN: https://bagerhatsammilanisecondaryschool.jessoreboard.gov.bd
==================================================
[+] Domain exhausted. Finishing up: https://bagerhatsammilanisecondaryschool.jessoreboard.gov.bd
==================================================
[*] STARTING NEW DOMAIN: https://ansarvdp.rajnagar.moulvibazar.gov.bd
==================================================
[+] Domain exhausted. Finishing up: https://ansarvdp.rajnagar.moulvibazar.gov.bd
==================================================
[*] STARTING NEW DOMAIN: https://dss.atghoria.pabna.gov.bd
==================================================
[+] Domain exhausted. Finishing up: https://dss.atghoria.pabna.gov.bd
==================================================
[*] STARTING NEW DOMAIN: https://dwa.atrai.naogaon.gov.bd
==================================================
[+] Domain exhausted. Finishing up: https://dwa.atrai.naogaon.gov.bd
==================================================
[*] STARTING NEW DOMAIN: https://chongdhupoilup.natore.gov.bd
==================================================
[+] Domain exhausted. Finishing up: https://chongdhupoilup.natore.gov.bd
==================================================
[*] STARTING NEW DOMAIN: https://cooparative.atghoria.pabna.gov.bd
==================================================
[+] Domain exhausted. Finishing up: https://cooparative.atghoria.pabna.gov.bd
==================================================
[*] STARTING NEW DOMAIN: https://fpo.sadar.gopalganj.gov.bd
==================================================
[+] Domain exhausted. Finishing up: https://fpo.sadar.gopalganj.gov.bd
==================================================
[*] STARTING NEW DOMAIN: https://cooparative.dumuria.khulna.gov.bd
==================================================
[+] Domain exhausted. Finishing up: https://cooparative.dumuria.khulna.gov.bd
==================================================
[*] STARTING NEW DOMAIN: https://dwa.derai.sunamganj.gov.bd
==================================================
[+] Domain exhausted. Finishing up: https://dwa.derai.sunamganj.gov.bd
==================================================
[*] STARTING NEW DOMAIN: https://imam.gov.bd
==================================================
[+] Domain exhausted. Finishing up: https://imam.gov.bd
==================================================
[*] STARTING NEW DOMAIN: https://cooperative.akkelpur.joypurhat.gov.bd
==================================================
[+] Domain exhausted. Finishing up: https://cooperative.akkelpur.joypurhat.gov.bd
==================================================
[*] STARTING NEW DOMAIN: https://cooperative.gaibandha.gov.bd
==================================================
[+] Domain exhausted. Finishing up: https://cooperative.gaibandha.gov.bd
==================================================
[*] STARTING NEW DOMAIN: https://cs.habiganj.gov.bd
==================================================
[+] Domain exhausted. Finishing up: https://cs.habiganj.gov.bd
==================================================
[*] STARTING NEW DOMAIN: https://ita.khulnadiv.gov.bd
==================================================
[+] Domain exhausted. Finishing up: https://ita.khulnadiv.gov.bd
==================================================
[*] STARTING NEW DOMAIN: https://gogakalianisecondaryschool.jessoreboard.gov.bd
==================================================
[+] Domain exhausted. Finishing up: https://gogakalianisecondaryschool.jessoreboard.gov.bd
==================================================
[*] STARTING NEW DOMAIN: https://dss.sadar.patuakhali.gov.bd
==================================================
[+] Domain exhausted. Finishing up: https://dss.sadar.patuakhali.gov.bd
==================================================
[*] STARTING NEW DOMAIN: https://health.digholia.khulna.gov.bd
==================================================
[+] Domain exhausted. Finishing up: https://health.digholia.khulna.gov.bd
==================================================
[*] STARTING NEW DOMAIN: https://dae.kachua.bagerhat.gov.bd
==================================================
[+] Domain exhausted. Finishing up: https://dae.kachua.bagerhat.gov.bd
==================================================
[*] STARTING NEW DOMAIN: https://health.shibchar.madaripur.gov.bd
==================================================
[+] Domain exhausted. Finishing up: https://health.shibchar.madaripur.gov.bd
==================================================
[*] STARTING NEW DOMAIN: https://health.durgapur.netrokona.gov.bd
==================================================
[+] Domain exhausted. Finishing up: https://health.durgapur.netrokona.gov.bd
==================================================
[*] STARTING NEW DOMAIN: https://dae.sirajdikhan.munshiganj.gov.bd
==================================================
[+] Domain exhausted. Finishing up: https://dae.sirajdikhan.munshiganj.gov.bd
==================================================
[*] STARTING NEW DOMAIN: https://dam.bajitpur.kishoreganj.gov.bd
==================================================
[+] Domain exhausted. Finishing up: https://dam.bajitpur.kishoreganj.gov.bd
==================================================
[*] STARTING NEW DOMAIN: https://hsso.jamalpur.gov.bd
==================================================
[+] Domain exhausted. Finishing up: https://hsso.jamalpur.gov.bd
==================================================
[*] STARTING NEW DOMAIN: https://health.dumuria.khulna.gov.bd
==================================================
[+] Domain exhausted. Finishing up: https://health.dumuria.khulna.gov.bd
==================================================
[*] STARTING NEW DOMAIN: https://islamicfoundation.lakshmipur.gov.bd
==================================================
[+] Domain exhausted. Finishing up: https://islamicfoundation.lakshmipur.gov.bd
==================================================
[*] STARTING NEW DOMAIN: https://info.naogaon.gov.bd
==================================================
[+] Domain exhausted. Finishing up: https://info.naogaon.gov.bd
==================================================
[*] STARTING NEW DOMAIN: https://dao.mohongonj.netrokona.gov.bd
==================================================
[+] Domain exhausted. Finishing up: https://dao.mohongonj.netrokona.gov.bd
==================================================
[*] STARTING NEW DOMAIN: https://jms.narsingdi.gov.bd
==================================================
[+] Domain exhausted. Finishing up: https://jms.narsingdi.gov.bd
==================================================
[*] STARTING NEW DOMAIN: https://dao.santhia.pabna.gov.bd
==================================================
[+] Domain exhausted. Finishing up: https://dao.santhia.pabna.gov.bd
==================================================
[*] STARTING NEW DOMAIN: https://health.naogaonsadar.naogaon.gov.bd
==================================================
[+] Domain exhausted. Finishing up: https://health.naogaonsadar.naogaon.gov.bd
==================================================
[*] STARTING NEW DOMAIN: https://health.atrai.naogaon.gov.bd
==================================================
[+] Domain exhausted. Finishing up: https://health.atrai.naogaon.gov.bd
==================================================
[*] STARTING NEW DOMAIN: https://deb108294.dhakaeducationboard.gov.bd
==================================================
[+] Domain exhausted. Finishing up: https://deb108294.dhakaeducationboard.gov.bd
==================================================
[*] STARTING NEW DOMAIN: https://deb108264.dhakaeducationboard.gov.bd
==================================================
[+] Domain exhausted. Finishing up: https://deb108264.dhakaeducationboard.gov.bd
==================================================
[*] STARTING NEW DOMAIN: https://deb108486.dhakaeducationboard.gov.bd
==================================================
[+] Domain exhausted. Finishing up: https://deb108486.dhakaeducationboard.gov.bd
==================================================
[*] STARTING NEW DOMAIN: https://islamicfoundation.banaripara.barisal.gov.bd
==================================================
[+] Domain exhausted. Finishing up: https://islamicfoundation.banaripara.barisal.gov.bd
==================================================
[*] STARTING NEW DOMAIN: https://deb108737.dhakaeducationboard.gov.bd
==================================================
[+] Domain exhausted. Finishing up: https://deb108737.dhakaeducationboard.gov.bd
==================================================
[*] STARTING NEW DOMAIN: https://pourashava.godagari.rajshahi.gov.bd
==================================================
[+] Domain exhausted. Finishing up: https://pourashava.godagari.rajshahi.gov.bd
==================================================
[*] STARTING NEW DOMAIN: https://deb108908.dhakaeducationboard.gov.bd
==================================================
[+] Domain exhausted. Finishing up: https://deb108908.dhakaeducationboard.gov.bd
==================================================
[*] STARTING NEW DOMAIN: https://deb109082.dhakaeducationboard.gov.bd
==================================================
[+] Domain exhausted. Finishing up: https://deb109082.dhakaeducationboard.gov.bd
==================================================
[*] STARTING NEW DOMAIN: https://jsc-reg-2025.dinajpurboard.gov.bd
==================================================
[+] Domain exhausted. Finishing up: https://jsc-reg-2025.dinajpurboard.gov.bd
==================================================
[*] STARTING NEW DOMAIN: https://deb109445.dhakaeducationboard.gov.bd
==================================================
[+] Domain exhausted. Finishing up: https://deb109445.dhakaeducationboard.gov.bd
==================================================
[*] STARTING NEW DOMAIN: https://jhenaigatiup.sherpur.gov.bd
==================================================
[+] Domain exhausted. Finishing up: https://jhenaigatiup.sherpur.gov.bd
==================================================
[*] STARTING NEW DOMAIN: https://raipurhighersecondaryschool.jessoreboard.gov.bd
==================================================
[+] Domain exhausted. Finishing up: https://raipurhighersecondaryschool.jessoreboard.gov.bd
==================================================
[*] STARTING NEW DOMAIN: https://deb109818.dhakaeducationboard.gov.bd
==================================================
[+] Domain exhausted. Finishing up: https://deb109818.dhakaeducationboard.gov.bd
==================================================
[*] STARTING NEW DOMAIN: https://police.nabiganj.habiganj.gov.bd
==================================================
[+] Domain exhausted. Finishing up: https://police.nabiganj.habiganj.gov.bd
==================================================
[*] STARTING NEW DOMAIN: https://deb110098.dhakaeducationboard.gov.bd
==================================================
[+] Domain exhausted. Finishing up: https://deb110098.dhakaeducationboard.gov.bd
==================================================
[*] STARTING NEW DOMAIN: https://police.kamalnagar.lakshmipur.gov.bd
==================================================
[+] Domain exhausted. Finishing up: https://police.kamalnagar.lakshmipur.gov.bd
==================================================
[*] STARTING NEW DOMAIN: https://pwd.dhaka.gov.bd
==================================================
[+] Domain exhausted. Finishing up: https://pwd.dhaka.gov.bd
==================================================
[*] STARTING NEW DOMAIN: https://deb110493.dhakaeducationboard.gov.bd
==================================================
[+] Domain exhausted. Finishing up: https://deb110493.dhakaeducationboard.gov.bd
==================================================
[*] STARTING NEW DOMAIN: https://acl.lama.bandarban.gov.bd
==================================================
[+] Domain exhausted. Finishing up: https://acl.lama.bandarban.gov.bd
==================================================
[*] STARTING NEW DOMAIN: https://deb110683.dhakaeducationboard.gov.bd
==================================================
[+] Domain exhausted. Finishing up: https://deb110683.dhakaeducationboard.gov.bd
==================================================
[*] STARTING NEW DOMAIN: https://geniuslaboratoryschoolandcollege.jessoreboard.gov.bd
==================================================
[+] Domain exhausted. Finishing up: https://geniuslaboratoryschoolandcollege.jessoreboard.gov.bd
==================================================
[*] STARTING NEW DOMAIN: https://deb111036.dhakaeducationboard.gov.bd
==================================================
[+] Domain exhausted. Finishing up: https://deb111036.dhakaeducationboard.gov.bd
==================================================
[*] STARTING NEW DOMAIN: https://khanpurup.dinajpur.gov.bd
==================================================
[+] Domain exhausted. Finishing up: https://khanpurup.dinajpur.gov.bd
==================================================
[*] STARTING NEW DOMAIN: https://keshabpur.jessore.gov.bd
==================================================
[+] Domain exhausted. Finishing up: https://keshabpur.jessore.gov.bd
==================================================
[*] STARTING NEW DOMAIN: https://fpo.katiadi.kishoreganj.gov.bd
==================================================
[+] Domain exhausted. Finishing up: https://fpo.katiadi.kishoreganj.gov.bd
==================================================
[*] STARTING NEW DOMAIN: https://deb111668.dhakaeducationboard.gov.bd
==================================================
[+] Domain exhausted. Finishing up: https://deb111668.dhakaeducationboard.gov.bd
==================================================
[*] STARTING NEW DOMAIN: https://lwcpatrokhola.kamolganj.moulvibazar.gov.bd
==================================================
[+] Domain exhausted. Finishing up: https://lwcpatrokhola.kamolganj.moulvibazar.gov.bd
==================================================
[*] STARTING NEW DOMAIN: https://khalishakundisecondarygirlsschool.jessoreboard.gov.bd
==================================================
[+] Domain exhausted. Finishing up: https://khalishakundisecondarygirlsschool.jessoreboard.gov.bd
==================================================
[*] STARTING NEW DOMAIN: https://post.alamdanga.chuadanga.gov.bd
==================================================
[+] Domain exhausted. Finishing up: https://post.alamdanga.chuadanga.gov.bd
==================================================
[*] STARTING NEW DOMAIN: https://deb112193.dhakaeducationboard.gov.bd
==================================================
[+] Domain exhausted. Finishing up: https://deb112193.dhakaeducationboard.gov.bd
==================================================
[*] STARTING NEW DOMAIN: https://deb112095.dhakaeducationboard.gov.bd
==================================================
[+] Domain exhausted. Finishing up: https://deb112095.dhakaeducationboard.gov.bd
==================================================
[*] STARTING NEW DOMAIN: https://kushtiamissionjuniorhighschool.jessoreboard.gov.bd
==================================================
[+] Domain exhausted. Finishing up: https://kushtiamissionjuniorhighschool.jessoreboard.gov.bd
==================================================
[*] STARTING NEW DOMAIN: https://kotchandpurpauramahilacollege.jessoreboard.gov.bd
==================================================
[+] Domain exhausted. Finishing up: https://kotchandpurpauramahilacollege.jessoreboard.gov.bd
==================================================
[*] STARTING NEW DOMAIN: https://mail.tspcl.gov.bd
==================================================
[+] Domain exhausted. Finishing up: https://mail.tspcl.gov.bd
==================================================
[*] STARTING NEW DOMAIN: https://lged.nawabganj.dinajpur.gov.bd
==================================================
[+] Domain exhausted. Finishing up: https://lged.nawabganj.dinajpur.gov.bd
==================================================
[*] STARTING NEW DOMAIN: https://deb112780.dhakaeducationboard.gov.bd
==================================================
[+] Domain exhausted. Finishing up: https://deb112780.dhakaeducationboard.gov.bd
==================================================
[*] STARTING NEW DOMAIN: https://kulaura.moulvibazar.gov.bd
==================================================
[+] Domain exhausted. Finishing up: https://kulaura.moulvibazar.gov.bd
==================================================
[*] STARTING NEW DOMAIN: https://lged.mohalchari.khagrachhari.gov.bd
==================================================
[+] Domain exhausted. Finishing up: https://lged.mohalchari.khagrachhari.gov.bd
==================================================
[*] STARTING NEW DOMAIN: https://deb113085.dhakaeducationboard.gov.bd
==================================================
[+] Domain exhausted. Finishing up: https://deb113085.dhakaeducationboard.gov.bd
==================================================
[*] STARTING NEW DOMAIN: https://deb113202.dhakaeducationboard.gov.bd
==================================================
[+] Domain exhausted. Finishing up: https://deb113202.dhakaeducationboard.gov.bd
==================================================
[*] STARTING NEW DOMAIN: https://deb113341.dhakaeducationboard.gov.bd
==================================================
[+] Domain exhausted. Finishing up: https://deb113341.dhakaeducationboard.gov.bd
==================================================
[*] STARTING NEW DOMAIN: https://deb113493.dhakaeducationboard.gov.bd
==================================================
[+] Domain exhausted. Finishing up: https://deb113493.dhakaeducationboard.gov.bd
==================================================
[*] STARTING NEW DOMAIN: https://mashansecondaryschool.jessoreboard.gov.bd
==================================================
[+] Domain exhausted. Finishing up: https://mashansecondaryschool.jessoreboard.gov.bd
==================================================
[*] STARTING NEW DOMAIN: https://mendipurup.netrokona.gov.bd
==================================================
[+] Domain exhausted. Finishing up: https://mendipurup.netrokona.gov.bd
==================================================
[*] STARTING NEW DOMAIN: https://logangup.khagrachhari.gov.bd
==================================================
[+] Domain exhausted. Finishing up: https://logangup.khagrachhari.gov.bd
==================================================
[*] STARTING NEW DOMAIN: https://deb113930.dhakaeducationboard.gov.bd
==================================================
[+] Domain exhausted. Finishing up: https://deb113930.dhakaeducationboard.gov.bd
==================================================
[*] STARTING NEW DOMAIN: https://deb114088.dhakaeducationboard.gov.bd
==================================================
[+] Domain exhausted. Finishing up: https://deb114088.dhakaeducationboard.gov.bd
==================================================
[*] STARTING NEW DOMAIN: https://deb114128.dhakaeducationboard.gov.bd
==================================================
[+] Domain exhausted. Finishing up: https://deb114128.dhakaeducationboard.gov.bd
==================================================
[*] STARTING NEW DOMAIN: https://bbs.fulbari.dinajpur.gov.bd
==================================================
[+] Domain exhausted. Finishing up: https://bbs.fulbari.dinajpur.gov.bd
==================================================
[*] STARTING NEW DOMAIN: https://npcbl.gov.bd
==================================================
[+] Domain exhausted. Finishing up: https://npcbl.gov.bd
==================================================
[*] STARTING NEW DOMAIN: https://deb114231.dhakaeducationboard.gov.bd
==================================================
[+] Domain exhausted. Finishing up: https://deb114231.dhakaeducationboard.gov.bd
==================================================
[*] STARTING NEW DOMAIN: https://bcgjeddah.portal.gov.bd
==================================================
[+] Domain exhausted. Finishing up: https://bcgjeddah.portal.gov.bd
==================================================
[*] STARTING NEW DOMAIN: https://deb114456.dhakaeducationboard.gov.bd
==================================================
[+] Domain exhausted. Finishing up: https://deb114456.dhakaeducationboard.gov.bd
==================================================
[*] STARTING NEW DOMAIN: https://sports.narayanganj.gov.bd
==================================================
[+] Domain exhausted. Finishing up: https://sports.narayanganj.gov.bd
==================================================
[*] STARTING NEW DOMAIN: https://deb114469.dhakaeducationboard.gov.bd
==================================================
[+] Domain exhausted. Finishing up: https://deb114469.dhakaeducationboard.gov.bd
==================================================
[*] STARTING NEW DOMAIN: https://medical-info.dghs.gov.bd
==================================================
[+] Domain exhausted. Finishing up: https://medical-info.dghs.gov.bd
==================================================
[*] STARTING NEW DOMAIN: https://deb114623.dhakaeducationboard.gov.bd
==================================================
[+] Domain exhausted. Finishing up: https://deb114623.dhakaeducationboard.gov.bd
==================================================
[*] STARTING NEW DOMAIN: https://bmda.gaibandha.gov.bd
==================================================
[+] Domain exhausted. Finishing up: https://bmda.gaibandha.gov.bd
==================================================
[*] STARTING NEW DOMAIN: https://biprabagdiasecondaryschool.jessoreboard.gov.bd
==================================================
[+] Domain exhausted. Finishing up: https://biprabagdiasecondaryschool.jessoreboard.gov.bd
==================================================
[*] STARTING NEW DOMAIN: https://brdb.bauphal.patuakhali.gov.bd
==================================================
[+] Domain exhausted. Finishing up: https://brdb.bauphal.patuakhali.gov.bd
==================================================
[*] STARTING NEW DOMAIN: https://brc.portal.gov.bd
==================================================
[+] Domain exhausted. Finishing up: https://brc.portal.gov.bd
==================================================
[*] STARTING NEW DOMAIN: https://brwt.gov.bd
==================================================
[+] Domain exhausted. Finishing up: https://brwt.gov.bd
==================================================
[*] STARTING NEW DOMAIN: https://btcl.tangail.gov.bd
==================================================
[+] Domain exhausted. Finishing up: https://btcl.tangail.gov.bd
==================================================
[*] STARTING NEW DOMAIN: https://bwdb.kushtia.gov.bd
==================================================
[+] Domain exhausted. Finishing up: https://bwdb.kushtia.gov.bd
==================================================
[*] STARTING NEW DOMAIN: https://chapainawabganj.gov.bd
==================================================
[+] Domain exhausted. Finishing up: https://chapainawabganj.gov.bd
==================================================
[*] STARTING NEW DOMAIN: https://brdb.panchbibi.joypurhat.gov.bd
==================================================
[+] Domain exhausted. Finishing up: https://brdb.panchbibi.joypurhat.gov.bd
==================================================
[*] STARTING NEW DOMAIN: https://damrtc.khulna.gov.bd
==================================================
[+] Domain exhausted. Finishing up: https://damrtc.khulna.gov.bd
==================================================
[*] STARTING NEW DOMAIN: https://deb109357.dhakaeducationboard.gov.bd
==================================================
[+] Domain exhausted. Finishing up: https://deb109357.dhakaeducationboard.gov.bd
==================================================
[*] STARTING NEW DOMAIN: https://malijhikandaup.sherpur.gov.bd
==================================================
[+] Domain exhausted. Finishing up: https://malijhikandaup.sherpur.gov.bd
==================================================
[*] STARTING NEW DOMAIN: https://deb113774.dhakaeducationboard.gov.bd
==================================================
[+] Domain exhausted. Finishing up: https://deb113774.dhakaeducationboard.gov.bd
==================================================
[*] STARTING NEW DOMAIN: https://deb114489.dhakaeducationboard.gov.bd
==================================================
[+] Domain exhausted. Finishing up: https://deb114489.dhakaeducationboard.gov.bd
==================================================
[*] STARTING NEW DOMAIN: https://pwd.joypurhat.gov.bd
==================================================
[+] Domain exhausted. Finishing up: https://pwd.joypurhat.gov.bd
==================================================
[*] STARTING NEW DOMAIN: https://dphe.titas.comilla.gov.bd
==================================================
[+] Domain exhausted. Finishing up: https://dphe.titas.comilla.gov.bd
==================================================
[*] STARTING NEW DOMAIN: https://mail.doga.gov.bd
==================================================
[+] Domain exhausted. Finishing up: https://mail.doga.gov.bd
==================================================
[*] STARTING NEW DOMAIN: https://eo.belaichari.rangamati.gov.bd
==================================================
[+] Domain exhausted. Finishing up: https://eo.belaichari.rangamati.gov.bd
==================================================
[*] STARTING NEW DOMAIN: https://fpo.dohar.dhaka.gov.bd
==================================================
[+] Domain exhausted. Finishing up: https://fpo.dohar.dhaka.gov.bd
==================================================
[*] STARTING NEW DOMAIN: https://rajapalongup.coxsbazar.gov.bd
==================================================
[+] Domain exhausted. Finishing up: https://rajapalongup.coxsbazar.gov.bd
==================================================
[*] STARTING NEW DOMAIN: https://hed.narayanganj.gov.bd
==================================================
[+] Domain exhausted. Finishing up: https://hed.narayanganj.gov.bd
==================================================
[*] STARTING NEW DOMAIN: https://deb134253.dhakaeducationboard.gov.bd
==================================================
[+] Domain exhausted. Finishing up: https://deb134253.dhakaeducationboard.gov.bd
==================================================
[*] STARTING NEW DOMAIN: https://lged.porsha.naogaon.gov.bd
==================================================
[+] Domain exhausted. Finishing up: https://lged.porsha.naogaon.gov.bd
==================================================
[*] STARTING NEW DOMAIN: https://raogazipur.krishibank.gov.bd
==================================================
[+] Domain exhausted. Finishing up: https://raogazipur.krishibank.gov.bd
==================================================
[*] STARTING NEW DOMAIN: https://reb.gaibandha.gov.bd
==================================================
[+] Domain exhausted. Finishing up: https://reb.gaibandha.gov.bd
==================================================
[*] STARTING NEW DOMAIN: https://rhd.bhola.gov.bd
==================================================
[+] Domain exhausted. Finishing up: https://rhd.bhola.gov.bd
==================================================
[*] STARTING NEW DOMAIN: https://sukhpukuriasecondaryschool.jessoreboard.gov.bd
==================================================
[+] Domain exhausted. Finishing up: https://sukhpukuriasecondaryschool.jessoreboard.gov.bd
==================================================
[*] STARTING NEW DOMAIN: https://rptitangail.niport.gov.bd
==================================================
[+] Domain exhausted. Finishing up: https://rptitangail.niport.gov.bd
==================================================
[*] STARTING NEW DOMAIN: https://deb137102.dhakaeducationboard.gov.bd
==================================================
[+] Domain exhausted. Finishing up: https://deb137102.dhakaeducationboard.gov.bd
==================================================
[*] STARTING NEW DOMAIN: https://rptisirajgonj.niport.gov.bd
==================================================
[+] Domain exhausted. Finishing up: https://rptisirajgonj.niport.gov.bd
==================================================
[*] STARTING NEW DOMAIN: https://thayparasecondaryschool.jessoreboard.gov.bd
==================================================
[+] Domain exhausted. Finishing up: https://thayparasecondaryschool.jessoreboard.gov.bd
==================================================
[*] STARTING NEW DOMAIN: https://rotaryschoolkhulna.jessoreboard.gov.bd
==================================================
[+] Domain exhausted. Finishing up: https://rotaryschoolkhulna.jessoreboard.gov.bd
==================================================
[*] STARTING NEW DOMAIN: https://urc.hossainpur.kishoreganj.gov.bd
==================================================
[+] Domain exhausted. Finishing up: https://urc.hossainpur.kishoreganj.gov.bd
==================================================
[*] STARTING NEW DOMAIN: https://urc.juri.moulvibazar.gov.bd
==================================================
[+] Domain exhausted. Finishing up: https://urc.juri.moulvibazar.gov.bd
==================================================
[*] STARTING NEW DOMAIN: https://urc.ruma.bandarban.gov.bd
==================================================
[+] Domain exhausted. Finishing up: https://urc.ruma.bandarban.gov.bd
==================================================
[*] STARTING NEW DOMAIN: https://urc.raninagar.naogaon.gov.bd
==================================================
[+] Domain exhausted. Finishing up: https://urc.raninagar.naogaon.gov.bd
==================================================
[*] STARTING NEW DOMAIN: https://uttarkhulnasmamajidsecondaryschool.jessoreboard.gov.bd
==================================================
[+] Domain exhausted. Finishing up: https://uttarkhulnasmamajidsecondaryschool.jessoreboard.gov.bd
==================================================
[*] STARTING NEW DOMAIN: https://totthoapa.kachua.chandpur.gov.bd
==================================================
[+] Domain exhausted. Finishing up: https://totthoapa.kachua.chandpur.gov.bd
==================================================
[*] STARTING NEW DOMAIN: https://wazedalisecondaryschool.jessoreboard.gov.bd
==================================================
[+] Domain exhausted. Finishing up: https://wazedalisecondaryschool.jessoreboard.gov.bd
==================================================
[*] STARTING NEW DOMAIN: https://deb138584.dhakaeducationboard.gov.bd
==================================================
[+] Domain exhausted. Finishing up: https://deb138584.dhakaeducationboard.gov.bd
==================================================
[*] STARTING NEW DOMAIN: https://yousufpurup.rajshahi.gov.bd
==================================================
[+] Domain exhausted. Finishing up: https://yousufpurup.rajshahi.gov.bd
==================================================
[*] STARTING NEW DOMAIN: https://yda.gov.bd
==================================================
[+] Domain exhausted. Finishing up: https://yda.gov.bd
==================================================
[*] STARTING NEW DOMAIN: https://deb138791.dhakaeducationboard.gov.bd
==================================================
[+] Domain exhausted. Finishing up: https://deb138791.dhakaeducationboard.gov.bd
==================================================
[*] STARTING NEW DOMAIN: https://youth.ishurdi.pabna.gov.bd
==================================================
[+] Domain exhausted. Finishing up: https://youth.ishurdi.pabna.gov.bd
==================================================
[*] STARTING NEW DOMAIN: https://totthoapa.banaripara.barisal.gov.bd
==================================================
[+] Domain exhausted. Finishing up: https://totthoapa.banaripara.barisal.gov.bd
==================================================
[*] STARTING NEW DOMAIN: https://deb139210.dhakaeducationboard.gov.bd
==================================================
[+] Domain exhausted. Finishing up: https://deb139210.dhakaeducationboard.gov.bd
==================================================
[*] STARTING NEW DOMAIN: https://sr.nikli.kishoreganj.gov.bd
==================================================
[+] Domain exhausted. Finishing up: https://sr.nikli.kishoreganj.gov.bd
==================================================
[*] STARTING NEW DOMAIN: https://deb139487.dhakaeducationboard.gov.bd
==================================================
[+] Domain exhausted. Finishing up: https://deb139487.dhakaeducationboard.gov.bd
==================================================
[*] STARTING NEW DOMAIN: https://ytc.narsingdi.gov.bd
==================================================
[+] Domain exhausted. Finishing up: https://ytc.narsingdi.gov.bd
==================================================
[*] STARTING NEW DOMAIN: https://deb139881.dhakaeducationboard.gov.bd
==================================================
[+] Domain exhausted. Finishing up: https://deb139881.dhakaeducationboard.gov.bd
==================================================
[*] STARTING NEW DOMAIN: http://acl.paba.rajshahi.gov.bd
==================================================
[+] Domain exhausted. Finishing up: http://acl.paba.rajshahi.gov.bd
==================================================
[*] STARTING NEW DOMAIN: http://ansarvdp.nalchity.jhalakathi.gov.bd
==================================================
[+] Domain exhausted. Finishing up: http://ansarvdp.nalchity.jhalakathi.gov.bd
==================================================
[*] STARTING NEW DOMAIN: https://demraup.pabna.gov.bd
==================================================
[+] Domain exhausted. Finishing up: https://demraup.pabna.gov.bd
==================================================
[*] STARTING NEW DOMAIN: http://brdb.fatikchhari.chittagong.gov.bd
==================================================
[+] Domain exhausted. Finishing up: http://brdb.fatikchhari.chittagong.gov.bd
==================================================
[*] STARTING NEW DOMAIN: https://deied.bhtpa.gov.bd
==================================================
[+] Domain exhausted. Finishing up: https://deied.bhtpa.gov.bd
==================================================
[*] STARTING NEW DOMAIN: https://tangailzo.pkb.gov.bd
==================================================
[+] Domain exhausted. Finishing up: https://tangailzo.pkb.gov.bd
==================================================
[*] STARTING NEW DOMAIN: https://deo.kahaloo.bogra.gov.bd
==================================================
[+] Domain exhausted. Finishing up: https://deo.kahaloo.bogra.gov.bd
==================================================
[*] STARTING NEW DOMAIN: http://deb114400.dhakaeducationboard.gov.bd
==================================================
[+] Domain exhausted. Finishing up: http://deb114400.dhakaeducationboard.gov.bd
==================================================
[*] STARTING NEW DOMAIN: https://dhaoaup.pirojpur.gov.bd
==================================================
[+] Domain exhausted. Finishing up: https://dhaoaup.pirojpur.gov.bd
==================================================
[*] STARTING NEW DOMAIN: http://deb107916.dhakaeducationboard.gov.bd
==================================================
[+] Domain exhausted. Finishing up: http://deb107916.dhakaeducationboard.gov.bd
==================================================
[*] STARTING NEW DOMAIN: http://asezaharalimemorialjuniorschool.jessoreboard.gov.bd
==================================================
[+] Domain exhausted. Finishing up: http://asezaharalimemorialjuniorschool.jessoreboard.gov.bd
==================================================
[*] STARTING NEW DOMAIN: https://savings.kishoreganj.gov.bd
==================================================
[+] Domain exhausted. Finishing up: https://savings.kishoreganj.gov.bd
==================================================
[*] STARTING NEW DOMAIN: https://skamaltsc.rajbari.gov.bd
==================================================
[+] Domain exhausted. Finishing up: https://skamaltsc.rajbari.gov.bd
==================================================
[*] STARTING NEW DOMAIN: http://dvh.chittagong.gov.bd
==================================================
[+] Domain exhausted. Finishing up: http://dvh.chittagong.gov.bd
==================================================
[*] STARTING NEW DOMAIN: https://so.shalikha.magura.gov.bd
==================================================
[+] Domain exhausted. Finishing up: https://so.shalikha.magura.gov.bd
==================================================
[*] STARTING NEW DOMAIN: https://dls.balaganj.sylhet.gov.bd
==================================================
[+] Domain exhausted. Finishing up: https://dls.balaganj.sylhet.gov.bd
==================================================
[*] STARTING NEW DOMAIN: https://sports.thakurgaon.gov.bd
==================================================
[+] Domain exhausted. Finishing up: https://sports.thakurgaon.gov.bd
==================================================
[*] STARTING NEW DOMAIN: https://ttc.jamalpur.gov.bd
==================================================
[+] Domain exhausted. Finishing up: https://ttc.jamalpur.gov.bd
==================================================
[*] STARTING NEW DOMAIN: https://dls.boalmari.faridpur.gov.bd
==================================================
[+] Domain exhausted. Finishing up: https://dls.boalmari.faridpur.gov.bd
==================================================
[*] STARTING NEW DOMAIN: https://uitrce.dohar.dhaka.gov.bd
==================================================
[+] Domain exhausted. Finishing up: https://uitrce.dohar.dhaka.gov.bd
==================================================
[*] STARTING NEW DOMAIN: https://ansarvdp.bagerhat.gov.bd
==================================================
[+] Domain exhausted. Finishing up: https://ansarvdp.bagerhat.gov.bd
==================================================
[*] STARTING NEW DOMAIN: https://dls.habiganj.gov.bd
==================================================
[+] Domain exhausted. Finishing up: https://dls.habiganj.gov.bd
==================================================
[*] STARTING NEW DOMAIN: https://ansarvdp.sadar.faridpur.gov.bd
==================================================
[+] Domain exhausted. Finishing up: https://ansarvdp.sadar.faridpur.gov.bd
==================================================
[*] STARTING NEW DOMAIN: https://dls.palashbari.gaibandha.gov.bd
==================================================
[+] Domain exhausted. Finishing up: https://dls.palashbari.gaibandha.gov.bd
==================================================
[*] STARTING NEW DOMAIN: https://self.oep.gov.bd
==================================================
[+] Domain exhausted. Finishing up: https://self.oep.gov.bd
==================================================
[*] STARTING NEW DOMAIN: https://dnc.coxsbazar.gov.bd
==================================================
[+] Domain exhausted. Finishing up: https://dnc.coxsbazar.gov.bd
==================================================
[*] STARTING NEW DOMAIN: https://geoportal.nsdi.gov.bd
==================================================
[+] Domain exhausted. Finishing up: https://geoportal.nsdi.gov.bd
==================================================
[*] STARTING NEW DOMAIN: https://sspg.manikganj.gov.bd
==================================================
[+] Domain exhausted. Finishing up: https://sspg.manikganj.gov.bd
==================================================
[*] STARTING NEW DOMAIN: https://dnc.rajshahidiv.gov.bd
==================================================
[+] Domain exhausted. Finishing up: https://dnc.rajshahidiv.gov.bd
==================================================
[*] STARTING NEW DOMAIN: https://doict.akhaura.brahmanbaria.gov.bd
==================================================
[+] Domain exhausted. Finishing up: https://doict.akhaura.brahmanbaria.gov.bd
==================================================
[*] STARTING NEW DOMAIN: https://moshindhaup.natore.gov.bd
==================================================
[+] Domain exhausted. Finishing up: https://moshindhaup.natore.gov.bd
==================================================
[*] STARTING NEW DOMAIN: https://doict.bhanga.faridpur.gov.bd
==================================================
[+] Domain exhausted. Finishing up: https://doict.bhanga.faridpur.gov.bd
==================================================
[*] STARTING NEW DOMAIN: https://sandwip.chittagong.gov.bd
==================================================
[+] Domain exhausted. Finishing up: https://sandwip.chittagong.gov.bd
==================================================
[*] STARTING NEW DOMAIN: https://betagiup.chittagong.gov.bd
==================================================
[+] Domain exhausted. Finishing up: https://betagiup.chittagong.gov.bd
==================================================
[*] STARTING NEW DOMAIN: https://urc.mithamoin.kishoreganj.gov.bd
==================================================
[+] Domain exhausted. Finishing up: https://urc.mithamoin.kishoreganj.gov.bd
==================================================
[*] STARTING NEW DOMAIN: https://bscic.khulna.gov.bd
==================================================
[+] Domain exhausted. Finishing up: https://bscic.khulna.gov.bd
==================================================
[*] STARTING NEW DOMAIN: https://biam-bogura.gov.bd
==================================================
[+] Domain exhausted. Finishing up: https://biam-bogura.gov.bd
==================================================
[*] STARTING NEW DOMAIN: https://bscic.sylhet.gov.bd
==================================================
[+] Domain exhausted. Finishing up: https://bscic.sylhet.gov.bd
==================================================
[*] STARTING NEW DOMAIN: https://doj.shibganj.chapainawabganj.gov.bd
==================================================
[+] Domain exhausted. Finishing up: https://doj.shibganj.chapainawabganj.gov.bd
==================================================
[*] STARTING NEW DOMAIN: https://bmda.kaharol.dinajpur.gov.bd
==================================================
[+] Domain exhausted. Finishing up: https://bmda.kaharol.dinajpur.gov.bd
==================================================
[*] STARTING NEW DOMAIN: https://dpe.ishurdi.pabna.gov.bd
==================================================
[+] Domain exhausted. Finishing up: https://dpe.ishurdi.pabna.gov.bd
==================================================
[*] STARTING NEW DOMAIN: https://rri.gov.bd
==================================================
[+] Domain exhausted. Finishing up: https://rri.gov.bd
==================================================
[*] STARTING NEW DOMAIN: https://bnfe.mymensingh.gov.bd
==================================================
[+] Domain exhausted. Finishing up: https://bnfe.mymensingh.gov.bd
==================================================
[*] STARTING NEW DOMAIN: https://bnfe.tangail.gov.bd
==================================================
[+] Domain exhausted. Finishing up: https://bnfe.tangail.gov.bd
==================================================
[*] STARTING NEW DOMAIN: https://bnfe.chittagong.gov.bd
==================================================
[+] Domain exhausted. Finishing up: https://bnfe.chittagong.gov.bd
==================================================
[*] STARTING NEW DOMAIN: https://dphe.kalmakanda.netrokona.gov.bd
==================================================
[+] Domain exhausted. Finishing up: https://dphe.kalmakanda.netrokona.gov.bd
==================================================
[*] STARTING NEW DOMAIN: https://dphe.lohagara.narail.gov.bd
==================================================
[+] Domain exhausted. Finishing up: https://dphe.lohagara.narail.gov.bd
==================================================
[*] STARTING NEW DOMAIN: https://brdb.baliakandi.rajbari.gov.bd
==================================================
[+] Domain exhausted. Finishing up: https://brdb.baliakandi.rajbari.gov.bd
==================================================
[*] STARTING NEW DOMAIN: https://dphe.sadullapur.gaibandha.gov.bd
==================================================
[+] Domain exhausted. Finishing up: https://dphe.sadullapur.gaibandha.gov.bd
==================================================
[*] STARTING NEW DOMAIN: https://youth.bhangura.pabna.gov.bd
==================================================
[+] Domain exhausted. Finishing up: https://youth.bhangura.pabna.gov.bd
==================================================
[*] STARTING NEW DOMAIN: https://dr.khulna.gov.bd
==================================================
[+] Domain exhausted. Finishing up: https://dr.khulna.gov.bd
==================================================
[*] STARTING NEW DOMAIN: https://btcl.tazumuddin.bhola.gov.bd
==================================================
[+] Domain exhausted. Finishing up: https://btcl.tazumuddin.bhola.gov.bd
==================================================
[*] STARTING NEW DOMAIN: https://dshe.fulbaria.mymensingh.gov.bd
==================================================
[+] Domain exhausted. Finishing up: https://dshe.fulbaria.mymensingh.gov.bd
==================================================
[*] STARTING NEW DOMAIN: https://brta.munshiganj.gov.bd
==================================================
[+] Domain exhausted. Finishing up: https://brta.munshiganj.gov.bd
==================================================
[*] STARTING NEW DOMAIN: https://bullaup.habiganj.gov.bd
==================================================
[+] Domain exhausted. Finishing up: https://bullaup.habiganj.gov.bd
==================================================
[*] STARTING NEW DOMAIN: https://dss.islampur.jamalpur.gov.bd
==================================================
[+] Domain exhausted. Finishing up: https://dss.islampur.jamalpur.gov.bd
==================================================
[*] STARTING NEW DOMAIN: https://ec.habiganj.gov.bd
==================================================
[+] Domain exhausted. Finishing up: https://ec.habiganj.gov.bd
==================================================
[*] STARTING NEW DOMAIN: https://dss.keshabpur.jessore.gov.bd
==================================================
[+] Domain exhausted. Finishing up: https://dss.keshabpur.jessore.gov.bd
==================================================
[*] STARTING NEW DOMAIN: https://dss.sadar.brahmanbaria.gov.bd
==================================================
[+] Domain exhausted. Finishing up: https://dss.sadar.brahmanbaria.gov.bd
==================================================
[*] STARTING NEW DOMAIN: https://dss.satkhira.gov.bd
==================================================
[+] Domain exhausted. Finishing up: https://dss.satkhira.gov.bd
==================================================
[*] STARTING NEW DOMAIN: https://dwa.itna.kishoreganj.gov.bd
==================================================
[+] Domain exhausted. Finishing up: https://dwa.itna.kishoreganj.gov.bd
==================================================
[*] STARTING NEW DOMAIN: https://dwa.gafargaon.mymensingh.gov.bd
==================================================
[+] Domain exhausted. Finishing up: https://dwa.gafargaon.mymensingh.gov.bd
==================================================
[*] STARTING NEW DOMAIN: https://dwa.sadar.gazipur.gov.bd
==================================================
[+] Domain exhausted. Finishing up: https://dwa.sadar.gazipur.gov.bd
==================================================
[*] STARTING NEW DOMAIN: https://ebek.nageshwari.kurigram.gov.bd
==================================================
[+] Domain exhausted. Finishing up: https://ebek.nageshwari.kurigram.gov.bd
==================================================
[*] STARTING NEW DOMAIN: https://ebek.kahaloo.bogra.gov.bd
==================================================
[+] Domain exhausted. Finishing up: https://ebek.kahaloo.bogra.gov.bd
==================================================
[*] STARTING NEW DOMAIN: https://ebek.lakhai.habiganj.gov.bd
==================================================
[+] Domain exhausted. Finishing up: https://ebek.lakhai.habiganj.gov.bd
==================================================
[*] STARTING NEW DOMAIN: https://ec.bandarban.gov.bd
==================================================
[+] Domain exhausted. Finishing up: https://ec.bandarban.gov.bd
==================================================
[*] STARTING NEW DOMAIN: https://ec.meherpursadar.meherpur.gov.bd
==================================================
[+] Domain exhausted. Finishing up: https://ec.meherpursadar.meherpur.gov.bd
==================================================
[*] STARTING NEW DOMAIN: https://ec.kalia.narail.gov.bd
==================================================
[+] Domain exhausted. Finishing up: https://ec.kalia.narail.gov.bd
==================================================
[*] STARTING NEW DOMAIN: https://edlms.portal.gov.bd
==================================================
[+] Domain exhausted. Finishing up: https://edlms.portal.gov.bd
==================================================
[*] STARTING NEW DOMAIN: https://cao.gov.bd
==================================================
[+] Domain exhausted. Finishing up: https://cao.gov.bd
==================================================
[*] STARTING NEW DOMAIN: https://zp.manikganj.gov.bd
==================================================
[+] Domain exhausted. Finishing up: https://zp.manikganj.gov.bd
==================================================
[*] STARTING NEW DOMAIN: https://chhatiansecondaryschool.jessoreboard.gov.bd
==================================================
[+] Domain exhausted. Finishing up: https://chhatiansecondaryschool.jessoreboard.gov.bd
==================================================
[*] STARTING NEW DOMAIN: https://ehaj.hajj.gov.bd
==================================================
[+] Domain exhausted. Finishing up: https://ehaj.hajj.gov.bd
==================================================
[*] STARTING NEW DOMAIN: https://urc.chougachha.jessore.gov.bd
==================================================
[+] Domain exhausted. Finishing up: https://urc.chougachha.jessore.gov.bd
==================================================
[*] STARTING NEW DOMAIN: https://uphcsdp.gov.bd
==================================================
[+] Domain exhausted. Finishing up: https://uphcsdp.gov.bd
==================================================
[*] STARTING NEW DOMAIN: https://fireservice.bijoynagar.brahmanbaria.gov.bd
==================================================
[+] Domain exhausted. Finishing up: https://fireservice.bijoynagar.brahmanbaria.gov.bd
==================================================
[*] STARTING NEW DOMAIN: https://urc.burichang.comilla.gov.bd
==================================================
[+] Domain exhausted. Finishing up: https://urc.burichang.comilla.gov.bd
==================================================
[*] STARTING NEW DOMAIN: https://fireservice.kathalia.jhalakathi.gov.bd
==================================================
[+] Domain exhausted. Finishing up: https://fireservice.kathalia.jhalakathi.gov.bd
==================================================
[*] STARTING NEW DOMAIN: https://warpo.mymensingh.gov.bd
==================================================
[+] Domain exhausted. Finishing up: https://warpo.mymensingh.gov.bd
==================================================
[*] STARTING NEW DOMAIN: https://vaorkholaup.comilla.gov.bd
==================================================
[+] Domain exhausted. Finishing up: https://vaorkholaup.comilla.gov.bd
==================================================
[*] STARTING NEW DOMAIN: https://fisheries.hatibandha.lalmonirhat.gov.bd
==================================================
[+] Domain exhausted. Finishing up: https://fisheries.hatibandha.lalmonirhat.gov.bd
==================================================
[*] STARTING NEW DOMAIN: https://fisheries.kurigramsadar.kurigram.gov.bd
==================================================
[+] Domain exhausted. Finishing up: https://fisheries.kurigramsadar.kurigram.gov.bd
==================================================
[*] STARTING NEW DOMAIN: https://youth.naikhongchhari.bandarban.gov.bd
==================================================
[+] Domain exhausted. Finishing up: https://youth.naikhongchhari.bandarban.gov.bd
==================================================
[*] STARTING NEW DOMAIN: https://fisheries.teknaf.coxsbazar.gov.bd
==================================================
[+] Domain exhausted. Finishing up: https://fisheries.teknaf.coxsbazar.gov.bd
==================================================
[*] STARTING NEW DOMAIN: https://fisheries.sylhet.gov.bd
==================================================
[+] Domain exhausted. Finishing up: https://fisheries.sylhet.gov.bd
==================================================
[*] STARTING NEW DOMAIN: http://deb109488.dhakaeducationboard.gov.bd
==================================================
[+] Domain exhausted. Finishing up: http://deb109488.dhakaeducationboard.gov.bd
==================================================
[*] STARTING NEW DOMAIN: https://youth.lalpur.natore.gov.bd
==================================================
[+] Domain exhausted. Finishing up: https://youth.lalpur.natore.gov.bd
==================================================
[*] STARTING NEW DOMAIN: https://food.shyamnagar.satkhira.gov.bd
==================================================
[+] Domain exhausted. Finishing up: https://food.shyamnagar.satkhira.gov.bd
==================================================
[*] STARTING NEW DOMAIN: http://deb136989.dhakaeducationboard.gov.bd
==================================================
[+] Domain exhausted. Finishing up: http://deb136989.dhakaeducationboard.gov.bd
==================================================
[*] STARTING NEW DOMAIN: https://food.sadar.lakshmipur.gov.bd
==================================================
[+] Domain exhausted. Finishing up: https://food.sadar.lakshmipur.gov.bd
==================================================
[*] STARTING NEW DOMAIN: https://forest.chapainawabganjsadar.chapainawabganj.gov.bd
==================================================
[+] Domain exhausted. Finishing up: https://forest.chapainawabganjsadar.chapainawabganj.gov.bd
==================================================
[*] STARTING NEW DOMAIN: https://sarisamuriup.barguna.gov.bd
==================================================
[+] Domain exhausted. Finishing up: https://sarisamuriup.barguna.gov.bd
==================================================
[*] STARTING NEW DOMAIN: https://forest.thanchi.bandarban.gov.bd
==================================================
[+] Domain exhausted. Finishing up: https://forest.thanchi.bandarban.gov.bd
==================================================
[*] STARTING NEW DOMAIN: https://fpo.mohongonj.netrokona.gov.bd
==================================================
[+] Domain exhausted. Finishing up: https://fpo.mohongonj.netrokona.gov.bd
==================================================
[*] STARTING NEW DOMAIN: https://shishuacademy.kishoreganj.gov.bd
==================================================
[+] Domain exhausted. Finishing up: https://shishuacademy.kishoreganj.gov.bd
==================================================
[*] STARTING NEW DOMAIN: https://fpo.sundarganj.gaibandha.gov.bd
==================================================
[+] Domain exhausted. Finishing up: https://fpo.sundarganj.gaibandha.gov.bd
==================================================
[*] STARTING NEW DOMAIN: https://fpo.tetulia.panchagarh.gov.bd
==================================================
[+] Domain exhausted. Finishing up: https://fpo.tetulia.panchagarh.gov.bd
==================================================
[*] STARTING NEW DOMAIN: https://fsmf.birampur.dinajpur.gov.bd
==================================================
[+] Domain exhausted. Finishing up: https://fsmf.birampur.dinajpur.gov.bd
==================================================
[*] STARTING NEW DOMAIN: https://ghoradapup.jamalpur.gov.bd
==================================================
[+] Domain exhausted. Finishing up: https://ghoradapup.jamalpur.gov.bd
==================================================
[*] STARTING NEW DOMAIN: https://gomostapurup.chapainawabganj.gov.bd
==================================================
[+] Domain exhausted. Finishing up: https://gomostapurup.chapainawabganj.gov.bd
==================================================
[*] STARTING NEW DOMAIN: https://gouripurup.sherpur.gov.bd
==================================================
[+] Domain exhausted. Finishing up: https://gouripurup.sherpur.gov.bd
==================================================
[*] STARTING NEW DOMAIN: https://hc.dhanbari.tangail.gov.bd
==================================================
[+] Domain exhausted. Finishing up: https://hc.dhanbari.tangail.gov.bd
==================================================
[*] STARTING NEW DOMAIN: https://health.banaripara.barisal.gov.bd
==================================================
[+] Domain exhausted. Finishing up: https://health.banaripara.barisal.gov.bd
==================================================
[*] STARTING NEW DOMAIN: https://health.gangni.meherpur.gov.bd
==================================================
[+] Domain exhausted. Finishing up: https://health.gangni.meherpur.gov.bd
==================================================
[*] STARTING NEW DOMAIN: https://health.manikchari.khagrachhari.gov.bd
==================================================
[+] Domain exhausted. Finishing up: https://health.manikchari.khagrachhari.gov.bd
==================================================
[*] STARTING NEW DOMAIN: https://spolice.sreemangal.moulvibazar.gov.bd
==================================================
[+] Domain exhausted. Finishing up: https://spolice.sreemangal.moulvibazar.gov.bd
==================================================
[*] STARTING NEW DOMAIN: https://health.tarash.sirajganj.gov.bd
==================================================
[+] Domain exhausted. Finishing up: https://health.tarash.sirajganj.gov.bd
==================================================
[*] STARTING NEW DOMAIN: https://hsso-bsmmch.faridpur.gov.bd
==================================================
[+] Domain exhausted. Finishing up: https://hsso-bsmmch.faridpur.gov.bd
==================================================
[*] STARTING NEW DOMAIN: https://sr.betagi.barguna.gov.bd
==================================================
[+] Domain exhausted. Finishing up: https://sr.betagi.barguna.gov.bd
==================================================
[*] STARTING NEW DOMAIN: https://irbadc.kaliganj.gazipur.gov.bd
==================================================
[+] Domain exhausted. Finishing up: https://irbadc.kaliganj.gazipur.gov.bd
==================================================
[*] STARTING NEW DOMAIN: https://info.panchagarh.gov.bd
==================================================
[+] Domain exhausted. Finishing up: https://info.panchagarh.gov.bd
==================================================
[*] STARTING NEW DOMAIN: https://irms.sid.gov.bd
==================================================
[+] Domain exhausted. Finishing up: https://irms.sid.gov.bd
==================================================
[*] STARTING NEW DOMAIN: https://istc.jhenaidah.gov.bd
==================================================
[+] Domain exhausted. Finishing up: https://istc.jhenaidah.gov.bd
==================================================
[*] STARTING NEW DOMAIN: https://jhenaigati.sherpur.gov.bd
==================================================
[+] Domain exhausted. Finishing up: https://jhenaigati.sherpur.gov.bd
==================================================
[*] STARTING NEW DOMAIN: https://jms.kushtia.gov.bd
==================================================
[+] Domain exhausted. Finishing up: https://jms.kushtia.gov.bd
==================================================
[*] STARTING NEW DOMAIN: https://kalikapurup.rajbari.gov.bd
==================================================
[+] Domain exhausted. Finishing up: https://kalikapurup.rajbari.gov.bd
==================================================
[*] STARTING NEW DOMAIN: https://kashimariidealschoolandcollege.jessoreboard.gov.bd
==================================================
[+] Domain exhausted. Finishing up: https://kashimariidealschoolandcollege.jessoreboard.gov.bd
==================================================
[*] STARTING NEW DOMAIN: https://sr.sarail.brahmanbaria.gov.bd
==================================================
[+] Domain exhausted. Finishing up: https://sr.sarail.brahmanbaria.gov.bd
==================================================
[*] STARTING NEW DOMAIN: https://kashipursecondaryschool.jessoreboard.gov.bd
==================================================
[+] Domain exhausted. Finishing up: https://kashipursecondaryschool.jessoreboard.gov.bd
==================================================
[*] STARTING NEW DOMAIN: https://khalphaliamilonsecondaryschool.jessoreboard.gov.bd
==================================================
[+] Domain exhausted. Finishing up: https://khalphaliamilonsecondaryschool.jessoreboard.gov.bd
==================================================
[*] STARTING NEW DOMAIN: https://khulnacollectoratepublicschoolandcollege.jessoreboard.gov.bd
==================================================
[+] Domain exhausted. Finishing up: https://khulnacollectoratepublicschoolandcollege.jessoreboard.gov.bd
==================================================
[*] STARTING NEW DOMAIN: https://suitinfo.dgfood.gov.bd
==================================================
[+] Domain exhausted. Finishing up: https://suitinfo.dgfood.gov.bd
==================================================
[*] STARTING NEW DOMAIN: https://lged.fultola.khulna.gov.bd
==================================================
[+] Domain exhausted. Finishing up: https://lged.fultola.khulna.gov.bd
==================================================
[*] STARTING NEW DOMAIN: https://lged.gabtali.bogra.gov.bd
==================================================
[+] Domain exhausted. Finishing up: https://lged.gabtali.bogra.gov.bd
==================================================
[*] STARTING NEW DOMAIN: https://tax.brahmanbaria.gov.bd
==================================================
[+] Domain exhausted. Finishing up: https://tax.brahmanbaria.gov.bd
==================================================
[*] STARTING NEW DOMAIN: https://lged.paba.rajshahi.gov.bd
==================================================
[+] Domain exhausted. Finishing up: https://lged.paba.rajshahi.gov.bd
==================================================
[*] STARTING NEW DOMAIN: https://lged.sadar.bogra.gov.bd
==================================================
[+] Domain exhausted. Finishing up: https://lged.sadar.bogra.gov.bd
==================================================
[*] STARTING NEW DOMAIN: https://lscb.mofl.gov.bd
==================================================
[+] Domain exhausted. Finishing up: https://lscb.mofl.gov.bd
==================================================
[*] STARTING NEW DOMAIN: https://madhnagarup.natore.gov.bd
==================================================
[+] Domain exhausted. Finishing up: https://madhnagarup.natore.gov.bd
==================================================
[*] STARTING NEW DOMAIN: https://mail.bepza.gov.bd
==================================================
[+] Domain exhausted. Finishing up: https://mail.bepza.gov.bd
==================================================
[*] STARTING NEW DOMAIN: https://mail.barc.gov.bd
==================================================
[+] Domain exhausted. Finishing up: https://mail.barc.gov.bd
==================================================
[*] STARTING NEW DOMAIN: https://mail.crwt.gov.bd
==================================================
[+] Domain exhausted. Finishing up: https://mail.crwt.gov.bd
==================================================
[*] STARTING NEW DOMAIN: https://totthoapa.kutubdia.coxsbazar.gov.bd
==================================================
[+] Domain exhausted. Finishing up: https://totthoapa.kutubdia.coxsbazar.gov.bd
==================================================
[*] STARTING NEW DOMAIN: https://memis.gov.bd
==================================================
[+] Domain exhausted. Finishing up: https://memis.gov.bd
==================================================
[*] STARTING NEW DOMAIN: https://mirabdulkarimcollege.jessoreboard.gov.bd
==================================================
[+] Domain exhausted. Finishing up: https://mirabdulkarimcollege.jessoreboard.gov.bd
==================================================
[*] STARTING NEW DOMAIN: https://totthoapa.sadar.khagrachhari.gov.bd
==================================================
[+] Domain exhausted. Finishing up: https://totthoapa.sadar.khagrachhari.gov.bd
==================================================
[*] STARTING NEW DOMAIN: https://mokamtalaup.bogra.gov.bd
==================================================
[+] Domain exhausted. Finishing up: https://mokamtalaup.bogra.gov.bd
==================================================
[*] STARTING NEW DOMAIN: https://nabiganjsadarup.habiganj.gov.bd
==================================================
[+] Domain exhausted. Finishing up: https://nabiganjsadarup.habiganj.gov.bd
==================================================
[*] STARTING NEW DOMAIN: https://nachol.chapainawabganj.gov.bd
==================================================
[+] Domain exhausted. Finishing up: https://nachol.chapainawabganj.gov.bd
==================================================
[*] STARTING NEW DOMAIN: https://nddtrust.gov.bd
==================================================
[+] Domain exhausted. Finishing up: https://nddtrust.gov.bd
==================================================
[*] STARTING NEW DOMAIN: https://noshtri.dife.gov.bd
==================================================
[+] Domain exhausted. Finishing up: https://noshtri.dife.gov.bd
==================================================
[*] STARTING NEW DOMAIN: https://nischintapurjuniorhighschool.jessoreboard.gov.bd
==================================================
[+] Domain exhausted. Finishing up: https://nischintapurjuniorhighschool.jessoreboard.gov.bd
==================================================
[*] STARTING NEW DOMAIN: https://noakhalicoll.gov.bd
==================================================
[+] Domain exhausted. Finishing up: https://noakhalicoll.gov.bd
==================================================
[*] STARTING NEW DOMAIN: https://uao.dimla.nilphamari.gov.bd
==================================================
[+] Domain exhausted. Finishing up: https://uao.dimla.nilphamari.gov.bd
==================================================
[*] STARTING NEW DOMAIN: https://palliunnayangirlssecondaryschool.jessoreboard.gov.bd
==================================================
[+] Domain exhausted. Finishing up: https://palliunnayangirlssecondaryschool.jessoreboard.gov.bd
==================================================
[*] STARTING NEW DOMAIN: https://srdirl.jamalpur.gov.bd
==================================================
[+] Domain exhausted. Finishing up: https://srdirl.jamalpur.gov.bd
==================================================
[*] STARTING NEW DOMAIN: https://tmed.gov.bd
==================================================
[+] Domain exhausted. Finishing up: https://tmed.gov.bd
==================================================
[*] STARTING NEW DOMAIN: https://tscakkelpur.joypurhat.gov.bd
==================================================
[+] Domain exhausted. Finishing up: https://tscakkelpur.joypurhat.gov.bd
==================================================
[*] STARTING NEW DOMAIN: https://ugdp.adamdighi.bogra.gov.bd
==================================================
[+] Domain exhausted. Finishing up: https://ugdp.adamdighi.bogra.gov.bd
==================================================
[*] STARTING NEW DOMAIN: https://pio.sreepur.gazipur.gov.bd
==================================================
[+] Domain exhausted. Finishing up: https://pio.sreepur.gazipur.gov.bd
==================================================
[*] STARTING NEW DOMAIN: https://police-pagla.gafargaon.mymensingh.gov.bd
==================================================
[+] Domain exhausted. Finishing up: https://police-pagla.gafargaon.mymensingh.gov.bd
==================================================
[*] STARTING NEW DOMAIN: https://po.joypurhat.gov.bd
==================================================
[+] Domain exhausted. Finishing up: https://po.joypurhat.gov.bd
==================================================
[*] STARTING NEW DOMAIN: https://police.kamarkhand.sirajganj.gov.bd
==================================================
[+] Domain exhausted. Finishing up: https://police.kamarkhand.sirajganj.gov.bd
==================================================
[*] STARTING NEW DOMAIN: https://police.jhalakathi.gov.bd
==================================================
[+] Domain exhausted. Finishing up: https://police.jhalakathi.gov.bd
==================================================
[*] STARTING NEW DOMAIN: https://police.rangpur.gov.bd
==================================================
[+] Domain exhausted. Finishing up: https://police.rangpur.gov.bd
==================================================
[*] STARTING NEW DOMAIN: https://post.ishurdi.pabna.gov.bd
==================================================
[+] Domain exhausted. Finishing up: https://post.ishurdi.pabna.gov.bd
==================================================
[*] STARTING NEW DOMAIN: https://post.bandarban.gov.bd
==================================================
[+] Domain exhausted. Finishing up: https://post.bandarban.gov.bd
==================================================
[*] STARTING NEW DOMAIN: https://post.kapasia.gazipur.gov.bd
==================================================
[+] Domain exhausted. Finishing up: https://post.kapasia.gazipur.gov.bd
==================================================
[*] STARTING NEW DOMAIN: https://post.shalikha.magura.gov.bd
==================================================
[+] Domain exhausted. Finishing up: https://post.shalikha.magura.gov.bd
==================================================
[*] STARTING NEW DOMAIN: https://ppd.rangamati.gov.bd
==================================================
[+] Domain exhausted. Finishing up: https://ppd.rangamati.gov.bd
==================================================
[*] STARTING NEW DOMAIN: https://presscouncil.portal.gov.bd
==================================================
[+] Domain exhausted. Finishing up: https://presscouncil.portal.gov.bd
==================================================
[*] STARTING NEW DOMAIN: https://psb.fatikchhari.chittagong.gov.bd
==================================================
[+] Domain exhausted. Finishing up: https://psb.fatikchhari.chittagong.gov.bd
==================================================
[*] STARTING NEW DOMAIN: https://psosk.lakshmipur.gov.bd
==================================================
[+] Domain exhausted. Finishing up: https://psosk.lakshmipur.gov.bd
==================================================
[*] STARTING NEW DOMAIN: https://pttc.habiganj.gov.bd
==================================================
[+] Domain exhausted. Finishing up: https://pttc.habiganj.gov.bd
==================================================
[*] STARTING NEW DOMAIN: https://pwd.barguna.gov.bd
==================================================
[+] Domain exhausted. Finishing up: https://pwd.barguna.gov.bd
==================================================
[*] STARTING NEW DOMAIN: https://rab.dhaka.gov.bd
==================================================
[+] Domain exhausted. Finishing up: https://rab.dhaka.gov.bd
==================================================
[*] STARTING NEW DOMAIN: https://raomeherpur.krishibank.gov.bd
==================================================
[+] Domain exhausted. Finishing up: https://raomeherpur.krishibank.gov.bd
==================================================
[*] STARTING NEW DOMAIN: https://ratanditaltaliup.patuakhali.gov.bd
==================================================
[+] Domain exhausted. Finishing up: https://ratanditaltaliup.patuakhali.gov.bd
==================================================
[*] STARTING NEW DOMAIN: https://hed.panchagarh.gov.bd
==================================================
[+] Domain exhausted. Finishing up: https://hed.panchagarh.gov.bd
==================================================
[*] STARTING NEW DOMAIN: https://rlo.barisal.gov.bd
==================================================
[+] Domain exhausted. Finishing up: https://rlo.barisal.gov.bd
==================================================
[*] STARTING NEW DOMAIN: https://rpmp.gov.bd
==================================================
[+] Domain exhausted. Finishing up: https://rpmp.gov.bd
==================================================
[*] STARTING NEW DOMAIN: https://luxmeekundugovtprimaryschool.jessoreboard.gov.bd
==================================================
[+] Domain exhausted. Finishing up: https://luxmeekundugovtprimaryschool.jessoreboard.gov.bd
==================================================
[*] STARTING NEW DOMAIN: https://madhugramsecondaryschool.jessoreboard.gov.bd
==================================================
[+] Domain exhausted. Finishing up: https://madhugramsecondaryschool.jessoreboard.gov.bd
==================================================
[*] STARTING NEW DOMAIN: https://nesco.kurigram.gov.bd
==================================================
[+] Domain exhausted. Finishing up: https://nesco.kurigram.gov.bd
==================================================
[*] STARTING NEW DOMAIN: https://totthoapa.sreebordi.sherpur.gov.bd
==================================================
[+] Domain exhausted. Finishing up: https://totthoapa.sreebordi.sherpur.gov.bd
==================================================
[*] STARTING NEW DOMAIN: https://bhabanipurup.bogra.gov.bd
==================================================
[+] Domain exhausted. Finishing up: https://bhabanipurup.bogra.gov.bd
==================================================
[*] STARTING NEW DOMAIN: https://brtc.gov.bd
==================================================
[+] Domain exhausted. Finishing up: https://brtc.gov.bd
==================================================
[*] STARTING NEW DOMAIN: https://chc.nabiganj.habiganj.gov.bd
==================================================
[+] Domain exhausted. Finishing up: https://chc.nabiganj.habiganj.gov.bd
==================================================
[*] STARTING NEW DOMAIN: https://dam.narayanganj.gov.bd
==================================================
[+] Domain exhausted. Finishing up: https://dam.narayanganj.gov.bd
==================================================
[*] STARTING NEW DOMAIN: https://dhakadental.gov.bd
==================================================
[+] Domain exhausted. Finishing up: https://dhakadental.gov.bd
==================================================
[*] STARTING NEW DOMAIN: https://ec.haimchar.chandpur.gov.bd
==================================================
[+] Domain exhausted. Finishing up: https://ec.haimchar.chandpur.gov.bd
==================================================
[*] STARTING NEW DOMAIN: https://kuliaup.jamalpur.gov.bd
==================================================
[+] Domain exhausted. Finishing up: https://kuliaup.jamalpur.gov.bd
==================================================
[*] STARTING NEW DOMAIN: https://sahebnagarsecondaryschool.jessoreboard.gov.bd
==================================================
[+] Domain exhausted. Finishing up: https://sahebnagarsecondaryschool.jessoreboard.gov.bd
==================================================
[*] STARTING NEW DOMAIN: https://uitrce.rampal.bagerhat.gov.bd
==================================================
[+] Domain exhausted. Finishing up: https://uitrce.rampal.bagerhat.gov.bd
==================================================
[*] STARTING NEW DOMAIN: https://ulayelup.manikganj.gov.bd
==================================================
[+] Domain exhausted. Finishing up: https://ulayelup.manikganj.gov.bd
==================================================
[*] STARTING NEW DOMAIN: https://urc.comillasadar.comilla.gov.bd
==================================================
[+] Domain exhausted. Finishing up: https://urc.comillasadar.comilla.gov.bd
==================================================
[*] STARTING NEW DOMAIN: https://urc.sadar.gopalganj.gov.bd
==================================================
[+] Domain exhausted. Finishing up: https://urc.sadar.gopalganj.gov.bd
==================================================
[*] STARTING NEW DOMAIN: https://webmail.nha.gov.bd
==================================================
[+] Domain exhausted. Finishing up: https://webmail.nha.gov.bd
==================================================
[*] STARTING NEW DOMAIN: https://youth.bhedarganj.shariatpur.gov.bd
==================================================
[+] Domain exhausted. Finishing up: https://youth.bhedarganj.shariatpur.gov.bd
==================================================
[*] STARTING NEW DOMAIN: https://youth.hizla.barisal.gov.bd
==================================================
[+] Domain exhausted. Finishing up: https://youth.hizla.barisal.gov.bd
==================================================
[*] STARTING NEW DOMAIN: https://youth.savar.dhaka.gov.bd
==================================================
[+] Domain exhausted. Finishing up: https://youth.savar.dhaka.gov.bd
==================================================
[*] STARTING NEW DOMAIN: https://ytc.barguna.gov.bd
==================================================
[+] Domain exhausted. Finishing up: https://ytc.barguna.gov.bd
==================================================
[*] STARTING NEW DOMAIN: https://zso.barisaldiv.gov.bd
==================================================
[+] Domain exhausted. Finishing up: https://zso.barisaldiv.gov.bd
==================================================
[*] STARTING NEW DOMAIN: http://basudevpursecondaryschool.jessoreboard.gov.bd
==================================================
[+] Domain exhausted. Finishing up: http://basudevpursecondaryschool.jessoreboard.gov.bd
==================================================
[*] STARTING NEW DOMAIN: http://deb107974.dhakaeducationboard.gov.bd
==================================================
[+] Domain exhausted. Finishing up: http://deb107974.dhakaeducationboard.gov.bd
==================================================
[*] STARTING NEW DOMAIN: http://deb112739.dhakaeducationboard.gov.bd
==================================================
[+] Domain exhausted. Finishing up: http://deb112739.dhakaeducationboard.gov.bd
==================================================
[*] STARTING NEW DOMAIN: https://satkhiradaynightcollege.jessoreboard.gov.bd
==================================================
[+] Domain exhausted. Finishing up: https://satkhiradaynightcollege.jessoreboard.gov.bd
==================================================
[*] STARTING NEW DOMAIN: https://sicip.gov.bd
==================================================
[+] Domain exhausted. Finishing up: https://sicip.gov.bd
==================================================
[*] STARTING NEW DOMAIN: https://skti.manda.naogaon.gov.bd
==================================================
[+] Domain exhausted. Finishing up: https://skti.manda.naogaon.gov.bd
==================================================
[*] STARTING NEW DOMAIN: https://sonapurup.faridpur.gov.bd
==================================================
[+] Domain exhausted. Finishing up: https://sonapurup.faridpur.gov.bd
==================================================
[*] STARTING NEW DOMAIN: https://sr.assasuni.satkhira.gov.bd
==================================================
[+] Domain exhausted. Finishing up: https://sr.assasuni.satkhira.gov.bd
==================================================
[*] STARTING NEW DOMAIN: https://sr.gouripur.mymensingh.gov.bd
==================================================
[+] Domain exhausted. Finishing up: https://sr.gouripur.mymensingh.gov.bd
==================================================
[*] STARTING NEW DOMAIN: https://sr.sadar.feni.gov.bd
==================================================
[+] Domain exhausted. Finishing up: https://sr.sadar.feni.gov.bd
==================================================
[*] STARTING NEW DOMAIN: https://sreeulaup.satkhira.gov.bd
==================================================
[+] Domain exhausted. Finishing up: https://sreeulaup.satkhira.gov.bd
==================================================
[*] STARTING NEW DOMAIN: https://stlouissecondaryschool.jessoreboard.gov.bd
==================================================
[+] Domain exhausted. Finishing up: https://stlouissecondaryschool.jessoreboard.gov.bd
==================================================
[*] STARTING NEW DOMAIN: https://tax.jessore.gov.bd
==================================================
[+] Domain exhausted. Finishing up: https://tax.jessore.gov.bd
==================================================
[*] STARTING NEW DOMAIN: https://teligatiup.netrokona.gov.bd
==================================================
[+] Domain exhausted. Finishing up: https://teligatiup.netrokona.gov.bd
==================================================
[*] STARTING NEW DOMAIN: https://totthoapa.abhaynagar.jessore.gov.bd
==================================================
[+] Domain exhausted. Finishing up: https://totthoapa.abhaynagar.jessore.gov.bd
==================================================
[*] STARTING NEW DOMAIN: https://totthoapa.kalkini.madaripur.gov.bd
==================================================
[+] Domain exhausted. Finishing up: https://totthoapa.kalkini.madaripur.gov.bd
==================================================
[*] STARTING NEW DOMAIN: https://ttc.manikganj.gov.bd
==================================================
[+] Domain exhausted. Finishing up: https://ttc.manikganj.gov.bd
==================================================
[*] STARTING NEW DOMAIN: https://uitrce.baliadangi.thakurgaon.gov.bd
==================================================
[+] Domain exhausted. Finishing up: https://uitrce.baliadangi.thakurgaon.gov.bd
==================================================
[*] STARTING NEW DOMAIN: https://uitrce.damudya.shariatpur.gov.bd
==================================================
[+] Domain exhausted. Finishing up: https://uitrce.damudya.shariatpur.gov.bd
[*] All websites in the text file have been fully crawled! Shutting down.
