[*] Seeds loaded from data/crawled_alive_gov_bd_sites.txt.

🚀 Starting Domain-by-Domain Spider...

==================================================
[*] STARTING NEW DOMAIN: https://pdb.mymensingh.gov.bd
==================================================
[+] Domain exhausted. Finishing up: https://pdb.mymensingh.gov.bd
==================================================
[*] STARTING NEW DOMAIN: https://deb109324.dhakaeducationboard.gov.bd
==================================================
[+] Domain exhausted. Finishing up: https://deb109324.dhakaeducationboard.gov.bd
==================================================
[*] STARTING NEW DOMAIN: https://deb109247.dhakaeducationboard.gov.bd
==================================================
[+] Domain exhausted. Finishing up: https://deb109247.dhakaeducationboard.gov.bd
==================================================
[*] STARTING NEW DOMAIN: https://dwa.chauddagram.comilla.gov.bd
==================================================
[+] Domain exhausted. Finishing up: https://dwa.chauddagram.comilla.gov.bd
==================================================
[*] STARTING NEW DOMAIN: https://dss.bancharampur.brahmanbaria.gov.bd
==================================================
[+] Domain exhausted. Finishing up: https://dss.bancharampur.brahmanbaria.gov.bd
==================================================
[*] STARTING NEW DOMAIN: https://dphe.noakhali.gov.bd
==================================================
[+] Domain exhausted. Finishing up: https://dphe.noakhali.gov.bd
==================================================
[*] STARTING NEW DOMAIN: https://dae.godagari.rajshahi.gov.bd
==================================================
[+] Domain exhausted. Finishing up: https://dae.godagari.rajshahi.gov.bd
==================================================
[*] STARTING NEW DOMAIN: https://jalalabadgas.portal.gov.bd
==================================================
[+] Domain exhausted. Finishing up: https://jalalabadgas.portal.gov.bd
==================================================
[*] STARTING NEW DOMAIN: https://jashorehomeeconomicscollege.jessoreboard.gov.bd
==================================================
[+] Domain exhausted. Finishing up: https://jashorehomeeconomicscollege.jessoreboard.gov.bd
==================================================
[*] STARTING NEW DOMAIN: https://doict.tala.satkhira.gov.bd
==================================================
[+] Domain exhausted. Finishing up: https://doict.tala.satkhira.gov.bd
==================================================
[*] STARTING NEW DOMAIN: https://accounts.bheramara.kushtia.gov.bd
==================================================
[+] Domain exhausted. Finishing up: https://accounts.bheramara.kushtia.gov.bd
==================================================
[*] STARTING NEW DOMAIN: https://dpe.aditmari.lalmonirhat.gov.bd
==================================================
[+] Domain exhausted. Finishing up: https://dpe.aditmari.lalmonirhat.gov.bd
==================================================
[*] STARTING NEW DOMAIN: https://bncu.gov.bd
==================================================
[+] Domain exhausted. Finishing up: https://bncu.gov.bd
==================================================
[*] STARTING NEW DOMAIN: https://doict.moulvibazar.gov.bd
==================================================
[+] Domain exhausted. Finishing up: https://doict.moulvibazar.gov.bd
==================================================
[*] STARTING NEW DOMAIN: https://ansarvdp.rajoir.madaripur.gov.bd
==================================================
[+] Domain exhausted. Finishing up: https://ansarvdp.rajoir.madaripur.gov.bd
==================================================
[*] STARTING NEW DOMAIN: https://brta.pirojpur.gov.bd
==================================================
[+] Domain exhausted. Finishing up: https://brta.pirojpur.gov.bd
==================================================
[*] STARTING NEW DOMAIN: https://ddobadc.dinajpur.gov.bd
==================================================
[+] Domain exhausted. Finishing up: https://ddobadc.dinajpur.gov.bd
==================================================
[*] STARTING NEW DOMAIN: https://bholahat.chapainawabganj.gov.bd
==================================================
[+] Domain exhausted. Finishing up: https://bholahat.chapainawabganj.gov.bd
==================================================
[*] STARTING NEW DOMAIN: https://deb138790.dhakaeducationboard.gov.bd
==================================================
[+] Domain exhausted. Finishing up: https://deb138790.dhakaeducationboard.gov.bd
==================================================
[*] STARTING NEW DOMAIN: https://totthoapa.nilphamarisadar.nilphamari.gov.bd
==================================================
[+] Domain exhausted. Finishing up: https://totthoapa.nilphamarisadar.nilphamari.gov.bd
==================================================
[*] STARTING NEW DOMAIN: https://deb139079.dhakaeducationboard.gov.bd
==================================================
[+] Domain exhausted. Finishing up: https://deb139079.dhakaeducationboard.gov.bd
==================================================
[*] STARTING NEW DOMAIN: https://ebek.keshabpur.jessore.gov.bd
==================================================
[+] Domain exhausted. Finishing up: https://ebek.keshabpur.jessore.gov.bd
==================================================
[*] STARTING NEW DOMAIN: https://youth.baliadangi.thakurgaon.gov.bd
==================================================
[+] Domain exhausted. Finishing up: https://youth.baliadangi.thakurgaon.gov.bd
==================================================
[*] STARTING NEW DOMAIN: https://dpe.jhalakathi.gov.bd
==================================================
[+] Domain exhausted. Finishing up: https://dpe.jhalakathi.gov.bd
==================================================
[*] STARTING NEW DOMAIN: https://doict.sherpursadar.sherpur.gov.bd
==================================================
[+] Domain exhausted. Finishing up: https://doict.sherpursadar.sherpur.gov.bd
==================================================
[*] STARTING NEW DOMAIN: https://patuakhali.gov.bd
==================================================
[+] Domain exhausted. Finishing up: https://patuakhali.gov.bd
==================================================
[*] STARTING NEW DOMAIN: https://pbs.chittagongdiv.gov.bd
==================================================
[+] Domain exhausted. Finishing up: https://pbs.chittagongdiv.gov.bd
==================================================
[*] STARTING NEW DOMAIN: https://pbs.sadar.barguna.gov.bd
==================================================
[+] Domain exhausted. Finishing up: https://pbs.sadar.barguna.gov.bd
==================================================
[*] STARTING NEW DOMAIN: https://pbs1.rangpur.gov.bd
==================================================
[+] Domain exhausted. Finishing up: https://pbs1.rangpur.gov.bd
==================================================
[*] STARTING NEW DOMAIN: https://pdbf.bijoynagar.brahmanbaria.gov.bd
==================================================
[+] Domain exhausted. Finishing up: https://pdbf.bijoynagar.brahmanbaria.gov.bd
==================================================
[*] STARTING NEW DOMAIN: https://pdbf.dumuria.khulna.gov.bd
==================================================
[+] Domain exhausted. Finishing up: https://pdbf.dumuria.khulna.gov.bd
==================================================
[*] STARTING NEW DOMAIN: https://fireservice.jamalpur.gov.bd
==================================================
[+] Domain exhausted. Finishing up: https://fireservice.jamalpur.gov.bd
==================================================
[*] STARTING NEW DOMAIN: https://pdbf.portal.gov.bd
==================================================
[+] Domain exhausted. Finishing up: https://pdbf.portal.gov.bd
==================================================
[*] STARTING NEW DOMAIN: https://pio.bhedarganj.shariatpur.gov.bd
==================================================
[+] Domain exhausted. Finishing up: https://pio.bhedarganj.shariatpur.gov.bd
==================================================
[*] STARTING NEW DOMAIN: https://fireservice.muradnagar.comilla.gov.bd
==================================================
[+] Domain exhausted. Finishing up: https://fireservice.muradnagar.comilla.gov.bd
==================================================
[*] STARTING NEW DOMAIN: https://vpolice.dharmapasha.sunamganj.gov.bd
==================================================
[+] Domain exhausted. Finishing up: https://vpolice.dharmapasha.sunamganj.gov.bd
==================================================
[*] STARTING NEW DOMAIN: https://fireservice.raipura.narsingdi.gov.bd
==================================================
[+] Domain exhausted. Finishing up: https://fireservice.raipura.narsingdi.gov.bd
==================================================
[*] STARTING NEW DOMAIN: https://fireservice.gior.manikganj.gov.bd
==================================================
[+] Domain exhausted. Finishing up: https://fireservice.gior.manikganj.gov.bd
==================================================
[*] STARTING NEW DOMAIN: https://fireservice.tazumuddin.bhola.gov.bd
==================================================
[+] Domain exhausted. Finishing up: https://fireservice.tazumuddin.bhola.gov.bd
==================================================
[*] STARTING NEW DOMAIN: https://fisheries.beanibazar.sylhet.gov.bd
==================================================
[+] Domain exhausted. Finishing up: https://fisheries.beanibazar.sylhet.gov.bd
==================================================
[*] STARTING NEW DOMAIN: https://soamol.joypurhat.gov.bd
==================================================
[+] Domain exhausted. Finishing up: https://soamol.joypurhat.gov.bd
==================================================
[*] STARTING NEW DOMAIN: https://urc.naria.shariatpur.gov.bd
==================================================
[+] Domain exhausted. Finishing up: https://urc.naria.shariatpur.gov.bd
==================================================
[*] STARTING NEW DOMAIN: https://eed.jaintiapur.sylhet.gov.bd
==================================================
[+] Domain exhausted. Finishing up: https://eed.jaintiapur.sylhet.gov.bd
==================================================
[*] STARTING NEW DOMAIN: https://urc.ramgati.lakshmipur.gov.bd
==================================================
[+] Domain exhausted. Finishing up: https://urc.ramgati.lakshmipur.gov.bd
==================================================
[*] STARTING NEW DOMAIN: https://pio.kuliarchar.kishoreganj.gov.bd
==================================================
[+] Domain exhausted. Finishing up: https://pio.kuliarchar.kishoreganj.gov.bd
==================================================
[*] STARTING NEW DOMAIN: https://fisheries.madarganj.jamalpur.gov.bd
==================================================
[+] Domain exhausted. Finishing up: https://fisheries.madarganj.jamalpur.gov.bd
==================================================
[*] STARTING NEW DOMAIN: https://fqo.shibganj.chapainawabganj.gov.bd
==================================================
[+] Domain exhausted. Finishing up: https://fqo.shibganj.chapainawabganj.gov.bd
==================================================
[*] STARTING NEW DOMAIN: https://prison.rangpurdiv.gov.bd
==================================================
[+] Domain exhausted. Finishing up: https://prison.rangpurdiv.gov.bd
==================================================
[*] STARTING NEW DOMAIN: https://pozip.chunarughat.habiganj.gov.bd
==================================================
[+] Domain exhausted. Finishing up: https://pozip.chunarughat.habiganj.gov.bd
==================================================
[*] STARTING NEW DOMAIN: https://urc.purbadhala.netrokona.gov.bd
==================================================
[+] Domain exhausted. Finishing up: https://urc.purbadhala.netrokona.gov.bd
==================================================
[*] STARTING NEW DOMAIN: https://urc.nalchity.jhalakathi.gov.bd
==================================================
[+] Domain exhausted. Finishing up: https://urc.nalchity.jhalakathi.gov.bd
==================================================
[*] STARTING NEW DOMAIN: https://pozip.birol.dinajpur.gov.bd
==================================================
[+] Domain exhausted. Finishing up: https://pozip.birol.dinajpur.gov.bd
==================================================
[*] STARTING NEW DOMAIN: https://mothurapurup.kushtia.gov.bd
==================================================
[+] Domain exhausted. Finishing up: https://mothurapurup.kushtia.gov.bd
==================================================
[*] STARTING NEW DOMAIN: http://dae.sunamganj.gov.bd
==================================================
[+] Domain exhausted. Finishing up: http://dae.sunamganj.gov.bd
==================================================
[*] STARTING NEW DOMAIN: https://wildlife.dhakadiv.gov.bd
==================================================
[+] Domain exhausted. Finishing up: https://wildlife.dhakadiv.gov.bd
==================================================
[*] STARTING NEW DOMAIN: https://sreepuradarshasecondaryschool.jessoreboard.gov.bd
==================================================
[+] Domain exhausted. Finishing up: https://sreepuradarshasecondaryschool.jessoreboard.gov.bd
==================================================
[*] STARTING NEW DOMAIN: https://ansarvdp.chhatak.sunamganj.gov.bd
==================================================
[+] Domain exhausted. Finishing up: https://ansarvdp.chhatak.sunamganj.gov.bd
==================================================
[*] STARTING NEW DOMAIN: https://pio.sadullapur.gaibandha.gov.bd
==================================================
[+] Domain exhausted. Finishing up: https://pio.sadullapur.gaibandha.gov.bd
==================================================
[*] STARTING NEW DOMAIN: https://baroghoriaup.chapainawabganj.gov.bd
==================================================
[+] Domain exhausted. Finishing up: https://baroghoriaup.chapainawabganj.gov.bd
==================================================
[*] STARTING NEW DOMAIN: https://srdi.sylhet.gov.bd
==================================================
[+] Domain exhausted. Finishing up: https://srdi.sylhet.gov.bd
==================================================
[*] STARTING NEW DOMAIN: https://7noboaliaup.naogaon.gov.bd
==================================================
[+] Domain exhausted. Finishing up: https://7noboaliaup.naogaon.gov.bd
==================================================
[*] STARTING NEW DOMAIN: https://rpticumilla.niport.gov.bd
==================================================
[+] Domain exhausted. Finishing up: https://rpticumilla.niport.gov.bd
==================================================
[*] STARTING NEW DOMAIN: https://brtcdepot.narsingdi.gov.bd
==================================================
[+] Domain exhausted. Finishing up: https://brtcdepot.narsingdi.gov.bd
==================================================
[*] STARTING NEW DOMAIN: http://deb107976.dhakaeducationboard.gov.bd
==================================================
[+] Domain exhausted. Finishing up: http://deb107976.dhakaeducationboard.gov.bd
==================================================
[*] STARTING NEW DOMAIN: https://brdb.jamalganj.sunamganj.gov.bd
==================================================
[+] Domain exhausted. Finishing up: https://brdb.jamalganj.sunamganj.gov.bd
==================================================
[*] STARTING NEW DOMAIN: http://chuadanga.police.gov.bd
==================================================
[+] Domain exhausted. Finishing up: http://chuadanga.police.gov.bd
==================================================
[*] STARTING NEW DOMAIN: https://pmis.imed.gov.bd
==================================================
[+] Domain exhausted. Finishing up: https://pmis.imed.gov.bd
==================================================
[*] STARTING NEW DOMAIN: http://deb108872.dhakaeducationboard.gov.bd
==================================================
[+] Domain exhausted. Finishing up: http://deb108872.dhakaeducationboard.gov.bd
==================================================
[*] STARTING NEW DOMAIN: https://cooparative.chittagong.gov.bd
==================================================
[+] Domain exhausted. Finishing up: https://cooparative.chittagong.gov.bd
==================================================
[*] STARTING NEW DOMAIN: https://dao.raipur.lakshmipur.gov.bd
==================================================
[+] Domain exhausted. Finishing up: https://dao.raipur.lakshmipur.gov.bd
==================================================
[*] STARTING NEW DOMAIN: https://rhd.jhenaidah.gov.bd
==================================================
[+] Domain exhausted. Finishing up: https://rhd.jhenaidah.gov.bd
==================================================
[*] STARTING NEW DOMAIN: https://dwa.naria.shariatpur.gov.bd
==================================================
[+] Domain exhausted. Finishing up: https://dwa.naria.shariatpur.gov.bd
==================================================
[*] STARTING NEW DOMAIN: https://sayedpurup.bhola.gov.bd
==================================================
[+] Domain exhausted. Finishing up: https://sayedpurup.bhola.gov.bd
==================================================
[*] STARTING NEW DOMAIN: https://deb110911.dhakaeducationboard.gov.bd
==================================================
[+] Domain exhausted. Finishing up: https://deb110911.dhakaeducationboard.gov.bd
==================================================
[*] STARTING NEW DOMAIN: https://deb112085.dhakaeducationboard.gov.bd
==================================================
[+] Domain exhausted. Finishing up: https://deb112085.dhakaeducationboard.gov.bd
==================================================
[*] STARTING NEW DOMAIN: https://rdo.dhakadiv.gov.bd
==================================================
[+] Domain exhausted. Finishing up: https://rdo.dhakadiv.gov.bd
==================================================
[*] STARTING NEW DOMAIN: https://deb112732.dhakaeducationboard.gov.bd
==================================================
[+] Domain exhausted. Finishing up: https://deb112732.dhakaeducationboard.gov.bd
==================================================
[*] STARTING NEW DOMAIN: https://shishuacademy.parshuram.feni.gov.bd
==================================================
[+] Domain exhausted. Finishing up: https://shishuacademy.parshuram.feni.gov.bd
==================================================
[*] STARTING NEW DOMAIN: https://municipalpreparatorysecondaryschool.jessoreboard.gov.bd
==================================================
[+] Domain exhausted. Finishing up: https://municipalpreparatorysecondaryschool.jessoreboard.gov.bd
==================================================
[*] STARTING NEW DOMAIN: https://phulchari.gaibandha.gov.bd
==================================================
[+] Domain exhausted. Finishing up: https://phulchari.gaibandha.gov.bd
==================================================
[*] STARTING NEW DOMAIN: https://qcb.gov.bd
==================================================
[+] Domain exhausted. Finishing up: https://qcb.gov.bd
==================================================
[*] STARTING NEW DOMAIN: https://pbs.gangni.meherpur.gov.bd
==================================================
[+] Domain exhausted. Finishing up: https://pbs.gangni.meherpur.gov.bd
==================================================
[*] STARTING NEW DOMAIN: https://sahidsmritimohilamahavidyalaya.jessoreboard.gov.bd
==================================================
[+] Domain exhausted. Finishing up: https://sahidsmritimohilamahavidyalaya.jessoreboard.gov.bd
==================================================
[*] STARTING NEW DOMAIN: https://pvtc.fakirhat.bagerhat.gov.bd
==================================================
[+] Domain exhausted. Finishing up: https://pvtc.fakirhat.bagerhat.gov.bd
==================================================
[*] STARTING NEW DOMAIN: https://pwd.manikganj.gov.bd
==================================================
[+] Domain exhausted. Finishing up: https://pwd.manikganj.gov.bd
==================================================
[*] STARTING NEW DOMAIN: https://rajshahilabs.bcsir.gov.bd
==================================================
[+] Domain exhausted. Finishing up: https://rajshahilabs.bcsir.gov.bd
==================================================
[*] STARTING NEW DOMAIN: https://shibganj.bogra.gov.bd
==================================================
[+] Domain exhausted. Finishing up: https://shibganj.bogra.gov.bd
==================================================
[*] STARTING NEW DOMAIN: https://sardahup.rajshahi.gov.bd
==================================================
[+] Domain exhausted. Finishing up: https://sardahup.rajshahi.gov.bd
==================================================
[*] STARTING NEW DOMAIN: https://soamol.magura.gov.bd
==================================================
[+] Domain exhausted. Finishing up: https://soamol.magura.gov.bd
==================================================
[*] STARTING NEW DOMAIN: https://satkhirapublicschool.jessoreboard.gov.bd
==================================================
[+] Domain exhausted. Finishing up: https://satkhirapublicschool.jessoreboard.gov.bd
==================================================
[*] STARTING NEW DOMAIN: https://gnjuniorhighschool.jessoreboard.gov.bd
==================================================
[+] Domain exhausted. Finishing up: https://gnjuniorhighschool.jessoreboard.gov.bd
==================================================
[*] STARTING NEW DOMAIN: https://police.jamalganj.sunamganj.gov.bd
==================================================
[+] Domain exhausted. Finishing up: https://police.jamalganj.sunamganj.gov.bd
==================================================
[*] STARTING NEW DOMAIN: https://pwd.lakshmipur.gov.bd
==================================================
[+] Domain exhausted. Finishing up: https://pwd.lakshmipur.gov.bd
==================================================
[*] STARTING NEW DOMAIN: https://pio.bamna.barguna.gov.bd
==================================================
[+] Domain exhausted. Finishing up: https://pio.bamna.barguna.gov.bd
==================================================
[*] STARTING NEW DOMAIN: https://publiclibrary.chuadanga.gov.bd
==================================================
[+] Domain exhausted. Finishing up: https://publiclibrary.chuadanga.gov.bd
==================================================
[*] STARTING NEW DOMAIN: https://health.gurudaspur.natore.gov.bd
==================================================
[+] Domain exhausted. Finishing up: https://health.gurudaspur.natore.gov.bd
==================================================
[*] STARTING NEW DOMAIN: https://ptd.gov.bd
==================================================
[+] Domain exhausted. Finishing up: https://ptd.gov.bd
==================================================
[*] STARTING NEW DOMAIN: https://sfdf.tetulia.panchagarh.gov.bd
==================================================
[+] Domain exhausted. Finishing up: https://sfdf.tetulia.panchagarh.gov.bd
==================================================
[*] STARTING NEW DOMAIN: https://rahmaniaelementaryandsecondaryschool.jessoreboard.gov.bd
==================================================
[+] Domain exhausted. Finishing up: https://rahmaniaelementaryandsecondaryschool.jessoreboard.gov.bd
==================================================
[*] STARTING NEW DOMAIN: https://pbs2.sirajganj.gov.bd
==================================================
[+] Domain exhausted. Finishing up: https://pbs2.sirajganj.gov.bd
==================================================
[*] STARTING NEW DOMAIN: https://cooparative.sadar.madaripur.gov.bd
==================================================
[+] Domain exhausted. Finishing up: https://cooparative.sadar.madaripur.gov.bd
==================================================
[*] STARTING NEW DOMAIN: https://rajibpurup.mymensingh.gov.bd
==================================================
[+] Domain exhausted. Finishing up: https://rajibpurup.mymensingh.gov.bd
==================================================
[*] STARTING NEW DOMAIN: https://deb114020.dhakaeducationboard.gov.bd
==================================================
[+] Domain exhausted. Finishing up: https://deb114020.dhakaeducationboard.gov.bd
==================================================
[*] STARTING NEW DOMAIN: https://dss.gopalpur.tangail.gov.bd
==================================================
[+] Domain exhausted. Finishing up: https://dss.gopalpur.tangail.gov.bd
==================================================
[*] STARTING NEW DOMAIN: https://dss.kalihati.tangail.gov.bd
==================================================
[+] Domain exhausted. Finishing up: https://dss.kalihati.tangail.gov.bd
==================================================
[*] STARTING NEW DOMAIN: https://deb108497.dhakaeducationboard.gov.bd
==================================================
[+] Domain exhausted. Finishing up: https://deb108497.dhakaeducationboard.gov.bd
==================================================
[*] STARTING NEW DOMAIN: https://ansarvdp.madhukhali.faridpur.gov.bd
==================================================
[+] Domain exhausted. Finishing up: https://ansarvdp.madhukhali.faridpur.gov.bd
==================================================
[*] STARTING NEW DOMAIN: https://cptu.portal.gov.bd
==================================================
[+] Domain exhausted. Finishing up: https://cptu.portal.gov.bd
==================================================
[*] STARTING NEW DOMAIN: https://deb108474.dhakaeducationboard.gov.bd
==================================================
[+] Domain exhausted. Finishing up: https://deb108474.dhakaeducationboard.gov.bd
==================================================
[*] STARTING NEW DOMAIN: https://enayetnagorup.madaripur.gov.bd
==================================================
[+] Domain exhausted. Finishing up: https://enayetnagorup.madaripur.gov.bd
==================================================
[*] STARTING NEW DOMAIN: https://coop.rajshahi.gov.bd
==================================================
[+] Domain exhausted. Finishing up: https://coop.rajshahi.gov.bd
==================================================
[*] STARTING NEW DOMAIN: https://coop.coxsbazar.gov.bd
==================================================
[+] Domain exhausted. Finishing up: https://coop.coxsbazar.gov.bd
==================================================
[*] STARTING NEW DOMAIN: https://deb114022.dhakaeducationboard.gov.bd
==================================================
[+] Domain exhausted. Finishing up: https://deb114022.dhakaeducationboard.gov.bd
==================================================
[*] STARTING NEW DOMAIN: https://publiclibrary.dhaka.gov.bd
==================================================
[+] Domain exhausted. Finishing up: https://publiclibrary.dhaka.gov.bd
==================================================
[*] STARTING NEW DOMAIN: https://dae-faridpurreg-d.nothi.gov.bd
==================================================
[+] Domain exhausted. Finishing up: https://dae-faridpurreg-d.nothi.gov.bd
==================================================
[*] STARTING NEW DOMAIN: https://deb135261.dhakaeducationboard.gov.bd
==================================================
[+] Domain exhausted. Finishing up: https://deb135261.dhakaeducationboard.gov.bd
==================================================
[*] STARTING NEW DOMAIN: https://ajgoraup.khulna.gov.bd
==================================================
[+] Domain exhausted. Finishing up: https://ajgoraup.khulna.gov.bd
==================================================
[*] STARTING NEW DOMAIN: https://arabpurup9.jessore.gov.bd
==================================================
[+] Domain exhausted. Finishing up: https://arabpurup9.jessore.gov.bd
==================================================
[*] STARTING NEW DOMAIN: https://deb109072.dhakaeducationboard.gov.bd
==================================================
[+] Domain exhausted. Finishing up: https://deb109072.dhakaeducationboard.gov.bd
==================================================
[*] STARTING NEW DOMAIN: https://sfdf.trishal.mymensingh.gov.bd
==================================================
[+] Domain exhausted. Finishing up: https://sfdf.trishal.mymensingh.gov.bd
==================================================
[*] STARTING NEW DOMAIN: https://fpo.patiya.chittagong.gov.bd
==================================================
[+] Domain exhausted. Finishing up: https://fpo.patiya.chittagong.gov.bd
==================================================
[*] STARTING NEW DOMAIN: https://fsmf.chapainawabganjsadar.chapainawabganj.gov.bd
==================================================
[+] Domain exhausted. Finishing up: https://fsmf.chapainawabganjsadar.chapainawabganj.gov.bd
==================================================
[*] STARTING NEW DOMAIN: https://smbadc.kishoreganj.gov.bd
==================================================
[+] Domain exhausted. Finishing up: https://smbadc.kishoreganj.gov.bd
==================================================
[*] STARTING NEW DOMAIN: https://dae.ramu.coxsbazar.gov.bd
==================================================
[+] Domain exhausted. Finishing up: https://dae.ramu.coxsbazar.gov.bd
==================================================
[*] STARTING NEW DOMAIN: https://deb108523.dhakaeducationboard.gov.bd
==================================================
[+] Domain exhausted. Finishing up: https://deb108523.dhakaeducationboard.gov.bd
==================================================
[*] STARTING NEW DOMAIN: https://sr.jibannagar.chuadanga.gov.bd
==================================================
[+] Domain exhausted. Finishing up: https://sr.jibannagar.chuadanga.gov.bd
==================================================
[*] STARTING NEW DOMAIN: https://daic.gazipur.gov.bd
==================================================
[+] Domain exhausted. Finishing up: https://daic.gazipur.gov.bd
==================================================
[*] STARTING NEW DOMAIN: https://sr.khetlal.joypurhat.gov.bd
==================================================
[+] Domain exhausted. Finishing up: https://sr.khetlal.joypurhat.gov.bd
==================================================
[*] STARTING NEW DOMAIN: https://eed.itna.kishoreganj.gov.bd
==================================================
[+] Domain exhausted. Finishing up: https://eed.itna.kishoreganj.gov.bd
==================================================
[*] STARTING NEW DOMAIN: https://acl.monohargonj.comilla.gov.bd
==================================================
[+] Domain exhausted. Finishing up: https://acl.monohargonj.comilla.gov.bd
==================================================
[*] STARTING NEW DOMAIN: https://hfwc.kalihati.tangail.gov.bd
==================================================
[+] Domain exhausted. Finishing up: https://hfwc.kalihati.tangail.gov.bd
==================================================
[*] STARTING NEW DOMAIN: https://deb113013.dhakaeducationboard.gov.bd
==================================================
[+] Domain exhausted. Finishing up: https://deb113013.dhakaeducationboard.gov.bd
==================================================
[*] STARTING NEW DOMAIN: https://ansarvdp.sreepur.magura.gov.bd
==================================================
[+] Domain exhausted. Finishing up: https://ansarvdp.sreepur.magura.gov.bd
==================================================
[*] STARTING NEW DOMAIN: https://dae.faridpur.gov.bd
==================================================
[+] Domain exhausted. Finishing up: https://dae.faridpur.gov.bd
==================================================
[*] STARTING NEW DOMAIN: https://deb113155.dhakaeducationboard.gov.bd
==================================================
[+] Domain exhausted. Finishing up: https://deb113155.dhakaeducationboard.gov.bd
==================================================
[*] STARTING NEW DOMAIN: https://satkhiranaishasecondaryschool.jessoreboard.gov.bd
==================================================
[+] Domain exhausted. Finishing up: https://satkhiranaishasecondaryschool.jessoreboard.gov.bd
==================================================
[*] STARTING NEW DOMAIN: https://dae.agailjhara.barisal.gov.bd
==================================================
[+] Domain exhausted. Finishing up: https://dae.agailjhara.barisal.gov.bd
==================================================
[*] STARTING NEW DOMAIN: https://deb111412.dhakaeducationboard.gov.bd
==================================================
[+] Domain exhausted. Finishing up: https://deb111412.dhakaeducationboard.gov.bd
==================================================
[*] STARTING NEW DOMAIN: https://pdb.chapainawabganj.gov.bd
==================================================
[+] Domain exhausted. Finishing up: https://pdb.chapainawabganj.gov.bd
==================================================
[*] STARTING NEW DOMAIN: https://gfcf.chuadanga.gov.bd
==================================================
[+] Domain exhausted. Finishing up: https://gfcf.chuadanga.gov.bd
==================================================
[*] STARTING NEW DOMAIN: https://doict.domar.nilphamari.gov.bd
==================================================
[+] Domain exhausted. Finishing up: https://doict.domar.nilphamari.gov.bd
==================================================
[*] STARTING NEW DOMAIN: https://ec.atwari.panchagarh.gov.bd
==================================================
[+] Domain exhausted. Finishing up: https://ec.atwari.panchagarh.gov.bd
==================================================
[*] STARTING NEW DOMAIN: https://deb108874.dhakaeducationboard.gov.bd
==================================================
[+] Domain exhausted. Finishing up: https://deb108874.dhakaeducationboard.gov.bd
==================================================
[*] STARTING NEW DOMAIN: https://hrwt.madaripur.gov.bd
==================================================
[+] Domain exhausted. Finishing up: https://hrwt.madaripur.gov.bd
==================================================
[*] STARTING NEW DOMAIN: https://paracharaup.khagrachhari.gov.bd
==================================================
[+] Domain exhausted. Finishing up: https://paracharaup.khagrachhari.gov.bd
==================================================
[*] STARTING NEW DOMAIN: https://police.mohalchari.khagrachhari.gov.bd
==================================================
[+] Domain exhausted. Finishing up: https://police.mohalchari.khagrachhari.gov.bd
==================================================
[*] STARTING NEW DOMAIN: https://dncrp.pabna.gov.bd
==================================================
[+] Domain exhausted. Finishing up: https://dncrp.pabna.gov.bd
==================================================
[*] STARTING NEW DOMAIN: https://ec.narayanganj.gov.bd
==================================================
[+] Domain exhausted. Finishing up: https://ec.narayanganj.gov.bd
==================================================
[*] STARTING NEW DOMAIN: https://dss.nikli.kishoreganj.gov.bd
==================================================
[+] Domain exhausted. Finishing up: https://dss.nikli.kishoreganj.gov.bd
==================================================
[*] STARTING NEW DOMAIN: https://dao.jhalakathi.gov.bd
==================================================
[+] Domain exhausted. Finishing up: https://dao.jhalakathi.gov.bd
==================================================
[*] STARTING NEW DOMAIN: https://bhalukachandpurmodelhighschool.jessoreboard.gov.bd
==================================================
[+] Domain exhausted. Finishing up: https://bhalukachandpurmodelhighschool.jessoreboard.gov.bd
==================================================
[*] STARTING NEW DOMAIN: https://abak-rdcd.lalmonirhat.gov.bd
==================================================
[+] Domain exhausted. Finishing up: https://abak-rdcd.lalmonirhat.gov.bd
==================================================
[*] STARTING NEW DOMAIN: https://jakarta.mofa.gov.bd
==================================================
[+] Domain exhausted. Finishing up: https://jakarta.mofa.gov.bd
==================================================
[*] STARTING NEW DOMAIN: https://deb108828.dhakaeducationboard.gov.bd
==================================================
[+] Domain exhausted. Finishing up: https://deb108828.dhakaeducationboard.gov.bd
==================================================
[*] STARTING NEW DOMAIN: https://iims.ictd.gov.bd
==================================================
[+] Domain exhausted. Finishing up: https://iims.ictd.gov.bd
==================================================
[*] STARTING NEW DOMAIN: https://ipemis.dpe.gov.bd
==================================================
[+] Domain exhausted. Finishing up: https://ipemis.dpe.gov.bd
==================================================
[*] STARTING NEW DOMAIN: https://dbsecondarygirlsschool.jessoreboard.gov.bd
==================================================
[+] Domain exhausted. Finishing up: https://dbsecondarygirlsschool.jessoreboard.gov.bd
==================================================
[*] STARTING NEW DOMAIN: https://ebek.sadar.faridpur.gov.bd
==================================================
[+] Domain exhausted. Finishing up: https://ebek.sadar.faridpur.gov.bd
==================================================
[*] STARTING NEW DOMAIN: https://dae.birol.dinajpur.gov.bd
==================================================
[+] Domain exhausted. Finishing up: https://dae.birol.dinajpur.gov.bd
==================================================
[*] STARTING NEW DOMAIN: https://deb112383.dhakaeducationboard.gov.bd
==================================================
[+] Domain exhausted. Finishing up: https://deb112383.dhakaeducationboard.gov.bd
==================================================
[*] STARTING NEW DOMAIN: https://deb112449.dhakaeducationboard.gov.bd
==================================================
[+] Domain exhausted. Finishing up: https://deb112449.dhakaeducationboard.gov.bd
==================================================
[*] STARTING NEW DOMAIN: https://food.naogaonsadar.naogaon.gov.bd
==================================================
[+] Domain exhausted. Finishing up: https://food.naogaonsadar.naogaon.gov.bd
==================================================
[*] STARTING NEW DOMAIN: https://bbs.kathalia.jhalakathi.gov.bd
==================================================
[+] Domain exhausted. Finishing up: https://bbs.kathalia.jhalakathi.gov.bd
==================================================
[*] STARTING NEW DOMAIN: https://alowakhowaup.panchagarh.gov.bd
==================================================
[+] Domain exhausted. Finishing up: https://alowakhowaup.panchagarh.gov.bd
==================================================
[*] STARTING NEW DOMAIN: https://sherpurup.mymensingh.gov.bd
==================================================
[+] Domain exhausted. Finishing up: https://sherpurup.mymensingh.gov.bd
==================================================
[*] STARTING NEW DOMAIN: https://dae.golapganj.sylhet.gov.bd
==================================================
[+] Domain exhausted. Finishing up: https://dae.golapganj.sylhet.gov.bd
==================================================
[*] STARTING NEW DOMAIN: https://deb112498.dhakaeducationboard.gov.bd
==================================================
[+] Domain exhausted. Finishing up: https://deb112498.dhakaeducationboard.gov.bd
==================================================
[*] STARTING NEW DOMAIN: https://dss.daganbhuiyan.feni.gov.bd
==================================================
[+] Domain exhausted. Finishing up: https://dss.daganbhuiyan.feni.gov.bd
==================================================
[*] STARTING NEW DOMAIN: https://icbamcl.portal.gov.bd
==================================================
[+] Domain exhausted. Finishing up: https://icbamcl.portal.gov.bd
==================================================
[*] STARTING NEW DOMAIN: https://eed.ramgati.lakshmipur.gov.bd
==================================================
[+] Domain exhausted. Finishing up: https://eed.ramgati.lakshmipur.gov.bd
==================================================
[*] STARTING NEW DOMAIN: https://fpo.gazipur.gov.bd
==================================================
[+] Domain exhausted. Finishing up: https://fpo.gazipur.gov.bd
==================================================
[*] STARTING NEW DOMAIN: https://health.subarnachar.noakhali.gov.bd
==================================================
[+] Domain exhausted. Finishing up: https://health.subarnachar.noakhali.gov.bd
==================================================
[*] STARTING NEW DOMAIN: https://ec.moheshpur.jhenaidah.gov.bd
==================================================
[+] Domain exhausted. Finishing up: https://ec.moheshpur.jhenaidah.gov.bd
==================================================
[*] STARTING NEW DOMAIN: https://health.rajapur.jhalakathi.gov.bd
==================================================
[+] Domain exhausted. Finishing up: https://health.rajapur.jhalakathi.gov.bd
==================================================
[*] STARTING NEW DOMAIN: https://mostabapursammilitasecondaryschool.jessoreboard.gov.bd
==================================================
[+] Domain exhausted. Finishing up: https://mostabapursammilitasecondaryschool.jessoreboard.gov.bd
==================================================
[*] STARTING NEW DOMAIN: https://deb138686.dhakaeducationboard.gov.bd
==================================================
[+] Domain exhausted. Finishing up: https://deb138686.dhakaeducationboard.gov.bd
==================================================
[*] STARTING NEW DOMAIN: https://police.nachol.chapainawabganj.gov.bd
==================================================
[+] Domain exhausted. Finishing up: https://police.nachol.chapainawabganj.gov.bd
==================================================
[*] STARTING NEW DOMAIN: https://dao.adamdighi.bogra.gov.bd
==================================================
[+] Domain exhausted. Finishing up: https://dao.adamdighi.bogra.gov.bd
==================================================
[*] STARTING NEW DOMAIN: https://dao.tangail.gov.bd
==================================================
[+] Domain exhausted. Finishing up: https://dao.tangail.gov.bd
==================================================
[*] STARTING NEW DOMAIN: https://fisheries.sunamganj.gov.bd
==================================================
[+] Domain exhausted. Finishing up: https://fisheries.sunamganj.gov.bd
==================================================
[*] STARTING NEW DOMAIN: https://dol.portal.gov.bd
==================================================
[+] Domain exhausted. Finishing up: https://dol.portal.gov.bd
==================================================
[*] STARTING NEW DOMAIN: https://deb111967.dhakaeducationboard.gov.bd
==================================================
[+] Domain exhausted. Finishing up: https://deb111967.dhakaeducationboard.gov.bd
==================================================
[*] STARTING NEW DOMAIN: https://pbs3.chittagong.gov.bd
==================================================
[+] Domain exhausted. Finishing up: https://pbs3.chittagong.gov.bd
==================================================
[*] STARTING NEW DOMAIN: https://deb138535.dhakaeducationboard.gov.bd
==================================================
[+] Domain exhausted. Finishing up: https://deb138535.dhakaeducationboard.gov.bd
==================================================
[*] STARTING NEW DOMAIN: https://deb190189.dhakaeducationboard.gov.bd
==================================================
[+] Domain exhausted. Finishing up: https://deb190189.dhakaeducationboard.gov.bd
==================================================
[*] STARTING NEW DOMAIN: https://pio.lakhai.habiganj.gov.bd
==================================================
[+] Domain exhausted. Finishing up: https://pio.lakhai.habiganj.gov.bd
==================================================
[*] STARTING NEW DOMAIN: https://deb134986.dhakaeducationboard.gov.bd
==================================================
[+] Domain exhausted. Finishing up: https://deb134986.dhakaeducationboard.gov.bd
==================================================
[*] STARTING NEW DOMAIN: https://dife.tangail.gov.bd
==================================================
[+] Domain exhausted. Finishing up: https://dife.tangail.gov.bd
==================================================
[*] STARTING NEW DOMAIN: https://fireservice.moheshpur.jhenaidah.gov.bd
==================================================
[+] Domain exhausted. Finishing up: https://fireservice.moheshpur.jhenaidah.gov.bd
==================================================
[*] STARTING NEW DOMAIN: https://bwdbkc.khulnadiv.gov.bd
==================================================
[+] Domain exhausted. Finishing up: https://bwdbkc.khulnadiv.gov.bd
==================================================
[*] STARTING NEW DOMAIN: https://dnc.rangamati.gov.bd
==================================================
[+] Domain exhausted. Finishing up: https://dnc.rangamati.gov.bd
==================================================
[*] STARTING NEW DOMAIN: https://dphe.naniarchar.rangamati.gov.bd
==================================================
[+] Domain exhausted. Finishing up: https://dphe.naniarchar.rangamati.gov.bd
==================================================
[*] STARTING NEW DOMAIN: https://deb110399.dhakaeducationboard.gov.bd
==================================================
[+] Domain exhausted. Finishing up: https://deb110399.dhakaeducationboard.gov.bd
==================================================
[*] STARTING NEW DOMAIN: https://deb190187.dhakaeducationboard.gov.bd
==================================================
[+] Domain exhausted. Finishing up: https://deb190187.dhakaeducationboard.gov.bd
==================================================
[*] STARTING NEW DOMAIN: https://brdb.meherpursadar.meherpur.gov.bd
==================================================
[+] Domain exhausted. Finishing up: https://brdb.meherpursadar.meherpur.gov.bd
==================================================
[*] STARTING NEW DOMAIN: http://library.hbri.gov.bd
==================================================
[+] Domain exhausted. Finishing up: http://library.hbri.gov.bd
==================================================
[*] STARTING NEW DOMAIN: https://bwdb.moulvibazar.gov.bd
==================================================
[+] Domain exhausted. Finishing up: https://bwdb.moulvibazar.gov.bd
==================================================
[*] STARTING NEW DOMAIN: https://dnc.madaripur.gov.bd
==================================================
[+] Domain exhausted. Finishing up: https://dnc.madaripur.gov.bd
==================================================
[*] STARTING NEW DOMAIN: https://patachorasecondaryschool.jessoreboard.gov.bd
==================================================
[+] Domain exhausted. Finishing up: https://patachorasecondaryschool.jessoreboard.gov.bd
==================================================
[*] STARTING NEW DOMAIN: https://deo.palash.narsingdi.gov.bd
==================================================
[+] Domain exhausted. Finishing up: https://deo.palash.narsingdi.gov.bd
==================================================
[*] STARTING NEW DOMAIN: https://deo.gopalganj.gov.bd
==================================================
[+] Domain exhausted. Finishing up: https://deo.gopalganj.gov.bd
==================================================
[*] STARTING NEW DOMAIN: https://ec.kaptai.rangamati.gov.bd
==================================================
[+] Domain exhausted. Finishing up: https://ec.kaptai.rangamati.gov.bd
==================================================
[*] STARTING NEW DOMAIN: https://hospital.gaibandha.gov.bd
==================================================
[+] Domain exhausted. Finishing up: https://hospital.gaibandha.gov.bd
==================================================
[*] STARTING NEW DOMAIN: https://seo.mongla.bagerhat.gov.bd
==================================================
[+] Domain exhausted. Finishing up: https://seo.mongla.bagerhat.gov.bd
==================================================
[*] STARTING NEW DOMAIN: https://fisheries.banaripara.barisal.gov.bd
==================================================
[+] Domain exhausted. Finishing up: https://fisheries.banaripara.barisal.gov.bd
==================================================
[*] STARTING NEW DOMAIN: https://molwa.portal.gov.bd
==================================================
[+] Domain exhausted. Finishing up: https://molwa.portal.gov.bd
==================================================
[*] STARTING NEW DOMAIN: https://bbs.natoresadar.natore.gov.bd
==================================================
[+] Domain exhausted. Finishing up: https://bbs.natoresadar.natore.gov.bd
==================================================
[*] STARTING NEW DOMAIN: https://dpe.iswarganj.mymensingh.gov.bd
==================================================
[+] Domain exhausted. Finishing up: https://dpe.iswarganj.mymensingh.gov.bd
==================================================
[*] STARTING NEW DOMAIN: https://deb113702.dhakaeducationboard.gov.bd
==================================================
[+] Domain exhausted. Finishing up: https://deb113702.dhakaeducationboard.gov.bd
==================================================
[*] STARTING NEW DOMAIN: https://deb136935.dhakaeducationboard.gov.bd
==================================================
[+] Domain exhausted. Finishing up: https://deb136935.dhakaeducationboard.gov.bd
==================================================
[*] STARTING NEW DOMAIN: https://deb139659.dhakaeducationboard.gov.bd
==================================================
[+] Domain exhausted. Finishing up: https://deb139659.dhakaeducationboard.gov.bd
==================================================
[*] STARTING NEW DOMAIN: https://deb114353.dhakaeducationboard.gov.bd
==================================================
[+] Domain exhausted. Finishing up: https://deb114353.dhakaeducationboard.gov.bd
==================================================
[*] STARTING NEW DOMAIN: https://bmda.birganj.dinajpur.gov.bd
==================================================
[+] Domain exhausted. Finishing up: https://bmda.birganj.dinajpur.gov.bd
==================================================
[*] STARTING NEW DOMAIN: https://doict.nagarkanda.faridpur.gov.bd
==================================================
[+] Domain exhausted. Finishing up: https://doict.nagarkanda.faridpur.gov.bd
==================================================
[*] STARTING NEW DOMAIN: https://sparrso.portal.gov.bd
==================================================
[+] Domain exhausted. Finishing up: https://sparrso.portal.gov.bd
==================================================
[*] STARTING NEW DOMAIN: https://deb139205.dhakaeducationboard.gov.bd
==================================================
[+] Domain exhausted. Finishing up: https://deb139205.dhakaeducationboard.gov.bd
==================================================
[*] STARTING NEW DOMAIN: https://deb134607.dhakaeducationboard.gov.bd
==================================================
[+] Domain exhausted. Finishing up: https://deb134607.dhakaeducationboard.gov.bd
==================================================
[*] STARTING NEW DOMAIN: https://food.doulatkhan.bhola.gov.bd
==================================================
[+] Domain exhausted. Finishing up: https://food.doulatkhan.bhola.gov.bd
==================================================
[*] STARTING NEW DOMAIN: https://deb138698.dhakaeducationboard.gov.bd
==================================================
[+] Domain exhausted. Finishing up: https://deb138698.dhakaeducationboard.gov.bd
==================================================
[*] STARTING NEW DOMAIN: https://dls.mohonpur.rajshahi.gov.bd
==================================================
[+] Domain exhausted. Finishing up: https://dls.mohonpur.rajshahi.gov.bd
==================================================
[*] STARTING NEW DOMAIN: https://dls.raigonj.sirajganj.gov.bd
==================================================
[+] Domain exhausted. Finishing up: https://dls.raigonj.sirajganj.gov.bd
==================================================
[*] STARTING NEW DOMAIN: https://food.tetulia.panchagarh.gov.bd
==================================================
[+] Domain exhausted. Finishing up: https://food.tetulia.panchagarh.gov.bd
==================================================
[*] STARTING NEW DOMAIN: https://deo.mirsharai.chittagong.gov.bd
==================================================
[+] Domain exhausted. Finishing up: https://deo.mirsharai.chittagong.gov.bd
==================================================
[*] STARTING NEW DOMAIN: https://deb130659.dhakaeducationboard.gov.bd
==================================================
[+] Domain exhausted. Finishing up: https://deb130659.dhakaeducationboard.gov.bd
==================================================
[*] STARTING NEW DOMAIN: https://chalakcharup.narsingdi.gov.bd
==================================================
[+] Domain exhausted. Finishing up: https://chalakcharup.narsingdi.gov.bd
==================================================
[*] STARTING NEW DOMAIN: https://food.jaldhaka.nilphamari.gov.bd
==================================================
[+] Domain exhausted. Finishing up: https://food.jaldhaka.nilphamari.gov.bd
==================================================
[*] STARTING NEW DOMAIN: https://dls.gournadi.barisal.gov.bd
==================================================
[+] Domain exhausted. Finishing up: https://dls.gournadi.barisal.gov.bd
==================================================
[*] STARTING NEW DOMAIN: https://drro.bagerhat.gov.bd
==================================================
[+] Domain exhausted. Finishing up: https://drro.bagerhat.gov.bd
==================================================
[*] STARTING NEW DOMAIN: https://dls.barlekha.moulvibazar.gov.bd
==================================================
[+] Domain exhausted. Finishing up: https://dls.barlekha.moulvibazar.gov.bd
==================================================
[*] STARTING NEW DOMAIN: https://deb139864.dhakaeducationboard.gov.bd
==================================================
[+] Domain exhausted. Finishing up: https://deb139864.dhakaeducationboard.gov.bd
==================================================
[*] STARTING NEW DOMAIN: https://bwdb.comilla.gov.bd
==================================================
[+] Domain exhausted. Finishing up: https://bwdb.comilla.gov.bd
==================================================
[*] STARTING NEW DOMAIN: https://deb136741.dhakaeducationboard.gov.bd
==================================================
[+] Domain exhausted. Finishing up: https://deb136741.dhakaeducationboard.gov.bd
==================================================
[*] STARTING NEW DOMAIN: https://deb137394.dhakaeducationboard.gov.bd
==================================================
[+] Domain exhausted. Finishing up: https://deb137394.dhakaeducationboard.gov.bd
==================================================
[*] STARTING NEW DOMAIN: https://btcl.botiaghata.khulna.gov.bd
==================================================
[+] Domain exhausted. Finishing up: https://btcl.botiaghata.khulna.gov.bd
==================================================
[*] STARTING NEW DOMAIN: https://police.chitalmari.bagerhat.gov.bd
==================================================
[+] Domain exhausted. Finishing up: https://police.chitalmari.bagerhat.gov.bd
==================================================
[*] STARTING NEW DOMAIN: https://dls.dhaka.gov.bd
==================================================
[+] Domain exhausted. Finishing up: https://dls.dhaka.gov.bd
==================================================
[*] STARTING NEW DOMAIN: https://dpdc.portal.gov.bd
==================================================
[+] Domain exhausted. Finishing up: https://dpdc.portal.gov.bd
==================================================
[*] STARTING NEW DOMAIN: https://eed.sadar.khagrachhari.gov.bd
==================================================
[+] Domain exhausted. Finishing up: https://eed.sadar.khagrachhari.gov.bd
==================================================
[*] STARTING NEW DOMAIN: https://deb134598.dhakaeducationboard.gov.bd
==================================================
[+] Domain exhausted. Finishing up: https://deb134598.dhakaeducationboard.gov.bd
==================================================
[*] STARTING NEW DOMAIN: https://deb130644.dhakaeducationboard.gov.bd
==================================================
[+] Domain exhausted. Finishing up: https://deb130644.dhakaeducationboard.gov.bd
==================================================
[*] STARTING NEW DOMAIN: https://deb112882.dhakaeducationboard.gov.bd
==================================================
[+] Domain exhausted. Finishing up: https://deb112882.dhakaeducationboard.gov.bd
==================================================
[*] STARTING NEW DOMAIN: https://deb130772.dhakaeducationboard.gov.bd
==================================================
[+] Domain exhausted. Finishing up: https://deb130772.dhakaeducationboard.gov.bd
==================================================
[*] STARTING NEW DOMAIN: https://dls.panchagarh.gov.bd
==================================================
[+] Domain exhausted. Finishing up: https://dls.panchagarh.gov.bd
==================================================
[*] STARTING NEW DOMAIN: https://aic.habiganj.gov.bd
==================================================
[+] Domain exhausted. Finishing up: https://aic.habiganj.gov.bd
==================================================
[*] STARTING NEW DOMAIN: https://dhopakholasecondaryschool.jessoreboard.gov.bd
==================================================
[+] Domain exhausted. Finishing up: https://dhopakholasecondaryschool.jessoreboard.gov.bd
==================================================
[*] STARTING NEW DOMAIN: https://food.thakurgaonsadar.thakurgaon.gov.bd
==================================================
[+] Domain exhausted. Finishing up: https://food.thakurgaonsadar.thakurgaon.gov.bd
==================================================
[*] STARTING NEW DOMAIN: https://barumcharaup.chittagong.gov.bd
==================================================
[+] Domain exhausted. Finishing up: https://barumcharaup.chittagong.gov.bd
==================================================
[*] STARTING NEW DOMAIN: https://deb134005.dhakaeducationboard.gov.bd
==================================================
[+] Domain exhausted. Finishing up: https://deb134005.dhakaeducationboard.gov.bd
==================================================
[*] STARTING NEW DOMAIN: https://deb139662.dhakaeducationboard.gov.bd
==================================================
[+] Domain exhausted. Finishing up: https://deb139662.dhakaeducationboard.gov.bd
==================================================
[*] STARTING NEW DOMAIN: https://customsgulshan.dhaka.gov.bd
==================================================
[+] Domain exhausted. Finishing up: https://customsgulshan.dhaka.gov.bd
==================================================
[*] STARTING NEW DOMAIN: https://food.jhikargacha.jessore.gov.bd
==================================================
[+] Domain exhausted. Finishing up: https://food.jhikargacha.jessore.gov.bd
==================================================
[*] STARTING NEW DOMAIN: https://brdb.dhunot.bogra.gov.bd
==================================================
[+] Domain exhausted. Finishing up: https://brdb.dhunot.bogra.gov.bd
==================================================
[*] STARTING NEW DOMAIN: https://domar.nilphamari.gov.bd
==================================================
[+] Domain exhausted. Finishing up: https://domar.nilphamari.gov.bd
==================================================
[*] STARTING NEW DOMAIN: https://pbs.rangpurdiv.gov.bd
==================================================
[+] Domain exhausted. Finishing up: https://pbs.rangpurdiv.gov.bd
==================================================
[*] STARTING NEW DOMAIN: https://dgda.portal.gov.bd
==================================================
[+] Domain exhausted. Finishing up: https://dgda.portal.gov.bd
==================================================
[*] STARTING NEW DOMAIN: https://ansarvdp.keshabpur.jessore.gov.bd
==================================================
[+] Domain exhausted. Finishing up: https://ansarvdp.keshabpur.jessore.gov.bd
==================================================
[*] STARTING NEW DOMAIN: https://pdbf.sirajganjsadar.sirajganj.gov.bd
==================================================
[+] Domain exhausted. Finishing up: https://pdbf.sirajganjsadar.sirajganj.gov.bd
==================================================
[*] STARTING NEW DOMAIN: https://deb114716.dhakaeducationboard.gov.bd
==================================================
[+] Domain exhausted. Finishing up: https://deb114716.dhakaeducationboard.gov.bd
==================================================
[*] STARTING NEW DOMAIN: https://deb134633.dhakaeducationboard.gov.bd
==================================================
[+] Domain exhausted. Finishing up: https://deb134633.dhakaeducationboard.gov.bd
==================================================
[*] STARTING NEW DOMAIN: https://csbt.gov.bd
==================================================
[+] Domain exhausted. Finishing up: https://csbt.gov.bd
==================================================
[*] STARTING NEW DOMAIN: https://fireservice.shahrasti.chandpur.gov.bd
==================================================
[+] Domain exhausted. Finishing up: https://fireservice.shahrasti.chandpur.gov.bd
==================================================
[*] STARTING NEW DOMAIN: https://deb190195.dhakaeducationboard.gov.bd
==================================================
[+] Domain exhausted. Finishing up: https://deb190195.dhakaeducationboard.gov.bd
==================================================
[*] STARTING NEW DOMAIN: https://deb190062.dhakaeducationboard.gov.bd
==================================================
[+] Domain exhausted. Finishing up: https://deb190062.dhakaeducationboard.gov.bd
==================================================
[*] STARTING NEW DOMAIN: https://deb112123.dhakaeducationboard.gov.bd
==================================================
[+] Domain exhausted. Finishing up: https://deb112123.dhakaeducationboard.gov.bd
==================================================
[*] STARTING NEW DOMAIN: https://doict.paikgasa.khulna.gov.bd
==================================================
[+] Domain exhausted. Finishing up: https://doict.paikgasa.khulna.gov.bd
==================================================
[*] STARTING NEW DOMAIN: https://dls.hathazari.chittagong.gov.bd
==================================================
[+] Domain exhausted. Finishing up: https://dls.hathazari.chittagong.gov.bd
==================================================
[*] STARTING NEW DOMAIN: https://pio.kaunia.rangpur.gov.bd
==================================================
[+] Domain exhausted. Finishing up: https://pio.kaunia.rangpur.gov.bd
==================================================
[*] STARTING NEW DOMAIN: https://dpe.mohalchari.khagrachhari.gov.bd
==================================================
[+] Domain exhausted. Finishing up: https://dpe.mohalchari.khagrachhari.gov.bd
==================================================
[*] STARTING NEW DOMAIN: https://coxculturecenter.portal.gov.bd
==================================================
[+] Domain exhausted. Finishing up: https://coxculturecenter.portal.gov.bd
==================================================
[*] STARTING NEW DOMAIN: https://deb114507.dhakaeducationboard.gov.bd
==================================================
[+] Domain exhausted. Finishing up: https://deb114507.dhakaeducationboard.gov.bd
==================================================
[*] STARTING NEW DOMAIN: https://deo.ramgarh.khagrachhari.gov.bd
==================================================
[+] Domain exhausted. Finishing up: https://deo.ramgarh.khagrachhari.gov.bd
==================================================
[*] STARTING NEW DOMAIN: https://dae.jaldhaka.nilphamari.gov.bd
==================================================
[+] Domain exhausted. Finishing up: https://dae.jaldhaka.nilphamari.gov.bd
==================================================
[*] STARTING NEW DOMAIN: https://dae.chauhali.sirajganj.gov.bd
==================================================
[+] Domain exhausted. Finishing up: https://dae.chauhali.sirajganj.gov.bd
==================================================
[*] STARTING NEW DOMAIN: https://bbs.raigonj.sirajganj.gov.bd
==================================================
[+] Domain exhausted. Finishing up: https://bbs.raigonj.sirajganj.gov.bd
==================================================
[*] STARTING NEW DOMAIN: https://dphe.kasba.brahmanbaria.gov.bd
==================================================
[+] Domain exhausted. Finishing up: https://dphe.kasba.brahmanbaria.gov.bd
==================================================
[*] STARTING NEW DOMAIN: https://bfsa.barguna.gov.bd
==================================================
[+] Domain exhausted. Finishing up: https://bfsa.barguna.gov.bd
==================================================
[*] STARTING NEW DOMAIN: https://iwmbd.portal.gov.bd
==================================================
[+] Domain exhausted. Finishing up: https://iwmbd.portal.gov.bd
==================================================
[*] STARTING NEW DOMAIN: https://deb111525.dhakaeducationboard.gov.bd
==================================================
[+] Domain exhausted. Finishing up: https://deb111525.dhakaeducationboard.gov.bd
==================================================
[*] STARTING NEW DOMAIN: https://bgb.natore.gov.bd
==================================================
[+] Domain exhausted. Finishing up: https://bgb.natore.gov.bd
==================================================
[*] STARTING NEW DOMAIN: https://book.bfa.gov.bd
==================================================
[+] Domain exhausted. Finishing up: https://book.bfa.gov.bd
==================================================
[*] STARTING NEW DOMAIN: https://bagerhatgovtsecondaryschool.jessoreboard.gov.bd
==================================================
[+] Domain exhausted. Finishing up: https://bagerhatgovtsecondaryschool.jessoreboard.gov.bd
==================================================
[*] STARTING NEW DOMAIN: https://durlavpursecondaryschool.jessoreboard.gov.bd
==================================================
[+] Domain exhausted. Finishing up: https://durlavpursecondaryschool.jessoreboard.gov.bd
==================================================
[*] STARTING NEW DOMAIN: https://dvh.khulna.gov.bd
==================================================
[+] Domain exhausted. Finishing up: https://dvh.khulna.gov.bd
==================================================
[*] STARTING NEW DOMAIN: https://deb111090.dhakaeducationboard.gov.bd
==================================================
[+] Domain exhausted. Finishing up: https://deb111090.dhakaeducationboard.gov.bd
==================================================
[*] STARTING NEW DOMAIN: https://jms.munshiganj.gov.bd
==================================================
[+] Domain exhausted. Finishing up: https://jms.munshiganj.gov.bd
==================================================
[*] STARTING NEW DOMAIN: https://deb111664.dhakaeducationboard.gov.bd
==================================================
[+] Domain exhausted. Finishing up: https://deb111664.dhakaeducationboard.gov.bd
==================================================
[*] STARTING NEW DOMAIN: https://bnfe.dhaka.gov.bd
==================================================
[+] Domain exhausted. Finishing up: https://bnfe.dhaka.gov.bd
==================================================
[*] STARTING NEW DOMAIN: https://hawli.chuadanga.gov.bd
==================================================
[+] Domain exhausted. Finishing up: https://hawli.chuadanga.gov.bd
==================================================
[*] STARTING NEW DOMAIN: https://deb111583.dhakaeducationboard.gov.bd
==================================================
[+] Domain exhausted. Finishing up: https://deb111583.dhakaeducationboard.gov.bd
==================================================
[*] STARTING NEW DOMAIN: https://daulatpurup.jhenaidah.gov.bd
==================================================
[+] Domain exhausted. Finishing up: https://daulatpurup.jhenaidah.gov.bd
==================================================
[*] STARTING NEW DOMAIN: https://deb109658.dhakaeducationboard.gov.bd
==================================================
[+] Domain exhausted. Finishing up: https://deb109658.dhakaeducationboard.gov.bd
==================================================
[*] STARTING NEW DOMAIN: https://bhbfc.sylhet.gov.bd
==================================================
[+] Domain exhausted. Finishing up: https://bhbfc.sylhet.gov.bd
==================================================
[*] STARTING NEW DOMAIN: https://deb108576.dhakaeducationboard.gov.bd
==================================================
[+] Domain exhausted. Finishing up: https://deb108576.dhakaeducationboard.gov.bd
==================================================
[*] STARTING NEW DOMAIN: https://deb111115.dhakaeducationboard.gov.bd
==================================================
[+] Domain exhausted. Finishing up: https://deb111115.dhakaeducationboard.gov.bd
==================================================
[*] STARTING NEW DOMAIN: https://boaliashantipursecondarygirlsschool.jessoreboard.gov.bd
==================================================
[+] Domain exhausted. Finishing up: https://boaliashantipursecondarygirlsschool.jessoreboard.gov.bd
==================================================
[*] STARTING NEW DOMAIN: https://deb108733.dhakaeducationboard.gov.bd
==================================================
[+] Domain exhausted. Finishing up: https://deb108733.dhakaeducationboard.gov.bd
==================================================
[*] STARTING NEW DOMAIN: https://police.sadar.shariatpur.gov.bd
==================================================
[+] Domain exhausted. Finishing up: https://police.sadar.shariatpur.gov.bd
==================================================
[*] STARTING NEW DOMAIN: https://bmet.khulna.gov.bd
==================================================
[+] Domain exhausted. Finishing up: https://bmet.khulna.gov.bd
==================================================
[*] STARTING NEW DOMAIN: https://health.chunarughat.habiganj.gov.bd
==================================================
[+] Domain exhausted. Finishing up: https://health.chunarughat.habiganj.gov.bd
==================================================
[*] STARTING NEW DOMAIN: https://deb111581.dhakaeducationboard.gov.bd
==================================================
[+] Domain exhausted. Finishing up: https://deb111581.dhakaeducationboard.gov.bd
==================================================
[*] STARTING NEW DOMAIN: https://deb111921.dhakaeducationboard.gov.bd
==================================================
[+] Domain exhausted. Finishing up: https://deb111921.dhakaeducationboard.gov.bd
==================================================
[*] STARTING NEW DOMAIN: https://deb110619.dhakaeducationboard.gov.bd
==================================================
[+] Domain exhausted. Finishing up: https://deb110619.dhakaeducationboard.gov.bd
==================================================
[*] STARTING NEW DOMAIN: https://brdb.hatibandha.lalmonirhat.gov.bd
==================================================
[+] Domain exhausted. Finishing up: https://brdb.hatibandha.lalmonirhat.gov.bd
==================================================
[*] STARTING NEW DOMAIN: https://police.shibganj.chapainawabganj.gov.bd
==================================================
[+] Domain exhausted. Finishing up: https://police.shibganj.chapainawabganj.gov.bd
==================================================
[*] STARTING NEW DOMAIN: https://bogura.gov.bd
==================================================
[+] Domain exhausted. Finishing up: https://bogura.gov.bd
==================================================
[*] STARTING NEW DOMAIN: https://deb108778.dhakaeducationboard.gov.bd
==================================================
[+] Domain exhausted. Finishing up: https://deb108778.dhakaeducationboard.gov.bd
==================================================
[*] STARTING NEW DOMAIN: http://archive.ssd.gov.bd
==================================================
[+] Domain exhausted. Finishing up: http://archive.ssd.gov.bd
==================================================
[*] STARTING NEW DOMAIN: https://bscic.brahmanbaria.gov.bd
==================================================
[+] Domain exhausted. Finishing up: https://bscic.brahmanbaria.gov.bd
==================================================
[*] STARTING NEW DOMAIN: https://jms.comilla.gov.bd
==================================================
[+] Domain exhausted. Finishing up: https://jms.comilla.gov.bd
==================================================
[*] STARTING NEW DOMAIN: https://deb111065.dhakaeducationboard.gov.bd
==================================================
[+] Domain exhausted. Finishing up: https://deb111065.dhakaeducationboard.gov.bd
==================================================
[*] STARTING NEW DOMAIN: https://dwa.sylhetsadar.sylhet.gov.bd
==================================================
[+] Domain exhausted. Finishing up: https://dwa.sylhetsadar.sylhet.gov.bd
==================================================
[*] STARTING NEW DOMAIN: https://dao.tahirpur.sunamganj.gov.bd
==================================================
[+] Domain exhausted. Finishing up: https://dao.tahirpur.sunamganj.gov.bd
==================================================
[*] STARTING NEW DOMAIN: https://deb109735.dhakaeducationboard.gov.bd
==================================================
[+] Domain exhausted. Finishing up: https://deb109735.dhakaeducationboard.gov.bd
==================================================
[*] STARTING NEW DOMAIN: https://dshe.meherpursadar.meherpur.gov.bd
==================================================
[+] Domain exhausted. Finishing up: https://dshe.meherpursadar.meherpur.gov.bd
==================================================
[*] STARTING NEW DOMAIN: https://fireservice.rajapur.jhalakathi.gov.bd
==================================================
[+] Domain exhausted. Finishing up: https://fireservice.rajapur.jhalakathi.gov.bd
==================================================
[*] STARTING NEW DOMAIN: https://deb109556.dhakaeducationboard.gov.bd
==================================================
[+] Domain exhausted. Finishing up: https://deb109556.dhakaeducationboard.gov.bd
==================================================
[*] STARTING NEW DOMAIN: https://brdb.betagi.barguna.gov.bd
==================================================
[+] Domain exhausted. Finishing up: https://brdb.betagi.barguna.gov.bd
==================================================
[*] STARTING NEW DOMAIN: https://ec.debhata.satkhira.gov.bd
==================================================
[+] Domain exhausted. Finishing up: https://ec.debhata.satkhira.gov.bd
==================================================
[*] STARTING NEW DOMAIN: https://hc.noakhali.gov.bd
==================================================
[+] Domain exhausted. Finishing up: https://hc.noakhali.gov.bd
==================================================
[*] STARTING NEW DOMAIN: https://deb111790.dhakaeducationboard.gov.bd
==================================================
[+] Domain exhausted. Finishing up: https://deb111790.dhakaeducationboard.gov.bd
==================================================
[*] STARTING NEW DOMAIN: https://btebesheba.gov.bd
==================================================
[+] Domain exhausted. Finishing up: https://btebesheba.gov.bd
==================================================
[*] STARTING NEW DOMAIN: https://hfwc.kaliganj.gazipur.gov.bd
==================================================
[+] Domain exhausted. Finishing up: https://hfwc.kaliganj.gazipur.gov.bd
==================================================
[*] STARTING NEW DOMAIN: https://deb111014.dhakaeducationboard.gov.bd
==================================================
[+] Domain exhausted. Finishing up: https://deb111014.dhakaeducationboard.gov.bd
==================================================
[*] STARTING NEW DOMAIN: https://dss.debiganj.panchagarh.gov.bd
==================================================
[+] Domain exhausted. Finishing up: https://dss.debiganj.panchagarh.gov.bd
==================================================
[*] STARTING NEW DOMAIN: https://food.dhamoirhat.naogaon.gov.bd
==================================================
[+] Domain exhausted. Finishing up: https://food.dhamoirhat.naogaon.gov.bd
==================================================
[*] STARTING NEW DOMAIN: https://sfdf.chandina.comilla.gov.bd
==================================================
[+] Domain exhausted. Finishing up: https://sfdf.chandina.comilla.gov.bd
==================================================
[*] STARTING NEW DOMAIN: https://dphe.rupganj.narayanganj.gov.bd
==================================================
[+] Domain exhausted. Finishing up: https://dphe.rupganj.narayanganj.gov.bd
==================================================
[*] STARTING NEW DOMAIN: https://dashboard.iedcr.gov.bd
==================================================
[+] Domain exhausted. Finishing up: https://dashboard.iedcr.gov.bd
==================================================
[*] STARTING NEW DOMAIN: https://assignment.bise-ctg.gov.bd
==================================================
[+] Domain exhausted. Finishing up: https://assignment.bise-ctg.gov.bd
==================================================
[*] STARTING NEW DOMAIN: https://health.brahmanpara.comilla.gov.bd
==================================================
[+] Domain exhausted. Finishing up: https://health.brahmanpara.comilla.gov.bd
==================================================
[*] STARTING NEW DOMAIN: https://deb111582.dhakaeducationboard.gov.bd
==================================================
[+] Domain exhausted. Finishing up: https://deb111582.dhakaeducationboard.gov.bd
==================================================
[*] STARTING NEW DOMAIN: https://sfdf.begumganj.noakhali.gov.bd
==================================================
[+] Domain exhausted. Finishing up: https://sfdf.begumganj.noakhali.gov.bd
==================================================
[*] STARTING NEW DOMAIN: https://police.gafargaon.mymensingh.gov.bd
==================================================
[+] Domain exhausted. Finishing up: https://police.gafargaon.mymensingh.gov.bd
==================================================
[*] STARTING NEW DOMAIN: https://psoskmirpur.dhaka.gov.bd
==================================================
[+] Domain exhausted. Finishing up: https://psoskmirpur.dhaka.gov.bd
==================================================
[*] STARTING NEW DOMAIN: https://fisheries.sadar.gopalganj.gov.bd
==================================================
[+] Domain exhausted. Finishing up: https://fisheries.sadar.gopalganj.gov.bd
==================================================
[*] STARTING NEW DOMAIN: https://deb108163.dhakaeducationboard.gov.bd
==================================================
[+] Domain exhausted. Finishing up: https://deb108163.dhakaeducationboard.gov.bd
==================================================
[*] STARTING NEW DOMAIN: https://deb110336.dhakaeducationboard.gov.bd
==================================================
[+] Domain exhausted. Finishing up: https://deb110336.dhakaeducationboard.gov.bd
==================================================
[*] STARTING NEW DOMAIN: https://fisheries.bajitpur.kishoreganj.gov.bd
==================================================
[+] Domain exhausted. Finishing up: https://fisheries.bajitpur.kishoreganj.gov.bd
==================================================
[*] STARTING NEW DOMAIN: https://pio.ukhiya.coxsbazar.gov.bd
==================================================
[+] Domain exhausted. Finishing up: https://pio.ukhiya.coxsbazar.gov.bd
==================================================
[*] STARTING NEW DOMAIN: https://habibulalambirprotikcollege.jessoreboard.gov.bd
==================================================
[+] Domain exhausted. Finishing up: https://habibulalambirprotikcollege.jessoreboard.gov.bd
==================================================
[*] STARTING NEW DOMAIN: https://soamol.satkhira.gov.bd
==================================================
[+] Domain exhausted. Finishing up: https://soamol.satkhira.gov.bd
==================================================
[*] STARTING NEW DOMAIN: https://fpo.juri.moulvibazar.gov.bd
==================================================
[+] Domain exhausted. Finishing up: https://fpo.juri.moulvibazar.gov.bd
==================================================
[*] STARTING NEW DOMAIN: https://jahurpurramgopalbidyaprotisthan.jessoreboard.gov.bd
==================================================
[+] Domain exhausted. Finishing up: https://jahurpurramgopalbidyaprotisthan.jessoreboard.gov.bd
==================================================
[*] STARTING NEW DOMAIN: https://manoharpursecondaryschoolmonirampur.jessoreboard.gov.bd
==================================================
[+] Domain exhausted. Finishing up: https://manoharpursecondaryschoolmonirampur.jessoreboard.gov.bd
==================================================
[*] STARTING NEW DOMAIN: https://charshamyaup.bhola.gov.bd
==================================================
[+] Domain exhausted. Finishing up: https://charshamyaup.bhola.gov.bd
==================================================
[*] STARTING NEW DOMAIN: https://doict.nilphamarisadar.nilphamari.gov.bd
==================================================
[+] Domain exhausted. Finishing up: https://doict.nilphamarisadar.nilphamari.gov.bd
==================================================
[*] STARTING NEW DOMAIN: https://prambagup.jessore.gov.bd
==================================================
[+] Domain exhausted. Finishing up: https://prambagup.jessore.gov.bd
==================================================
[*] STARTING NEW DOMAIN: https://serebs.dhaka.gov.bd
==================================================
[+] Domain exhausted. Finishing up: https://serebs.dhaka.gov.bd
==================================================
[*] STARTING NEW DOMAIN: https://pio.pirgacha.rangpur.gov.bd
==================================================
[+] Domain exhausted. Finishing up: https://pio.pirgacha.rangpur.gov.bd
==================================================
[*] STARTING NEW DOMAIN: https://gpf.jamalpur.gov.bd
==================================================
[+] Domain exhausted. Finishing up: https://gpf.jamalpur.gov.bd
==================================================
[*] STARTING NEW DOMAIN: https://bbs.khaliajuri.netrokona.gov.bd
==================================================
[+] Domain exhausted. Finishing up: https://bbs.khaliajuri.netrokona.gov.bd
==================================================
[*] STARTING NEW DOMAIN: https://pio.hajiganj.chandpur.gov.bd
==================================================
[+] Domain exhausted. Finishing up: https://pio.hajiganj.chandpur.gov.bd
==================================================
[*] STARTING NEW DOMAIN: https://gemco.portal.gov.bd
==================================================
[+] Domain exhausted. Finishing up: https://gemco.portal.gov.bd
==================================================
[*] STARTING NEW DOMAIN: https://fireservice.bera.pabna.gov.bd
==================================================
[+] Domain exhausted. Finishing up: https://fireservice.bera.pabna.gov.bd
==================================================
[*] STARTING NEW DOMAIN: https://sfntc.atwari.panchagarh.gov.bd
==================================================
[+] Domain exhausted. Finishing up: https://sfntc.atwari.panchagarh.gov.bd
==================================================
[*] STARTING NEW DOMAIN: https://fsmf.baliakandi.rajbari.gov.bd
==================================================
[+] Domain exhausted. Finishing up: https://fsmf.baliakandi.rajbari.gov.bd
==================================================
[*] STARTING NEW DOMAIN: https://srikolboaliahighschool.jessoreboard.gov.bd
==================================================
[+] Domain exhausted. Finishing up: https://srikolboaliahighschool.jessoreboard.gov.bd
==================================================
[*] STARTING NEW DOMAIN: https://niport.ghatail.tangail.gov.bd
==================================================
[+] Domain exhausted. Finishing up: https://niport.ghatail.tangail.gov.bd
==================================================
[*] STARTING NEW DOMAIN: https://deb108188.dhakaeducationboard.gov.bd
==================================================
[+] Domain exhausted. Finishing up: https://deb108188.dhakaeducationboard.gov.bd
==================================================
[*] STARTING NEW DOMAIN: https://srifoltolaup.khulna.gov.bd
==================================================
[+] Domain exhausted. Finishing up: https://srifoltolaup.khulna.gov.bd
==================================================
[*] STARTING NEW DOMAIN: https://ekeb.bajitpur.kishoreganj.gov.bd
==================================================
[+] Domain exhausted. Finishing up: https://ekeb.bajitpur.kishoreganj.gov.bd
==================================================
[*] STARTING NEW DOMAIN: https://deb130925.dhakaeducationboard.gov.bd
==================================================
[+] Domain exhausted. Finishing up: https://deb130925.dhakaeducationboard.gov.bd
==================================================
[*] STARTING NEW DOMAIN: https://deb109991.dhakaeducationboard.gov.bd
==================================================
[+] Domain exhausted. Finishing up: https://deb109991.dhakaeducationboard.gov.bd
==================================================
[*] STARTING NEW DOMAIN: https://fisheries.ishurdi.pabna.gov.bd
==================================================
[+] Domain exhausted. Finishing up: https://fisheries.ishurdi.pabna.gov.bd
==================================================
[*] STARTING NEW DOMAIN: https://deb108210.dhakaeducationboard.gov.bd
==================================================
[+] Domain exhausted. Finishing up: https://deb108210.dhakaeducationboard.gov.bd
==================================================
[*] STARTING NEW DOMAIN: https://deb110819.dhakaeducationboard.gov.bd
==================================================
[+] Domain exhausted. Finishing up: https://deb110819.dhakaeducationboard.gov.bd
==================================================
[*] STARTING NEW DOMAIN: https://fpo.jibannagar.chuadanga.gov.bd
==================================================
[+] Domain exhausted. Finishing up: https://fpo.jibannagar.chuadanga.gov.bd
==================================================
[*] STARTING NEW DOMAIN: https://acl.kamarkhand.sirajganj.gov.bd
==================================================
[+] Domain exhausted. Finishing up: https://acl.kamarkhand.sirajganj.gov.bd
==================================================
[*] STARTING NEW DOMAIN: https://deb110118.dhakaeducationboard.gov.bd
==================================================
[+] Domain exhausted. Finishing up: https://deb110118.dhakaeducationboard.gov.bd
==================================================
[*] STARTING NEW DOMAIN: https://banaup.faridpur.gov.bd
==================================================
[+] Domain exhausted. Finishing up: https://banaup.faridpur.gov.bd
==================================================
[*] STARTING NEW DOMAIN: https://hfwc.laxmichhari.khagrachhari.gov.bd
==================================================
[+] Domain exhausted. Finishing up: https://hfwc.laxmichhari.khagrachhari.gov.bd
==================================================
[*] STARTING NEW DOMAIN: https://deb111127.dhakaeducationboard.gov.bd
==================================================
[+] Domain exhausted. Finishing up: https://deb111127.dhakaeducationboard.gov.bd
==================================================
[*] STARTING NEW DOMAIN: https://seo.savar.dhaka.gov.bd
==================================================
[+] Domain exhausted. Finishing up: https://seo.savar.dhaka.gov.bd
==================================================
[*] STARTING NEW DOMAIN: https://dwa.beanibazar.sylhet.gov.bd
==================================================
[+] Domain exhausted. Finishing up: https://dwa.beanibazar.sylhet.gov.bd
==================================================
[*] STARTING NEW DOMAIN: https://deb109745.dhakaeducationboard.gov.bd
==================================================
[+] Domain exhausted. Finishing up: https://deb109745.dhakaeducationboard.gov.bd
==================================================
[*] STARTING NEW DOMAIN: https://brtcdepot.bogra.gov.bd
==================================================
[+] Domain exhausted. Finishing up: https://brtcdepot.bogra.gov.bd
==================================================
[*] STARTING NEW DOMAIN: https://dss.kushtiasadar.kushtia.gov.bd
==================================================
[+] Domain exhausted. Finishing up: https://dss.kushtiasadar.kushtia.gov.bd
==================================================
[*] STARTING NEW DOMAIN: https://deb109606.dhakaeducationboard.gov.bd
==================================================
[+] Domain exhausted. Finishing up: https://deb109606.dhakaeducationboard.gov.bd
==================================================
[*] STARTING NEW DOMAIN: https://fisheries.khulnadiv.gov.bd
==================================================
[+] Domain exhausted. Finishing up: https://fisheries.khulnadiv.gov.bd
==================================================
[*] STARTING NEW DOMAIN: https://auliapurup.dinajpur.gov.bd
==================================================
[+] Domain exhausted. Finishing up: https://auliapurup.dinajpur.gov.bd
==================================================
[*] STARTING NEW DOMAIN: https://lgedreg.sylhet.gov.bd
==================================================
[+] Domain exhausted. Finishing up: https://lgedreg.sylhet.gov.bd
==================================================
[*] STARTING NEW DOMAIN: https://dwa.pirganj.thakurgaon.gov.bd
==================================================
[+] Domain exhausted. Finishing up: https://dwa.pirganj.thakurgaon.gov.bd
==================================================
[*] STARTING NEW DOMAIN: https://fireservice.ramgati.lakshmipur.gov.bd
==================================================
[+] Domain exhausted. Finishing up: https://fireservice.ramgati.lakshmipur.gov.bd
==================================================
[*] STARTING NEW DOMAIN: https://lged.kazipur.sirajganj.gov.bd
==================================================
[+] Domain exhausted. Finishing up: https://lged.kazipur.sirajganj.gov.bd
==================================================
[*] STARTING NEW DOMAIN: https://dwa.feni.gov.bd
==================================================
[+] Domain exhausted. Finishing up: https://dwa.feni.gov.bd
==================================================
[*] STARTING NEW DOMAIN: https://deb114206.dhakaeducationboard.gov.bd
==================================================
[+] Domain exhausted. Finishing up: https://deb114206.dhakaeducationboard.gov.bd
==================================================
[*] STARTING NEW DOMAIN: https://nowaparajuniorhighschool.jessoreboard.gov.bd
==================================================
[+] Domain exhausted. Finishing up: https://nowaparajuniorhighschool.jessoreboard.gov.bd
==================================================
[*] STARTING NEW DOMAIN: https://deb108258.dhakaeducationboard.gov.bd
==================================================
[+] Domain exhausted. Finishing up: https://deb108258.dhakaeducationboard.gov.bd
==================================================
[*] STARTING NEW DOMAIN: https://drnurulhossainjuniorsecondaryschool.jessoreboard.gov.bd
==================================================
[+] Domain exhausted. Finishing up: https://drnurulhossainjuniorsecondaryschool.jessoreboard.gov.bd
==================================================
[*] STARTING NEW DOMAIN: https://acl.ullapara.sirajganj.gov.bd
==================================================
[+] Domain exhausted. Finishing up: https://acl.ullapara.sirajganj.gov.bd
==================================================
[*] STARTING NEW DOMAIN: https://dshe.jessore.gov.bd
==================================================
[+] Domain exhausted. Finishing up: https://dshe.jessore.gov.bd
==================================================
[*] STARTING NEW DOMAIN: https://ttc.rangamati.gov.bd
==================================================
[+] Domain exhausted. Finishing up: https://ttc.rangamati.gov.bd
==================================================
[*] STARTING NEW DOMAIN: https://fireservice.kushtia.gov.bd
==================================================
[+] Domain exhausted. Finishing up: https://fireservice.kushtia.gov.bd
==================================================
[*] STARTING NEW DOMAIN: https://npa.gov.bd
==================================================
[+] Domain exhausted. Finishing up: https://npa.gov.bd
==================================================
[*] STARTING NEW DOMAIN: https://dwa.karimgonj.kishoreganj.gov.bd
==================================================
[+] Domain exhausted. Finishing up: https://dwa.karimgonj.kishoreganj.gov.bd
==================================================
[*] STARTING NEW DOMAIN: https://dphe.durgapur.rajshahi.gov.bd
==================================================
[+] Domain exhausted. Finishing up: https://dphe.durgapur.rajshahi.gov.bd
==================================================
[*] STARTING NEW DOMAIN: https://bairaup.manikganj.gov.bd
==================================================
[+] Domain exhausted. Finishing up: https://bairaup.manikganj.gov.bd
==================================================
[*] STARTING NEW DOMAIN: https://dss.sadar.lakshmipur.gov.bd
==================================================
[+] Domain exhausted. Finishing up: https://dss.sadar.lakshmipur.gov.bd
==================================================
[*] STARTING NEW DOMAIN: https://brdb.savar.dhaka.gov.bd
==================================================
[+] Domain exhausted. Finishing up: https://brdb.savar.dhaka.gov.bd
==================================================
[*] STARTING NEW DOMAIN: https://sfdf.sirajganjsadar.sirajganj.gov.bd
==================================================
[+] Domain exhausted. Finishing up: https://sfdf.sirajganjsadar.sirajganj.gov.bd
==================================================
[*] STARTING NEW DOMAIN: https://btcl.kaptai.rangamati.gov.bd
==================================================
[+] Domain exhausted. Finishing up: https://btcl.kaptai.rangamati.gov.bd
==================================================
[*] STARTING NEW DOMAIN: https://fireservice.sadar.faridpur.gov.bd
==================================================
[+] Domain exhausted. Finishing up: https://fireservice.sadar.faridpur.gov.bd
==================================================
[*] STARTING NEW DOMAIN: https://dshe.kalia.narail.gov.bd
==================================================
[+] Domain exhausted. Finishing up: https://dshe.kalia.narail.gov.bd
==================================================
[*] STARTING NEW DOMAIN: https://dpe.osmaninagar.sylhet.gov.bd
==================================================
[+] Domain exhausted. Finishing up: https://dpe.osmaninagar.sylhet.gov.bd
==================================================
[*] STARTING NEW DOMAIN: https://dwa.pakundia.kishoreganj.gov.bd
==================================================
[+] Domain exhausted. Finishing up: https://dwa.pakundia.kishoreganj.gov.bd
==================================================
[*] STARTING NEW DOMAIN: https://charfakiraup.noakhali.gov.bd
==================================================
[+] Domain exhausted. Finishing up: https://charfakiraup.noakhali.gov.bd
==================================================
[*] STARTING NEW DOMAIN: https://ansarvdp.hathazari.chittagong.gov.bd
==================================================
[+] Domain exhausted. Finishing up: https://ansarvdp.hathazari.chittagong.gov.bd
==================================================
[*] STARTING NEW DOMAIN: https://ccc.portal.gov.bd
==================================================
[+] Domain exhausted. Finishing up: https://ccc.portal.gov.bd
==================================================
[*] STARTING NEW DOMAIN: https://dphe.nokla.sherpur.gov.bd
==================================================
[+] Domain exhausted. Finishing up: https://dphe.nokla.sherpur.gov.bd
==================================================
[*] STARTING NEW DOMAIN: https://sfdf.ro.rangpur.gov.bd
==================================================
[+] Domain exhausted. Finishing up: https://sfdf.ro.rangpur.gov.bd
==================================================
[*] STARTING NEW DOMAIN: https://ec.chapainawabganjsadar.chapainawabganj.gov.bd
==================================================
[+] Domain exhausted. Finishing up: https://ec.chapainawabganjsadar.chapainawabganj.gov.bd
==================================================
[*] STARTING NEW DOMAIN: https://barabarisecondarygirlsschool.jessoreboard.gov.bd
==================================================
[+] Domain exhausted. Finishing up: https://barabarisecondarygirlsschool.jessoreboard.gov.bd
==================================================
[*] STARTING NEW DOMAIN: https://bbs.chuadanga.gov.bd
==================================================
[+] Domain exhausted. Finishing up: https://bbs.chuadanga.gov.bd
==================================================
[*] STARTING NEW DOMAIN: https://deb112668.dhakaeducationboard.gov.bd
==================================================
[+] Domain exhausted. Finishing up: https://deb112668.dhakaeducationboard.gov.bd
==================================================
[*] STARTING NEW DOMAIN: https://dphe.naikhongchhari.bandarban.gov.bd
==================================================
[+] Domain exhausted. Finishing up: https://dphe.naikhongchhari.bandarban.gov.bd
==================================================
[*] STARTING NEW DOMAIN: https://acl.sadar.shariatpur.gov.bd
==================================================
[+] Domain exhausted. Finishing up: https://acl.sadar.shariatpur.gov.bd
==================================================
[*] STARTING NEW DOMAIN: https://kusanghalup.jhalakathi.gov.bd
==================================================
[+] Domain exhausted. Finishing up: https://kusanghalup.jhalakathi.gov.bd
==================================================
[*] STARTING NEW DOMAIN: https://kulatisecondaryschool.jessoreboard.gov.bd
==================================================
[+] Domain exhausted. Finishing up: https://kulatisecondaryschool.jessoreboard.gov.bd
==================================================
[*] STARTING NEW DOMAIN: https://fpo.mathbaria.pirojpur.gov.bd
==================================================
[+] Domain exhausted. Finishing up: https://fpo.mathbaria.pirojpur.gov.bd
==================================================
[*] STARTING NEW DOMAIN: https://lged.bagmara.rajshahi.gov.bd
==================================================
[+] Domain exhausted. Finishing up: https://lged.bagmara.rajshahi.gov.bd
==================================================
[*] STARTING NEW DOMAIN: https://dss.bijoynagar.brahmanbaria.gov.bd
==================================================
[+] Domain exhausted. Finishing up: https://dss.bijoynagar.brahmanbaria.gov.bd
==================================================
[*] STARTING NEW DOMAIN: https://lged.kalapara.patuakhali.gov.bd
==================================================
[+] Domain exhausted. Finishing up: https://lged.kalapara.patuakhali.gov.bd
==================================================
[*] STARTING NEW DOMAIN: https://pwd.khagrachhari.gov.bd
==================================================
[+] Domain exhausted. Finishing up: https://pwd.khagrachhari.gov.bd
==================================================
[*] STARTING NEW DOMAIN: https://rajuk.portal.gov.bd
==================================================
[+] Domain exhausted. Finishing up: https://rajuk.portal.gov.bd
==================================================
[*] STARTING NEW DOMAIN: https://pourasavagirlshighschool.jessoreboard.gov.bd
==================================================
[+] Domain exhausted. Finishing up: https://pourasavagirlshighschool.jessoreboard.gov.bd
==================================================
[*] STARTING NEW DOMAIN: https://sujansahasecondarygirlsschool.jessoreboard.gov.bd
==================================================
[+] Domain exhausted. Finishing up: https://sujansahasecondarygirlsschool.jessoreboard.gov.bd
==================================================
[*] STARTING NEW DOMAIN: https://brdb.baraigram.natore.gov.bd
==================================================
[+] Domain exhausted. Finishing up: https://brdb.baraigram.natore.gov.bd
==================================================
[*] STARTING NEW DOMAIN: https://postho.kishoreganj.gov.bd
==================================================
[+] Domain exhausted. Finishing up: https://postho.kishoreganj.gov.bd
==================================================
[*] STARTING NEW DOMAIN: https://tratf.portal.gov.bd
==================================================
[+] Domain exhausted. Finishing up: https://tratf.portal.gov.bd
==================================================
[*] STARTING NEW DOMAIN: https://dwa.tazumuddin.bhola.gov.bd
==================================================
[+] Domain exhausted. Finishing up: https://dwa.tazumuddin.bhola.gov.bd
==================================================
[*] STARTING NEW DOMAIN: https://post.habiganj.gov.bd
==================================================
[+] Domain exhausted. Finishing up: https://post.habiganj.gov.bd
==================================================
[*] STARTING NEW DOMAIN: https://pwd.jhenaidah.gov.bd
==================================================
[+] Domain exhausted. Finishing up: https://pwd.jhenaidah.gov.bd
==================================================
[*] STARTING NEW DOMAIN: https://ec.rajshahi.gov.bd
==================================================
[+] Domain exhausted. Finishing up: https://ec.rajshahi.gov.bd
==================================================
[*] STARTING NEW DOMAIN: https://deb112377.dhakaeducationboard.gov.bd
==================================================
[+] Domain exhausted. Finishing up: https://deb112377.dhakaeducationboard.gov.bd
==================================================
[*] STARTING NEW DOMAIN: https://deb135488.dhakaeducationboard.gov.bd
==================================================
[+] Domain exhausted. Finishing up: https://deb135488.dhakaeducationboard.gov.bd
==================================================
[*] STARTING NEW DOMAIN: https://totthoapa.ullapara.sirajganj.gov.bd
==================================================
[+] Domain exhausted. Finishing up: https://totthoapa.ullapara.sirajganj.gov.bd
==================================================
[*] STARTING NEW DOMAIN: https://kayemkolasecondaryschool.jessoreboard.gov.bd
==================================================
[+] Domain exhausted. Finishing up: https://kayemkolasecondaryschool.jessoreboard.gov.bd
==================================================
[*] STARTING NEW DOMAIN: https://kumarkhalimnsecondaryschool.jessoreboard.gov.bd
==================================================
[+] Domain exhausted. Finishing up: https://kumarkhalimnsecondaryschool.jessoreboard.gov.bd
==================================================
[*] STARTING NEW DOMAIN: https://sachiadahachunkholambsecondaryschool.jessoreboard.gov.bd
==================================================
[+] Domain exhausted. Finishing up: https://sachiadahachunkholambsecondaryschool.jessoreboard.gov.bd
==================================================
[*] STARTING NEW DOMAIN: https://police.osmaninagar.sylhet.gov.bd
==================================================
[+] Domain exhausted. Finishing up: https://police.osmaninagar.sylhet.gov.bd
==================================================
[*] STARTING NEW DOMAIN: https://kalochosouthup.chandpur.gov.bd
==================================================
[+] Domain exhausted. Finishing up: https://kalochosouthup.chandpur.gov.bd
==================================================
[*] STARTING NEW DOMAIN: https://deb139476.dhakaeducationboard.gov.bd
==================================================
[+] Domain exhausted. Finishing up: https://deb139476.dhakaeducationboard.gov.bd
==================================================
[*] STARTING NEW DOMAIN: https://pio.morrelganj.bagerhat.gov.bd
==================================================
[+] Domain exhausted. Finishing up: https://pio.morrelganj.bagerhat.gov.bd
==================================================
[*] STARTING NEW DOMAIN: https://deb114406.dhakaeducationboard.gov.bd
==================================================
[+] Domain exhausted. Finishing up: https://deb114406.dhakaeducationboard.gov.bd
==================================================
[*] STARTING NEW DOMAIN: https://deo.bishwanath.sylhet.gov.bd
==================================================
[+] Domain exhausted. Finishing up: https://deo.bishwanath.sylhet.gov.bd
==================================================
[*] STARTING NEW DOMAIN: https://bmeac.portal.gov.bd
==================================================
[+] Domain exhausted. Finishing up: https://bmeac.portal.gov.bd
==================================================
[*] STARTING NEW DOMAIN: https://lged.bagha.rajshahi.gov.bd
==================================================
[+] Domain exhausted. Finishing up: https://lged.bagha.rajshahi.gov.bd
==================================================
[*] STARTING NEW DOMAIN: https://dls.bishwanath.sylhet.gov.bd
==================================================
[+] Domain exhausted. Finishing up: https://dls.bishwanath.sylhet.gov.bd
==================================================
[*] STARTING NEW DOMAIN: https://bwdbse.bogra.gov.bd
==================================================
[+] Domain exhausted. Finishing up: https://bwdbse.bogra.gov.bd
==================================================
[*] STARTING NEW DOMAIN: https://deb113826.dhakaeducationboard.gov.bd
==================================================
[+] Domain exhausted. Finishing up: https://deb113826.dhakaeducationboard.gov.bd
==================================================
[*] STARTING NEW DOMAIN: https://reb.nilphamari.gov.bd
==================================================
[+] Domain exhausted. Finishing up: https://reb.nilphamari.gov.bd
==================================================
[*] STARTING NEW DOMAIN: https://nasirnagar.brahmanbaria.gov.bd
==================================================
[+] Domain exhausted. Finishing up: https://nasirnagar.brahmanbaria.gov.bd
==================================================
[*] STARTING NEW DOMAIN: https://post.bajitpur.kishoreganj.gov.bd
==================================================
[+] Domain exhausted. Finishing up: https://post.bajitpur.kishoreganj.gov.bd
==================================================
[*] STARTING NEW DOMAIN: https://deb131763.dhakaeducationboard.gov.bd
==================================================
[+] Domain exhausted. Finishing up: https://deb131763.dhakaeducationboard.gov.bd
==================================================
[*] STARTING NEW DOMAIN: https://dharadoasecondaryschool.jessoreboard.gov.bd
==================================================
[+] Domain exhausted. Finishing up: https://dharadoasecondaryschool.jessoreboard.gov.bd
==================================================
[*] STARTING NEW DOMAIN: https://bpatc.gov.bd
==================================================
[+] Domain exhausted. Finishing up: https://bpatc.gov.bd
==================================================
[*] STARTING NEW DOMAIN: https://lahiriparaup.bogra.gov.bd
==================================================
[+] Domain exhausted. Finishing up: https://lahiriparaup.bogra.gov.bd
==================================================
[*] STARTING NEW DOMAIN: https://deb138789.dhakaeducationboard.gov.bd
==================================================
[+] Domain exhausted. Finishing up: https://deb138789.dhakaeducationboard.gov.bd
==================================================
[*] STARTING NEW DOMAIN: https://nandailup.mymensingh.gov.bd
==================================================
[+] Domain exhausted. Finishing up: https://nandailup.mymensingh.gov.bd
==================================================
[*] STARTING NEW DOMAIN: https://deb113458.dhakaeducationboard.gov.bd
==================================================
[+] Domain exhausted. Finishing up: https://deb113458.dhakaeducationboard.gov.bd
==================================================
[*] STARTING NEW DOMAIN: https://deb134730.dhakaeducationboard.gov.bd
==================================================
[+] Domain exhausted. Finishing up: https://deb134730.dhakaeducationboard.gov.bd
==================================================
[*] STARTING NEW DOMAIN: https://post.boalkhali.chittagong.gov.bd
==================================================
[+] Domain exhausted. Finishing up: https://post.boalkhali.chittagong.gov.bd
==================================================
[*] STARTING NEW DOMAIN: https://deb113746.dhakaeducationboard.gov.bd
==================================================
[+] Domain exhausted. Finishing up: https://deb113746.dhakaeducationboard.gov.bd
==================================================
[*] STARTING NEW DOMAIN: https://tongibrdb.sadar.gazipur.gov.bd
==================================================
[+] Domain exhausted. Finishing up: https://tongibrdb.sadar.gazipur.gov.bd
==================================================
[*] STARTING NEW DOMAIN: https://dr.meherpur.gov.bd
==================================================
[+] Domain exhausted. Finishing up: https://dr.meherpur.gov.bd
==================================================
[*] STARTING NEW DOMAIN: https://deb113651.dhakaeducationboard.gov.bd
==================================================
[+] Domain exhausted. Finishing up: https://deb113651.dhakaeducationboard.gov.bd
==================================================
[*] STARTING NEW DOMAIN: https://deb134993.dhakaeducationboard.gov.bd
==================================================
[+] Domain exhausted. Finishing up: https://deb134993.dhakaeducationboard.gov.bd
==================================================
[*] STARTING NEW DOMAIN: https://lohaniparaup.rangpur.gov.bd
==================================================
[+] Domain exhausted. Finishing up: https://lohaniparaup.rangpur.gov.bd
==================================================
[*] STARTING NEW DOMAIN: https://deb113200.dhakaeducationboard.gov.bd
==================================================
[+] Domain exhausted. Finishing up: https://deb113200.dhakaeducationboard.gov.bd
==================================================
[*] STARTING NEW DOMAIN: https://karibariaup.barguna.gov.bd
==================================================
[+] Domain exhausted. Finishing up: https://karibariaup.barguna.gov.bd
==================================================
[*] STARTING NEW DOMAIN: https://natudahup.chuadanga.gov.bd
==================================================
[+] Domain exhausted. Finishing up: https://natudahup.chuadanga.gov.bd
==================================================
[*] STARTING NEW DOMAIN: https://dshe.nabiganj.habiganj.gov.bd
==================================================
[+] Domain exhausted. Finishing up: https://dshe.nabiganj.habiganj.gov.bd
==================================================
[*] STARTING NEW DOMAIN: https://deb114129.dhakaeducationboard.gov.bd
==================================================
[+] Domain exhausted. Finishing up: https://deb114129.dhakaeducationboard.gov.bd
==================================================
[*] STARTING NEW DOMAIN: https://deb139744.dhakaeducationboard.gov.bd
==================================================
[+] Domain exhausted. Finishing up: https://deb139744.dhakaeducationboard.gov.bd
==================================================
[*] STARTING NEW DOMAIN: https://drro.joypurhat.gov.bd
==================================================
[+] Domain exhausted. Finishing up: https://drro.joypurhat.gov.bd
==================================================
[*] STARTING NEW DOMAIN: https://khanjahanaliidealcollege.jessoreboard.gov.bd
==================================================
[+] Domain exhausted. Finishing up: https://khanjahanaliidealcollege.jessoreboard.gov.bd
==================================================
[*] STARTING NEW DOMAIN: https://deb136995.dhakaeducationboard.gov.bd
==================================================
[+] Domain exhausted. Finishing up: https://deb136995.dhakaeducationboard.gov.bd
==================================================
[*] STARTING NEW DOMAIN: https://natimakuripoladarshasecondaryschool.jessoreboard.gov.bd
==================================================
[+] Domain exhausted. Finishing up: https://natimakuripoladarshasecondaryschool.jessoreboard.gov.bd
==================================================
[*] STARTING NEW DOMAIN: https://kaloraup.narail.gov.bd
==================================================
[+] Domain exhausted. Finishing up: https://kaloraup.narail.gov.bd
==================================================
[*] STARTING NEW DOMAIN: https://deb134399.dhakaeducationboard.gov.bd
==================================================
[+] Domain exhausted. Finishing up: https://deb134399.dhakaeducationboard.gov.bd
==================================================
[*] STARTING NEW DOMAIN: https://dls.dumuria.khulna.gov.bd
==================================================
[+] Domain exhausted. Finishing up: https://dls.dumuria.khulna.gov.bd
==================================================
[*] STARTING NEW DOMAIN: https://kalinagargcsecondaryschool.jessoreboard.gov.bd
==================================================
[+] Domain exhausted. Finishing up: https://kalinagargcsecondaryschool.jessoreboard.gov.bd
==================================================
[*] STARTING NEW DOMAIN: https://lged.khansama.dinajpur.gov.bd
==================================================
[+] Domain exhausted. Finishing up: https://lged.khansama.dinajpur.gov.bd
==================================================
[*] STARTING NEW DOMAIN: https://deo.nikli.kishoreganj.gov.bd
==================================================
[+] Domain exhausted. Finishing up: https://deo.nikli.kishoreganj.gov.bd
==================================================
[*] STARTING NEW DOMAIN: https://deb111791.dhakaeducationboard.gov.bd
==================================================
[+] Domain exhausted. Finishing up: https://deb111791.dhakaeducationboard.gov.bd
==================================================
[*] STARTING NEW DOMAIN: https://bbs.bhairab.kishoreganj.gov.bd
==================================================
[+] Domain exhausted. Finishing up: https://bbs.bhairab.kishoreganj.gov.bd
==================================================
[*] STARTING NEW DOMAIN: https://eed.atrai.naogaon.gov.bd
==================================================
[+] Domain exhausted. Finishing up: https://eed.atrai.naogaon.gov.bd
==================================================
[*] STARTING NEW DOMAIN: https://dls.tungipara.gopalganj.gov.bd
==================================================
[+] Domain exhausted. Finishing up: https://dls.tungipara.gopalganj.gov.bd
==================================================
[*] STARTING NEW DOMAIN: https://miajinnahalamcollege.jessoreboard.gov.bd
==================================================
[+] Domain exhausted. Finishing up: https://miajinnahalamcollege.jessoreboard.gov.bd
==================================================
[*] STARTING NEW DOMAIN: https://totthoapa.kaliganj.jhenaidah.gov.bd
==================================================
[+] Domain exhausted. Finishing up: https://totthoapa.kaliganj.jhenaidah.gov.bd
==================================================
[*] STARTING NEW DOMAIN: https://deb111919.dhakaeducationboard.gov.bd
==================================================
[+] Domain exhausted. Finishing up: https://deb111919.dhakaeducationboard.gov.bd
==================================================
[*] STARTING NEW DOMAIN: https://deb114484.dhakaeducationboard.gov.bd
==================================================
[+] Domain exhausted. Finishing up: https://deb114484.dhakaeducationboard.gov.bd
==================================================
[*] STARTING NEW DOMAIN: https://digarup.tangail.gov.bd
==================================================
[+] Domain exhausted. Finishing up: https://digarup.tangail.gov.bd
==================================================
[*] STARTING NEW DOMAIN: https://chandgawup.netrokona.gov.bd
==================================================
[+] Domain exhausted. Finishing up: https://chandgawup.netrokona.gov.bd
==================================================
[*] STARTING NEW DOMAIN: https://khateralicollegekushtia.jessoreboard.gov.bd
==================================================
[+] Domain exhausted. Finishing up: https://khateralicollegekushtia.jessoreboard.gov.bd
==================================================
[*] STARTING NEW DOMAIN: https://totthoapa.parbatipur.dinajpur.gov.bd
==================================================
[+] Domain exhausted. Finishing up: https://totthoapa.parbatipur.dinajpur.gov.bd
==================================================
[*] STARTING NEW DOMAIN: https://ec.iswarganj.mymensingh.gov.bd
==================================================
[+] Domain exhausted. Finishing up: https://ec.iswarganj.mymensingh.gov.bd
==================================================
[*] STARTING NEW DOMAIN: https://deb113974.dhakaeducationboard.gov.bd
==================================================
[+] Domain exhausted. Finishing up: https://deb113974.dhakaeducationboard.gov.bd
==================================================
[*] STARTING NEW DOMAIN: https://raipursecondaryschool.jessoreboard.gov.bd
==================================================
[+] Domain exhausted. Finishing up: https://raipursecondaryschool.jessoreboard.gov.bd
==================================================
[*] STARTING NEW DOMAIN: https://ebek.lohagara.narail.gov.bd
==================================================
[+] Domain exhausted. Finishing up: https://ebek.lohagara.narail.gov.bd
==================================================
[*] STARTING NEW DOMAIN: https://dls.nasirnagar.brahmanbaria.gov.bd
==================================================
[+] Domain exhausted. Finishing up: https://dls.nasirnagar.brahmanbaria.gov.bd
==================================================
[*] STARTING NEW DOMAIN: https://fireservice.teknaf.coxsbazar.gov.bd
==================================================
[+] Domain exhausted. Finishing up: https://fireservice.teknaf.coxsbazar.gov.bd
==================================================
[*] STARTING NEW DOMAIN: https://dwa.jagannathpur.sunamganj.gov.bd
==================================================
[+] Domain exhausted. Finishing up: https://dwa.jagannathpur.sunamganj.gov.bd
==================================================
[*] STARTING NEW DOMAIN: https://dhamsreniup.kurigram.gov.bd
==================================================
[+] Domain exhausted. Finishing up: https://dhamsreniup.kurigram.gov.bd
==================================================
[*] STARTING NEW DOMAIN: https://eed.gouripur.mymensingh.gov.bd
==================================================
[+] Domain exhausted. Finishing up: https://eed.gouripur.mymensingh.gov.bd
==================================================
[*] STARTING NEW DOMAIN: https://ec.companiganj.sylhet.gov.bd
==================================================
[+] Domain exhausted. Finishing up: https://ec.companiganj.sylhet.gov.bd
==================================================
[*] STARTING NEW DOMAIN: https://zp.naogaon.gov.bd
==================================================
[+] Domain exhausted. Finishing up: https://zp.naogaon.gov.bd
==================================================
[*] STARTING NEW DOMAIN: https://youth.shayestaganj.habiganj.gov.bd
==================================================
[+] Domain exhausted. Finishing up: https://youth.shayestaganj.habiganj.gov.bd
==================================================
[*] STARTING NEW DOMAIN: https://wzpdcl.pirojpur.gov.bd
==================================================
[+] Domain exhausted. Finishing up: https://wzpdcl.pirojpur.gov.bd
==================================================
[*] STARTING NEW DOMAIN: https://urc.tanore.rajshahi.gov.bd
==================================================
[+] Domain exhausted. Finishing up: https://urc.tanore.rajshahi.gov.bd
==================================================
[*] STARTING NEW DOMAIN: https://urc.patnitala.naogaon.gov.bd
==================================================
[+] Domain exhausted. Finishing up: https://urc.patnitala.naogaon.gov.bd
==================================================
[*] STARTING NEW DOMAIN: https://urc.chitalmari.bagerhat.gov.bd
==================================================
[+] Domain exhausted. Finishing up: https://urc.chitalmari.bagerhat.gov.bd
==================================================
[*] STARTING NEW DOMAIN: https://unitedmodelcollege.jessoreboard.gov.bd
==================================================
[+] Domain exhausted. Finishing up: https://unitedmodelcollege.jessoreboard.gov.bd
==================================================
[*] STARTING NEW DOMAIN: https://verchisecondaryschool.jessoreboard.gov.bd
==================================================
[+] Domain exhausted. Finishing up: https://verchisecondaryschool.jessoreboard.gov.bd
==================================================
[*] STARTING NEW DOMAIN: https://zpkurigram.gov.bd
==================================================
[+] Domain exhausted. Finishing up: https://zpkurigram.gov.bd
==================================================
[*] STARTING NEW DOMAIN: https://sports.rajshahi.gov.bd
==================================================
[+] Domain exhausted. Finishing up: https://sports.rajshahi.gov.bd
==================================================
[*] STARTING NEW DOMAIN: https://valukgachiup.rajshahi.gov.bd
==================================================
[+] Domain exhausted. Finishing up: https://valukgachiup.rajshahi.gov.bd
==================================================
[*] STARTING NEW DOMAIN: https://youth.naogaon.gov.bd
==================================================
[+] Domain exhausted. Finishing up: https://youth.naogaon.gov.bd
==================================================
[*] STARTING NEW DOMAIN: https://wzpdcl.patuakhali.gov.bd
==================================================
[+] Domain exhausted. Finishing up: https://wzpdcl.patuakhali.gov.bd
==================================================
[*] STARTING NEW DOMAIN: https://zpmeherpur.gov.bd
==================================================
[+] Domain exhausted. Finishing up: https://zpmeherpur.gov.bd
==================================================
[*] STARTING NEW DOMAIN: https://health.naldanga.natore.gov.bd
==================================================
[+] Domain exhausted. Finishing up: https://health.naldanga.natore.gov.bd
==================================================
[*] STARTING NEW DOMAIN: https://medicalmis.bpdb.gov.bd
==================================================
[+] Domain exhausted. Finishing up: https://medicalmis.bpdb.gov.bd
==================================================
[*] STARTING NEW DOMAIN: https://pallisanchaybank.chatkhil.noakhali.gov.bd
==================================================
[+] Domain exhausted. Finishing up: https://pallisanchaybank.chatkhil.noakhali.gov.bd
==================================================
[*] STARTING NEW DOMAIN: https://goalnagarup.brahmanbaria.gov.bd
==================================================
[+] Domain exhausted. Finishing up: https://goalnagarup.brahmanbaria.gov.bd
==================================================
[*] STARTING NEW DOMAIN: https://lged.singiar.manikganj.gov.bd
==================================================
[+] Domain exhausted. Finishing up: https://lged.singiar.manikganj.gov.bd
==================================================
[*] STARTING NEW DOMAIN: https://pdbf.dimla.nilphamari.gov.bd
==================================================
[+] Domain exhausted. Finishing up: https://pdbf.dimla.nilphamari.gov.bd
==================================================
[*] STARTING NEW DOMAIN: https://fisheries.thanchi.bandarban.gov.bd
==================================================
[+] Domain exhausted. Finishing up: https://fisheries.thanchi.bandarban.gov.bd
==================================================
[*] STARTING NEW DOMAIN: https://khoksa.kushtia.gov.bd
==================================================
[+] Domain exhausted. Finishing up: https://khoksa.kushtia.gov.bd
==================================================
[*] STARTING NEW DOMAIN: https://pbs.barguna.gov.bd
==================================================
[+] Domain exhausted. Finishing up: https://pbs.barguna.gov.bd
==================================================
[*] STARTING NEW DOMAIN: https://fmo.tangailsadar.tangail.gov.bd
==================================================
[+] Domain exhausted. Finishing up: https://fmo.tangailsadar.tangail.gov.bd
==================================================
[*] STARTING NEW DOMAIN: https://inheritance.dc-rangamati.gov.bd
==================================================
[+] Domain exhausted. Finishing up: https://inheritance.dc-rangamati.gov.bd
==================================================
[*] STARTING NEW DOMAIN: https://nesarabad.pirojpur.gov.bd
==================================================
[+] Domain exhausted. Finishing up: https://nesarabad.pirojpur.gov.bd
==================================================
[*] STARTING NEW DOMAIN: https://police.kaliganj.gazipur.gov.bd
==================================================
[+] Domain exhausted. Finishing up: https://police.kaliganj.gazipur.gov.bd
==================================================
[*] STARTING NEW DOMAIN: https://jahanabadup.rajshahi.gov.bd
==================================================
[+] Domain exhausted. Finishing up: https://jahanabadup.rajshahi.gov.bd
==================================================
[*] STARTING NEW DOMAIN: https://nimc.portal.gov.bd
==================================================
[+] Domain exhausted. Finishing up: https://nimc.portal.gov.bd
==================================================
[*] STARTING NEW DOMAIN: https://police.mujibnagar.meherpur.gov.bd
==================================================
[+] Domain exhausted. Finishing up: https://police.mujibnagar.meherpur.gov.bd
==================================================
[*] STARTING NEW DOMAIN: https://fsmf.chauddagram.comilla.gov.bd
==================================================
[+] Domain exhausted. Finishing up: https://fsmf.chauddagram.comilla.gov.bd
==================================================
[*] STARTING NEW DOMAIN: https://madapurhighschool.jessoreboard.gov.bd
==================================================
[+] Domain exhausted. Finishing up: https://madapurhighschool.jessoreboard.gov.bd
==================================================
[*] STARTING NEW DOMAIN: https://police.assasuni.satkhira.gov.bd
==================================================
[+] Domain exhausted. Finishing up: https://police.assasuni.satkhira.gov.bd
==================================================
[*] STARTING NEW DOMAIN: https://forest.dhakadiv.gov.bd
==================================================
[+] Domain exhausted. Finishing up: https://forest.dhakadiv.gov.bd
==================================================
[*] STARTING NEW DOMAIN: https://jms.lakshmipur.gov.bd
==================================================
[+] Domain exhausted. Finishing up: https://jms.lakshmipur.gov.bd
==================================================
[*] STARTING NEW DOMAIN: https://mukto.nnsop.gov.bd
==================================================
[+] Domain exhausted. Finishing up: https://mukto.nnsop.gov.bd
==================================================
[*] STARTING NEW DOMAIN: https://tvi.manikganj.gov.bd
==================================================
[+] Domain exhausted. Finishing up: https://tvi.manikganj.gov.bd
==================================================
[*] STARTING NEW DOMAIN: https://kladarshasecondaryschool.jessoreboard.gov.bd
==================================================
[+] Domain exhausted. Finishing up: https://kladarshasecondaryschool.jessoreboard.gov.bd
==================================================
[*] STARTING NEW DOMAIN: https://pbs1.barisal.gov.bd
==================================================
[+] Domain exhausted. Finishing up: https://pbs1.barisal.gov.bd
==================================================
[*] STARTING NEW DOMAIN: https://food.terokhada.khulna.gov.bd
==================================================
[+] Domain exhausted. Finishing up: https://food.terokhada.khulna.gov.bd
==================================================
[*] STARTING NEW DOMAIN: https://jshighschool.jessoreboard.gov.bd
==================================================
[+] Domain exhausted. Finishing up: https://jshighschool.jessoreboard.gov.bd
==================================================
[*] STARTING NEW DOMAIN: https://patuakandijuniorschool.jessoreboard.gov.bd
==================================================
[+] Domain exhausted. Finishing up: https://patuakandijuniorschool.jessoreboard.gov.bd
==================================================
[*] STARTING NEW DOMAIN: https://zso.barisal.gov.bd
==================================================
[+] Domain exhausted. Finishing up: https://zso.barisal.gov.bd
==================================================
[*] STARTING NEW DOMAIN: https://lged.dhakadiv.gov.bd
==================================================
[+] Domain exhausted. Finishing up: https://lged.dhakadiv.gov.bd
==================================================
[*] STARTING NEW DOMAIN: https://pdb.tangail.gov.bd
==================================================
[+] Domain exhausted. Finishing up: https://pdb.tangail.gov.bd
==================================================
[*] STARTING NEW DOMAIN: https://pozip.brahmanpara.comilla.gov.bd
==================================================
[+] Domain exhausted. Finishing up: https://pozip.brahmanpara.comilla.gov.bd
==================================================
[*] STARTING NEW DOMAIN: https://hcvabanipur.gazipur.gov.bd
==================================================
[+] Domain exhausted. Finishing up: https://hcvabanipur.gazipur.gov.bd
==================================================
[*] STARTING NEW DOMAIN: https://mail.bfcb.gov.bd
==================================================
[+] Domain exhausted. Finishing up: https://mail.bfcb.gov.bd
==================================================
[*] STARTING NEW DOMAIN: https://bjwt.portal.gov.bd
==================================================
[+] Domain exhausted. Finishing up: https://bjwt.portal.gov.bd
==================================================
[*] STARTING NEW DOMAIN: https://garakhulasecondaryschool.jessoreboard.gov.bd
==================================================
[+] Domain exhausted. Finishing up: https://garakhulasecondaryschool.jessoreboard.gov.bd
==================================================
[*] STARTING NEW DOMAIN: https://lged.kaharol.dinajpur.gov.bd
==================================================
[+] Domain exhausted. Finishing up: https://lged.kaharol.dinajpur.gov.bd
==================================================
[*] STARTING NEW DOMAIN: https://zso.ranisankail.thakurgaon.gov.bd
==================================================
[+] Domain exhausted. Finishing up: https://zso.ranisankail.thakurgaon.gov.bd
==================================================
[*] STARTING NEW DOMAIN: https://brdb.kendua.netrokona.gov.bd
==================================================
[+] Domain exhausted. Finishing up: https://brdb.kendua.netrokona.gov.bd
==================================================
[*] STARTING NEW DOMAIN: https://khokshagovtcollege.jessoreboard.gov.bd
==================================================
[+] Domain exhausted. Finishing up: https://khokshagovtcollege.jessoreboard.gov.bd
==================================================
[*] STARTING NEW DOMAIN: https://pdbf.companiganj.sylhet.gov.bd
==================================================
[+] Domain exhausted. Finishing up: https://pdbf.companiganj.sylhet.gov.bd
==================================================
[*] STARTING NEW DOMAIN: https://bagmaranorthup.comilla.gov.bd
==================================================
[+] Domain exhausted. Finishing up: https://bagmaranorthup.comilla.gov.bd
==================================================
[*] STARTING NEW DOMAIN: https://health.parshuram.feni.gov.bd
==================================================
[+] Domain exhausted. Finishing up: https://health.parshuram.feni.gov.bd
==================================================
[*] STARTING NEW DOMAIN: https://mail.jamunaoil.gov.bd
==================================================
[+] Domain exhausted. Finishing up: https://mail.jamunaoil.gov.bd
==================================================
[*] STARTING NEW DOMAIN: https://police.sadar.bagerhat.gov.bd
==================================================
[+] Domain exhausted. Finishing up: https://police.sadar.bagerhat.gov.bd
==================================================
[*] STARTING NEW DOMAIN: https://habashpurup.rajbari.gov.bd
==================================================
[+] Domain exhausted. Finishing up: https://habashpurup.rajbari.gov.bd
==================================================
[*] STARTING NEW DOMAIN: https://machkholasecondaryschool.jessoreboard.gov.bd
==================================================
[+] Domain exhausted. Finishing up: https://machkholasecondaryschool.jessoreboard.gov.bd
==================================================
[*] STARTING NEW DOMAIN: https://po.dinajpur.gov.bd
==================================================
[+] Domain exhausted. Finishing up: https://po.dinajpur.gov.bd
==================================================
[*] STARTING NEW DOMAIN: https://fpo.bandarban.gov.bd
==================================================
[+] Domain exhausted. Finishing up: https://fpo.bandarban.gov.bd
==================================================
[*] STARTING NEW DOMAIN: https://lged.sadar.bandarban.gov.bd
==================================================
[+] Domain exhausted. Finishing up: https://lged.sadar.bandarban.gov.bd
==================================================
[*] STARTING NEW DOMAIN: https://pio.laxmichhari.khagrachhari.gov.bd
==================================================
[+] Domain exhausted. Finishing up: https://pio.laxmichhari.khagrachhari.gov.bd
==================================================
[*] STARTING NEW DOMAIN: https://forest.tongibari.munshiganj.gov.bd
==================================================
[+] Domain exhausted. Finishing up: https://forest.tongibari.munshiganj.gov.bd
==================================================
[*] STARTING NEW DOMAIN: https://khagdohorup.mymensingh.gov.bd
==================================================
[+] Domain exhausted. Finishing up: https://khagdohorup.mymensingh.gov.bd
==================================================
[*] STARTING NEW DOMAIN: https://pdbf.kalaroa.satkhira.gov.bd
==================================================
[+] Domain exhausted. Finishing up: https://pdbf.kalaroa.satkhira.gov.bd
==================================================
[*] STARTING NEW DOMAIN: https://food.tazumuddin.bhola.gov.bd
==================================================
[+] Domain exhausted. Finishing up: https://food.tazumuddin.bhola.gov.bd
==================================================
[*] STARTING NEW DOMAIN: https://kuchiamoragirlssecondaryschool.jessoreboard.gov.bd
==================================================
[+] Domain exhausted. Finishing up: https://kuchiamoragirlssecondaryschool.jessoreboard.gov.bd
==================================================
[*] STARTING NEW DOMAIN: https://pdbf.madhukhali.faridpur.gov.bd
==================================================
[+] Domain exhausted. Finishing up: https://pdbf.madhukhali.faridpur.gov.bd
==================================================
[*] STARTING NEW DOMAIN: https://fisheries.nabiganj.habiganj.gov.bd
==================================================
[+] Domain exhausted. Finishing up: https://fisheries.nabiganj.habiganj.gov.bd
==================================================
[*] STARTING NEW DOMAIN: https://info.kishoreganj.gov.bd
==================================================
[+] Domain exhausted. Finishing up: https://info.kishoreganj.gov.bd
==================================================
[*] STARTING NEW DOMAIN: https://mpec.college.gov.bd
==================================================
[+] Domain exhausted. Finishing up: https://mpec.college.gov.bd
==================================================
[*] STARTING NEW DOMAIN: https://post.bhangura.pabna.gov.bd
==================================================
[+] Domain exhausted. Finishing up: https://post.bhangura.pabna.gov.bd
==================================================
[*] STARTING NEW DOMAIN: https://hatikumrulup.sirajganj.gov.bd
==================================================
[+] Domain exhausted. Finishing up: https://hatikumrulup.sirajganj.gov.bd
==================================================
[*] STARTING NEW DOMAIN: https://mirzapurup.moulvibazar.gov.bd
==================================================
[+] Domain exhausted. Finishing up: https://mirzapurup.moulvibazar.gov.bd
==================================================
[*] STARTING NEW DOMAIN: https://post.nachol.chapainawabganj.gov.bd
==================================================
[+] Domain exhausted. Finishing up: https://post.nachol.chapainawabganj.gov.bd
==================================================
[*] STARTING NEW DOMAIN: https://gotashiaup.narsingdi.gov.bd
==================================================
[+] Domain exhausted. Finishing up: https://gotashiaup.narsingdi.gov.bd
==================================================
[*] STARTING NEW DOMAIN: https://lged.kachua.chandpur.gov.bd
==================================================
[+] Domain exhausted. Finishing up: https://lged.kachua.chandpur.gov.bd
==================================================
[*] STARTING NEW DOMAIN: https://pdbf.palash.narsingdi.gov.bd
==================================================
[+] Domain exhausted. Finishing up: https://pdbf.palash.narsingdi.gov.bd
==================================================
[*] STARTING NEW DOMAIN: https://health.paba.rajshahi.gov.bd
==================================================
[+] Domain exhausted. Finishing up: https://health.paba.rajshahi.gov.bd
==================================================
[*] STARTING NEW DOMAIN: https://mujibnagarmodelgovtprimaryschool.jessoreboard.gov.bd
==================================================
[+] Domain exhausted. Finishing up: https://mujibnagarmodelgovtprimaryschool.jessoreboard.gov.bd
==================================================
[*] STARTING NEW DOMAIN: https://police.sadar.barguna.gov.bd
==================================================
[+] Domain exhausted. Finishing up: https://police.sadar.barguna.gov.bd
==================================================
[*] STARTING NEW DOMAIN: https://ftraining.rdcd.gov.bd
==================================================
[+] Domain exhausted. Finishing up: https://ftraining.rdcd.gov.bd
==================================================
[*] STARTING NEW DOMAIN: https://mahmudpurcscjuniorgirlshighschool.jessoreboard.gov.bd
==================================================
[+] Domain exhausted. Finishing up: https://mahmudpurcscjuniorgirlshighschool.jessoreboard.gov.bd
==================================================
[*] STARTING NEW DOMAIN: https://police.mithamoin.kishoreganj.gov.bd
==================================================
[+] Domain exhausted. Finishing up: https://police.mithamoin.kishoreganj.gov.bd
==================================================
[*] STARTING NEW DOMAIN: https://kadimchilanup.natore.gov.bd
==================================================
[+] Domain exhausted. Finishing up: https://kadimchilanup.natore.gov.bd
==================================================
[*] STARTING NEW DOMAIN: https://gomtiup.khagrachhari.gov.bd
==================================================
[+] Domain exhausted. Finishing up: https://gomtiup.khagrachhari.gov.bd
==================================================
[*] STARTING NEW DOMAIN: https://gouripur.mymensingh.gov.bd
==================================================
[+] Domain exhausted. Finishing up: https://gouripur.mymensingh.gov.bd
==================================================
[*] STARTING NEW DOMAIN: https://lged.shailkupa.jhenaidah.gov.bd
==================================================
[+] Domain exhausted. Finishing up: https://lged.shailkupa.jhenaidah.gov.bd
==================================================
[*] STARTING NEW DOMAIN: https://pdbf.bhaluka.mymensingh.gov.bd
==================================================
[+] Domain exhausted. Finishing up: https://pdbf.bhaluka.mymensingh.gov.bd
==================================================
[*] STARTING NEW DOMAIN: https://fisheries.thakurgaon.gov.bd
==================================================
[+] Domain exhausted. Finishing up: https://fisheries.thakurgaon.gov.bd
==================================================
[*] STARTING NEW DOMAIN: https://islamicfoundation.alfadanga.faridpur.gov.bd
==================================================
[+] Domain exhausted. Finishing up: https://islamicfoundation.alfadanga.faridpur.gov.bd
==================================================
[*] STARTING NEW DOMAIN: https://nodonaup.noakhali.gov.bd
==================================================
[+] Domain exhausted. Finishing up: https://nodonaup.noakhali.gov.bd
==================================================
[*] STARTING NEW DOMAIN: https://post.barisaldiv.gov.bd
==================================================
[+] Domain exhausted. Finishing up: https://post.barisaldiv.gov.bd
==================================================
[*] STARTING NEW DOMAIN: https://gpms.cabinet.gov.bd
==================================================
[+] Domain exhausted. Finishing up: https://gpms.cabinet.gov.bd
==================================================
[*] STARTING NEW DOMAIN: https://lged.sadar.jhenaidah.gov.bd
==================================================
[+] Domain exhausted. Finishing up: https://lged.sadar.jhenaidah.gov.bd
==================================================
[*] STARTING NEW DOMAIN: https://pdbf.naogaonsadar.naogaon.gov.bd
==================================================
[+] Domain exhausted. Finishing up: https://pdbf.naogaonsadar.naogaon.gov.bd
==================================================
[*] STARTING NEW DOMAIN: https://fisheries.tarail.kishoreganj.gov.bd
==================================================
[+] Domain exhausted. Finishing up: https://fisheries.tarail.kishoreganj.gov.bd
==================================================
[*] STARTING NEW DOMAIN: https://health.kaliganj.lalmonirhat.gov.bd
==================================================
[+] Domain exhausted. Finishing up: https://health.kaliganj.lalmonirhat.gov.bd
==================================================
[*] STARTING NEW DOMAIN: https://post.rangpur.gov.bd
==================================================
[+] Domain exhausted. Finishing up: https://post.rangpur.gov.bd
==================================================
[*] STARTING NEW DOMAIN: https://wzpdcl.nalchity.jhalakathi.gov.bd
==================================================
[+] Domain exhausted. Finishing up: https://wzpdcl.nalchity.jhalakathi.gov.bd
==================================================
[*] STARTING NEW DOMAIN: https://urc.dhunot.bogra.gov.bd
==================================================
[+] Domain exhausted. Finishing up: https://urc.dhunot.bogra.gov.bd
==================================================
[*] STARTING NEW DOMAIN: https://wind.sreda.gov.bd
==================================================
[+] Domain exhausted. Finishing up: https://wind.sreda.gov.bd
==================================================
[*] STARTING NEW DOMAIN: https://youthgulshan.dhaka.gov.bd
==================================================
[+] Domain exhausted. Finishing up: https://youthgulshan.dhaka.gov.bd
==================================================
[*] STARTING NEW DOMAIN: http://ailcharasecondaryschool.jessoreboard.gov.bd
==================================================
[+] Domain exhausted. Finishing up: http://ailcharasecondaryschool.jessoreboard.gov.bd
==================================================
[*] STARTING NEW DOMAIN: https://youth.mithamoin.kishoreganj.gov.bd
==================================================
[+] Domain exhausted. Finishing up: https://youth.mithamoin.kishoreganj.gov.bd
==================================================
[*] STARTING NEW DOMAIN: https://youth.hatia.noakhali.gov.bd
==================================================
[+] Domain exhausted. Finishing up: https://youth.hatia.noakhali.gov.bd
==================================================
[*] STARTING NEW DOMAIN: https://youth.damudya.shariatpur.gov.bd
==================================================
[+] Domain exhausted. Finishing up: https://youth.damudya.shariatpur.gov.bd
==================================================
[*] STARTING NEW DOMAIN: http://dae.chuadangasadar.chuadanga.gov.bd
==================================================
[+] Domain exhausted. Finishing up: http://dae.chuadangasadar.chuadanga.gov.bd
==================================================
[*] STARTING NEW DOMAIN: https://tarail.kishoreganj.gov.bd
==================================================
[+] Domain exhausted. Finishing up: https://tarail.kishoreganj.gov.bd
==================================================
[*] STARTING NEW DOMAIN: https://tsc.lakshmipur.gov.bd
==================================================
[+] Domain exhausted. Finishing up: https://tsc.lakshmipur.gov.bd
==================================================
[*] STARTING NEW DOMAIN: https://srdiro.coxsbazar.gov.bd
==================================================
[+] Domain exhausted. Finishing up: https://srdiro.coxsbazar.gov.bd
==================================================
[*] STARTING NEW DOMAIN: https://totthoapa.shibganj.chapainawabganj.gov.bd
==================================================
[+] Domain exhausted. Finishing up: https://totthoapa.shibganj.chapainawabganj.gov.bd
==================================================
[*] STARTING NEW DOMAIN: https://sallaup.tangail.gov.bd
==================================================
[+] Domain exhausted. Finishing up: https://sallaup.tangail.gov.bd
==================================================
[*] STARTING NEW DOMAIN: https://totthoapa.bijoynagar.brahmanbaria.gov.bd
==================================================
[+] Domain exhausted. Finishing up: https://totthoapa.bijoynagar.brahmanbaria.gov.bd
==================================================
[*] STARTING NEW DOMAIN: https://tax.chuadanga.gov.bd
==================================================
[+] Domain exhausted. Finishing up: https://tax.chuadanga.gov.bd
==================================================
[*] STARTING NEW DOMAIN: https://sonarayup2.nilphamari.gov.bd
==================================================
[+] Domain exhausted. Finishing up: https://sonarayup2.nilphamari.gov.bd
==================================================
[*] STARTING NEW DOMAIN: https://sr.kaunia.rangpur.gov.bd
==================================================
[+] Domain exhausted. Finishing up: https://sr.kaunia.rangpur.gov.bd
==================================================
[*] STARTING NEW DOMAIN: https://tschosenabad.kushtia.gov.bd
==================================================
[+] Domain exhausted. Finishing up: https://tschosenabad.kushtia.gov.bd
==================================================
[*] STARTING NEW DOMAIN: https://spfms.portal.gov.bd
==================================================
[+] Domain exhausted. Finishing up: https://spfms.portal.gov.bd
==================================================
[*] STARTING NEW DOMAIN: https://sondahanandalalpursecondaryschool.jessoreboard.gov.bd
==================================================
[+] Domain exhausted. Finishing up: https://sondahanandalalpursecondaryschool.jessoreboard.gov.bd
==================================================
[*] STARTING NEW DOMAIN: https://totthoapa.ashuganj.brahmanbaria.gov.bd
==================================================
[+] Domain exhausted. Finishing up: https://totthoapa.ashuganj.brahmanbaria.gov.bd
==================================================
[*] STARTING NEW DOMAIN: https://sultanpurmahtabiasecondaryschool.jessoreboard.gov.bd
==================================================
[+] Domain exhausted. Finishing up: https://sultanpurmahtabiasecondaryschool.jessoreboard.gov.bd
==================================================
[*] STARTING NEW DOMAIN: https://tvi.pabna.gov.bd
==================================================
[+] Domain exhausted. Finishing up: https://tvi.pabna.gov.bd
==================================================
[*] STARTING NEW DOMAIN: http://dakshinnarailshimuliamahabiddyalya.jessoreboard.gov.bd
==================================================
[+] Domain exhausted. Finishing up: http://dakshinnarailshimuliamahabiddyalya.jessoreboard.gov.bd
==================================================
[*] STARTING NEW DOMAIN: https://tax.barguna.gov.bd
==================================================
[+] Domain exhausted. Finishing up: https://tax.barguna.gov.bd
==================================================
[*] STARTING NEW DOMAIN: https://thakurgaon.police.gov.bd
==================================================
[+] Domain exhausted. Finishing up: https://thakurgaon.police.gov.bd
==================================================
[*] STARTING NEW DOMAIN: https://sr.debhata.satkhira.gov.bd
==================================================
[+] Domain exhausted. Finishing up: https://sr.debhata.satkhira.gov.bd
==================================================
[*] STARTING NEW DOMAIN: https://savarup.dhaka.gov.bd
==================================================
[+] Domain exhausted. Finishing up: https://savarup.dhaka.gov.bd
==================================================
[*] STARTING NEW DOMAIN: https://rhd.bagerhat.gov.bd
==================================================
[+] Domain exhausted. Finishing up: https://rhd.bagerhat.gov.bd
==================================================
[*] STARTING NEW DOMAIN: https://kachuaup.bagerhat.gov.bd
==================================================
[+] Domain exhausted. Finishing up: https://kachuaup.bagerhat.gov.bd
==================================================
[*] STARTING NEW DOMAIN: https://pwd.naogaon.gov.bd
==================================================
[+] Domain exhausted. Finishing up: https://pwd.naogaon.gov.bd
==================================================
[*] STARTING NEW DOMAIN: https://motigonjup.feni.gov.bd
==================================================
[+] Domain exhausted. Finishing up: https://motigonjup.feni.gov.bd
==================================================
[*] STARTING NEW DOMAIN: https://mongla.bagerhat.gov.bd
==================================================
[+] Domain exhausted. Finishing up: https://mongla.bagerhat.gov.bd
==================================================
[*] STARTING NEW DOMAIN: https://moheshkhali.coxsbazar.gov.bd
==================================================
[+] Domain exhausted. Finishing up: https://moheshkhali.coxsbazar.gov.bd
==================================================
[*] STARTING NEW DOMAIN: https://nipsom.portal.gov.bd
==================================================
[+] Domain exhausted. Finishing up: https://nipsom.portal.gov.bd
==================================================
[*] STARTING NEW DOMAIN: https://ansarvdp.moheshpur.jhenaidah.gov.bd
==================================================
[+] Domain exhausted. Finishing up: https://ansarvdp.moheshpur.jhenaidah.gov.bd
==================================================
[*] STARTING NEW DOMAIN: https://balaparaup.nilphamari.gov.bd
==================================================
[+] Domain exhausted. Finishing up: https://balaparaup.nilphamari.gov.bd
==================================================
[*] STARTING NEW DOMAIN: https://bajedurgapuranjumansecondaryschool.jessoreboard.gov.bd
==================================================
[+] Domain exhausted. Finishing up: https://bajedurgapuranjumansecondaryschool.jessoreboard.gov.bd
==================================================
[*] STARTING NEW DOMAIN: https://bomd.portal.gov.bd
==================================================
[+] Domain exhausted. Finishing up: https://bomd.portal.gov.bd
==================================================
[*] STARTING NEW DOMAIN: https://ansarvdp.fakirhat.bagerhat.gov.bd
==================================================
[+] Domain exhausted. Finishing up: https://ansarvdp.fakirhat.bagerhat.gov.bd
==================================================
[*] STARTING NEW DOMAIN: https://deb190174.dhakaeducationboard.gov.bd
==================================================
[+] Domain exhausted. Finishing up: https://deb190174.dhakaeducationboard.gov.bd
==================================================
[*] STARTING NEW DOMAIN: https://sfdf.debidwar.comilla.gov.bd
==================================================
[+] Domain exhausted. Finishing up: https://sfdf.debidwar.comilla.gov.bd
==================================================
[*] STARTING NEW DOMAIN: https://brdb.pirganj.thakurgaon.gov.bd
==================================================
[+] Domain exhausted. Finishing up: https://brdb.pirganj.thakurgaon.gov.bd
==================================================
[*] STARTING NEW DOMAIN: https://brta.manikganj.gov.bd
==================================================
[+] Domain exhausted. Finishing up: https://brta.manikganj.gov.bd
==================================================
[*] STARTING NEW DOMAIN: https://ansarvdp.shahrasti.chandpur.gov.bd
==================================================
[+] Domain exhausted. Finishing up: https://ansarvdp.shahrasti.chandpur.gov.bd
==================================================
[*] STARTING NEW DOMAIN: https://application.bfcb.gov.bd
==================================================
[+] Domain exhausted. Finishing up: https://application.bfcb.gov.bd
==================================================
[*] STARTING NEW DOMAIN: https://ansarvdp.tungipara.gopalganj.gov.bd
==================================================
[+] Domain exhausted. Finishing up: https://ansarvdp.tungipara.gopalganj.gov.bd
==================================================
[*] STARTING NEW DOMAIN: https://dife.khulna.gov.bd
==================================================
[+] Domain exhausted. Finishing up: https://dife.khulna.gov.bd
==================================================
[*] STARTING NEW DOMAIN: https://deb109943.dhakaeducationboard.gov.bd
==================================================
[+] Domain exhausted. Finishing up: https://deb109943.dhakaeducationboard.gov.bd
==================================================
[*] STARTING NEW DOMAIN: https://sfdf.iswarganj.mymensingh.gov.bd
==================================================
[+] Domain exhausted. Finishing up: https://sfdf.iswarganj.mymensingh.gov.bd
==================================================
[*] STARTING NEW DOMAIN: https://acl.tongibari.munshiganj.gov.bd
==================================================
[+] Domain exhausted. Finishing up: https://acl.tongibari.munshiganj.gov.bd
==================================================
[*] STARTING NEW DOMAIN: https://shishuacademy.chittagong.gov.bd
==================================================
[+] Domain exhausted. Finishing up: https://shishuacademy.chittagong.gov.bd
==================================================
[*] STARTING NEW DOMAIN: https://mamtazahammedsecondaryschool.jessoreboard.gov.bd
==================================================
[+] Domain exhausted. Finishing up: https://mamtazahammedsecondaryschool.jessoreboard.gov.bd
==================================================
[*] STARTING NEW DOMAIN: https://seo.magurasadar.magura.gov.bd
==================================================
[+] Domain exhausted. Finishing up: https://seo.magurasadar.magura.gov.bd
==================================================
[*] STARTING NEW DOMAIN: https://7noadhaipurup.naogaon.gov.bd
==================================================
[+] Domain exhausted. Finishing up: https://7noadhaipurup.naogaon.gov.bd
==================================================
[*] STARTING NEW DOMAIN: https://bmda.birampur.dinajpur.gov.bd
==================================================
[+] Domain exhausted. Finishing up: https://bmda.birampur.dinajpur.gov.bd
==================================================
[*] STARTING NEW DOMAIN: https://sherpur.polytech.gov.bd
==================================================
[+] Domain exhausted. Finishing up: https://sherpur.polytech.gov.bd
==================================================
[*] STARTING NEW DOMAIN: https://pozip.sarishabari.jamalpur.gov.bd
==================================================
[+] Domain exhausted. Finishing up: https://pozip.sarishabari.jamalpur.gov.bd
==================================================
[*] STARTING NEW DOMAIN: https://bangladeshcustoms.gov.bd
==================================================
[+] Domain exhausted. Finishing up: https://bangladeshcustoms.gov.bd
==================================================
[*] STARTING NEW DOMAIN: https://deb109472.dhakaeducationboard.gov.bd
==================================================
[+] Domain exhausted. Finishing up: https://deb109472.dhakaeducationboard.gov.bd
==================================================
[*] STARTING NEW DOMAIN: https://acl.chougachha.jessore.gov.bd
==================================================
[+] Domain exhausted. Finishing up: https://acl.chougachha.jessore.gov.bd
==================================================
[*] STARTING NEW DOMAIN: https://birmuktijoddhaabdulhaicollege.jessoreboard.gov.bd
==================================================
[+] Domain exhausted. Finishing up: https://birmuktijoddhaabdulhaicollege.jessoreboard.gov.bd
==================================================
[*] STARTING NEW DOMAIN: https://dhamrai.dhaka.gov.bd
==================================================
[+] Domain exhausted. Finishing up: https://dhamrai.dhaka.gov.bd
==================================================
[*] STARTING NEW DOMAIN: https://seo.atwari.panchagarh.gov.bd
==================================================
[+] Domain exhausted. Finishing up: https://seo.atwari.panchagarh.gov.bd
==================================================
[*] STARTING NEW DOMAIN: https://post.naogaon.gov.bd
==================================================
[+] Domain exhausted. Finishing up: https://post.naogaon.gov.bd
==================================================
[*] STARTING NEW DOMAIN: https://bbs.thakurgaonsadar.thakurgaon.gov.bd
==================================================
[+] Domain exhausted. Finishing up: https://bbs.thakurgaonsadar.thakurgaon.gov.bd
==================================================
[*] STARTING NEW DOMAIN: https://ansarvdp.saturia.manikganj.gov.bd
==================================================
[+] Domain exhausted. Finishing up: https://ansarvdp.saturia.manikganj.gov.bd
==================================================
[*] STARTING NEW DOMAIN: https://bhdhaka.betar.gov.bd
==================================================
[+] Domain exhausted. Finishing up: https://bhdhaka.betar.gov.bd
==================================================
[*] STARTING NEW DOMAIN: https://bfsa.patuakhali.gov.bd
==================================================
[+] Domain exhausted. Finishing up: https://bfsa.patuakhali.gov.bd
==================================================
[*] STARTING NEW DOMAIN: https://palashbariasecondaryschool.jessoreboard.gov.bd
==================================================
[+] Domain exhausted. Finishing up: https://palashbariasecondaryschool.jessoreboard.gov.bd
==================================================
[*] STARTING NEW DOMAIN: https://doict.taragonj.rangpur.gov.bd
==================================================
[+] Domain exhausted. Finishing up: https://doict.taragonj.rangpur.gov.bd
==================================================
[*] STARTING NEW DOMAIN: https://chilamanumiasecondaryschool.jessoreboard.gov.bd
==================================================
[+] Domain exhausted. Finishing up: https://chilamanumiasecondaryschool.jessoreboard.gov.bd
==================================================
[*] STARTING NEW DOMAIN: https://deb113676.dhakaeducationboard.gov.bd
==================================================
[+] Domain exhausted. Finishing up: https://deb113676.dhakaeducationboard.gov.bd
==================================================
[*] STARTING NEW DOMAIN: https://bmd.sylhetdiv.gov.bd
==================================================
[+] Domain exhausted. Finishing up: https://bmd.sylhetdiv.gov.bd
==================================================
[*] STARTING NEW DOMAIN: https://deb109433.dhakaeducationboard.gov.bd
==================================================
[+] Domain exhausted. Finishing up: https://deb109433.dhakaeducationboard.gov.bd
==================================================
[*] STARTING NEW DOMAIN: https://chourangisecondaryschool.jessoreboard.gov.bd
==================================================
[+] Domain exhausted. Finishing up: https://chourangisecondaryschool.jessoreboard.gov.bd
==================================================
[*] STARTING NEW DOMAIN: https://brdb.bholahat.chapainawabganj.gov.bd
==================================================
[+] Domain exhausted. Finishing up: https://brdb.bholahat.chapainawabganj.gov.bd
==================================================
[*] STARTING NEW DOMAIN: https://acl.rupsha.khulna.gov.bd
==================================================
[+] Domain exhausted. Finishing up: https://acl.rupsha.khulna.gov.bd
==================================================
[*] STARTING NEW DOMAIN: https://deb114161.dhakaeducationboard.gov.bd
==================================================
[+] Domain exhausted. Finishing up: https://deb114161.dhakaeducationboard.gov.bd
==================================================
[*] STARTING NEW DOMAIN: http://abalpursecondaryschool.jessoreboard.gov.bd
==================================================
[+] Domain exhausted. Finishing up: http://abalpursecondaryschool.jessoreboard.gov.bd
==================================================
[*] STARTING NEW DOMAIN: https://bbs.shalikha.magura.gov.bd
==================================================
[+] Domain exhausted. Finishing up: https://bbs.shalikha.magura.gov.bd
==================================================
[*] STARTING NEW DOMAIN: https://deb114404.dhakaeducationboard.gov.bd
==================================================
[+] Domain exhausted. Finishing up: https://deb114404.dhakaeducationboard.gov.bd
==================================================
[*] STARTING NEW DOMAIN: https://irbadc.magura.gov.bd
==================================================
[+] Domain exhausted. Finishing up: https://irbadc.magura.gov.bd
==================================================
[*] STARTING NEW DOMAIN: https://seo.sonaimuri.noakhali.gov.bd
==================================================
[+] Domain exhausted. Finishing up: https://seo.sonaimuri.noakhali.gov.bd
==================================================
[*] STARTING NEW DOMAIN: https://soamol.jhalakathi.gov.bd
==================================================
[+] Domain exhausted. Finishing up: https://soamol.jhalakathi.gov.bd
==================================================
[*] STARTING NEW DOMAIN: https://acl.fatikchhari.chittagong.gov.bd
==================================================
[+] Domain exhausted. Finishing up: https://acl.fatikchhari.chittagong.gov.bd
==================================================
[*] STARTING NEW DOMAIN: http://dss.rajapur.jhalakathi.gov.bd
==================================================
[+] Domain exhausted. Finishing up: http://dss.rajapur.jhalakathi.gov.bd
==================================================
[*] STARTING NEW DOMAIN: https://brdb.nawabganj.dhaka.gov.bd
==================================================
[+] Domain exhausted. Finishing up: https://brdb.nawabganj.dhaka.gov.bd
==================================================
[*] STARTING NEW DOMAIN: https://kbssecondaryschool.jessoreboard.gov.bd
==================================================
[+] Domain exhausted. Finishing up: https://kbssecondaryschool.jessoreboard.gov.bd
==================================================
[*] STARTING NEW DOMAIN: https://bagdangasecondaryschool.jessoreboard.gov.bd
==================================================
[+] Domain exhausted. Finishing up: https://bagdangasecondaryschool.jessoreboard.gov.bd
==================================================
[*] STARTING NEW DOMAIN: http://ebima.gov.bd
==================================================
[+] Domain exhausted. Finishing up: http://ebima.gov.bd
==================================================
[*] STARTING NEW DOMAIN: https://ansarvdp.sreenagar.munshiganj.gov.bd
==================================================
[+] Domain exhausted. Finishing up: https://ansarvdp.sreenagar.munshiganj.gov.bd
==================================================
[*] STARTING NEW DOMAIN: https://seo.shibganj.chapainawabganj.gov.bd
==================================================
[+] Domain exhausted. Finishing up: https://seo.shibganj.chapainawabganj.gov.bd
==================================================
[*] STARTING NEW DOMAIN: https://deb109810.dhakaeducationboard.gov.bd
==================================================
[+] Domain exhausted. Finishing up: https://deb109810.dhakaeducationboard.gov.bd
==================================================
[*] STARTING NEW DOMAIN: https://badarganjcollege.jessoreboard.gov.bd
==================================================
[+] Domain exhausted. Finishing up: https://badarganjcollege.jessoreboard.gov.bd
==================================================
[*] STARTING NEW DOMAIN: https://jms.bheramara.kushtia.gov.bd
==================================================
[+] Domain exhausted. Finishing up: https://jms.bheramara.kushtia.gov.bd
==================================================
[*] STARTING NEW DOMAIN: https://brdb.muktagacha.mymensingh.gov.bd
==================================================
[+] Domain exhausted. Finishing up: https://brdb.muktagacha.mymensingh.gov.bd
==================================================
[*] STARTING NEW DOMAIN: https://bmda.pirgacha.rangpur.gov.bd
==================================================
[+] Domain exhausted. Finishing up: https://bmda.pirgacha.rangpur.gov.bd
==================================================
[*] STARTING NEW DOMAIN: https://dae.barhatta.netrokona.gov.bd
==================================================
[+] Domain exhausted. Finishing up: https://dae.barhatta.netrokona.gov.bd
==================================================
[*] STARTING NEW DOMAIN: https://acl.gopalpur.tangail.gov.bd
==================================================
[+] Domain exhausted. Finishing up: https://acl.gopalpur.tangail.gov.bd
==================================================
[*] STARTING NEW DOMAIN: http://ansarvdp.rangabali.patuakhali.gov.bd
==================================================
[+] Domain exhausted. Finishing up: http://ansarvdp.rangabali.patuakhali.gov.bd
==================================================
[*] STARTING NEW DOMAIN: https://arialup.munshiganj.gov.bd
==================================================
[+] Domain exhausted. Finishing up: https://arialup.munshiganj.gov.bd
==================================================
[*] STARTING NEW DOMAIN: https://shaheedsmritibiddyapith.jessoreboard.gov.bd
==================================================
[+] Domain exhausted. Finishing up: https://shaheedsmritibiddyapith.jessoreboard.gov.bd
==================================================
[*] STARTING NEW DOMAIN: https://ec.pabna.gov.bd
==================================================
[+] Domain exhausted. Finishing up: https://ec.pabna.gov.bd
==================================================
[*] STARTING NEW DOMAIN: https://dae.nokla.sherpur.gov.bd
==================================================
[+] Domain exhausted. Finishing up: https://dae.nokla.sherpur.gov.bd
==================================================
[*] STARTING NEW DOMAIN: https://billing.kgdcl.gov.bd
==================================================
[+] Domain exhausted. Finishing up: https://billing.kgdcl.gov.bd
==================================================
[*] STARTING NEW DOMAIN: https://bpatc.portal.gov.bd
==================================================
[+] Domain exhausted. Finishing up: https://bpatc.portal.gov.bd
==================================================
[*] STARTING NEW DOMAIN: https://baliataliup.patuakhali.gov.bd
==================================================
[+] Domain exhausted. Finishing up: https://baliataliup.patuakhali.gov.bd
==================================================
[*] STARTING NEW DOMAIN: https://bwdb.patuakhali.gov.bd
==================================================
[+] Domain exhausted. Finishing up: https://bwdb.patuakhali.gov.bd
==================================================
[*] STARTING NEW DOMAIN: https://ansarvdp.natore.gov.bd
==================================================
[+] Domain exhausted. Finishing up: https://ansarvdp.natore.gov.bd
==================================================
[*] STARTING NEW DOMAIN: https://deb108882.dhakaeducationboard.gov.bd
==================================================
[+] Domain exhausted. Finishing up: https://deb108882.dhakaeducationboard.gov.bd
==================================================
[*] STARTING NEW DOMAIN: https://amtaliup.barguna.gov.bd
==================================================
[+] Domain exhausted. Finishing up: https://amtaliup.barguna.gov.bd
==================================================
[*] STARTING NEW DOMAIN: https://asu.damudya.shariatpur.gov.bd
==================================================
[+] Domain exhausted. Finishing up: https://asu.damudya.shariatpur.gov.bd
==================================================
[*] STARTING NEW DOMAIN: https://bbs.tarakanda.mymensingh.gov.bd
==================================================
[+] Domain exhausted. Finishing up: https://bbs.tarakanda.mymensingh.gov.bd
==================================================
[*] STARTING NEW DOMAIN: https://brdb.rajoir.madaripur.gov.bd
==================================================
[+] Domain exhausted. Finishing up: https://brdb.rajoir.madaripur.gov.bd
==================================================
[*] STARTING NEW DOMAIN: https://seo.kushtiasadar.kushtia.gov.bd
==================================================
[+] Domain exhausted. Finishing up: https://seo.kushtiasadar.kushtia.gov.bd
==================================================
[*] STARTING NEW DOMAIN: https://sherpur.bogra.gov.bd
==================================================
[+] Domain exhausted. Finishing up: https://sherpur.bogra.gov.bd
==================================================
[*] STARTING NEW DOMAIN: https://police.dumuria.khulna.gov.bd
==================================================
[+] Domain exhausted. Finishing up: https://police.dumuria.khulna.gov.bd
==================================================
[*] STARTING NEW DOMAIN: https://hfwc.raozan.chittagong.gov.bd
==================================================
[+] Domain exhausted. Finishing up: https://hfwc.raozan.chittagong.gov.bd
==================================================
[*] STARTING NEW DOMAIN: https://fatemayusufjuniorgirlsschool.jessoreboard.gov.bd
==================================================
[+] Domain exhausted. Finishing up: https://fatemayusufjuniorgirlsschool.jessoreboard.gov.bd
==================================================
[*] STARTING NEW DOMAIN: https://soamol.chandpur.gov.bd
==================================================
[+] Domain exhausted. Finishing up: https://soamol.chandpur.gov.bd
==================================================
[*] STARTING NEW DOMAIN: https://eed.palash.narsingdi.gov.bd
==================================================
[+] Domain exhausted. Finishing up: https://eed.palash.narsingdi.gov.bd
==================================================
[*] STARTING NEW DOMAIN: https://acc.barisaldiv.gov.bd
==================================================
[+] Domain exhausted. Finishing up: https://acc.barisaldiv.gov.bd
==================================================
[*] STARTING NEW DOMAIN: https://chondropurup.lalmonirhat.gov.bd
==================================================
[+] Domain exhausted. Finishing up: https://chondropurup.lalmonirhat.gov.bd
==================================================
[*] STARTING NEW DOMAIN: https://drmuhammadfazlulhaquegirlscollege.jessoreboard.gov.bd
==================================================
[+] Domain exhausted. Finishing up: https://drmuhammadfazlulhaquegirlscollege.jessoreboard.gov.bd
==================================================
[*] STARTING NEW DOMAIN: https://cooparative.taltali.barguna.gov.bd
==================================================
[+] Domain exhausted. Finishing up: https://cooparative.taltali.barguna.gov.bd
==================================================
[*] STARTING NEW DOMAIN: https://cooparative.sadar.gopalganj.gov.bd
==================================================
[+] Domain exhausted. Finishing up: https://cooparative.sadar.gopalganj.gov.bd
==================================================
[*] STARTING NEW DOMAIN: https://crmsatkhira.krishibank.gov.bd
==================================================
[+] Domain exhausted. Finishing up: https://crmsatkhira.krishibank.gov.bd
==================================================
[*] STARTING NEW DOMAIN: https://cooparative.baniachong.habiganj.gov.bd
==================================================
[+] Domain exhausted. Finishing up: https://cooparative.baniachong.habiganj.gov.bd
==================================================
[*] STARTING NEW DOMAIN: https://acamol.barisaldiv.gov.bd
==================================================
[+] Domain exhausted. Finishing up: https://acamol.barisaldiv.gov.bd
==================================================
[*] STARTING NEW DOMAIN: https://cooparative.rampal.bagerhat.gov.bd
==================================================
[+] Domain exhausted. Finishing up: https://cooparative.rampal.bagerhat.gov.bd
==================================================
[*] STARTING NEW DOMAIN: https://cooparative.bishwambarpur.sunamganj.gov.bd
==================================================
[+] Domain exhausted. Finishing up: https://cooparative.bishwambarpur.sunamganj.gov.bd
==================================================
[*] STARTING NEW DOMAIN: https://coop.dhakadiv.gov.bd
==================================================
[+] Domain exhausted. Finishing up: https://coop.dhakadiv.gov.bd
==================================================
[*] STARTING NEW DOMAIN: https://cpp.dashmina.patuakhali.gov.bd
==================================================
[+] Domain exhausted. Finishing up: https://cpp.dashmina.patuakhali.gov.bd
==================================================
[*] STARTING NEW DOMAIN: https://coa-revenue.gov.bd
==================================================
[+] Domain exhausted. Finishing up: https://coa-revenue.gov.bd
==================================================
[*] STARTING NEW DOMAIN: https://deb109685.dhakaeducationboard.gov.bd
==================================================
[+] Domain exhausted. Finishing up: https://deb109685.dhakaeducationboard.gov.bd
==================================================
[*] STARTING NEW DOMAIN: https://bbs.hakimpur.dinajpur.gov.bd
==================================================
[+] Domain exhausted. Finishing up: https://bbs.hakimpur.dinajpur.gov.bd
==================================================
[*] STARTING NEW DOMAIN: https://dao.magurasadar.magura.gov.bd
==================================================
[+] Domain exhausted. Finishing up: https://dao.magurasadar.magura.gov.bd
==================================================
[*] STARTING NEW DOMAIN: https://deb110020.dhakaeducationboard.gov.bd
==================================================
[+] Domain exhausted. Finishing up: https://deb110020.dhakaeducationboard.gov.bd
==================================================
[*] STARTING NEW DOMAIN: https://coop.tetulia.panchagarh.gov.bd
==================================================
[+] Domain exhausted. Finishing up: https://coop.tetulia.panchagarh.gov.bd
==================================================
[*] STARTING NEW DOMAIN: https://eo.hatia.noakhali.gov.bd
==================================================
[+] Domain exhausted. Finishing up: https://eo.hatia.noakhali.gov.bd
==================================================
[*] STARTING NEW DOMAIN: https://deb110309.dhakaeducationboard.gov.bd
==================================================
[+] Domain exhausted. Finishing up: https://deb110309.dhakaeducationboard.gov.bd
==================================================
[*] STARTING NEW DOMAIN: https://cgdf.portal.gov.bd
==================================================
[+] Domain exhausted. Finishing up: https://cgdf.portal.gov.bd
==================================================
[*] STARTING NEW DOMAIN: https://ec.sonagazi.feni.gov.bd
==================================================
[+] Domain exhausted. Finishing up: https://ec.sonagazi.feni.gov.bd
==================================================
[*] STARTING NEW DOMAIN: https://cooparative.chandanaish.chittagong.gov.bd
==================================================
[+] Domain exhausted. Finishing up: https://cooparative.chandanaish.chittagong.gov.bd
==================================================
[*] STARTING NEW DOMAIN: https://cs.rangamati.gov.bd
==================================================
[+] Domain exhausted. Finishing up: https://cs.rangamati.gov.bd
==================================================
[*] STARTING NEW DOMAIN: https://anandabasmiamunsuracademy.jessoreboard.gov.bd
==================================================
[+] Domain exhausted. Finishing up: https://anandabasmiamunsuracademy.jessoreboard.gov.bd
==================================================
[*] STARTING NEW DOMAIN: https://eed.dhamoirhat.naogaon.gov.bd
==================================================
[+] Domain exhausted. Finishing up: https://eed.dhamoirhat.naogaon.gov.bd
==================================================
[*] STARTING NEW DOMAIN: https://cooparative.kanaighat.sylhet.gov.bd
==================================================
[+] Domain exhausted. Finishing up: https://cooparative.kanaighat.sylhet.gov.bd
==================================================
[*] STARTING NEW DOMAIN: https://shiordahsecondaryschool.jessoreboard.gov.bd
==================================================
[+] Domain exhausted. Finishing up: https://shiordahsecondaryschool.jessoreboard.gov.bd
==================================================
[*] STARTING NEW DOMAIN: https://deb110534.dhakaeducationboard.gov.bd
==================================================
[+] Domain exhausted. Finishing up: https://deb110534.dhakaeducationboard.gov.bd
==================================================
[*] STARTING NEW DOMAIN: https://deb109568.dhakaeducationboard.gov.bd
==================================================
[+] Domain exhausted. Finishing up: https://deb109568.dhakaeducationboard.gov.bd
==================================================
[*] STARTING NEW DOMAIN: https://deb109749.dhakaeducationboard.gov.bd
==================================================
[+] Domain exhausted. Finishing up: https://deb109749.dhakaeducationboard.gov.bd
==================================================
[*] STARTING NEW DOMAIN: https://eed.habiganj.gov.bd
==================================================
[+] Domain exhausted. Finishing up: https://eed.habiganj.gov.bd
==================================================
[*] STARTING NEW DOMAIN: https://ebek.gosairhat.shariatpur.gov.bd
==================================================
[+] Domain exhausted. Finishing up: https://ebek.gosairhat.shariatpur.gov.bd
==================================================
[*] STARTING NEW DOMAIN: https://cooparative.saturia.manikganj.gov.bd
==================================================
[+] Domain exhausted. Finishing up: https://cooparative.saturia.manikganj.gov.bd
==================================================
[*] STARTING NEW DOMAIN: https://chithaliasecondaryschool.jessoreboard.gov.bd
==================================================
[+] Domain exhausted. Finishing up: https://chithaliasecondaryschool.jessoreboard.gov.bd
==================================================
[*] STARTING NEW DOMAIN: https://deb109539.dhakaeducationboard.gov.bd
==================================================
[+] Domain exhausted. Finishing up: https://deb109539.dhakaeducationboard.gov.bd
==================================================
[*] STARTING NEW DOMAIN: https://deb111361.dhakaeducationboard.gov.bd
==================================================
[+] Domain exhausted. Finishing up: https://deb111361.dhakaeducationboard.gov.bd
==================================================
[*] STARTING NEW DOMAIN: https://ansarvdp.shailkupa.jhenaidah.gov.bd
==================================================
[+] Domain exhausted. Finishing up: https://ansarvdp.shailkupa.jhenaidah.gov.bd
==================================================
[*] STARTING NEW DOMAIN: https://dphe.mirzaganj.patuakhali.gov.bd
==================================================
[+] Domain exhausted. Finishing up: https://dphe.mirzaganj.patuakhali.gov.bd
==================================================
[*] STARTING NEW DOMAIN: https://deo.digholia.khulna.gov.bd
==================================================
[+] Domain exhausted. Finishing up: https://deo.digholia.khulna.gov.bd
==================================================
[*] STARTING NEW DOMAIN: https://dae.chapainawabganjsadar.chapainawabganj.gov.bd
==================================================
[+] Domain exhausted. Finishing up: https://dae.chapainawabganjsadar.chapainawabganj.gov.bd
==================================================
[*] STARTING NEW DOMAIN: https://deb110041.dhakaeducationboard.gov.bd
==================================================
[+] Domain exhausted. Finishing up: https://deb110041.dhakaeducationboard.gov.bd
==================================================
[*] STARTING NEW DOMAIN: https://lged.madhupur.tangail.gov.bd
==================================================
[+] Domain exhausted. Finishing up: https://lged.madhupur.tangail.gov.bd
==================================================
[*] STARTING NEW DOMAIN: https://dae.badalgachi.naogaon.gov.bd
==================================================
[+] Domain exhausted. Finishing up: https://dae.badalgachi.naogaon.gov.bd
==================================================
[*] STARTING NEW DOMAIN: https://mpashacsd.khulna.gov.bd
==================================================
[+] Domain exhausted. Finishing up: https://mpashacsd.khulna.gov.bd
==================================================
[*] STARTING NEW DOMAIN: https://deb109254.dhakaeducationboard.gov.bd
==================================================
[+] Domain exhausted. Finishing up: https://deb109254.dhakaeducationboard.gov.bd
==================================================
[*] STARTING NEW DOMAIN: http://rms.btrc.gov.bd
==================================================
[+] Domain exhausted. Finishing up: http://rms.btrc.gov.bd
==================================================
[*] STARTING NEW DOMAIN: https://deb110517.dhakaeducationboard.gov.bd
==================================================
[+] Domain exhausted. Finishing up: https://deb110517.dhakaeducationboard.gov.bd
==================================================
[*] STARTING NEW DOMAIN: https://cftpqw.dae.gov.bd
==================================================
[+] Domain exhausted. Finishing up: https://cftpqw.dae.gov.bd
==================================================
[*] STARTING NEW DOMAIN: https://deb110032.dhakaeducationboard.gov.bd
==================================================
[+] Domain exhausted. Finishing up: https://deb110032.dhakaeducationboard.gov.bd
==================================================
[*] STARTING NEW DOMAIN: https://dae.pirganj.thakurgaon.gov.bd
==================================================
[+] Domain exhausted. Finishing up: https://dae.pirganj.thakurgaon.gov.bd
==================================================
[*] STARTING NEW DOMAIN: https://deb109351.dhakaeducationboard.gov.bd
==================================================
[+] Domain exhausted. Finishing up: https://deb109351.dhakaeducationboard.gov.bd
==================================================
[*] STARTING NEW DOMAIN: https://aliakbardeilup.coxsbazar.gov.bd
==================================================
[+] Domain exhausted. Finishing up: https://aliakbardeilup.coxsbazar.gov.bd
==================================================
[*] STARTING NEW DOMAIN: https://dae.netrokonasadar.netrokona.gov.bd
==================================================
[+] Domain exhausted. Finishing up: https://dae.netrokonasadar.netrokona.gov.bd
==================================================
[*] STARTING NEW DOMAIN: https://ec.bagatipara.natore.gov.bd
==================================================
[+] Domain exhausted. Finishing up: https://ec.bagatipara.natore.gov.bd
==================================================
[*] STARTING NEW DOMAIN: https://daomymensingh.krishibank.gov.bd
==================================================
[+] Domain exhausted. Finishing up: https://daomymensingh.krishibank.gov.bd
==================================================
[*] STARTING NEW DOMAIN: https://seo.sreepur.gazipur.gov.bd
==================================================
[+] Domain exhausted. Finishing up: https://seo.sreepur.gazipur.gov.bd
==================================================
[*] STARTING NEW DOMAIN: https://ebek.begumganj.noakhali.gov.bd
==================================================
[+] Domain exhausted. Finishing up: https://ebek.begumganj.noakhali.gov.bd
==================================================
[*] STARTING NEW DOMAIN: https://cooperative.rangpur.gov.bd
==================================================
[+] Domain exhausted. Finishing up: https://cooperative.rangpur.gov.bd
==================================================
[*] STARTING NEW DOMAIN: https://dae.mohalchari.khagrachhari.gov.bd
==================================================
[+] Domain exhausted. Finishing up: https://dae.mohalchari.khagrachhari.gov.bd
==================================================
[*] STARTING NEW DOMAIN: https://deb110579.dhakaeducationboard.gov.bd
==================================================
[+] Domain exhausted. Finishing up: https://deb110579.dhakaeducationboard.gov.bd
==================================================
[*] STARTING NEW DOMAIN: https://crm.btrc.gov.bd
==================================================
[+] Domain exhausted. Finishing up: https://crm.btrc.gov.bd
==================================================
[*] STARTING NEW DOMAIN: http://kumiraup.chittagong.gov.bd
==================================================
[+] Domain exhausted. Finishing up: http://kumiraup.chittagong.gov.bd
==================================================
[*] STARTING NEW DOMAIN: https://shahidtitumirsecondaryschool.jessoreboard.gov.bd
==================================================
[+] Domain exhausted. Finishing up: https://shahidtitumirsecondaryschool.jessoreboard.gov.bd
==================================================
[*] STARTING NEW DOMAIN: https://ebek.parbatipur.dinajpur.gov.bd
==================================================
[+] Domain exhausted. Finishing up: https://ebek.parbatipur.dinajpur.gov.bd
==================================================
[*] STARTING NEW DOMAIN: https://ebek.araihazar.narayanganj.gov.bd
==================================================
[+] Domain exhausted. Finishing up: https://ebek.araihazar.narayanganj.gov.bd
==================================================
[*] STARTING NEW DOMAIN: https://ansarvdp.bhurungamari.kurigram.gov.bd
==================================================
[+] Domain exhausted. Finishing up: https://ansarvdp.bhurungamari.kurigram.gov.bd
==================================================
[*] STARTING NEW DOMAIN: https://dae.chandanaish.chittagong.gov.bd
==================================================
[+] Domain exhausted. Finishing up: https://dae.chandanaish.chittagong.gov.bd
==================================================
[*] STARTING NEW DOMAIN: https://baroakhanup.chittagong.gov.bd
==================================================
[+] Domain exhausted. Finishing up: https://baroakhanup.chittagong.gov.bd
==================================================
[*] STARTING NEW DOMAIN: https://deb110179.dhakaeducationboard.gov.bd
==================================================
[+] Domain exhausted. Finishing up: https://deb110179.dhakaeducationboard.gov.bd
==================================================
[*] STARTING NEW DOMAIN: https://achallan.gov.bd
==================================================
[+] Domain exhausted. Finishing up: https://achallan.gov.bd
==================================================
[*] STARTING NEW DOMAIN: https://ec.madhyanagar.sunamganj.gov.bd
==================================================
[+] Domain exhausted. Finishing up: https://ec.madhyanagar.sunamganj.gov.bd
==================================================
[*] STARTING NEW DOMAIN: https://dwa.hossainpur.kishoreganj.gov.bd
==================================================
[+] Domain exhausted. Finishing up: https://dwa.hossainpur.kishoreganj.gov.bd
==================================================
[*] STARTING NEW DOMAIN: https://dae.moheshkhali.coxsbazar.gov.bd
==================================================
[+] Domain exhausted. Finishing up: https://dae.moheshkhali.coxsbazar.gov.bd
==================================================
[*] STARTING NEW DOMAIN: https://ec.pekua.coxsbazar.gov.bd
==================================================
[+] Domain exhausted. Finishing up: https://ec.pekua.coxsbazar.gov.bd
==================================================
[*] STARTING NEW DOMAIN: https://dwa.jhenaidah.gov.bd
==================================================
[+] Domain exhausted. Finishing up: https://dwa.jhenaidah.gov.bd
==================================================
[*] STARTING NEW DOMAIN: https://anwara.chittagong.gov.bd
==================================================
[+] Domain exhausted. Finishing up: https://anwara.chittagong.gov.bd
==================================================
[*] STARTING NEW DOMAIN: https://bbf.portal.gov.bd
==================================================
[+] Domain exhausted. Finishing up: https://bbf.portal.gov.bd
==================================================
[*] STARTING NEW DOMAIN: https://acl.badalgachi.naogaon.gov.bd
==================================================
[+] Domain exhausted. Finishing up: https://acl.badalgachi.naogaon.gov.bd
==================================================
[*] STARTING NEW DOMAIN: https://ansarvdp.netrokonasadar.netrokona.gov.bd
==================================================
[+] Domain exhausted. Finishing up: https://ansarvdp.netrokonasadar.netrokona.gov.bd
==================================================
[*] STARTING NEW DOMAIN: https://acl.mujibnagar.meherpur.gov.bd
==================================================
[+] Domain exhausted. Finishing up: https://acl.mujibnagar.meherpur.gov.bd
==================================================
[*] STARTING NEW DOMAIN: https://dae.sadar.brahmanbaria.gov.bd
==================================================
[+] Domain exhausted. Finishing up: https://dae.sadar.brahmanbaria.gov.bd
==================================================
[*] STARTING NEW DOMAIN: https://ebek.burichang.comilla.gov.bd
==================================================
[+] Domain exhausted. Finishing up: https://ebek.burichang.comilla.gov.bd
==================================================
[*] STARTING NEW DOMAIN: https://drshaifulislamcollegekatgara.jessoreboard.gov.bd
==================================================
[+] Domain exhausted. Finishing up: https://drshaifulislamcollegekatgara.jessoreboard.gov.bd
==================================================
[*] STARTING NEW DOMAIN: https://abdullapurup.munshiganj.gov.bd
==================================================
[+] Domain exhausted. Finishing up: https://abdullapurup.munshiganj.gov.bd
==================================================
[*] STARTING NEW DOMAIN: https://seedsbadc.sadar.bagerhat.gov.bd
==================================================
[+] Domain exhausted. Finishing up: https://seedsbadc.sadar.bagerhat.gov.bd
==================================================
[*] STARTING NEW DOMAIN: https://bhuloinsouthup.comilla.gov.bd
==================================================
[+] Domain exhausted. Finishing up: https://bhuloinsouthup.comilla.gov.bd
==================================================
[*] STARTING NEW DOMAIN: https://deb108684.dhakaeducationboard.gov.bd
==================================================
[+] Domain exhausted. Finishing up: https://deb108684.dhakaeducationboard.gov.bd
==================================================
[*] STARTING NEW DOMAIN: https://sharafbhataup.chittagong.gov.bd
==================================================
[+] Domain exhausted. Finishing up: https://sharafbhataup.chittagong.gov.bd
==================================================
[*] STARTING NEW DOMAIN: http://dss.nachol.chapainawabganj.gov.bd
==================================================
[+] Domain exhausted. Finishing up: http://dss.nachol.chapainawabganj.gov.bd
==================================================
[*] STARTING NEW DOMAIN: https://dwa.manikganj.gov.bd
==================================================
[+] Domain exhausted. Finishing up: https://dwa.manikganj.gov.bd
==================================================
[*] STARTING NEW DOMAIN: https://dwa.panchagarh.gov.bd
==================================================
[+] Domain exhausted. Finishing up: https://dwa.panchagarh.gov.bd
==================================================
[*] STARTING NEW DOMAIN: https://sca.rajshahi.gov.bd
==================================================
[+] Domain exhausted. Finishing up: https://sca.rajshahi.gov.bd
==================================================
[*] STARTING NEW DOMAIN: https://cbj.gov.bd
==================================================
[+] Domain exhausted. Finishing up: https://cbj.gov.bd
==================================================
[*] STARTING NEW DOMAIN: https://bbs.kotalipara.gopalganj.gov.bd
==================================================
[+] Domain exhausted. Finishing up: https://bbs.kotalipara.gopalganj.gov.bd
==================================================
[*] STARTING NEW DOMAIN: https://dae.tetulia.panchagarh.gov.bd
==================================================
[+] Domain exhausted. Finishing up: https://dae.tetulia.panchagarh.gov.bd
==================================================
[*] STARTING NEW DOMAIN: https://deb111406.dhakaeducationboard.gov.bd
==================================================
[+] Domain exhausted. Finishing up: https://deb111406.dhakaeducationboard.gov.bd
==================================================
[*] STARTING NEW DOMAIN: https://shilpakala.satkhira.gov.bd
==================================================
[+] Domain exhausted. Finishing up: https://shilpakala.satkhira.gov.bd
==================================================
[*] STARTING NEW DOMAIN: https://deb110827.dhakaeducationboard.gov.bd
==================================================
[+] Domain exhausted. Finishing up: https://deb110827.dhakaeducationboard.gov.bd
==================================================
[*] STARTING NEW DOMAIN: https://brdb.dashmina.patuakhali.gov.bd
==================================================
[+] Domain exhausted. Finishing up: https://brdb.dashmina.patuakhali.gov.bd
==================================================
[*] STARTING NEW DOMAIN: https://deb108793.dhakaeducationboard.gov.bd
==================================================
[+] Domain exhausted. Finishing up: https://deb108793.dhakaeducationboard.gov.bd
==================================================
[*] STARTING NEW DOMAIN: https://deb110940.dhakaeducationboard.gov.bd
==================================================
[+] Domain exhausted. Finishing up: https://deb110940.dhakaeducationboard.gov.bd
==================================================
[*] STARTING NEW DOMAIN: https://deb108839.dhakaeducationboard.gov.bd
==================================================
[+] Domain exhausted. Finishing up: https://deb108839.dhakaeducationboard.gov.bd
==================================================
[*] STARTING NEW DOMAIN: https://dao.hajiganj.chandpur.gov.bd
==================================================
[+] Domain exhausted. Finishing up: https://dao.hajiganj.chandpur.gov.bd
==================================================
[*] STARTING NEW DOMAIN: https://dss.gangni.meherpur.gov.bd
==================================================
[+] Domain exhausted. Finishing up: https://dss.gangni.meherpur.gov.bd
==================================================
[*] STARTING NEW DOMAIN: https://shagarkhalyidealcollege.jessoreboard.gov.bd
==================================================
[+] Domain exhausted. Finishing up: https://shagarkhalyidealcollege.jessoreboard.gov.bd
==================================================
[*] STARTING NEW DOMAIN: https://scmfp.fisheries.gov.bd
==================================================
[+] Domain exhausted. Finishing up: https://scmfp.fisheries.gov.bd
==================================================
[*] STARTING NEW DOMAIN: https://ansarvdp.sadarpur.faridpur.gov.bd
==================================================
[+] Domain exhausted. Finishing up: https://ansarvdp.sadarpur.faridpur.gov.bd
==================================================
[*] STARTING NEW DOMAIN: https://acl.paikgasa.khulna.gov.bd
==================================================
[+] Domain exhausted. Finishing up: https://acl.paikgasa.khulna.gov.bd
==================================================
[*] STARTING NEW DOMAIN: https://deb111094.dhakaeducationboard.gov.bd
==================================================
[+] Domain exhausted. Finishing up: https://deb111094.dhakaeducationboard.gov.bd
==================================================
[*] STARTING NEW DOMAIN: https://deb111290.dhakaeducationboard.gov.bd
==================================================
[+] Domain exhausted. Finishing up: https://deb111290.dhakaeducationboard.gov.bd
==================================================
[*] STARTING NEW DOMAIN: https://dao.begumganj.noakhali.gov.bd
==================================================
[+] Domain exhausted. Finishing up: https://dao.begumganj.noakhali.gov.bd
==================================================
[*] STARTING NEW DOMAIN: https://fisheries.kalia.narail.gov.bd
==================================================
[+] Domain exhausted. Finishing up: https://fisheries.kalia.narail.gov.bd
==================================================
[*] STARTING NEW DOMAIN: https://dao.dhaka.gov.bd
==================================================
[+] Domain exhausted. Finishing up: https://dao.dhaka.gov.bd
==================================================
[*] STARTING NEW DOMAIN: https://dss.moulvibazarsadar.moulvibazar.gov.bd
==================================================
[+] Domain exhausted. Finishing up: https://dss.moulvibazarsadar.moulvibazar.gov.bd
==================================================
[*] STARTING NEW DOMAIN: https://amtalabanisantasecondaryschool.jessoreboard.gov.bd
==================================================
[+] Domain exhausted. Finishing up: https://amtalabanisantasecondaryschool.jessoreboard.gov.bd
==================================================
[*] STARTING NEW DOMAIN: https://acc.sylhet.gov.bd
==================================================
[+] Domain exhausted. Finishing up: https://acc.sylhet.gov.bd
==================================================
[*] STARTING NEW DOMAIN: https://dao.patiya.chittagong.gov.bd
==================================================
[+] Domain exhausted. Finishing up: https://dao.patiya.chittagong.gov.bd
==================================================
[*] STARTING NEW DOMAIN: https://eo.sadar.coxsbazar.gov.bd
==================================================
[+] Domain exhausted. Finishing up: https://eo.sadar.coxsbazar.gov.bd
==================================================
[*] STARTING NEW DOMAIN: https://doict.jamalpursadar.jamalpur.gov.bd
==================================================
[+] Domain exhausted. Finishing up: https://doict.jamalpursadar.jamalpur.gov.bd
==================================================
[*] STARTING NEW DOMAIN: https://dakshinbedkashisecondarygirlsschool.jessoreboard.gov.bd
==================================================
[+] Domain exhausted. Finishing up: https://dakshinbedkashisecondarygirlsschool.jessoreboard.gov.bd
==================================================
[*] STARTING NEW DOMAIN: https://deb111834.dhakaeducationboard.gov.bd
==================================================
[+] Domain exhausted. Finishing up: https://deb111834.dhakaeducationboard.gov.bd
==================================================
[*] STARTING NEW DOMAIN: https://deb111663.dhakaeducationboard.gov.bd
==================================================
[+] Domain exhausted. Finishing up: https://deb111663.dhakaeducationboard.gov.bd
==================================================
[*] STARTING NEW DOMAIN: https://ansarvdp.atghoria.pabna.gov.bd
==================================================
[+] Domain exhausted. Finishing up: https://ansarvdp.atghoria.pabna.gov.bd
==================================================
[*] STARTING NEW DOMAIN: https://dakhinnowaparsammilanicollege.jessoreboard.gov.bd
==================================================
[+] Domain exhausted. Finishing up: https://dakhinnowaparsammilanicollege.jessoreboard.gov.bd
==================================================
[*] STARTING NEW DOMAIN: https://mail.rda.gov.bd
==================================================
[+] Domain exhausted. Finishing up: https://mail.rda.gov.bd
==================================================
[*] STARTING NEW DOMAIN: https://deb110912.dhakaeducationboard.gov.bd
==================================================
[+] Domain exhausted. Finishing up: https://deb110912.dhakaeducationboard.gov.bd
==================================================
[*] STARTING NEW DOMAIN: https://deb112840.dhakaeducationboard.gov.bd
==================================================
[+] Domain exhausted. Finishing up: https://deb112840.dhakaeducationboard.gov.bd
==================================================
[*] STARTING NEW DOMAIN: https://deb108355.dhakaeducationboard.gov.bd
==================================================
[+] Domain exhausted. Finishing up: https://deb108355.dhakaeducationboard.gov.bd
==================================================
[*] STARTING NEW DOMAIN: https://ec.akhaura.brahmanbaria.gov.bd
==================================================
[+] Domain exhausted. Finishing up: https://ec.akhaura.brahmanbaria.gov.bd
==================================================
[*] STARTING NEW DOMAIN: https://health.kishorganj.nilphamari.gov.bd
==================================================
[+] Domain exhausted. Finishing up: https://health.kishorganj.nilphamari.gov.bd
==================================================
[*] STARTING NEW DOMAIN: https://deb108221.dhakaeducationboard.gov.bd
==================================================
[+] Domain exhausted. Finishing up: https://deb108221.dhakaeducationboard.gov.bd
==================================================
[*] STARTING NEW DOMAIN: https://deb108636.dhakaeducationboard.gov.bd
==================================================
[+] Domain exhausted. Finishing up: https://deb108636.dhakaeducationboard.gov.bd
==================================================
[*] STARTING NEW DOMAIN: https://bnfe.faridpur.gov.bd
==================================================
[+] Domain exhausted. Finishing up: https://bnfe.faridpur.gov.bd
==================================================
[*] STARTING NEW DOMAIN: https://deb112493.dhakaeducationboard.gov.bd
==================================================
[+] Domain exhausted. Finishing up: https://deb112493.dhakaeducationboard.gov.bd
==================================================
[*] STARTING NEW DOMAIN: https://dphe.nasirnagar.brahmanbaria.gov.bd
==================================================
[+] Domain exhausted. Finishing up: https://dphe.nasirnagar.brahmanbaria.gov.bd
==================================================
[*] STARTING NEW DOMAIN: https://deb111572.dhakaeducationboard.gov.bd
==================================================
[+] Domain exhausted. Finishing up: https://deb111572.dhakaeducationboard.gov.bd
==================================================
[*] STARTING NEW DOMAIN: https://deb110996.dhakaeducationboard.gov.bd
==================================================
[+] Domain exhausted. Finishing up: https://deb110996.dhakaeducationboard.gov.bd
==================================================
[*] STARTING NEW DOMAIN: https://badc.magura.gov.bd
==================================================
[+] Domain exhausted. Finishing up: https://badc.magura.gov.bd
==================================================
[*] STARTING NEW DOMAIN: https://att.rajshahiboard.gov.bd
==================================================
[+] Domain exhausted. Finishing up: https://att.rajshahiboard.gov.bd
==================================================
[*] STARTING NEW DOMAIN: https://mail.nememw.gov.bd
==================================================
[+] Domain exhausted. Finishing up: https://mail.nememw.gov.bd
==================================================
[*] STARTING NEW DOMAIN: https://deb111915.dhakaeducationboard.gov.bd
==================================================
[+] Domain exhausted. Finishing up: https://deb111915.dhakaeducationboard.gov.bd
==================================================
[*] STARTING NEW DOMAIN: https://ansarvdp.sadar.feni.gov.bd
==================================================
[+] Domain exhausted. Finishing up: https://ansarvdp.sadar.feni.gov.bd
==================================================
[*] STARTING NEW DOMAIN: https://atrai.naogaon.gov.bd
==================================================
[+] Domain exhausted. Finishing up: https://atrai.naogaon.gov.bd
==================================================
[*] STARTING NEW DOMAIN: https://shamsuddinsardarsecondaryschool.jessoreboard.gov.bd
==================================================
[+] Domain exhausted. Finishing up: https://shamsuddinsardarsecondaryschool.jessoreboard.gov.bd
==================================================
[*] STARTING NEW DOMAIN: https://deb111243.dhakaeducationboard.gov.bd
==================================================
[+] Domain exhausted. Finishing up: https://deb111243.dhakaeducationboard.gov.bd
==================================================
[*] STARTING NEW DOMAIN: https://deb112106.dhakaeducationboard.gov.bd
==================================================
[+] Domain exhausted. Finishing up: https://deb112106.dhakaeducationboard.gov.bd
==================================================
[*] STARTING NEW DOMAIN: https://deb112508.dhakaeducationboard.gov.bd
==================================================
[+] Domain exhausted. Finishing up: https://deb112508.dhakaeducationboard.gov.bd
==================================================
[*] STARTING NEW DOMAIN: https://deb108808.dhakaeducationboard.gov.bd
==================================================
[+] Domain exhausted. Finishing up: https://deb108808.dhakaeducationboard.gov.bd
==================================================
[*] STARTING NEW DOMAIN: https://bbs.sylhetdiv.gov.bd
==================================================
[+] Domain exhausted. Finishing up: https://bbs.sylhetdiv.gov.bd
==================================================
[*] STARTING NEW DOMAIN: https://deb108377.dhakaeducationboard.gov.bd
==================================================
[+] Domain exhausted. Finishing up: https://deb108377.dhakaeducationboard.gov.bd
==================================================
[*] STARTING NEW DOMAIN: https://sfdf.jibannagar.chuadanga.gov.bd
==================================================
[+] Domain exhausted. Finishing up: https://sfdf.jibannagar.chuadanga.gov.bd
==================================================
[*] STARTING NEW DOMAIN: https://deb109052.dhakaeducationboard.gov.bd
==================================================
[+] Domain exhausted. Finishing up: https://deb109052.dhakaeducationboard.gov.bd
==================================================
[*] STARTING NEW DOMAIN: https://deb112482.dhakaeducationboard.gov.bd
==================================================
[+] Domain exhausted. Finishing up: https://deb112482.dhakaeducationboard.gov.bd
==================================================
[*] STARTING NEW DOMAIN: https://deb111560.dhakaeducationboard.gov.bd
==================================================
[+] Domain exhausted. Finishing up: https://deb111560.dhakaeducationboard.gov.bd
==================================================
[*] STARTING NEW DOMAIN: https://dss.kasba.brahmanbaria.gov.bd
==================================================
[+] Domain exhausted. Finishing up: https://dss.kasba.brahmanbaria.gov.bd
==================================================
[*] STARTING NEW DOMAIN: https://deb112612.dhakaeducationboard.gov.bd
==================================================
[+] Domain exhausted. Finishing up: https://deb112612.dhakaeducationboard.gov.bd
==================================================
[*] STARTING NEW DOMAIN: https://deb112890.dhakaeducationboard.gov.bd
==================================================
[+] Domain exhausted. Finishing up: https://deb112890.dhakaeducationboard.gov.bd
==================================================
[*] STARTING NEW DOMAIN: https://deb113997.dhakaeducationboard.gov.bd
==================================================
[+] Domain exhausted. Finishing up: https://deb113997.dhakaeducationboard.gov.bd
==================================================
[*] STARTING NEW DOMAIN: https://deb112417.dhakaeducationboard.gov.bd
==================================================
[+] Domain exhausted. Finishing up: https://deb112417.dhakaeducationboard.gov.bd
==================================================
[*] STARTING NEW DOMAIN: https://deb112666.dhakaeducationboard.gov.bd
==================================================
[+] Domain exhausted. Finishing up: https://deb112666.dhakaeducationboard.gov.bd
==================================================
[*] STARTING NEW DOMAIN: https://ec.ramgati.lakshmipur.gov.bd
==================================================
[+] Domain exhausted. Finishing up: https://ec.ramgati.lakshmipur.gov.bd
==================================================
[*] STARTING NEW DOMAIN: https://deb112661.dhakaeducationboard.gov.bd
==================================================
[+] Domain exhausted. Finishing up: https://deb112661.dhakaeducationboard.gov.bd
==================================================
[*] STARTING NEW DOMAIN: https://eed.kishoreganjsadar.kishoreganj.gov.bd
==================================================
[+] Domain exhausted. Finishing up: https://eed.kishoreganjsadar.kishoreganj.gov.bd
==================================================
[*] STARTING NEW DOMAIN: https://pdbf.bagerhat.gov.bd
==================================================
[+] Domain exhausted. Finishing up: https://pdbf.bagerhat.gov.bd
==================================================
[*] STARTING NEW DOMAIN: https://deb112944.dhakaeducationboard.gov.bd
==================================================
[+] Domain exhausted. Finishing up: https://deb112944.dhakaeducationboard.gov.bd
==================================================
[*] STARTING NEW DOMAIN: https://bijoraup.dinajpur.gov.bd
==================================================
[+] Domain exhausted. Finishing up: https://bijoraup.dinajpur.gov.bd
==================================================
[*] STARTING NEW DOMAIN: https://ec.bhaluka.mymensingh.gov.bd
==================================================
[+] Domain exhausted. Finishing up: https://ec.bhaluka.mymensingh.gov.bd
==================================================
[*] STARTING NEW DOMAIN: https://pdbf.lalpur.natore.gov.bd
==================================================
[+] Domain exhausted. Finishing up: https://pdbf.lalpur.natore.gov.bd
==================================================
[*] STARTING NEW DOMAIN: https://deb114215.dhakaeducationboard.gov.bd
==================================================
[+] Domain exhausted. Finishing up: https://deb114215.dhakaeducationboard.gov.bd
==================================================
[*] STARTING NEW DOMAIN: http://atuliaabdulkaderschoolandcollege.jessoreboard.gov.bd
==================================================
[+] Domain exhausted. Finishing up: http://atuliaabdulkaderschoolandcollege.jessoreboard.gov.bd
==================================================
[*] STARTING NEW DOMAIN: https://emrd.gov.bd
==================================================
[+] Domain exhausted. Finishing up: https://emrd.gov.bd
==================================================
[*] STARTING NEW DOMAIN: https://pallisanchaybank.gov.bd
==================================================
[+] Domain exhausted. Finishing up: https://pallisanchaybank.gov.bd
==================================================
[*] STARTING NEW DOMAIN: https://deb114203.dhakaeducationboard.gov.bd
==================================================
[+] Domain exhausted. Finishing up: https://deb114203.dhakaeducationboard.gov.bd
==================================================
[*] STARTING NEW DOMAIN: https://pbs.naria.shariatpur.gov.bd
==================================================
[+] Domain exhausted. Finishing up: https://pbs.naria.shariatpur.gov.bd
==================================================
[*] STARTING NEW DOMAIN: https://paikparaup.madaripur.gov.bd
==================================================
[+] Domain exhausted. Finishing up: https://paikparaup.madaripur.gov.bd
==================================================
[*] STARTING NEW DOMAIN: https://employee.oep.gov.bd
==================================================
[+] Domain exhausted. Finishing up: https://employee.oep.gov.bd
==================================================
[*] STARTING NEW DOMAIN: https://badc.natore.gov.bd
==================================================
[+] Domain exhausted. Finishing up: https://badc.natore.gov.bd
==================================================
[*] STARTING NEW DOMAIN: https://pbs.sonargaon.narayanganj.gov.bd
==================================================
[+] Domain exhausted. Finishing up: https://pbs.sonargaon.narayanganj.gov.bd
==================================================
[*] STARTING NEW DOMAIN: https://ec.ulipur.kurigram.gov.bd
==================================================
[+] Domain exhausted. Finishing up: https://ec.ulipur.kurigram.gov.bd
==================================================
[*] STARTING NEW DOMAIN: https://po.comilla.gov.bd
==================================================
[+] Domain exhausted. Finishing up: https://po.comilla.gov.bd
==================================================
[*] STARTING NEW DOMAIN: https://pio.sadar.madaripur.gov.bd
==================================================
[+] Domain exhausted. Finishing up: https://pio.sadar.madaripur.gov.bd
==================================================
[*] STARTING NEW DOMAIN: https://lged.chhagalnaiya.feni.gov.bd
==================================================
[+] Domain exhausted. Finishing up: https://lged.chhagalnaiya.feni.gov.bd
==================================================
[*] STARTING NEW DOMAIN: https://hris.dgfp.gov.bd
==================================================
[+] Domain exhausted. Finishing up: https://hris.dgfp.gov.bd
==================================================
[*] STARTING NEW DOMAIN: https://sports.bagerhat.gov.bd
==================================================
[+] Domain exhausted. Finishing up: https://sports.bagerhat.gov.bd
==================================================
[*] STARTING NEW DOMAIN: https://acl.sadarpur.faridpur.gov.bd
==================================================
[+] Domain exhausted. Finishing up: https://acl.sadarpur.faridpur.gov.bd
==================================================
[*] STARTING NEW DOMAIN: http://deb137086.dhakaeducationboard.gov.bd
==================================================
[+] Domain exhausted. Finishing up: http://deb137086.dhakaeducationboard.gov.bd
==================================================
[*] STARTING NEW DOMAIN: https://po.manikganj.gov.bd
==================================================
[+] Domain exhausted. Finishing up: https://po.manikganj.gov.bd
==================================================
[*] STARTING NEW DOMAIN: https://pdbf.dharmapasha.sunamganj.gov.bd
==================================================
[+] Domain exhausted. Finishing up: https://pdbf.dharmapasha.sunamganj.gov.bd
==================================================
[*] STARTING NEW DOMAIN: https://deb114542.dhakaeducationboard.gov.bd
==================================================
[+] Domain exhausted. Finishing up: https://deb114542.dhakaeducationboard.gov.bd
==================================================
[*] STARTING NEW DOMAIN: https://bari.gov.bd
==================================================
[+] Domain exhausted. Finishing up: https://bari.gov.bd
==================================================
[*] STARTING NEW DOMAIN: https://fireservice.purbadhala.netrokona.gov.bd
==================================================
[+] Domain exhausted. Finishing up: https://fireservice.purbadhala.netrokona.gov.bd
==================================================
[*] STARTING NEW DOMAIN: https://deb134125.dhakaeducationboard.gov.bd
==================================================
[+] Domain exhausted. Finishing up: https://deb134125.dhakaeducationboard.gov.bd
==================================================
[*] STARTING NEW DOMAIN: https://pdbf.shailkupa.jhenaidah.gov.bd
==================================================
[+] Domain exhausted. Finishing up: https://pdbf.shailkupa.jhenaidah.gov.bd
==================================================
[*] STARTING NEW DOMAIN: https://police.naniarchar.rangamati.gov.bd
==================================================
[+] Domain exhausted. Finishing up: https://police.naniarchar.rangamati.gov.bd
==================================================
[*] STARTING NEW DOMAIN: https://deb139648.dhakaeducationboard.gov.bd
==================================================
[+] Domain exhausted. Finishing up: https://deb139648.dhakaeducationboard.gov.bd
==================================================
[*] STARTING NEW DOMAIN: https://deb134479.dhakaeducationboard.gov.bd
==================================================
[+] Domain exhausted. Finishing up: https://deb134479.dhakaeducationboard.gov.bd
==================================================
[*] STARTING NEW DOMAIN: https://roc.chittagongdiv.gov.bd
==================================================
[+] Domain exhausted. Finishing up: https://roc.chittagongdiv.gov.bd
==================================================
[*] STARTING NEW DOMAIN: https://doict.patiya.chittagong.gov.bd
==================================================
[+] Domain exhausted. Finishing up: https://doict.patiya.chittagong.gov.bd
==================================================
[*] STARTING NEW DOMAIN: https://deb190007.dhakaeducationboard.gov.bd
==================================================
[+] Domain exhausted. Finishing up: https://deb190007.dhakaeducationboard.gov.bd
==================================================
[*] STARTING NEW DOMAIN: https://deb130896.dhakaeducationboard.gov.bd
==================================================
[+] Domain exhausted. Finishing up: https://deb130896.dhakaeducationboard.gov.bd
==================================================
[*] STARTING NEW DOMAIN: https://acl.sonatala.bogra.gov.bd
==================================================
[+] Domain exhausted. Finishing up: https://acl.sonatala.bogra.gov.bd
==================================================
[*] STARTING NEW DOMAIN: https://deo.jamalpur.gov.bd
==================================================
[+] Domain exhausted. Finishing up: https://deo.jamalpur.gov.bd
==================================================
[*] STARTING NEW DOMAIN: https://deb140351.dhakaeducationboard.gov.bd
==================================================
[+] Domain exhausted. Finishing up: https://deb140351.dhakaeducationboard.gov.bd
==================================================
[*] STARTING NEW DOMAIN: https://deb131405.dhakaeducationboard.gov.bd
==================================================
[+] Domain exhausted. Finishing up: https://deb131405.dhakaeducationboard.gov.bd
==================================================
[*] STARTING NEW DOMAIN: https://dhaorahighschool.jessoreboard.gov.bd
==================================================
[+] Domain exhausted. Finishing up: https://dhaorahighschool.jessoreboard.gov.bd
==================================================
[*] STARTING NEW DOMAIN: https://deb130730.dhakaeducationboard.gov.bd
==================================================
[+] Domain exhausted. Finishing up: https://deb130730.dhakaeducationboard.gov.bd
==================================================
[*] STARTING NEW DOMAIN: https://bscic.nilphamari.gov.bd
==================================================
[+] Domain exhausted. Finishing up: https://bscic.nilphamari.gov.bd
==================================================
[*] STARTING NEW DOMAIN: https://doict.hajiganj.chandpur.gov.bd
==================================================
[+] Domain exhausted. Finishing up: https://doict.hajiganj.chandpur.gov.bd
==================================================
[*] STARTING NEW DOMAIN: https://boaliajuniorgirlshighschool.jessoreboard.gov.bd
==================================================
[+] Domain exhausted. Finishing up: https://boaliajuniorgirlshighschool.jessoreboard.gov.bd
==================================================
[*] STARTING NEW DOMAIN: http://ti.bhola.gov.bd
==================================================
[+] Domain exhausted. Finishing up: http://ti.bhola.gov.bd
==================================================
[*] STARTING NEW DOMAIN: https://doict.dhobaura.mymensingh.gov.bd
==================================================
[+] Domain exhausted. Finishing up: https://doict.dhobaura.mymensingh.gov.bd
==================================================
[*] STARTING NEW DOMAIN: https://deb133989.dhakaeducationboard.gov.bd
==================================================
[+] Domain exhausted. Finishing up: https://deb133989.dhakaeducationboard.gov.bd
==================================================
[*] STARTING NEW DOMAIN: https://deb130930.dhakaeducationboard.gov.bd
==================================================
[+] Domain exhausted. Finishing up: https://deb130930.dhakaeducationboard.gov.bd
==================================================
[*] STARTING NEW DOMAIN: https://altapolesecondaryschool.jessoreboard.gov.bd
==================================================
[+] Domain exhausted. Finishing up: https://altapolesecondaryschool.jessoreboard.gov.bd
==================================================
[*] STARTING NEW DOMAIN: https://deb137143.dhakaeducationboard.gov.bd
==================================================
[+] Domain exhausted. Finishing up: https://deb137143.dhakaeducationboard.gov.bd
==================================================
[*] STARTING NEW DOMAIN: https://deb139022.dhakaeducationboard.gov.bd
==================================================
[+] Domain exhausted. Finishing up: https://deb139022.dhakaeducationboard.gov.bd
==================================================
[*] STARTING NEW DOMAIN: https://deb134567.dhakaeducationboard.gov.bd
==================================================
[+] Domain exhausted. Finishing up: https://deb134567.dhakaeducationboard.gov.bd
==================================================
[*] STARTING NEW DOMAIN: https://deb114700.dhakaeducationboard.gov.bd
==================================================
[+] Domain exhausted. Finishing up: https://deb114700.dhakaeducationboard.gov.bd
==================================================
[*] STARTING NEW DOMAIN: https://deb136912.dhakaeducationboard.gov.bd
==================================================
[+] Domain exhausted. Finishing up: https://deb136912.dhakaeducationboard.gov.bd
==================================================
[*] STARTING NEW DOMAIN: https://bildoraup.mymensingh.gov.bd
==================================================
[+] Domain exhausted. Finishing up: https://bildoraup.mymensingh.gov.bd
==================================================
[*] STARTING NEW DOMAIN: https://bholanathsukhadasundarisecondaryschool.jessoreboard.gov.bd
==================================================
[+] Domain exhausted. Finishing up: https://bholanathsukhadasundarisecondaryschool.jessoreboard.gov.bd
==================================================
[*] STARTING NEW DOMAIN: https://asu.kawkhali.pirojpur.gov.bd
==================================================
[+] Domain exhausted. Finishing up: https://asu.kawkhali.pirojpur.gov.bd
==================================================
[*] STARTING NEW DOMAIN: https://deb134347.dhakaeducationboard.gov.bd
==================================================
[+] Domain exhausted. Finishing up: https://deb134347.dhakaeducationboard.gov.bd
==================================================
[*] STARTING NEW DOMAIN: https://fisheries.sadar.bandarban.gov.bd
==================================================
[+] Domain exhausted. Finishing up: https://fisheries.sadar.bandarban.gov.bd
==================================================
[*] STARTING NEW DOMAIN: https://deo.barisal.gov.bd
==================================================
[+] Domain exhausted. Finishing up: https://deo.barisal.gov.bd
==================================================
[*] STARTING NEW DOMAIN: https://dvh.bandarban.gov.bd
==================================================
[+] Domain exhausted. Finishing up: https://dvh.bandarban.gov.bd
==================================================
[*] STARTING NEW DOMAIN: https://doict.tanore.rajshahi.gov.bd
==================================================
[+] Domain exhausted. Finishing up: https://doict.tanore.rajshahi.gov.bd
==================================================
[*] STARTING NEW DOMAIN: https://acl.jamalganj.sunamganj.gov.bd
==================================================
[+] Domain exhausted. Finishing up: https://acl.jamalganj.sunamganj.gov.bd
==================================================
[*] STARTING NEW DOMAIN: https://btec.portal.gov.bd
==================================================
[+] Domain exhausted. Finishing up: https://btec.portal.gov.bd
==================================================
[*] STARTING NEW DOMAIN: https://seo.nazirpur.pirojpur.gov.bd
==================================================
[+] Domain exhausted. Finishing up: https://seo.nazirpur.pirojpur.gov.bd
==================================================
[*] STARTING NEW DOMAIN: https://issuetrack.bpdbprepaid.gov.bd
==================================================
[+] Domain exhausted. Finishing up: https://issuetrack.bpdbprepaid.gov.bd
==================================================
[*] STARTING NEW DOMAIN: https://acl.nikli.kishoreganj.gov.bd
==================================================
[+] Domain exhausted. Finishing up: https://acl.nikli.kishoreganj.gov.bd
==================================================
[*] STARTING NEW DOMAIN: https://betarnews.mymensingh.gov.bd
==================================================
[+] Domain exhausted. Finishing up: https://betarnews.mymensingh.gov.bd
==================================================
[*] STARTING NEW DOMAIN: https://shaitgumbajgovtprimaryschool.jessoreboard.gov.bd
==================================================
[+] Domain exhausted. Finishing up: https://shaitgumbajgovtprimaryschool.jessoreboard.gov.bd
==================================================
[*] STARTING NEW DOMAIN: https://food.rowmari.kurigram.gov.bd
==================================================
[+] Domain exhausted. Finishing up: https://food.rowmari.kurigram.gov.bd
==================================================
[*] STARTING NEW DOMAIN: https://food.meghna.comilla.gov.bd
==================================================
[+] Domain exhausted. Finishing up: https://food.meghna.comilla.gov.bd
==================================================
[*] STARTING NEW DOMAIN: https://dshe.jamalpursadar.jamalpur.gov.bd
==================================================
[+] Domain exhausted. Finishing up: https://dshe.jamalpursadar.jamalpur.gov.bd
==================================================
[*] STARTING NEW DOMAIN: https://drro.narayanganj.gov.bd
==================================================
[+] Domain exhausted. Finishing up: https://drro.narayanganj.gov.bd
==================================================
[*] STARTING NEW DOMAIN: https://lged.aditmari.lalmonirhat.gov.bd
==================================================
[+] Domain exhausted. Finishing up: https://lged.aditmari.lalmonirhat.gov.bd
==================================================
[*] STARTING NEW DOMAIN: https://fisheries.dhunot.bogra.gov.bd
==================================================
[+] Domain exhausted. Finishing up: https://fisheries.dhunot.bogra.gov.bd
==================================================
[*] STARTING NEW DOMAIN: https://dphe.shajahanpur.bogra.gov.bd
==================================================
[+] Domain exhausted. Finishing up: https://dphe.shajahanpur.bogra.gov.bd
==================================================
[*] STARTING NEW DOMAIN: https://food.baraigram.natore.gov.bd
==================================================
[+] Domain exhausted. Finishing up: https://food.baraigram.natore.gov.bd
==================================================
[*] STARTING NEW DOMAIN: https://fisheries.keshabpur.jessore.gov.bd
==================================================
[+] Domain exhausted. Finishing up: https://fisheries.keshabpur.jessore.gov.bd
==================================================
[*] STARTING NEW DOMAIN: https://fisharies.kushtiasadar.kushtia.gov.bd
==================================================
[+] Domain exhausted. Finishing up: https://fisharies.kushtiasadar.kushtia.gov.bd
==================================================
[*] STARTING NEW DOMAIN: https://fdc.gov.bd
==================================================
[+] Domain exhausted. Finishing up: https://fdc.gov.bd
==================================================
[*] STARTING NEW DOMAIN: https://dphe.sadar.rajbari.gov.bd
==================================================
[+] Domain exhausted. Finishing up: https://dphe.sadar.rajbari.gov.bd
==================================================
[*] STARTING NEW DOMAIN: https://dshe.companiganj.sylhet.gov.bd
==================================================
[+] Domain exhausted. Finishing up: https://dshe.companiganj.sylhet.gov.bd
==================================================
[*] STARTING NEW DOMAIN: https://bshi.portal.gov.bd
==================================================
[+] Domain exhausted. Finishing up: https://bshi.portal.gov.bd
==================================================
[*] STARTING NEW DOMAIN: https://forest.birol.dinajpur.gov.bd
==================================================
[+] Domain exhausted. Finishing up: https://forest.birol.dinajpur.gov.bd
==================================================
[*] STARTING NEW DOMAIN: https://dphe.madaripur.gov.bd
==================================================
[+] Domain exhausted. Finishing up: https://dphe.madaripur.gov.bd
==================================================
[*] STARTING NEW DOMAIN: https://dphe.charrajibpur.kurigram.gov.bd
==================================================
[+] Domain exhausted. Finishing up: https://dphe.charrajibpur.kurigram.gov.bd
==================================================
[*] STARTING NEW DOMAIN: https://bbs.mohonpur.rajshahi.gov.bd
==================================================
[+] Domain exhausted. Finishing up: https://bbs.mohonpur.rajshahi.gov.bd
==================================================
[*] STARTING NEW DOMAIN: https://dscc.gov.bd
==================================================
[+] Domain exhausted. Finishing up: https://dscc.gov.bd
==================================================
[*] STARTING NEW DOMAIN: https://fireservice.satkhira.gov.bd
==================================================
[+] Domain exhausted. Finishing up: https://fireservice.satkhira.gov.bd
==================================================
[*] STARTING NEW DOMAIN: https://bauphalup.patuakhali.gov.bd
==================================================
[+] Domain exhausted. Finishing up: https://bauphalup.patuakhali.gov.bd
==================================================
[*] STARTING NEW DOMAIN: https://dphe.rajarhat.kurigram.gov.bd
==================================================
[+] Domain exhausted. Finishing up: https://dphe.rajarhat.kurigram.gov.bd
==================================================
[*] STARTING NEW DOMAIN: https://finman.sicip.gov.bd
==================================================
[+] Domain exhausted. Finishing up: https://finman.sicip.gov.bd
==================================================
[*] STARTING NEW DOMAIN: https://dshe.khulnadiv.gov.bd
==================================================
[+] Domain exhausted. Finishing up: https://dshe.khulnadiv.gov.bd
==================================================
[*] STARTING NEW DOMAIN: https://chealgaziup.dinajpur.gov.bd
==================================================
[+] Domain exhausted. Finishing up: https://chealgaziup.dinajpur.gov.bd
==================================================
[*] STARTING NEW DOMAIN: https://dphe.rangpur.gov.bd
==================================================
[+] Domain exhausted. Finishing up: https://dphe.rangpur.gov.bd
==================================================
[*] STARTING NEW DOMAIN: https://fireservice.pabnasadar.pabna.gov.bd
==================================================
[+] Domain exhausted. Finishing up: https://fireservice.pabnasadar.pabna.gov.bd
==================================================
[*] STARTING NEW DOMAIN: https://fireservice.harinakundu.jhenaidah.gov.bd
==================================================
[+] Domain exhausted. Finishing up: https://fireservice.harinakundu.jhenaidah.gov.bd
==================================================
[*] STARTING NEW DOMAIN: https://fisheries.adamdighi.bogra.gov.bd
==================================================
[+] Domain exhausted. Finishing up: https://fisheries.adamdighi.bogra.gov.bd
==================================================
[*] STARTING NEW DOMAIN: https://fpo.joypurhat.gov.bd
==================================================
[+] Domain exhausted. Finishing up: https://fpo.joypurhat.gov.bd
==================================================
[*] STARTING NEW DOMAIN: http://deb112779.dhakaeducationboard.gov.bd
==================================================
[+] Domain exhausted. Finishing up: http://deb112779.dhakaeducationboard.gov.bd
==================================================
[*] STARTING NEW DOMAIN: https://forest.dhaka.gov.bd
==================================================
[+] Domain exhausted. Finishing up: https://forest.dhaka.gov.bd
==================================================
[*] STARTING NEW DOMAIN: https://29nopairagovtprimaryschool.jessoreboard.gov.bd
==================================================
[+] Domain exhausted. Finishing up: https://29nopairagovtprimaryschool.jessoreboard.gov.bd
==================================================
[*] STARTING NEW DOMAIN: https://alkaraup.comilla.gov.bd
==================================================
[+] Domain exhausted. Finishing up: https://alkaraup.comilla.gov.bd
==================================================
[*] STARTING NEW DOMAIN: https://bbs.chatmohar.pabna.gov.bd
==================================================
[+] Domain exhausted. Finishing up: https://bbs.chatmohar.pabna.gov.bd
==================================================
[*] STARTING NEW DOMAIN: https://fpo.santhia.pabna.gov.bd
==================================================
[+] Domain exhausted. Finishing up: https://fpo.santhia.pabna.gov.bd
==================================================
[*] STARTING NEW DOMAIN: https://fpo.puthia.rajshahi.gov.bd
==================================================
[+] Domain exhausted. Finishing up: https://fpo.puthia.rajshahi.gov.bd
==================================================
[*] STARTING NEW DOMAIN: https://shishuacademy.panchagarh.gov.bd
==================================================
[+] Domain exhausted. Finishing up: https://shishuacademy.panchagarh.gov.bd
==================================================
[*] STARTING NEW DOMAIN: https://forest.karimgonj.kishoreganj.gov.bd
==================================================
[+] Domain exhausted. Finishing up: https://forest.karimgonj.kishoreganj.gov.bd
==================================================
[*] STARTING NEW DOMAIN: https://shatadalsecondaryschool.jessoreboard.gov.bd
==================================================
[+] Domain exhausted. Finishing up: https://shatadalsecondaryschool.jessoreboard.gov.bd
==================================================
[*] STARTING NEW DOMAIN: https://doict.companiganj.sylhet.gov.bd
==================================================
[+] Domain exhausted. Finishing up: https://doict.companiganj.sylhet.gov.bd
==================================================
[*] STARTING NEW DOMAIN: https://ec.gajaria.munshiganj.gov.bd
==================================================
[+] Domain exhausted. Finishing up: https://ec.gajaria.munshiganj.gov.bd
==================================================
[*] STARTING NEW DOMAIN: https://totthoapa.keshabpur.jessore.gov.bd
==================================================
[+] Domain exhausted. Finishing up: https://totthoapa.keshabpur.jessore.gov.bd
==================================================
[*] STARTING NEW DOMAIN: https://police.dinajpursadar.dinajpur.gov.bd
==================================================
[+] Domain exhausted. Finishing up: https://police.dinajpursadar.dinajpur.gov.bd
==================================================
[*] STARTING NEW DOMAIN: https://talukdarakhterfaruquesecondaryschool.jessoreboard.gov.bd
==================================================
[+] Domain exhausted. Finishing up: https://talukdarakhterfaruquesecondaryschool.jessoreboard.gov.bd
==================================================
[*] STARTING NEW DOMAIN: https://sr.baliadangi.thakurgaon.gov.bd
==================================================
[+] Domain exhausted. Finishing up: https://sr.baliadangi.thakurgaon.gov.bd
==================================================
[*] STARTING NEW DOMAIN: http://forest.nalchity.jhalakathi.gov.bd
==================================================
[+] Domain exhausted. Finishing up: http://forest.nalchity.jhalakathi.gov.bd
==================================================
[*] STARTING NEW DOMAIN: https://btcl.kurigram.gov.bd
==================================================
[+] Domain exhausted. Finishing up: https://btcl.kurigram.gov.bd
==================================================
[*] STARTING NEW DOMAIN: https://coop.gafargaon.mymensingh.gov.bd
==================================================
[+] Domain exhausted. Finishing up: https://coop.gafargaon.mymensingh.gov.bd
==================================================
[*] STARTING NEW DOMAIN: https://aylapatakataup.barguna.gov.bd
==================================================
[+] Domain exhausted. Finishing up: https://aylapatakataup.barguna.gov.bd
==================================================
[*] STARTING NEW DOMAIN: https://dae.matlabsouth.chandpur.gov.bd
==================================================
[+] Domain exhausted. Finishing up: https://dae.matlabsouth.chandpur.gov.bd
==================================================
[*] STARTING NEW DOMAIN: https://ratnapalongup.coxsbazar.gov.bd
==================================================
[+] Domain exhausted. Finishing up: https://ratnapalongup.coxsbazar.gov.bd
==================================================
[*] STARTING NEW DOMAIN: https://cip.probashi.gov.bd
==================================================
[+] Domain exhausted. Finishing up: https://cip.probashi.gov.bd
==================================================
[*] STARTING NEW DOMAIN: https://cms.chittagong.gov.bd
==================================================
[+] Domain exhausted. Finishing up: https://cms.chittagong.gov.bd
==================================================
[*] STARTING NEW DOMAIN: https://dss.pabnasadar.pabna.gov.bd
==================================================
[+] Domain exhausted. Finishing up: https://dss.pabnasadar.pabna.gov.bd
==================================================
[*] STARTING NEW DOMAIN: https://dwa.birampur.dinajpur.gov.bd
==================================================
[+] Domain exhausted. Finishing up: https://dwa.birampur.dinajpur.gov.bd
==================================================
[*] STARTING NEW DOMAIN: https://cooparative.dakshinsurma.sylhet.gov.bd
==================================================
[+] Domain exhausted. Finishing up: https://cooparative.dakshinsurma.sylhet.gov.bd
==================================================
[*] STARTING NEW DOMAIN: https://dss.birol.dinajpur.gov.bd
==================================================
[+] Domain exhausted. Finishing up: https://dss.birol.dinajpur.gov.bd
==================================================
[*] STARTING NEW DOMAIN: https://gharuaup.faridpur.gov.bd
==================================================
[+] Domain exhausted. Finishing up: https://gharuaup.faridpur.gov.bd
==================================================
[*] STARTING NEW DOMAIN: https://cooparative.shailkupa.jhenaidah.gov.bd
==================================================
[+] Domain exhausted. Finishing up: https://cooparative.shailkupa.jhenaidah.gov.bd
==================================================
[*] STARTING NEW DOMAIN: https://health.assasuni.satkhira.gov.bd
==================================================
[+] Domain exhausted. Finishing up: https://health.assasuni.satkhira.gov.bd
==================================================
[*] STARTING NEW DOMAIN: https://cropzoning.gov.bd
==================================================
[+] Domain exhausted. Finishing up: https://cropzoning.gov.bd
==================================================
[*] STARTING NEW DOMAIN: https://acie.naogaon.gov.bd
==================================================
[+] Domain exhausted. Finishing up: https://acie.naogaon.gov.bd
==================================================
[*] STARTING NEW DOMAIN: https://galdakharinchisammelanisecondaryschool.jessoreboard.gov.bd
==================================================
[+] Domain exhausted. Finishing up: https://galdakharinchisammelanisecondaryschool.jessoreboard.gov.bd
==================================================
[*] STARTING NEW DOMAIN: https://dnc.barisal.gov.bd
==================================================
[+] Domain exhausted. Finishing up: https://dnc.barisal.gov.bd
==================================================
[*] STARTING NEW DOMAIN: https://dae.chilmari.kurigram.gov.bd
==================================================
[+] Domain exhausted. Finishing up: https://dae.chilmari.kurigram.gov.bd
==================================================
[*] STARTING NEW DOMAIN: https://dae.nabinagar.brahmanbaria.gov.bd
==================================================
[+] Domain exhausted. Finishing up: https://dae.nabinagar.brahmanbaria.gov.bd
==================================================
[*] STARTING NEW DOMAIN: https://gurdahasecondaryschool.jessoreboard.gov.bd
==================================================
[+] Domain exhausted. Finishing up: https://gurdahasecondaryschool.jessoreboard.gov.bd
==================================================
[*] STARTING NEW DOMAIN: https://dae.nesarabad.pirojpur.gov.bd
==================================================
[+] Domain exhausted. Finishing up: https://dae.nesarabad.pirojpur.gov.bd
==================================================
[*] STARTING NEW DOMAIN: https://dakshinsutalarihmjkmsecondaryschool.jessoreboard.gov.bd
==================================================
[+] Domain exhausted. Finishing up: https://dakshinsutalarihmjkmsecondaryschool.jessoreboard.gov.bd
==================================================
[*] STARTING NEW DOMAIN: https://hospital.comilla.gov.bd
==================================================
[+] Domain exhausted. Finishing up: https://hospital.comilla.gov.bd
==================================================
[*] STARTING NEW DOMAIN: https://haliabenodebeharisecondaryschool.jessoreboard.gov.bd
==================================================
[+] Domain exhausted. Finishing up: https://haliabenodebeharisecondaryschool.jessoreboard.gov.bd
==================================================
[*] STARTING NEW DOMAIN: https://dam.sirajganj.gov.bd
==================================================
[+] Domain exhausted. Finishing up: https://dam.sirajganj.gov.bd
==================================================
[*] STARTING NEW DOMAIN: https://islamicfoundation.brahmanbaria.gov.bd
==================================================
[+] Domain exhausted. Finishing up: https://islamicfoundation.brahmanbaria.gov.bd
==================================================
[*] STARTING NEW DOMAIN: https://dao.jaintiapur.sylhet.gov.bd
==================================================
[+] Domain exhausted. Finishing up: https://dao.jaintiapur.sylhet.gov.bd
==================================================
[*] STARTING NEW DOMAIN: https://dao.kalukhali.rajbari.gov.bd
==================================================
[+] Domain exhausted. Finishing up: https://dao.kalukhali.rajbari.gov.bd
==================================================
[*] STARTING NEW DOMAIN: https://dashpakhiasecondaryschool.jessoreboard.gov.bd
==================================================
[+] Domain exhausted. Finishing up: https://dashpakhiasecondaryschool.jessoreboard.gov.bd
==================================================
[*] STARTING NEW DOMAIN: https://jms.magura.gov.bd
==================================================
[+] Domain exhausted. Finishing up: https://jms.magura.gov.bd
==================================================
[*] STARTING NEW DOMAIN: https://horipurup.rajshahi.gov.bd
==================================================
[+] Domain exhausted. Finishing up: https://horipurup.rajshahi.gov.bd
==================================================
[*] STARTING NEW DOMAIN: https://hfwc.sadar.lakshmipur.gov.bd
==================================================
[+] Domain exhausted. Finishing up: https://hfwc.sadar.lakshmipur.gov.bd
==================================================
[*] STARTING NEW DOMAIN: https://deb108340.dhakaeducationboard.gov.bd
==================================================
[+] Domain exhausted. Finishing up: https://deb108340.dhakaeducationboard.gov.bd
==================================================
[*] STARTING NEW DOMAIN: https://deb108332.dhakaeducationboard.gov.bd
==================================================
[+] Domain exhausted. Finishing up: https://deb108332.dhakaeducationboard.gov.bd
==================================================
[*] STARTING NEW DOMAIN: https://deb108489.dhakaeducationboard.gov.bd
==================================================
[+] Domain exhausted. Finishing up: https://deb108489.dhakaeducationboard.gov.bd
==================================================
[*] STARTING NEW DOMAIN: https://deb108600.dhakaeducationboard.gov.bd
==================================================
[+] Domain exhausted. Finishing up: https://deb108600.dhakaeducationboard.gov.bd
==================================================
[*] STARTING NEW DOMAIN: https://juganiyaup.sherpur.gov.bd
==================================================
[+] Domain exhausted. Finishing up: https://juganiyaup.sherpur.gov.bd
==================================================
[*] STARTING NEW DOMAIN: https://police.kalmakanda.netrokona.gov.bd
==================================================
[+] Domain exhausted. Finishing up: https://police.kalmakanda.netrokona.gov.bd
==================================================
[*] STARTING NEW DOMAIN: https://deb108948.dhakaeducationboard.gov.bd
==================================================
[+] Domain exhausted. Finishing up: https://deb108948.dhakaeducationboard.gov.bd
==================================================
[*] STARTING NEW DOMAIN: https://deb109086.dhakaeducationboard.gov.bd
==================================================
[+] Domain exhausted. Finishing up: https://deb109086.dhakaeducationboard.gov.bd
==================================================
[*] STARTING NEW DOMAIN: https://deb109334.dhakaeducationboard.gov.bd
==================================================
[+] Domain exhausted. Finishing up: https://deb109334.dhakaeducationboard.gov.bd
==================================================
[*] STARTING NEW DOMAIN: https://police.lalmai.comilla.gov.bd
==================================================
[+] Domain exhausted. Finishing up: https://police.lalmai.comilla.gov.bd
==================================================
[*] STARTING NEW DOMAIN: https://reb.munshiganj.gov.bd
==================================================
[+] Domain exhausted. Finishing up: https://reb.munshiganj.gov.bd
==================================================
[*] STARTING NEW DOMAIN: https://rangpurreg.touristpolice.gov.bd
==================================================
[+] Domain exhausted. Finishing up: https://rangpurreg.touristpolice.gov.bd
==================================================
[*] STARTING NEW DOMAIN: https://raigonjpolice.raigonj.sirajganj.gov.bd
==================================================
[+] Domain exhausted. Finishing up: https://raigonjpolice.raigonj.sirajganj.gov.bd
==================================================
[*] STARTING NEW DOMAIN: https://ansarvdp.barisaldiv.gov.bd
==================================================
[+] Domain exhausted. Finishing up: https://ansarvdp.barisaldiv.gov.bd
==================================================
[*] STARTING NEW DOMAIN: https://puraparaup.faridpur.gov.bd
==================================================
[+] Domain exhausted. Finishing up: https://puraparaup.faridpur.gov.bd
==================================================
[*] STARTING NEW DOMAIN: https://police.shailkupa.jhenaidah.gov.bd
==================================================
[+] Domain exhausted. Finishing up: https://police.shailkupa.jhenaidah.gov.bd
==================================================
[*] STARTING NEW DOMAIN: https://deb110250.dhakaeducationboard.gov.bd
==================================================
[+] Domain exhausted. Finishing up: https://deb110250.dhakaeducationboard.gov.bd
==================================================
[*] STARTING NEW DOMAIN: https://food.sadar.barguna.gov.bd
==================================================
[+] Domain exhausted. Finishing up: https://food.sadar.barguna.gov.bd
==================================================
[*] STARTING NEW DOMAIN: https://rajshahiboard.gov.bd
==================================================
[+] Domain exhausted. Finishing up: https://rajshahiboard.gov.bd
==================================================
[*] STARTING NEW DOMAIN: https://deb110730.dhakaeducationboard.gov.bd
==================================================
[+] Domain exhausted. Finishing up: https://deb110730.dhakaeducationboard.gov.bd
==================================================
[*] STARTING NEW DOMAIN: https://prison.jhenaidah.gov.bd
==================================================
[+] Domain exhausted. Finishing up: https://prison.jhenaidah.gov.bd
==================================================
[*] STARTING NEW DOMAIN: https://landzoning.portal.gov.bd
==================================================
[+] Domain exhausted. Finishing up: https://landzoning.portal.gov.bd
==================================================
[*] STARTING NEW DOMAIN: https://deb111173.dhakaeducationboard.gov.bd
==================================================
[+] Domain exhausted. Finishing up: https://deb111173.dhakaeducationboard.gov.bd
==================================================
[*] STARTING NEW DOMAIN: https://kholahatiup.gaibandha.gov.bd
==================================================
[+] Domain exhausted. Finishing up: https://kholahatiup.gaibandha.gov.bd
==================================================
[*] STARTING NEW DOMAIN: https://kapashatiagovtprimaryschool.jessoreboard.gov.bd
==================================================
[+] Domain exhausted. Finishing up: https://kapashatiagovtprimaryschool.jessoreboard.gov.bd
==================================================
[*] STARTING NEW DOMAIN: https://lged.rangunia.chittagong.gov.bd
==================================================
[+] Domain exhausted. Finishing up: https://lged.rangunia.chittagong.gov.bd
==================================================
[*] STARTING NEW DOMAIN: https://lged.dhobaura.mymensingh.gov.bd
==================================================
[+] Domain exhausted. Finishing up: https://lged.dhobaura.mymensingh.gov.bd
==================================================
[*] STARTING NEW DOMAIN: https://deb111781.dhakaeducationboard.gov.bd
==================================================
[+] Domain exhausted. Finishing up: https://deb111781.dhakaeducationboard.gov.bd
==================================================
[*] STARTING NEW DOMAIN: https://khalishachapaniup.nilphamari.gov.bd
==================================================
[+] Domain exhausted. Finishing up: https://khalishachapaniup.nilphamari.gov.bd
==================================================
[*] STARTING NEW DOMAIN: https://khaliajuri.netrokona.gov.bd
==================================================
[+] Domain exhausted. Finishing up: https://khaliajuri.netrokona.gov.bd
==================================================
[*] STARTING NEW DOMAIN: https://deb112328.dhakaeducationboard.gov.bd
==================================================
[+] Domain exhausted. Finishing up: https://deb112328.dhakaeducationboard.gov.bd
==================================================
[*] STARTING NEW DOMAIN: https://deb112494.dhakaeducationboard.gov.bd
==================================================
[+] Domain exhausted. Finishing up: https://deb112494.dhakaeducationboard.gov.bd
==================================================
[*] STARTING NEW DOMAIN: https://lohagara.chittagong.gov.bd
==================================================
[+] Domain exhausted. Finishing up: https://lohagara.chittagong.gov.bd
==================================================
[*] STARTING NEW DOMAIN: https://kjspusecondaryschool.jessoreboard.gov.bd
==================================================
[+] Domain exhausted. Finishing up: https://kjspusecondaryschool.jessoreboard.gov.bd
==================================================
[*] STARTING NEW DOMAIN: https://deb112684.dhakaeducationboard.gov.bd
==================================================
[+] Domain exhausted. Finishing up: https://deb112684.dhakaeducationboard.gov.bd
==================================================
[*] STARTING NEW DOMAIN: https://laxmichhari.khagrachhari.gov.bd
==================================================
[+] Domain exhausted. Finishing up: https://laxmichhari.khagrachhari.gov.bd
==================================================
[*] STARTING NEW DOMAIN: https://deb113012.dhakaeducationboard.gov.bd
==================================================
[+] Domain exhausted. Finishing up: https://deb113012.dhakaeducationboard.gov.bd
==================================================
[*] STARTING NEW DOMAIN: https://deb112993.dhakaeducationboard.gov.bd
==================================================
[+] Domain exhausted. Finishing up: https://deb112993.dhakaeducationboard.gov.bd
==================================================
[*] STARTING NEW DOMAIN: https://deb113132.dhakaeducationboard.gov.bd
==================================================
[+] Domain exhausted. Finishing up: https://deb113132.dhakaeducationboard.gov.bd
==================================================
[*] STARTING NEW DOMAIN: https://deb113318.dhakaeducationboard.gov.bd
==================================================
[+] Domain exhausted. Finishing up: https://deb113318.dhakaeducationboard.gov.bd
==================================================
[*] STARTING NEW DOMAIN: https://mahishabanup.bogra.gov.bd
==================================================
[+] Domain exhausted. Finishing up: https://mahishabanup.bogra.gov.bd
==================================================
[*] STARTING NEW DOMAIN: https://mail.ccc.gov.bd
==================================================
[+] Domain exhausted. Finishing up: https://mail.ccc.gov.bd
==================================================
[*] STARTING NEW DOMAIN: https://mail.cgdf.gov.bd
==================================================
[+] Domain exhausted. Finishing up: https://mail.cgdf.gov.bd
==================================================
[*] STARTING NEW DOMAIN: https://deb113692.dhakaeducationboard.gov.bd
==================================================
[+] Domain exhausted. Finishing up: https://deb113692.dhakaeducationboard.gov.bd
==================================================
[*] STARTING NEW DOMAIN: https://deb113794.dhakaeducationboard.gov.bd
==================================================
[+] Domain exhausted. Finishing up: https://deb113794.dhakaeducationboard.gov.bd
==================================================
[*] STARTING NEW DOMAIN: https://mincom.gov.bd
==================================================
[+] Domain exhausted. Finishing up: https://mincom.gov.bd
==================================================
[*] STARTING NEW DOMAIN: https://deb114091.dhakaeducationboard.gov.bd
==================================================
[+] Domain exhausted. Finishing up: https://deb114091.dhakaeducationboard.gov.bd
==================================================
[*] STARTING NEW DOMAIN: https://deb114296.dhakaeducationboard.gov.bd
==================================================
[+] Domain exhausted. Finishing up: https://deb114296.dhakaeducationboard.gov.bd
==================================================
[*] STARTING NEW DOMAIN: https://bbs.dupchanchia.bogra.gov.bd
==================================================
[+] Domain exhausted. Finishing up: https://bbs.dupchanchia.bogra.gov.bd
==================================================
[*] STARTING NEW DOMAIN: https://bbs.magura.gov.bd
==================================================
[+] Domain exhausted. Finishing up: https://bbs.magura.gov.bd
==================================================
[*] STARTING NEW DOMAIN: https://deb114358.dhakaeducationboard.gov.bd
==================================================
[+] Domain exhausted. Finishing up: https://deb114358.dhakaeducationboard.gov.bd
==================================================
[*] STARTING NEW DOMAIN: https://bbs.ulipur.kurigram.gov.bd
==================================================
[+] Domain exhausted. Finishing up: https://bbs.ulipur.kurigram.gov.bd
==================================================
[*] STARTING NEW DOMAIN: https://mail.pkb.gov.bd
==================================================
[+] Domain exhausted. Finishing up: https://mail.pkb.gov.bd
==================================================
[*] STARTING NEW DOMAIN: https://mirpurpilotsecondaryschool.jessoreboard.gov.bd
==================================================
[+] Domain exhausted. Finishing up: https://mirpurpilotsecondaryschool.jessoreboard.gov.bd
==================================================
[*] STARTING NEW DOMAIN: https://pti.kushtia.gov.bd
==================================================
[+] Domain exhausted. Finishing up: https://pti.kushtia.gov.bd
==================================================
[*] STARTING NEW DOMAIN: https://betar.sylhetdiv.gov.bd
==================================================
[+] Domain exhausted. Finishing up: https://betar.sylhetdiv.gov.bd
==================================================
[*] STARTING NEW DOMAIN: https://bmet.kushtia.gov.bd
==================================================
[+] Domain exhausted. Finishing up: https://bmet.kushtia.gov.bd
==================================================
[*] STARTING NEW DOMAIN: https://deb114741.dhakaeducationboard.gov.bd
==================================================
[+] Domain exhausted. Finishing up: https://deb114741.dhakaeducationboard.gov.bd
==================================================
[*] STARTING NEW DOMAIN: https://bondoberup.kurigram.gov.bd
==================================================
[+] Domain exhausted. Finishing up: https://bondoberup.kurigram.gov.bd
==================================================
[*] STARTING NEW DOMAIN: https://kalikacchaup.brahmanbaria.gov.bd
==================================================
[+] Domain exhausted. Finishing up: https://kalikacchaup.brahmanbaria.gov.bd
==================================================
[*] STARTING NEW DOMAIN: https://brtcdepot.narayanganj.gov.bd
==================================================
[+] Domain exhausted. Finishing up: https://brtcdepot.narayanganj.gov.bd
==================================================
[*] STARTING NEW DOMAIN: https://deb130738.dhakaeducationboard.gov.bd
==================================================
[+] Domain exhausted. Finishing up: https://deb130738.dhakaeducationboard.gov.bd
==================================================
[*] STARTING NEW DOMAIN: https://bsti.gazipur.gov.bd
==================================================
[+] Domain exhausted. Finishing up: https://bsti.gazipur.gov.bd
==================================================
[*] STARTING NEW DOMAIN: https://deb130861.dhakaeducationboard.gov.bd
==================================================
[+] Domain exhausted. Finishing up: https://deb130861.dhakaeducationboard.gov.bd
==================================================
[*] STARTING NEW DOMAIN: https://chinaduliup.jamalpur.gov.bd
==================================================
[+] Domain exhausted. Finishing up: https://chinaduliup.jamalpur.gov.bd
==================================================
[*] STARTING NEW DOMAIN: https://dae.saltha.faridpur.gov.bd
==================================================
[+] Domain exhausted. Finishing up: https://dae.saltha.faridpur.gov.bd
==================================================
[*] STARTING NEW DOMAIN: https://deb131047.dhakaeducationboard.gov.bd
==================================================
[+] Domain exhausted. Finishing up: https://deb131047.dhakaeducationboard.gov.bd
==================================================
[*] STARTING NEW DOMAIN: https://deb109917.dhakaeducationboard.gov.bd
==================================================
[+] Domain exhausted. Finishing up: https://deb109917.dhakaeducationboard.gov.bd
==================================================
[*] STARTING NEW DOMAIN: https://deb131458.dhakaeducationboard.gov.bd
==================================================
[+] Domain exhausted. Finishing up: https://deb131458.dhakaeducationboard.gov.bd
==================================================
[*] STARTING NEW DOMAIN: https://deb113869.dhakaeducationboard.gov.bd
==================================================
[+] Domain exhausted. Finishing up: https://deb113869.dhakaeducationboard.gov.bd
==================================================
[*] STARTING NEW DOMAIN: https://deb138692.dhakaeducationboard.gov.bd
==================================================
[+] Domain exhausted. Finishing up: https://deb138692.dhakaeducationboard.gov.bd
==================================================
[*] STARTING NEW DOMAIN: https://deb131524.dhakaeducationboard.gov.bd
==================================================
[+] Domain exhausted. Finishing up: https://deb131524.dhakaeducationboard.gov.bd
==================================================
[*] STARTING NEW DOMAIN: https://mirjapuramenakhatunsecondaryschool.jessoreboard.gov.bd
==================================================
[+] Domain exhausted. Finishing up: https://mirjapuramenakhatunsecondaryschool.jessoreboard.gov.bd
==================================================
[*] STARTING NEW DOMAIN: https://deb133952.dhakaeducationboard.gov.bd
==================================================
[+] Domain exhausted. Finishing up: https://deb133952.dhakaeducationboard.gov.bd
==================================================
[*] STARTING NEW DOMAIN: https://eksheba.gov.bd
==================================================
[+] Domain exhausted. Finishing up: https://eksheba.gov.bd
==================================================
[*] STARTING NEW DOMAIN: https://ebek.kalai.joypurhat.gov.bd
==================================================
[+] Domain exhausted. Finishing up: https://ebek.kalai.joypurhat.gov.bd
==================================================
[*] STARTING NEW DOMAIN: https://pwd.narsingdi.gov.bd
==================================================
[+] Domain exhausted. Finishing up: https://pwd.narsingdi.gov.bd
==================================================
[*] STARTING NEW DOMAIN: https://hizaldangaidealsecondaryschool.jessoreboard.gov.bd
==================================================
[+] Domain exhausted. Finishing up: https://hizaldangaidealsecondaryschool.jessoreboard.gov.bd
==================================================
[*] STARTING NEW DOMAIN: https://deb134199.dhakaeducationboard.gov.bd
==================================================
[+] Domain exhausted. Finishing up: https://deb134199.dhakaeducationboard.gov.bd
==================================================
[*] STARTING NEW DOMAIN: https://taoraazizurrahmansecondaryschool.jessoreboard.gov.bd
==================================================
[+] Domain exhausted. Finishing up: https://taoraazizurrahmansecondaryschool.jessoreboard.gov.bd
==================================================
[*] STARTING NEW DOMAIN: https://deb134818.dhakaeducationboard.gov.bd
==================================================
[+] Domain exhausted. Finishing up: https://deb134818.dhakaeducationboard.gov.bd
==================================================
[*] STARTING NEW DOMAIN: https://pio.sadar.shariatpur.gov.bd
==================================================
[+] Domain exhausted. Finishing up: https://pio.sadar.shariatpur.gov.bd
==================================================
[*] STARTING NEW DOMAIN: https://pbs.kurigram.gov.bd
==================================================
[+] Domain exhausted. Finishing up: https://pbs.kurigram.gov.bd
==================================================
[*] STARTING NEW DOMAIN: https://reb.natore.gov.bd
==================================================
[+] Domain exhausted. Finishing up: https://reb.natore.gov.bd
==================================================
[*] STARTING NEW DOMAIN: https://deb136754.dhakaeducationboard.gov.bd
==================================================
[+] Domain exhausted. Finishing up: https://deb136754.dhakaeducationboard.gov.bd
==================================================
[*] STARTING NEW DOMAIN: https://deb137157.dhakaeducationboard.gov.bd
==================================================
[+] Domain exhausted. Finishing up: https://deb137157.dhakaeducationboard.gov.bd
==================================================
[*] STARTING NEW DOMAIN: https://jdpc.gov.bd
==================================================
[+] Domain exhausted. Finishing up: https://jdpc.gov.bd
==================================================
[*] STARTING NEW DOMAIN: https://deb137366.dhakaeducationboard.gov.bd
==================================================
[+] Domain exhausted. Finishing up: https://deb137366.dhakaeducationboard.gov.bd
==================================================
[*] STARTING NEW DOMAIN: https://urc.gosairhat.shariatpur.gov.bd
==================================================
[+] Domain exhausted. Finishing up: https://urc.gosairhat.shariatpur.gov.bd
==================================================
[*] STARTING NEW DOMAIN: https://urc.faridpur.pabna.gov.bd
==================================================
[+] Domain exhausted. Finishing up: https://urc.faridpur.pabna.gov.bd
==================================================
[*] STARTING NEW DOMAIN: https://deb137792.dhakaeducationboard.gov.bd
==================================================
[+] Domain exhausted. Finishing up: https://deb137792.dhakaeducationboard.gov.bd
==================================================
[*] STARTING NEW DOMAIN: https://urc.nilphamarisadar.nilphamari.gov.bd
==================================================
[+] Domain exhausted. Finishing up: https://urc.nilphamarisadar.nilphamari.gov.bd
==================================================
[*] STARTING NEW DOMAIN: https://deb137717.dhakaeducationboard.gov.bd
==================================================
[+] Domain exhausted. Finishing up: https://deb137717.dhakaeducationboard.gov.bd
==================================================
[*] STARTING NEW DOMAIN: https://uriaup.gaibandha.gov.bd
==================================================
[+] Domain exhausted. Finishing up: https://uriaup.gaibandha.gov.bd
==================================================
[*] STARTING NEW DOMAIN: https://totthoapa.mirsharai.chittagong.gov.bd
==================================================
[+] Domain exhausted. Finishing up: https://totthoapa.mirsharai.chittagong.gov.bd
==================================================
[*] STARTING NEW DOMAIN: https://workflow.dbid.gov.bd
==================================================
[+] Domain exhausted. Finishing up: https://workflow.dbid.gov.bd
==================================================
[*] STARTING NEW DOMAIN: https://deb138235.dhakaeducationboard.gov.bd
==================================================
[+] Domain exhausted. Finishing up: https://deb138235.dhakaeducationboard.gov.bd
==================================================
[*] STARTING NEW DOMAIN: https://wzpdcl.bagerhat.gov.bd
==================================================
[+] Domain exhausted. Finishing up: https://wzpdcl.bagerhat.gov.bd
==================================================
[*] STARTING NEW DOMAIN: https://youth.chandanaish.chittagong.gov.bd
==================================================
[+] Domain exhausted. Finishing up: https://youth.chandanaish.chittagong.gov.bd
==================================================
[*] STARTING NEW DOMAIN: https://thakurpurpirpurkullasecondaryschool.jessoreboard.gov.bd
==================================================
[+] Domain exhausted. Finishing up: https://thakurpurpirpurkullasecondaryschool.jessoreboard.gov.bd
==================================================
[*] STARTING NEW DOMAIN: https://youth.kahaloo.bogra.gov.bd
==================================================
[+] Domain exhausted. Finishing up: https://youth.kahaloo.bogra.gov.bd
==================================================
[*] STARTING NEW DOMAIN: https://mrfoundationacademy.jessoreboard.gov.bd
==================================================
[+] Domain exhausted. Finishing up: https://mrfoundationacademy.jessoreboard.gov.bd
==================================================
[*] STARTING NEW DOMAIN: https://youth.nesarabad.pirojpur.gov.bd
==================================================
[+] Domain exhausted. Finishing up: https://youth.nesarabad.pirojpur.gov.bd
==================================================
[*] STARTING NEW DOMAIN: https://youth.morrelganj.bagerhat.gov.bd
==================================================
[+] Domain exhausted. Finishing up: https://youth.morrelganj.bagerhat.gov.bd
==================================================
[*] STARTING NEW DOMAIN: https://youth.sadar.bogra.gov.bd
==================================================
[+] Domain exhausted. Finishing up: https://youth.sadar.bogra.gov.bd
==================================================
[*] STARTING NEW DOMAIN: https://reb.sylhetdiv.gov.bd
==================================================
[+] Domain exhausted. Finishing up: https://reb.sylhetdiv.gov.bd
==================================================
[*] STARTING NEW DOMAIN: https://zp.jhalakathi.gov.bd
==================================================
[+] Domain exhausted. Finishing up: https://zp.jhalakathi.gov.bd
==================================================
[*] STARTING NEW DOMAIN: https://zso.sakhipur.tangail.gov.bd
==================================================
[+] Domain exhausted. Finishing up: https://zso.sakhipur.tangail.gov.bd
==================================================
[*] STARTING NEW DOMAIN: https://nmst.portal.gov.bd
==================================================
[+] Domain exhausted. Finishing up: https://nmst.portal.gov.bd
==================================================
[*] STARTING NEW DOMAIN: https://zso.sylhetdiv.gov.bd
==================================================
[+] Domain exhausted. Finishing up: https://zso.sylhetdiv.gov.bd
==================================================
[*] STARTING NEW DOMAIN: https://zso.zakiganj.sylhet.gov.bd
==================================================
[+] Domain exhausted. Finishing up: https://zso.zakiganj.sylhet.gov.bd
==================================================
[*] STARTING NEW DOMAIN: https://rhd.lakshmipur.gov.bd
==================================================
[+] Domain exhausted. Finishing up: https://rhd.lakshmipur.gov.bd
==================================================
[*] STARTING NEW DOMAIN: https://deo.araihazar.narayanganj.gov.bd
==================================================
[+] Domain exhausted. Finishing up: https://deo.araihazar.narayanganj.gov.bd
==================================================
[*] STARTING NEW DOMAIN: http://deb108138.dhakaeducationboard.gov.bd
==================================================
[+] Domain exhausted. Finishing up: http://deb108138.dhakaeducationboard.gov.bd
==================================================
[*] STARTING NEW DOMAIN: https://taxeszone11dhaka.portal.gov.bd
==================================================
[+] Domain exhausted. Finishing up: https://taxeszone11dhaka.portal.gov.bd
==================================================
[*] STARTING NEW DOMAIN: https://deo.rangamati.gov.bd
==================================================
[+] Domain exhausted. Finishing up: https://deo.rangamati.gov.bd
==================================================
[*] STARTING NEW DOMAIN: http://deb107977.dhakaeducationboard.gov.bd
==================================================
[+] Domain exhausted. Finishing up: http://deb107977.dhakaeducationboard.gov.bd
==================================================
[*] STARTING NEW DOMAIN: https://deo.zakiganj.sylhet.gov.bd
==================================================
[+] Domain exhausted. Finishing up: https://deo.zakiganj.sylhet.gov.bd
==================================================
[*] STARTING NEW DOMAIN: https://dghs.sylhetdiv.gov.bd
==================================================
[+] Domain exhausted. Finishing up: https://dghs.sylhetdiv.gov.bd
==================================================
[*] STARTING NEW DOMAIN: https://digitalcontent.gov.bd
==================================================
[+] Domain exhausted. Finishing up: https://digitalcontent.gov.bd
==================================================
[*] STARTING NEW DOMAIN: https://smbadc.dhaka.gov.bd
==================================================
[+] Domain exhausted. Finishing up: https://smbadc.dhaka.gov.bd
==================================================
[*] STARTING NEW DOMAIN: https://sonaraiup.bogra.gov.bd
==================================================
[+] Domain exhausted. Finishing up: https://sonaraiup.bogra.gov.bd
==================================================
[*] STARTING NEW DOMAIN: https://dls.begumganj.noakhali.gov.bd
==================================================
[+] Domain exhausted. Finishing up: https://dls.begumganj.noakhali.gov.bd
==================================================
[*] STARTING NEW DOMAIN: https://specialbranch.gov.bd
==================================================
[+] Domain exhausted. Finishing up: https://specialbranch.gov.bd
==================================================
[*] STARTING NEW DOMAIN: https://post.companiganj.noakhali.gov.bd
==================================================
[+] Domain exhausted. Finishing up: https://post.companiganj.noakhali.gov.bd
==================================================
[*] STARTING NEW DOMAIN: https://sr.dumki.patuakhali.gov.bd
==================================================
[+] Domain exhausted. Finishing up: https://sr.dumki.patuakhali.gov.bd
==================================================
[*] STARTING NEW DOMAIN: https://dls.jagannathpur.sunamganj.gov.bd
==================================================
[+] Domain exhausted. Finishing up: https://dls.jagannathpur.sunamganj.gov.bd
==================================================
[*] STARTING NEW DOMAIN: https://dls.goalanda.rajbari.gov.bd
==================================================
[+] Domain exhausted. Finishing up: https://dls.goalanda.rajbari.gov.bd
==================================================
[*] STARTING NEW DOMAIN: https://sca.barguna.gov.bd
==================================================
[+] Domain exhausted. Finishing up: https://sca.barguna.gov.bd
==================================================
[*] STARTING NEW DOMAIN: https://dls.mohadevpur.naogaon.gov.bd
==================================================
[+] Domain exhausted. Finishing up: https://dls.mohadevpur.naogaon.gov.bd
==================================================
[*] STARTING NEW DOMAIN: https://dls.magura.gov.bd
==================================================
[+] Domain exhausted. Finishing up: https://dls.magura.gov.bd
==================================================
[*] STARTING NEW DOMAIN: https://dls.rampal.bagerhat.gov.bd
==================================================
[+] Domain exhausted. Finishing up: https://dls.rampal.bagerhat.gov.bd
==================================================
[*] STARTING NEW DOMAIN: https://dls.zakiganj.sylhet.gov.bd
==================================================
[+] Domain exhausted. Finishing up: https://dls.zakiganj.sylhet.gov.bd
==================================================
[*] STARTING NEW DOMAIN: https://police.mollahat.bagerhat.gov.bd
==================================================
[+] Domain exhausted. Finishing up: https://police.mollahat.bagerhat.gov.bd
==================================================
[*] STARTING NEW DOMAIN: https://dnc.sherpur.gov.bd
==================================================
[+] Domain exhausted. Finishing up: https://dnc.sherpur.gov.bd
==================================================
[*] STARTING NEW DOMAIN: https://dncrp.mymensinghdiv.gov.bd
==================================================
[+] Domain exhausted. Finishing up: https://dncrp.mymensinghdiv.gov.bd
==================================================
[*] STARTING NEW DOMAIN: https://sfdf.santhia.pabna.gov.bd
==================================================
[+] Domain exhausted. Finishing up: https://sfdf.santhia.pabna.gov.bd
==================================================
[*] STARTING NEW DOMAIN: https://bbs.chauhali.sirajganj.gov.bd
==================================================
[+] Domain exhausted. Finishing up: https://bbs.chauhali.sirajganj.gov.bd
==================================================
[*] STARTING NEW DOMAIN: https://bhimkhaliup.sunamganj.gov.bd
==================================================
[+] Domain exhausted. Finishing up: https://bhimkhaliup.sunamganj.gov.bd
==================================================
[*] STARTING NEW DOMAIN: https://doict.chandina.comilla.gov.bd
==================================================
[+] Domain exhausted. Finishing up: https://doict.chandina.comilla.gov.bd
==================================================
[*] STARTING NEW DOMAIN: https://kazikudrutulislamsecondaryschool.jessoreboard.gov.bd
==================================================
[+] Domain exhausted. Finishing up: https://kazikudrutulislamsecondaryschool.jessoreboard.gov.bd
==================================================
[*] STARTING NEW DOMAIN: https://doict.kushtiasadar.kushtia.gov.bd
==================================================
[+] Domain exhausted. Finishing up: https://doict.kushtiasadar.kushtia.gov.bd
==================================================
[*] STARTING NEW DOMAIN: https://doict.pabna.gov.bd
==================================================
[+] Domain exhausted. Finishing up: https://doict.pabna.gov.bd
==================================================
[*] STARTING NEW DOMAIN: https://brdb.pakundia.kishoreganj.gov.bd
==================================================
[+] Domain exhausted. Finishing up: https://brdb.pakundia.kishoreganj.gov.bd
==================================================
[*] STARTING NEW DOMAIN: https://alinagarup.moulvibazar.gov.bd
==================================================
[+] Domain exhausted. Finishing up: https://alinagarup.moulvibazar.gov.bd
==================================================
[*] STARTING NEW DOMAIN: https://doict.tarakanda.mymensingh.gov.bd
==================================================
[+] Domain exhausted. Finishing up: https://doict.tarakanda.mymensingh.gov.bd
==================================================
[*] STARTING NEW DOMAIN: https://sspb.natore.gov.bd
==================================================
[+] Domain exhausted. Finishing up: https://sspb.natore.gov.bd
==================================================
[*] STARTING NEW DOMAIN: https://betagiup.barguna.gov.bd
==================================================
[+] Domain exhausted. Finishing up: https://betagiup.barguna.gov.bd
==================================================
[*] STARTING NEW DOMAIN: https://bmda.kazipur.sirajganj.gov.bd
==================================================
[+] Domain exhausted. Finishing up: https://bmda.kazipur.sirajganj.gov.bd
==================================================
[*] STARTING NEW DOMAIN: https://bbs.narayanganjsadar.narayanganj.gov.bd
==================================================
[+] Domain exhausted. Finishing up: https://bbs.narayanganjsadar.narayanganj.gov.bd
==================================================
[*] STARTING NEW DOMAIN: https://blri.sirajganj.gov.bd
==================================================
[+] Domain exhausted. Finishing up: https://blri.sirajganj.gov.bd
==================================================
[*] STARTING NEW DOMAIN: https://bbs.fulgazi.feni.gov.bd
==================================================
[+] Domain exhausted. Finishing up: https://bbs.fulgazi.feni.gov.bd
==================================================
[*] STARTING NEW DOMAIN: https://brdb.kaliganj.satkhira.gov.bd
==================================================
[+] Domain exhausted. Finishing up: https://brdb.kaliganj.satkhira.gov.bd
==================================================
[*] STARTING NEW DOMAIN: https://bbs.daudkandi.comilla.gov.bd
==================================================
[+] Domain exhausted. Finishing up: https://bbs.daudkandi.comilla.gov.bd
==================================================
[*] STARTING NEW DOMAIN: https://dphe.kalukhali.rajbari.gov.bd
==================================================
[+] Domain exhausted. Finishing up: https://dphe.kalukhali.rajbari.gov.bd
==================================================
[*] STARTING NEW DOMAIN: https://dphe.sadar.bandarban.gov.bd
==================================================
[+] Domain exhausted. Finishing up: https://dphe.sadar.bandarban.gov.bd
==================================================
[*] STARTING NEW DOMAIN: https://dphe.southsunamganj.sunamganj.gov.bd
==================================================
[+] Domain exhausted. Finishing up: https://dphe.southsunamganj.sunamganj.gov.bd
==================================================
[*] STARTING NEW DOMAIN: https://wzpdcl1.faridpur.gov.bd
==================================================
[+] Domain exhausted. Finishing up: https://wzpdcl1.faridpur.gov.bd
==================================================
[*] STARTING NEW DOMAIN: https://drg.bfidc.gov.bd
==================================================
[+] Domain exhausted. Finishing up: https://drg.bfidc.gov.bd
==================================================
[*] STARTING NEW DOMAIN: https://dsca.comilla.gov.bd
==================================================
[+] Domain exhausted. Finishing up: https://dsca.comilla.gov.bd
==================================================
[*] STARTING NEW DOMAIN: https://bsb.jhenaidah.gov.bd
==================================================
[+] Domain exhausted. Finishing up: https://bsb.jhenaidah.gov.bd
==================================================
[*] STARTING NEW DOMAIN: https://brdb.mirpur.kushtia.gov.bd
==================================================
[+] Domain exhausted. Finishing up: https://brdb.mirpur.kushtia.gov.bd
==================================================
[*] STARTING NEW DOMAIN: https://dss.charrajibpur.kurigram.gov.bd
==================================================
[+] Domain exhausted. Finishing up: https://dss.charrajibpur.kurigram.gov.bd
==================================================
[*] STARTING NEW DOMAIN: https://dss.charbhadrasan.faridpur.gov.bd
==================================================
[+] Domain exhausted. Finishing up: https://dss.charbhadrasan.faridpur.gov.bd
==================================================
[*] STARTING NEW DOMAIN: https://youth.kalmakanda.netrokona.gov.bd
==================================================
[+] Domain exhausted. Finishing up: https://youth.kalmakanda.netrokona.gov.bd
==================================================
[*] STARTING NEW DOMAIN: https://dss.khulnadiv.gov.bd
==================================================
[+] Domain exhausted. Finishing up: https://dss.khulnadiv.gov.bd
==================================================
[*] STARTING NEW DOMAIN: https://chandpurpourashava.gov.bd
==================================================
[+] Domain exhausted. Finishing up: https://chandpurpourashava.gov.bd
==================================================
[*] STARTING NEW DOMAIN: https://dss.shibganj.bogra.gov.bd
==================================================
[+] Domain exhausted. Finishing up: https://dss.shibganj.bogra.gov.bd
==================================================
[*] STARTING NEW DOMAIN: https://dwa.chatmohar.pabna.gov.bd
==================================================
[+] Domain exhausted. Finishing up: https://dwa.chatmohar.pabna.gov.bd
==================================================
[*] STARTING NEW DOMAIN: https://dwa.kumarkhali.kushtia.gov.bd
==================================================
[+] Domain exhausted. Finishing up: https://dwa.kumarkhali.kushtia.gov.bd
==================================================
[*] STARTING NEW DOMAIN: https://dwa.manikchari.khagrachhari.gov.bd
==================================================
[+] Domain exhausted. Finishing up: https://dwa.manikchari.khagrachhari.gov.bd
==================================================
[*] STARTING NEW DOMAIN: https://youth.parbatipur.dinajpur.gov.bd
==================================================
[+] Domain exhausted. Finishing up: https://youth.parbatipur.dinajpur.gov.bd
==================================================
[*] STARTING NEW DOMAIN: https://dwa.sylhet.gov.bd
==================================================
[+] Domain exhausted. Finishing up: https://dwa.sylhet.gov.bd
==================================================
[*] STARTING NEW DOMAIN: https://ec.bijoynagar.brahmanbaria.gov.bd
==================================================
[+] Domain exhausted. Finishing up: https://ec.bijoynagar.brahmanbaria.gov.bd
==================================================
[*] STARTING NEW DOMAIN: https://ec.barisalsadar.barisal.gov.bd
==================================================
[+] Domain exhausted. Finishing up: https://ec.barisalsadar.barisal.gov.bd
==================================================
[*] STARTING NEW DOMAIN: https://ec.harirampur.manikganj.gov.bd
==================================================
[+] Domain exhausted. Finishing up: https://ec.harirampur.manikganj.gov.bd
==================================================
[*] STARTING NEW DOMAIN: https://ec.phulbari.kurigram.gov.bd
==================================================
[+] Domain exhausted. Finishing up: https://ec.phulbari.kurigram.gov.bd
==================================================
[*] STARTING NEW DOMAIN: https://ec.sadar.gopalganj.gov.bd
==================================================
[+] Domain exhausted. Finishing up: https://ec.sadar.gopalganj.gov.bd
==================================================
[*] STARTING NEW DOMAIN: https://eed.jhikargacha.jessore.gov.bd
==================================================
[+] Domain exhausted. Finishing up: https://eed.jhikargacha.jessore.gov.bd
==================================================
[*] STARTING NEW DOMAIN: https://eed.kamolganj.moulvibazar.gov.bd
==================================================
[+] Domain exhausted. Finishing up: https://eed.kamolganj.moulvibazar.gov.bd
==================================================
[*] STARTING NEW DOMAIN: https://falsiup.jhenaidah.gov.bd
==================================================
[+] Domain exhausted. Finishing up: https://falsiup.jhenaidah.gov.bd
==================================================
[*] STARTING NEW DOMAIN: https://chandraparagovtprimaryschool.jessoreboard.gov.bd
==================================================
[+] Domain exhausted. Finishing up: https://chandraparagovtprimaryschool.jessoreboard.gov.bd
==================================================
[*] STARTING NEW DOMAIN: https://urc.kalukhali.rajbari.gov.bd
==================================================
[+] Domain exhausted. Finishing up: https://urc.kalukhali.rajbari.gov.bd
==================================================
[*] STARTING NEW DOMAIN: https://uitrce.wazirpur.barisal.gov.bd
==================================================
[+] Domain exhausted. Finishing up: https://uitrce.wazirpur.barisal.gov.bd
==================================================
[*] STARTING NEW DOMAIN: https://fireservice.bhedarganj.shariatpur.gov.bd
==================================================
[+] Domain exhausted. Finishing up: https://fireservice.bhedarganj.shariatpur.gov.bd
==================================================
[*] STARTING NEW DOMAIN: https://urc.nagarpur.tangail.gov.bd
==================================================
[+] Domain exhausted. Finishing up: https://urc.nagarpur.tangail.gov.bd
==================================================
[*] STARTING NEW DOMAIN: https://fireservice.melandah.jamalpur.gov.bd
==================================================
[+] Domain exhausted. Finishing up: https://fireservice.melandah.jamalpur.gov.bd
==================================================
[*] STARTING NEW DOMAIN: https://vtour.beautifulbangladesh.gov.bd
==================================================
[+] Domain exhausted. Finishing up: https://vtour.beautifulbangladesh.gov.bd
==================================================
[*] STARTING NEW DOMAIN: https://ulkasecondarygirlsschool.jessoreboard.gov.bd
==================================================
[+] Domain exhausted. Finishing up: https://ulkasecondarygirlsschool.jessoreboard.gov.bd
==================================================
[*] STARTING NEW DOMAIN: https://fisheries.habiganj.gov.bd
==================================================
[+] Domain exhausted. Finishing up: https://fisheries.habiganj.gov.bd
==================================================
[*] STARTING NEW DOMAIN: https://youth.rajoir.madaripur.gov.bd
==================================================
[+] Domain exhausted. Finishing up: https://youth.rajoir.madaripur.gov.bd
==================================================
[*] STARTING NEW DOMAIN: https://ledger.etaxnbr.gov.bd
==================================================
[+] Domain exhausted. Finishing up: https://ledger.etaxnbr.gov.bd
==================================================
[*] STARTING NEW DOMAIN: https://fisheries.sadar.patuakhali.gov.bd
==================================================
[+] Domain exhausted. Finishing up: https://fisheries.sadar.patuakhali.gov.bd
==================================================
[*] STARTING NEW DOMAIN: https://food.daganbhuiyan.feni.gov.bd
==================================================
[+] Domain exhausted. Finishing up: https://food.daganbhuiyan.feni.gov.bd
==================================================
[*] STARTING NEW DOMAIN: https://food.bholahat.chapainawabganj.gov.bd
==================================================
[+] Domain exhausted. Finishing up: https://food.bholahat.chapainawabganj.gov.bd
==================================================
[*] STARTING NEW DOMAIN: https://food.fakirhat.bagerhat.gov.bd
==================================================
[+] Domain exhausted. Finishing up: https://food.fakirhat.bagerhat.gov.bd
==================================================
[*] STARTING NEW DOMAIN: https://food.jamalganj.sunamganj.gov.bd
==================================================
[+] Domain exhausted. Finishing up: https://food.jamalganj.sunamganj.gov.bd
==================================================
[*] STARTING NEW DOMAIN: http://deb136902.dhakaeducationboard.gov.bd
==================================================
[+] Domain exhausted. Finishing up: http://deb136902.dhakaeducationboard.gov.bd
==================================================
[*] STARTING NEW DOMAIN: https://food.satkhirasadar.satkhira.gov.bd
==================================================
[+] Domain exhausted. Finishing up: https://food.satkhirasadar.satkhira.gov.bd
==================================================
[*] STARTING NEW DOMAIN: https://forest.porsha.naogaon.gov.bd
==================================================
[+] Domain exhausted. Finishing up: https://forest.porsha.naogaon.gov.bd
==================================================
[*] STARTING NEW DOMAIN: https://forest.raigonj.sirajganj.gov.bd
==================================================
[+] Domain exhausted. Finishing up: https://forest.raigonj.sirajganj.gov.bd
==================================================
[*] STARTING NEW DOMAIN: https://fpo.bhaluka.mymensingh.gov.bd
==================================================
[+] Domain exhausted. Finishing up: https://fpo.bhaluka.mymensingh.gov.bd
==================================================
[*] STARTING NEW DOMAIN: https://fpo.fulgazi.feni.gov.bd
==================================================
[+] Domain exhausted. Finishing up: https://fpo.fulgazi.feni.gov.bd
==================================================
[*] STARTING NEW DOMAIN: https://fpo.gobindaganj.gaibandha.gov.bd
==================================================
[+] Domain exhausted. Finishing up: https://fpo.gobindaganj.gaibandha.gov.bd
==================================================
[*] STARTING NEW DOMAIN: https://fsmf.sadar.khagrachhari.gov.bd
==================================================
[+] Domain exhausted. Finishing up: https://fsmf.sadar.khagrachhari.gov.bd
==================================================
[*] STARTING NEW DOMAIN: https://fpo.sreebordi.sherpur.gov.bd
==================================================
[+] Domain exhausted. Finishing up: https://fpo.sreebordi.sherpur.gov.bd
==================================================
[*] STARTING NEW DOMAIN: https://singapore.mofa.gov.bd
==================================================
[+] Domain exhausted. Finishing up: https://singapore.mofa.gov.bd
==================================================
[*] STARTING NEW DOMAIN: https://ggdf.jhenaidah.gov.bd
==================================================
[+] Domain exhausted. Finishing up: https://ggdf.jhenaidah.gov.bd
==================================================
[*] STARTING NEW DOMAIN: https://gorgramup.nilphamari.gov.bd
==================================================
[+] Domain exhausted. Finishing up: https://gorgramup.nilphamari.gov.bd
==================================================
[*] STARTING NEW DOMAIN: https://gotaparasecondaryschool.jessoreboard.gov.bd
==================================================
[+] Domain exhausted. Finishing up: https://gotaparasecondaryschool.jessoreboard.gov.bd
==================================================
[*] STARTING NEW DOMAIN: https://hazipurup.bhola.gov.bd
==================================================
[+] Domain exhausted. Finishing up: https://hazipurup.bhola.gov.bd
==================================================
[*] STARTING NEW DOMAIN: https://soamol.rangpur.gov.bd
==================================================
[+] Domain exhausted. Finishing up: https://soamol.rangpur.gov.bd
==================================================
[*] STARTING NEW DOMAIN: https://health.hatia.noakhali.gov.bd
==================================================
[+] Domain exhausted. Finishing up: https://health.hatia.noakhali.gov.bd
==================================================
[*] STARTING NEW DOMAIN: https://hed.joypurhat.gov.bd
==================================================
[+] Domain exhausted. Finishing up: https://hed.joypurhat.gov.bd
==================================================
[*] STARTING NEW DOMAIN: https://hfwc.tangailsadar.tangail.gov.bd
==================================================
[+] Domain exhausted. Finishing up: https://hfwc.tangailsadar.tangail.gov.bd
==================================================
[*] STARTING NEW DOMAIN: https://hed.shariatpur.gov.bd
==================================================
[+] Domain exhausted. Finishing up: https://hed.shariatpur.gov.bd
==================================================
[*] STARTING NEW DOMAIN: https://imt.bagerhat.gov.bd
==================================================
[+] Domain exhausted. Finishing up: https://imt.bagerhat.gov.bd
==================================================
[*] STARTING NEW DOMAIN: https://sr.birganj.dinajpur.gov.bd
==================================================
[+] Domain exhausted. Finishing up: https://sr.birganj.dinajpur.gov.bd
==================================================
[*] STARTING NEW DOMAIN: https://indurkani.pirojpur.gov.bd
==================================================
[+] Domain exhausted. Finishing up: https://indurkani.pirojpur.gov.bd
==================================================
[*] STARTING NEW DOMAIN: https://info.narsingdi.gov.bd
==================================================
[+] Domain exhausted. Finishing up: https://info.narsingdi.gov.bd
==================================================
[*] STARTING NEW DOMAIN: https://sr.kachua.bagerhat.gov.bd
==================================================
[+] Domain exhausted. Finishing up: https://sr.kachua.bagerhat.gov.bd
==================================================
[*] STARTING NEW DOMAIN: https://islamicfoundation.khagrachhari.gov.bd
==================================================
[+] Domain exhausted. Finishing up: https://islamicfoundation.khagrachhari.gov.bd
==================================================
[*] STARTING NEW DOMAIN: https://jhaudangacollege.jessoreboard.gov.bd
==================================================
[+] Domain exhausted. Finishing up: https://jhaudangacollege.jessoreboard.gov.bd
==================================================
[*] STARTING NEW DOMAIN: https://sr.patiya.chittagong.gov.bd
==================================================
[+] Domain exhausted. Finishing up: https://sr.patiya.chittagong.gov.bd
==================================================
[*] STARTING NEW DOMAIN: https://kalmakanda.netrokona.gov.bd
==================================================
[+] Domain exhausted. Finishing up: https://kalmakanda.netrokona.gov.bd
==================================================
[*] STARTING NEW DOMAIN: https://kamalpursecondaryschool.jessoreboard.gov.bd
==================================================
[+] Domain exhausted. Finishing up: https://kamalpursecondaryschool.jessoreboard.gov.bd
==================================================
[*] STARTING NEW DOMAIN: https://sr.sreemangal.moulvibazar.gov.bd
==================================================
[+] Domain exhausted. Finishing up: https://sr.sreemangal.moulvibazar.gov.bd
==================================================
[*] STARTING NEW DOMAIN: https://karimgonj.kishoreganj.gov.bd
==================================================
[+] Domain exhausted. Finishing up: https://karimgonj.kishoreganj.gov.bd
==================================================
[*] STARTING NEW DOMAIN: https://kmismodelcollege.jessoreboard.gov.bd
==================================================
[+] Domain exhausted. Finishing up: https://kmismodelcollege.jessoreboard.gov.bd
==================================================
[*] STARTING NEW DOMAIN: https://khulnabidyutkendrasecondaryschool.jessoreboard.gov.bd
==================================================
[+] Domain exhausted. Finishing up: https://khulnabidyutkendrasecondaryschool.jessoreboard.gov.bd
==================================================
[*] STARTING NEW DOMAIN: https://sugarmills.thakurgaon.gov.bd
==================================================
[+] Domain exhausted. Finishing up: https://sugarmills.thakurgaon.gov.bd
==================================================
[*] STARTING NEW DOMAIN: https://lawcommissionbangladesh.portal.gov.bd
==================================================
[+] Domain exhausted. Finishing up: https://lawcommissionbangladesh.portal.gov.bd
==================================================
[*] STARTING NEW DOMAIN: https://lged.durgapur.netrokona.gov.bd
==================================================
[+] Domain exhausted. Finishing up: https://lged.durgapur.netrokona.gov.bd
==================================================
[*] STARTING NEW DOMAIN: https://talbariacollege.jessoreboard.gov.bd
==================================================
[+] Domain exhausted. Finishing up: https://talbariacollege.jessoreboard.gov.bd
==================================================
[*] STARTING NEW DOMAIN: https://lged.panchagarhsadar.panchagarh.gov.bd
==================================================
[+] Domain exhausted. Finishing up: https://lged.panchagarhsadar.panchagarh.gov.bd
==================================================
[*] STARTING NEW DOMAIN: https://lokkhiganj.netrokona.gov.bd
==================================================
[+] Domain exhausted. Finishing up: https://lokkhiganj.netrokona.gov.bd
==================================================
[*] STARTING NEW DOMAIN: https://lrb.rajshahidiv.gov.bd
==================================================
[+] Domain exhausted. Finishing up: https://lrb.rajshahidiv.gov.bd
==================================================
[*] STARTING NEW DOMAIN: https://lwc.sreemangal.moulvibazar.gov.bd
==================================================
[+] Domain exhausted. Finishing up: https://lwc.sreemangal.moulvibazar.gov.bd
==================================================
[*] STARTING NEW DOMAIN: https://magurkhalijuniorgirlshighschool.jessoreboard.gov.bd
==================================================
[+] Domain exhausted. Finishing up: https://magurkhalijuniorgirlshighschool.jessoreboard.gov.bd
==================================================
[*] STARTING NEW DOMAIN: https://mail.bpatc.gov.bd
==================================================
[+] Domain exhausted. Finishing up: https://mail.bpatc.gov.bd
==================================================
[*] STARTING NEW DOMAIN: https://mail.iedcr.gov.bd
==================================================
[+] Domain exhausted. Finishing up: https://mail.iedcr.gov.bd
==================================================
[*] STARTING NEW DOMAIN: https://mail.pallisanchaybank.gov.bd
==================================================
[+] Domain exhausted. Finishing up: https://mail.pallisanchaybank.gov.bd
==================================================
[*] STARTING NEW DOMAIN: https://maomatihar.rajshahi.gov.bd
==================================================
[+] Domain exhausted. Finishing up: https://maomatihar.rajshahi.gov.bd
==================================================
[*] STARTING NEW DOMAIN: https://mcb.gov.bd
==================================================
[+] Domain exhausted. Finishing up: https://mcb.gov.bd
==================================================
[*] STARTING NEW DOMAIN: https://mohammadpursecondarygirlsschool.jessoreboard.gov.bd
==================================================
[+] Domain exhausted. Finishing up: https://mohammadpursecondarygirlsschool.jessoreboard.gov.bd
==================================================
[*] STARTING NEW DOMAIN: https://modatiup.lalmonirhat.gov.bd
==================================================
[+] Domain exhausted. Finishing up: https://modatiup.lalmonirhat.gov.bd
==================================================
[*] STARTING NEW DOMAIN: https://naand.portal.gov.bd
==================================================
[+] Domain exhausted. Finishing up: https://naand.portal.gov.bd
==================================================
[*] STARTING NEW DOMAIN: https://troyodoshpalligirlssecondaryschool.jessoreboard.gov.bd
==================================================
[+] Domain exhausted. Finishing up: https://troyodoshpalligirlssecondaryschool.jessoreboard.gov.bd
==================================================
[*] STARTING NEW DOMAIN: https://nem.powerdivision.gov.bd
==================================================
[+] Domain exhausted. Finishing up: https://nem.powerdivision.gov.bd
==================================================
[*] STARTING NEW DOMAIN: https://nasirabadup.faridpur.gov.bd
==================================================
[+] Domain exhausted. Finishing up: https://nasirabadup.faridpur.gov.bd
==================================================
[*] STARTING NEW DOMAIN: https://tscpaikgasa.khulna.gov.bd
==================================================
[+] Domain exhausted. Finishing up: https://tscpaikgasa.khulna.gov.bd
==================================================
[*] STARTING NEW DOMAIN: https://nha.sylhetdiv.gov.bd
==================================================
[+] Domain exhausted. Finishing up: https://nha.sylhetdiv.gov.bd
==================================================
[*] STARTING NEW DOMAIN: https://nsc.portal.gov.bd
==================================================
[+] Domain exhausted. Finishing up: https://nsc.portal.gov.bd
==================================================
[*] STARTING NEW DOMAIN: https://srdi.madaripur.gov.bd
==================================================
[+] Domain exhausted. Finishing up: https://srdi.madaripur.gov.bd
==================================================
[*] STARTING NEW DOMAIN: https://passport.meherpur.gov.bd
==================================================
[+] Domain exhausted. Finishing up: https://passport.meherpur.gov.bd
==================================================
[*] STARTING NEW DOMAIN: https://tolasecondaryschool.jessoreboard.gov.bd
==================================================
[+] Domain exhausted. Finishing up: https://tolasecondaryschool.jessoreboard.gov.bd
==================================================
[*] STARTING NEW DOMAIN: https://totthoapa.dimla.nilphamari.gov.bd
==================================================
[+] Domain exhausted. Finishing up: https://totthoapa.dimla.nilphamari.gov.bd
==================================================
[*] STARTING NEW DOMAIN: https://tsc.feni.gov.bd
==================================================
[+] Domain exhausted. Finishing up: https://tsc.feni.gov.bd
==================================================
[*] STARTING NEW DOMAIN: https://pio.ullapara.sirajganj.gov.bd
==================================================
[+] Domain exhausted. Finishing up: https://pio.ullapara.sirajganj.gov.bd
==================================================
[*] STARTING NEW DOMAIN: https://pio.shajahanpur.bogra.gov.bd
==================================================
[+] Domain exhausted. Finishing up: https://pio.shajahanpur.bogra.gov.bd
==================================================
[*] STARTING NEW DOMAIN: https://police.chatmohar.pabna.gov.bd
==================================================
[+] Domain exhausted. Finishing up: https://police.chatmohar.pabna.gov.bd
==================================================
[*] STARTING NEW DOMAIN: https://police.jamalpursadar.jamalpur.gov.bd
==================================================
[+] Domain exhausted. Finishing up: https://police.jamalpursadar.jamalpur.gov.bd
==================================================
[*] STARTING NEW DOMAIN: https://police.kalkini.madaripur.gov.bd
==================================================
[+] Domain exhausted. Finishing up: https://police.kalkini.madaripur.gov.bd
==================================================
[*] STARTING NEW DOMAIN: https://police.sherpursadar.sherpur.gov.bd
==================================================
[+] Domain exhausted. Finishing up: https://police.sherpursadar.sherpur.gov.bd
==================================================
[*] STARTING NEW DOMAIN: https://police2.nageshwari.kurigram.gov.bd
==================================================
[+] Domain exhausted. Finishing up: https://police2.nageshwari.kurigram.gov.bd
==================================================
[*] STARTING NEW DOMAIN: https://post.jagannathpur.sunamganj.gov.bd
==================================================
[+] Domain exhausted. Finishing up: https://post.jagannathpur.sunamganj.gov.bd
==================================================
[*] STARTING NEW DOMAIN: https://food.kaliganj.satkhira.gov.bd
==================================================
[+] Domain exhausted. Finishing up: https://food.kaliganj.satkhira.gov.bd
==================================================
[*] STARTING NEW DOMAIN: https://post.patuakhali.gov.bd
==================================================
[+] Domain exhausted. Finishing up: https://post.patuakhali.gov.bd
==================================================
[*] STARTING NEW DOMAIN: https://pozip.trishal.mymensingh.gov.bd
==================================================
[+] Domain exhausted. Finishing up: https://pozip.trishal.mymensingh.gov.bd
==================================================
[*] STARTING NEW DOMAIN: https://pragpursecondaryschool.jessoreboard.gov.bd
==================================================
[+] Domain exhausted. Finishing up: https://pragpursecondaryschool.jessoreboard.gov.bd
==================================================
[*] STARTING NEW DOMAIN: https://psb.sundarganj.gaibandha.gov.bd
==================================================
[+] Domain exhausted. Finishing up: https://psb.sundarganj.gaibandha.gov.bd
==================================================
[*] STARTING NEW DOMAIN: https://publiclibrary.narsingdi.gov.bd
==================================================
[+] Domain exhausted. Finishing up: https://publiclibrary.narsingdi.gov.bd
==================================================
[*] STARTING NEW DOMAIN: https://pwd.narail.gov.bd
==================================================
[+] Domain exhausted. Finishing up: https://pwd.narail.gov.bd
==================================================
[*] STARTING NEW DOMAIN: https://rab.mymensinghdiv.gov.bd
==================================================
[+] Domain exhausted. Finishing up: https://rab.mymensinghdiv.gov.bd
==================================================
[*] STARTING NEW DOMAIN: https://rab.barisaldiv.gov.bd
==================================================
[+] Domain exhausted. Finishing up: https://rab.barisaldiv.gov.bd
==================================================
[*] STARTING NEW DOMAIN: https://raruliup.khulna.gov.bd
==================================================
[+] Domain exhausted. Finishing up: https://raruliup.khulna.gov.bd
==================================================
[*] STARTING NEW DOMAIN: https://rasmohansecondarygirlsschool.jessoreboard.gov.bd
==================================================
[+] Domain exhausted. Finishing up: https://rasmohansecondarygirlsschool.jessoreboard.gov.bd
==================================================
[*] STARTING NEW DOMAIN: https://rhd.comilla.gov.bd
==================================================
[+] Domain exhausted. Finishing up: https://rhd.comilla.gov.bd
==================================================
[*] STARTING NEW DOMAIN: https://rhd.sylhetdiv.gov.bd
==================================================
[+] Domain exhausted. Finishing up: https://rhd.sylhetdiv.gov.bd
==================================================
[*] STARTING NEW DOMAIN: https://rongaonup.dinajpur.gov.bd
==================================================
[+] Domain exhausted. Finishing up: https://rongaonup.dinajpur.gov.bd
==================================================
[*] STARTING NEW DOMAIN: https://basudebpurup.rajshahi.gov.bd
==================================================
[+] Domain exhausted. Finishing up: https://basudebpurup.rajshahi.gov.bd
==================================================
[*] STARTING NEW DOMAIN: https://saltiaup.mymensingh.gov.bd
==================================================
[+] Domain exhausted. Finishing up: https://saltiaup.mymensingh.gov.bd
==================================================
[*] STARTING NEW DOMAIN: http://mekhalup.chittagong.gov.bd
==================================================
[+] Domain exhausted. Finishing up: http://mekhalup.chittagong.gov.bd
==================================================
[*] STARTING NEW DOMAIN: https://bbs.homna.comilla.gov.bd
==================================================
[+] Domain exhausted. Finishing up: https://bbs.homna.comilla.gov.bd
==================================================
[*] STARTING NEW DOMAIN: https://bfsa.rajshahi.gov.bd
==================================================
[+] Domain exhausted. Finishing up: https://bfsa.rajshahi.gov.bd
==================================================
[*] STARTING NEW DOMAIN: https://bwdb.thakurgaon.gov.bd
==================================================
[+] Domain exhausted. Finishing up: https://bwdb.thakurgaon.gov.bd
==================================================
[*] STARTING NEW DOMAIN: https://chaturbariasecondaryschool.jessoreboard.gov.bd
==================================================
[+] Domain exhausted. Finishing up: https://chaturbariasecondaryschool.jessoreboard.gov.bd
==================================================
[*] STARTING NEW DOMAIN: https://deb113867.dhakaeducationboard.gov.bd
==================================================
[+] Domain exhausted. Finishing up: https://deb113867.dhakaeducationboard.gov.bd
==================================================
[*] STARTING NEW DOMAIN: https://doict.panchari.khagrachhari.gov.bd
==================================================
[+] Domain exhausted. Finishing up: https://doict.panchari.khagrachhari.gov.bd
==================================================
[*] STARTING NEW DOMAIN: https://financial-assist.dsw.gov.bd
==================================================
[+] Domain exhausted. Finishing up: https://financial-assist.dsw.gov.bd
==================================================
[*] STARTING NEW DOMAIN: https://kutubpursecondaryschoolgangni.jessoreboard.gov.bd
==================================================
[+] Domain exhausted. Finishing up: https://kutubpursecondaryschoolgangni.jessoreboard.gov.bd
==================================================
[*] STARTING NEW DOMAIN: https://saltha.faridpur.gov.bd
==================================================
[+] Domain exhausted. Finishing up: https://saltha.faridpur.gov.bd
==================================================
[*] STARTING NEW DOMAIN: https://shahabadsecondaryschool.jessoreboard.gov.bd
==================================================
[+] Domain exhausted. Finishing up: https://shahabadsecondaryschool.jessoreboard.gov.bd
==================================================
[*] STARTING NEW DOMAIN: https://urc.badalgachi.naogaon.gov.bd
==================================================
[+] Domain exhausted. Finishing up: https://urc.badalgachi.naogaon.gov.bd
==================================================
[*] STARTING NEW DOMAIN: https://urc.chilmari.kurigram.gov.bd
==================================================
[+] Domain exhausted. Finishing up: https://urc.chilmari.kurigram.gov.bd
==================================================
[*] STARTING NEW DOMAIN: https://urc.matlabsouth.chandpur.gov.bd
==================================================
[+] Domain exhausted. Finishing up: https://urc.matlabsouth.chandpur.gov.bd
==================================================
[*] STARTING NEW DOMAIN: https://webmail.mos.gov.bd
==================================================
[+] Domain exhausted. Finishing up: https://webmail.mos.gov.bd
==================================================
[*] STARTING NEW DOMAIN: https://youth.atrai.naogaon.gov.bd
==================================================
[+] Domain exhausted. Finishing up: https://youth.atrai.naogaon.gov.bd
==================================================
[*] STARTING NEW DOMAIN: https://youth.lakhai.habiganj.gov.bd
==================================================
[+] Domain exhausted. Finishing up: https://youth.lakhai.habiganj.gov.bd
==================================================
[*] STARTING NEW DOMAIN: https://youth.magurasadar.magura.gov.bd
==================================================
[+] Domain exhausted. Finishing up: https://youth.magurasadar.magura.gov.bd
==================================================
[*] STARTING NEW DOMAIN: https://youth.titas.comilla.gov.bd
==================================================
[+] Domain exhausted. Finishing up: https://youth.titas.comilla.gov.bd
==================================================
[*] STARTING NEW DOMAIN: https://zso.chougachha.jessore.gov.bd
==================================================
[+] Domain exhausted. Finishing up: https://zso.chougachha.jessore.gov.bd
==================================================
[*] STARTING NEW DOMAIN: http://batiaghatasecondaryschool.jessoreboard.gov.bd
==================================================
[+] Domain exhausted. Finishing up: http://batiaghatasecondaryschool.jessoreboard.gov.bd
==================================================
[*] STARTING NEW DOMAIN: http://deb109123.dhakaeducationboard.gov.bd
==================================================
[+] Domain exhausted. Finishing up: http://deb109123.dhakaeducationboard.gov.bd
==================================================
[*] STARTING NEW DOMAIN: http://deb113528.dhakaeducationboard.gov.bd
==================================================
[+] Domain exhausted. Finishing up: http://deb113528.dhakaeducationboard.gov.bd
==================================================
[*] STARTING NEW DOMAIN: https://sca.gaibandha.gov.bd
==================================================
[+] Domain exhausted. Finishing up: https://sca.gaibandha.gov.bd
==================================================
[*] STARTING NEW DOMAIN: https://shishuacademy.portal.gov.bd
==================================================
[+] Domain exhausted. Finishing up: https://shishuacademy.portal.gov.bd
==================================================
[*] STARTING NEW DOMAIN: https://so.kamolganj.moulvibazar.gov.bd
==================================================
[+] Domain exhausted. Finishing up: https://so.kamolganj.moulvibazar.gov.bd
==================================================
[*] STARTING NEW DOMAIN: https://sobhnaliup.satkhira.gov.bd
==================================================
[+] Domain exhausted. Finishing up: https://sobhnaliup.satkhira.gov.bd
==================================================
[*] STARTING NEW DOMAIN: https://sr.banshkhali.chittagong.gov.bd
==================================================
[+] Domain exhausted. Finishing up: https://sr.banshkhali.chittagong.gov.bd
==================================================
[*] STARTING NEW DOMAIN: https://sr.muksudpur.gopalganj.gov.bd
==================================================
[+] Domain exhausted. Finishing up: https://sr.muksudpur.gopalganj.gov.bd
==================================================
[*] STARTING NEW DOMAIN: https://sr.sadar.bogra.gov.bd
==================================================
[+] Domain exhausted. Finishing up: https://sr.sadar.bogra.gov.bd
==================================================
[*] STARTING NEW DOMAIN: https://sscadmitcard.comillaboard.gov.bd
==================================================
[+] Domain exhausted. Finishing up: https://sscadmitcard.comillaboard.gov.bd
==================================================
[*] STARTING NEW DOMAIN: https://stft.gov.bd
==================================================
[+] Domain exhausted. Finishing up: https://stft.gov.bd
==================================================
[*] STARTING NEW DOMAIN: https://swbadc.mymensingh.gov.bd
==================================================
[+] Domain exhausted. Finishing up: https://swbadc.mymensingh.gov.bd
==================================================
[*] STARTING NEW DOMAIN: https://tongiec.sadar.gazipur.gov.bd
==================================================
[+] Domain exhausted. Finishing up: https://tongiec.sadar.gazipur.gov.bd
==================================================
[*] STARTING NEW DOMAIN: https://tonaup.pirojpur.gov.bd
==================================================
[+] Domain exhausted. Finishing up: https://tonaup.pirojpur.gov.bd
==================================================
[*] STARTING NEW DOMAIN: https://totthoapa.sadar.rangamati.gov.bd
==================================================
[+] Domain exhausted. Finishing up: https://totthoapa.sadar.rangamati.gov.bd
==================================================
[*] STARTING NEW DOMAIN: https://tsc.kishoreganj.gov.bd
==================================================
[+] Domain exhausted. Finishing up: https://tsc.kishoreganj.gov.bd
==================================================
[*] STARTING NEW DOMAIN: https://ttadarshasecondaryschool.jessoreboard.gov.bd
==================================================
[+] Domain exhausted. Finishing up: https://ttadarshasecondaryschool.jessoreboard.gov.bd
==================================================
[*] STARTING NEW DOMAIN: https://uitrce.companiganj.noakhali.gov.bd
==================================================
[+] Domain exhausted. Finishing up: https://uitrce.companiganj.noakhali.gov.bd
[*] All websites in the text file have been fully crawled! Shutting down.
