[*] Seeds loaded from data/crawled_alive_gov_bd_sites.txt.

🚀 Starting Domain-by-Domain Spider...

==================================================
[*] STARTING NEW DOMAIN: https://dao.boalkhali.chittagong.gov.bd
==================================================
[+] Domain exhausted. Finishing up: https://dao.boalkhali.chittagong.gov.bd
==================================================
[*] STARTING NEW DOMAIN: https://bbs.bhaluka.mymensingh.gov.bd
==================================================
[+] Domain exhausted. Finishing up: https://bbs.bhaluka.mymensingh.gov.bd
==================================================
[*] STARTING NEW DOMAIN: https://pdbf.borhanuddin.bhola.gov.bd
==================================================
[+] Domain exhausted. Finishing up: https://pdbf.borhanuddin.bhola.gov.bd
==================================================
[*] STARTING NEW DOMAIN: https://pbs.faridpur.gov.bd
==================================================
[+] Domain exhausted. Finishing up: https://pbs.faridpur.gov.bd
==================================================
[*] STARTING NEW DOMAIN: https://brdb.sadar.barguna.gov.bd
==================================================
[+] Domain exhausted. Finishing up: https://brdb.sadar.barguna.gov.bd
==================================================
[*] STARTING NEW DOMAIN: https://betarnews.gopalganj.gov.bd
==================================================
[+] Domain exhausted. Finishing up: https://betarnews.gopalganj.gov.bd
==================================================
[*] STARTING NEW DOMAIN: https://brdb.lalmonirhat.gov.bd
==================================================
[+] Domain exhausted. Finishing up: https://brdb.lalmonirhat.gov.bd
==================================================
[*] STARTING NEW DOMAIN: https://bscic.gov.bd
==================================================
[+] Domain exhausted. Finishing up: https://bscic.gov.bd
==================================================
[*] STARTING NEW DOMAIN: https://ddm.portal.gov.bd
==================================================
[+] Domain exhausted. Finishing up: https://ddm.portal.gov.bd
==================================================
[*] STARTING NEW DOMAIN: https://sfdf.kaliganj.gazipur.gov.bd
==================================================
[+] Domain exhausted. Finishing up: https://sfdf.kaliganj.gazipur.gov.bd
==================================================
[*] STARTING NEW DOMAIN: https://deb114683.dhakaeducationboard.gov.bd
==================================================
[+] Domain exhausted. Finishing up: https://deb114683.dhakaeducationboard.gov.bd
==================================================
[*] STARTING NEW DOMAIN: https://totthoapa.palash.narsingdi.gov.bd
==================================================
[+] Domain exhausted. Finishing up: https://totthoapa.palash.narsingdi.gov.bd
==================================================
[*] STARTING NEW DOMAIN: https://deb138787.dhakaeducationboard.gov.bd
==================================================
[+] Domain exhausted. Finishing up: https://deb138787.dhakaeducationboard.gov.bd
==================================================
[*] STARTING NEW DOMAIN: https://bbs.harirampur.manikganj.gov.bd
==================================================
[+] Domain exhausted. Finishing up: https://bbs.harirampur.manikganj.gov.bd
==================================================
[*] STARTING NEW DOMAIN: https://fireservice.natore.gov.bd
==================================================
[+] Domain exhausted. Finishing up: https://fireservice.natore.gov.bd
==================================================
[*] STARTING NEW DOMAIN: https://pbs.charbhadrasan.faridpur.gov.bd
==================================================
[+] Domain exhausted. Finishing up: https://pbs.charbhadrasan.faridpur.gov.bd
==================================================
[*] STARTING NEW DOMAIN: https://fireservice.bholahat.chapainawabganj.gov.bd
==================================================
[+] Domain exhausted. Finishing up: https://fireservice.bholahat.chapainawabganj.gov.bd
==================================================
[*] STARTING NEW DOMAIN: https://pbs.gosairhat.shariatpur.gov.bd
==================================================
[+] Domain exhausted. Finishing up: https://pbs.gosairhat.shariatpur.gov.bd
==================================================
[*] STARTING NEW DOMAIN: https://pbs.moheshkhali.coxsbazar.gov.bd
==================================================
[+] Domain exhausted. Finishing up: https://pbs.moheshkhali.coxsbazar.gov.bd
==================================================
[*] STARTING NEW DOMAIN: https://pbs2.ghoraghat.dinajpur.gov.bd
==================================================
[+] Domain exhausted. Finishing up: https://pbs2.ghoraghat.dinajpur.gov.bd
==================================================
[*] STARTING NEW DOMAIN: https://pbs1.sadullapur.gaibandha.gov.bd
==================================================
[+] Domain exhausted. Finishing up: https://pbs1.sadullapur.gaibandha.gov.bd
==================================================
[*] STARTING NEW DOMAIN: https://pdbf.babuganj.barisal.gov.bd
==================================================
[+] Domain exhausted. Finishing up: https://pdbf.babuganj.barisal.gov.bd
==================================================
[*] STARTING NEW DOMAIN: https://pdbf.dhobaura.mymensingh.gov.bd
==================================================
[+] Domain exhausted. Finishing up: https://pdbf.dhobaura.mymensingh.gov.bd
==================================================
[*] STARTING NEW DOMAIN: https://deo.raipur.lakshmipur.gov.bd
==================================================
[+] Domain exhausted. Finishing up: https://deo.raipur.lakshmipur.gov.bd
==================================================
[*] STARTING NEW DOMAIN: https://pdbf.rajbari.gov.bd
==================================================
[+] Domain exhausted. Finishing up: https://pdbf.rajbari.gov.bd
==================================================
[*] STARTING NEW DOMAIN: https://pio.adamdighi.bogra.gov.bd
==================================================
[+] Domain exhausted. Finishing up: https://pio.adamdighi.bogra.gov.bd
==================================================
[*] STARTING NEW DOMAIN: https://piarpurup.kushtia.gov.bd
==================================================
[+] Domain exhausted. Finishing up: https://piarpurup.kushtia.gov.bd
==================================================
[*] STARTING NEW DOMAIN: https://urc.taragonj.rangpur.gov.bd
==================================================
[+] Domain exhausted. Finishing up: https://urc.taragonj.rangpur.gov.bd
==================================================
[*] STARTING NEW DOMAIN: https://fireservice.doulatkhan.bhola.gov.bd
==================================================
[+] Domain exhausted. Finishing up: https://fireservice.doulatkhan.bhola.gov.bd
==================================================
[*] STARTING NEW DOMAIN: https://uitrce.gangni.meherpur.gov.bd
==================================================
[+] Domain exhausted. Finishing up: https://uitrce.gangni.meherpur.gov.bd
==================================================
[*] STARTING NEW DOMAIN: https://fireservice.juri.moulvibazar.gov.bd
==================================================
[+] Domain exhausted. Finishing up: https://fireservice.juri.moulvibazar.gov.bd
==================================================
[*] STARTING NEW DOMAIN: https://wzpdcl.portal.gov.bd
==================================================
[+] Domain exhausted. Finishing up: https://wzpdcl.portal.gov.bd
==================================================
[*] STARTING NEW DOMAIN: https://urc.moheshpur.jhenaidah.gov.bd
==================================================
[+] Domain exhausted. Finishing up: https://urc.moheshpur.jhenaidah.gov.bd
==================================================
[*] STARTING NEW DOMAIN: https://urc.abhaynagar.jessore.gov.bd
==================================================
[+] Domain exhausted. Finishing up: https://urc.abhaynagar.jessore.gov.bd
==================================================
[*] STARTING NEW DOMAIN: https://fpo.austagram.kishoreganj.gov.bd
==================================================
[+] Domain exhausted. Finishing up: https://fpo.austagram.kishoreganj.gov.bd
==================================================
[*] STARTING NEW DOMAIN: https://urc.gomostapur.chapainawabganj.gov.bd
==================================================
[+] Domain exhausted. Finishing up: https://urc.gomostapur.chapainawabganj.gov.bd
==================================================
[*] STARTING NEW DOMAIN: https://goribpuradarshabiddapit.jessoreboard.gov.bd
==================================================
[+] Domain exhausted. Finishing up: https://goribpuradarshabiddapit.jessoreboard.gov.bd
==================================================
[*] STARTING NEW DOMAIN: https://fisheries.fulbari.dinajpur.gov.bd
==================================================
[+] Domain exhausted. Finishing up: https://fisheries.fulbari.dinajpur.gov.bd
==================================================
[*] STARTING NEW DOMAIN: https://forest.chauhali.sirajganj.gov.bd
==================================================
[+] Domain exhausted. Finishing up: https://forest.chauhali.sirajganj.gov.bd
==================================================
[*] STARTING NEW DOMAIN: https://urc.kurigramsadar.kurigram.gov.bd
==================================================
[+] Domain exhausted. Finishing up: https://urc.kurigramsadar.kurigram.gov.bd
==================================================
[*] STARTING NEW DOMAIN: https://moubansecondaryschool.jessoreboard.gov.bd
==================================================
[+] Domain exhausted. Finishing up: https://moubansecondaryschool.jessoreboard.gov.bd
==================================================
[*] STARTING NEW DOMAIN: https://mulgramjuniorgirlshighschool.jessoreboard.gov.bd
==================================================
[+] Domain exhausted. Finishing up: https://mulgramjuniorgirlshighschool.jessoreboard.gov.bd
==================================================
[*] STARTING NEW DOMAIN: https://harabhangaadarshasecondaryschool.jessoreboard.gov.bd
==================================================
[+] Domain exhausted. Finishing up: https://harabhangaadarshasecondaryschool.jessoreboard.gov.bd
==================================================
[*] STARTING NEW DOMAIN: https://mohinimohanbidyapith.jessoreboard.gov.bd
==================================================
[+] Domain exhausted. Finishing up: https://mohinimohanbidyapith.jessoreboard.gov.bd
==================================================
[*] STARTING NEW DOMAIN: https://prison.moulvibazar.gov.bd
==================================================
[+] Domain exhausted. Finishing up: https://prison.moulvibazar.gov.bd
==================================================
[*] STARTING NEW DOMAIN: https://youth.gangni.meherpur.gov.bd
==================================================
[+] Domain exhausted. Finishing up: https://youth.gangni.meherpur.gov.bd
==================================================
[*] STARTING NEW DOMAIN: https://uitrce.ulipur.kurigram.gov.bd
==================================================
[+] Domain exhausted. Finishing up: https://uitrce.ulipur.kurigram.gov.bd
==================================================
[*] STARTING NEW DOMAIN: https://urc.hizla.barisal.gov.bd
==================================================
[+] Domain exhausted. Finishing up: https://urc.hizla.barisal.gov.bd
==================================================
[*] STARTING NEW DOMAIN: https://pio.fulbari.dinajpur.gov.bd
==================================================
[+] Domain exhausted. Finishing up: https://pio.fulbari.dinajpur.gov.bd
==================================================
[*] STARTING NEW DOMAIN: http://erevenue.dscc.gov.bd
==================================================
[+] Domain exhausted. Finishing up: http://erevenue.dscc.gov.bd
==================================================
[*] STARTING NEW DOMAIN: http://abak.zakiganj.sylhet.gov.bd
==================================================
[+] Domain exhausted. Finishing up: http://abak.zakiganj.sylhet.gov.bd
==================================================
[*] STARTING NEW DOMAIN: https://fireservice.sadar.munshiganj.gov.bd
==================================================
[+] Domain exhausted. Finishing up: https://fireservice.sadar.munshiganj.gov.bd
==================================================
[*] STARTING NEW DOMAIN: https://srdi.satkhira.gov.bd
==================================================
[+] Domain exhausted. Finishing up: https://srdi.satkhira.gov.bd
==================================================
[*] STARTING NEW DOMAIN: https://dae.paba.rajshahi.gov.bd
==================================================
[+] Domain exhausted. Finishing up: https://dae.paba.rajshahi.gov.bd
==================================================
[*] STARTING NEW DOMAIN: https://rhd.chapainawabganj.gov.bd
==================================================
[+] Domain exhausted. Finishing up: https://rhd.chapainawabganj.gov.bd
==================================================
[*] STARTING NEW DOMAIN: https://mail.nilg.gov.bd
==================================================
[+] Domain exhausted. Finishing up: https://mail.nilg.gov.bd
==================================================
[*] STARTING NEW DOMAIN: http://deb107921.dhakaeducationboard.gov.bd
==================================================
[+] Domain exhausted. Finishing up: http://deb107921.dhakaeducationboard.gov.bd
==================================================
[*] STARTING NEW DOMAIN: https://alinagorup.bhola.gov.bd
==================================================
[+] Domain exhausted. Finishing up: https://alinagorup.bhola.gov.bd
==================================================
[*] STARTING NEW DOMAIN: https://savings.feni.gov.bd
==================================================
[+] Domain exhausted. Finishing up: https://savings.feni.gov.bd
==================================================
[*] STARTING NEW DOMAIN: https://deb134571.dhakaeducationboard.gov.bd
==================================================
[+] Domain exhausted. Finishing up: https://deb134571.dhakaeducationboard.gov.bd
==================================================
[*] STARTING NEW DOMAIN: https://sacharup.chandpur.gov.bd
==================================================
[+] Domain exhausted. Finishing up: https://sacharup.chandpur.gov.bd
==================================================
[*] STARTING NEW DOMAIN: https://karabup.habiganj.gov.bd
==================================================
[+] Domain exhausted. Finishing up: https://karabup.habiganj.gov.bd
==================================================
[*] STARTING NEW DOMAIN: http://dwa.bagherpara.jessore.gov.bd
==================================================
[+] Domain exhausted. Finishing up: http://dwa.bagherpara.jessore.gov.bd
==================================================
[*] STARTING NEW DOMAIN: https://rajshahi.gov.bd
==================================================
[+] Domain exhausted. Finishing up: https://rajshahi.gov.bd
==================================================
[*] STARTING NEW DOMAIN: https://deb113593.dhakaeducationboard.gov.bd
==================================================
[+] Domain exhausted. Finishing up: https://deb113593.dhakaeducationboard.gov.bd
==================================================
[*] STARTING NEW DOMAIN: https://ebek.muksudpur.gopalganj.gov.bd
==================================================
[+] Domain exhausted. Finishing up: https://ebek.muksudpur.gopalganj.gov.bd
==================================================
[*] STARTING NEW DOMAIN: https://dwa.kuliarchar.kishoreganj.gov.bd
==================================================
[+] Domain exhausted. Finishing up: https://dwa.kuliarchar.kishoreganj.gov.bd
==================================================
[*] STARTING NEW DOMAIN: https://deb110681.dhakaeducationboard.gov.bd
==================================================
[+] Domain exhausted. Finishing up: https://deb110681.dhakaeducationboard.gov.bd
==================================================
[*] STARTING NEW DOMAIN: https://railway.netrokona.gov.bd
==================================================
[+] Domain exhausted. Finishing up: https://railway.netrokona.gov.bd
==================================================
[*] STARTING NEW DOMAIN: https://deb114067.dhakaeducationboard.gov.bd
==================================================
[+] Domain exhausted. Finishing up: https://deb114067.dhakaeducationboard.gov.bd
==================================================
[*] STARTING NEW DOMAIN: http://deb108116.dhakaeducationboard.gov.bd
==================================================
[+] Domain exhausted. Finishing up: http://deb108116.dhakaeducationboard.gov.bd
==================================================
[*] STARTING NEW DOMAIN: https://bbs.akkelpur.joypurhat.gov.bd
==================================================
[+] Domain exhausted. Finishing up: https://bbs.akkelpur.joypurhat.gov.bd
==================================================
[*] STARTING NEW DOMAIN: http://deb110501.dhakaeducationboard.gov.bd
==================================================
[+] Domain exhausted. Finishing up: http://deb110501.dhakaeducationboard.gov.bd
==================================================
[*] STARTING NEW DOMAIN: https://deb113221.dhakaeducationboard.gov.bd
==================================================
[+] Domain exhausted. Finishing up: https://deb113221.dhakaeducationboard.gov.bd
==================================================
[*] STARTING NEW DOMAIN: https://so.gopalpur.tangail.gov.bd
==================================================
[+] Domain exhausted. Finishing up: https://so.gopalpur.tangail.gov.bd
==================================================
[*] STARTING NEW DOMAIN: https://ansarvdp.meghna.comilla.gov.bd
==================================================
[+] Domain exhausted. Finishing up: https://ansarvdp.meghna.comilla.gov.bd
==================================================
[*] STARTING NEW DOMAIN: https://dshe.rajshahidiv.gov.bd
==================================================
[+] Domain exhausted. Finishing up: https://dshe.rajshahidiv.gov.bd
==================================================
[*] STARTING NEW DOMAIN: https://residence.rangamati.gov.bd
==================================================
[+] Domain exhausted. Finishing up: https://residence.rangamati.gov.bd
==================================================
[*] STARTING NEW DOMAIN: https://bagharparahighschool.jessoreboard.gov.bd
==================================================
[+] Domain exhausted. Finishing up: https://bagharparahighschool.jessoreboard.gov.bd
==================================================
[*] STARTING NEW DOMAIN: https://rebnorth.comilla.gov.bd
==================================================
[+] Domain exhausted. Finishing up: https://rebnorth.comilla.gov.bd
==================================================
[*] STARTING NEW DOMAIN: https://deb112537.dhakaeducationboard.gov.bd
==================================================
[+] Domain exhausted. Finishing up: https://deb112537.dhakaeducationboard.gov.bd
==================================================
[*] STARTING NEW DOMAIN: http://dsms.ssd.gov.bd
==================================================
[+] Domain exhausted. Finishing up: http://dsms.ssd.gov.bd
==================================================
[*] STARTING NEW DOMAIN: https://psb.baliadangi.thakurgaon.gov.bd
==================================================
[+] Domain exhausted. Finishing up: https://psb.baliadangi.thakurgaon.gov.bd
==================================================
[*] STARTING NEW DOMAIN: https://akijidealschoolandcollege.jessoreboard.gov.bd
==================================================
[+] Domain exhausted. Finishing up: https://akijidealschoolandcollege.jessoreboard.gov.bd
==================================================
[*] STARTING NEW DOMAIN: https://bbs.belabo.narsingdi.gov.bd
==================================================
[+] Domain exhausted. Finishing up: https://bbs.belabo.narsingdi.gov.bd
==================================================
[*] STARTING NEW DOMAIN: https://health.gowainghat.sylhet.gov.bd
==================================================
[+] Domain exhausted. Finishing up: https://health.gowainghat.sylhet.gov.bd
==================================================
[*] STARTING NEW DOMAIN: https://ansarvdp.haripur.thakurgaon.gov.bd
==================================================
[+] Domain exhausted. Finishing up: https://ansarvdp.haripur.thakurgaon.gov.bd
==================================================
[*] STARTING NEW DOMAIN: https://pdbf.comilla.gov.bd
==================================================
[+] Domain exhausted. Finishing up: https://pdbf.comilla.gov.bd
==================================================
[*] STARTING NEW DOMAIN: https://rab.chapainawabganj.gov.bd
==================================================
[+] Domain exhausted. Finishing up: https://rab.chapainawabganj.gov.bd
==================================================
[*] STARTING NEW DOMAIN: https://cs.meherpur.gov.bd
==================================================
[+] Domain exhausted. Finishing up: https://cs.meherpur.gov.bd
==================================================
[*] STARTING NEW DOMAIN: https://rebsouth.mymensingh.gov.bd
==================================================
[+] Domain exhausted. Finishing up: https://rebsouth.mymensingh.gov.bd
==================================================
[*] STARTING NEW DOMAIN: https://shakhmatiaup.pirojpur.gov.bd
==================================================
[+] Domain exhausted. Finishing up: https://shakhmatiaup.pirojpur.gov.bd
==================================================
[*] STARTING NEW DOMAIN: https://matribhashacollege.jessoreboard.gov.bd
==================================================
[+] Domain exhausted. Finishing up: https://matribhashacollege.jessoreboard.gov.bd
==================================================
[*] STARTING NEW DOMAIN: https://ansarvdp.kabirhat.noakhali.gov.bd
==================================================
[+] Domain exhausted. Finishing up: https://ansarvdp.kabirhat.noakhali.gov.bd
==================================================
[*] STARTING NEW DOMAIN: https://coordination.pwd.gov.bd
==================================================
[+] Domain exhausted. Finishing up: https://coordination.pwd.gov.bd
==================================================
[*] STARTING NEW DOMAIN: https://publiclibrary.gaibandha.gov.bd
==================================================
[+] Domain exhausted. Finishing up: https://publiclibrary.gaibandha.gov.bd
==================================================
[*] STARTING NEW DOMAIN: https://bodhal.brahmanbaria.gov.bd
==================================================
[+] Domain exhausted. Finishing up: https://bodhal.brahmanbaria.gov.bd
==================================================
[*] STARTING NEW DOMAIN: https://tsckapasia.gazipur.gov.bd
==================================================
[+] Domain exhausted. Finishing up: https://tsckapasia.gazipur.gov.bd
==================================================
[*] STARTING NEW DOMAIN: https://pti.brahmanbaria.gov.bd
==================================================
[+] Domain exhausted. Finishing up: https://pti.brahmanbaria.gov.bd
==================================================
[*] STARTING NEW DOMAIN: https://pdbf.bhurungamari.kurigram.gov.bd
==================================================
[+] Domain exhausted. Finishing up: https://pdbf.bhurungamari.kurigram.gov.bd
==================================================
[*] STARTING NEW DOMAIN: https://brdb.narayanganjsadar.narayanganj.gov.bd
==================================================
[+] Domain exhausted. Finishing up: https://brdb.narayanganjsadar.narayanganj.gov.bd
==================================================
[*] STARTING NEW DOMAIN: https://health.boalmari.faridpur.gov.bd
==================================================
[+] Domain exhausted. Finishing up: https://health.boalmari.faridpur.gov.bd
==================================================
[*] STARTING NEW DOMAIN: https://deb138416.dhakaeducationboard.gov.bd
==================================================
[+] Domain exhausted. Finishing up: https://deb138416.dhakaeducationboard.gov.bd
==================================================
[*] STARTING NEW DOMAIN: https://dss.badalgachi.naogaon.gov.bd
==================================================
[+] Domain exhausted. Finishing up: https://dss.badalgachi.naogaon.gov.bd
==================================================
[*] STARTING NEW DOMAIN: https://cooperative.pirojpur.gov.bd
==================================================
[+] Domain exhausted. Finishing up: https://cooperative.pirojpur.gov.bd
==================================================
[*] STARTING NEW DOMAIN: https://sharshapolice.sharsha.jessore.gov.bd
==================================================
[+] Domain exhausted. Finishing up: https://sharshapolice.sharsha.jessore.gov.bd
==================================================
[*] STARTING NEW DOMAIN: https://pio.daudkandi.comilla.gov.bd
==================================================
[+] Domain exhausted. Finishing up: https://pio.daudkandi.comilla.gov.bd
==================================================
[*] STARTING NEW DOMAIN: https://police.jhenaigati.sherpur.gov.bd
==================================================
[+] Domain exhausted. Finishing up: https://police.jhenaigati.sherpur.gov.bd
==================================================
[*] STARTING NEW DOMAIN: https://adabariaup.patuakhali.gov.bd
==================================================
[+] Domain exhausted. Finishing up: https://adabariaup.patuakhali.gov.bd
==================================================
[*] STARTING NEW DOMAIN: https://deb112888.dhakaeducationboard.gov.bd
==================================================
[+] Domain exhausted. Finishing up: https://deb112888.dhakaeducationboard.gov.bd
==================================================
[*] STARTING NEW DOMAIN: https://ec.rupsha.khulna.gov.bd
==================================================
[+] Domain exhausted. Finishing up: https://ec.rupsha.khulna.gov.bd
==================================================
[*] STARTING NEW DOMAIN: https://gazirtekup.faridpur.gov.bd
==================================================
[+] Domain exhausted. Finishing up: https://gazirtekup.faridpur.gov.bd
==================================================
[*] STARTING NEW DOMAIN: https://bandabillaup.jessore.gov.bd
==================================================
[+] Domain exhausted. Finishing up: https://bandabillaup.jessore.gov.bd
==================================================
[*] STARTING NEW DOMAIN: https://patuliup.narsingdi.gov.bd
==================================================
[+] Domain exhausted. Finishing up: https://patuliup.narsingdi.gov.bd
==================================================
[*] STARTING NEW DOMAIN: https://cooparative.moulvibazar.gov.bd
==================================================
[+] Domain exhausted. Finishing up: https://cooparative.moulvibazar.gov.bd
==================================================
[*] STARTING NEW DOMAIN: https://deb113428.dhakaeducationboard.gov.bd
==================================================
[+] Domain exhausted. Finishing up: https://deb113428.dhakaeducationboard.gov.bd
==================================================
[*] STARTING NEW DOMAIN: https://dss.comilla.gov.bd
==================================================
[+] Domain exhausted. Finishing up: https://dss.comilla.gov.bd
==================================================
[*] STARTING NEW DOMAIN: https://dao.chatmohar.pabna.gov.bd
==================================================
[+] Domain exhausted. Finishing up: https://dao.chatmohar.pabna.gov.bd
==================================================
[*] STARTING NEW DOMAIN: https://dao.saturia.manikganj.gov.bd
==================================================
[+] Domain exhausted. Finishing up: https://dao.saturia.manikganj.gov.bd
==================================================
[*] STARTING NEW DOMAIN: https://dss.chapainawabganj.gov.bd
==================================================
[+] Domain exhausted. Finishing up: https://dss.chapainawabganj.gov.bd
==================================================
[*] STARTING NEW DOMAIN: https://jcbsecondaryschool.jessoreboard.gov.bd
==================================================
[+] Domain exhausted. Finishing up: https://jcbsecondaryschool.jessoreboard.gov.bd
==================================================
[*] STARTING NEW DOMAIN: https://bhola.polytech.gov.bd
==================================================
[+] Domain exhausted. Finishing up: https://bhola.polytech.gov.bd
==================================================
[*] STARTING NEW DOMAIN: https://pbs.sadar.munshiganj.gov.bd
==================================================
[+] Domain exhausted. Finishing up: https://pbs.sadar.munshiganj.gov.bd
==================================================
[*] STARTING NEW DOMAIN: https://fpo.bhairab.kishoreganj.gov.bd
==================================================
[+] Domain exhausted. Finishing up: https://fpo.bhairab.kishoreganj.gov.bd
==================================================
[*] STARTING NEW DOMAIN: https://fullbarisiddinawoliasecondaryschool.jessoreboard.gov.bd
==================================================
[+] Domain exhausted. Finishing up: https://fullbarisiddinawoliasecondaryschool.jessoreboard.gov.bd
==================================================
[*] STARTING NEW DOMAIN: https://deb112409.dhakaeducationboard.gov.bd
==================================================
[+] Domain exhausted. Finishing up: https://deb112409.dhakaeducationboard.gov.bd
==================================================
[*] STARTING NEW DOMAIN: https://bbs.bahubal.habiganj.gov.bd
==================================================
[+] Domain exhausted. Finishing up: https://bbs.bahubal.habiganj.gov.bd
==================================================
[*] STARTING NEW DOMAIN: https://ctcdnc.dhaka.gov.bd
==================================================
[+] Domain exhausted. Finishing up: https://ctcdnc.dhaka.gov.bd
==================================================
[*] STARTING NEW DOMAIN: https://deb112108.dhakaeducationboard.gov.bd
==================================================
[+] Domain exhausted. Finishing up: https://deb112108.dhakaeducationboard.gov.bd
==================================================
[*] STARTING NEW DOMAIN: https://durgapurnorthup.comilla.gov.bd
==================================================
[+] Domain exhausted. Finishing up: https://durgapurnorthup.comilla.gov.bd
==================================================
[*] STARTING NEW DOMAIN: https://duojup.netrokona.gov.bd
==================================================
[+] Domain exhausted. Finishing up: https://duojup.netrokona.gov.bd
==================================================
[*] STARTING NEW DOMAIN: https://deb110974.dhakaeducationboard.gov.bd
==================================================
[+] Domain exhausted. Finishing up: https://deb110974.dhakaeducationboard.gov.bd
==================================================
[*] STARTING NEW DOMAIN: https://ec.hizla.barisal.gov.bd
==================================================
[+] Domain exhausted. Finishing up: https://ec.hizla.barisal.gov.bd
==================================================
[*] STARTING NEW DOMAIN: https://health.chandanaish.chittagong.gov.bd
==================================================
[+] Domain exhausted. Finishing up: https://health.chandanaish.chittagong.gov.bd
==================================================
[*] STARTING NEW DOMAIN: https://betar.sylhet.gov.bd
==================================================
[+] Domain exhausted. Finishing up: https://betar.sylhet.gov.bd
==================================================
[*] STARTING NEW DOMAIN: https://forest.manirampur.jessore.gov.bd
==================================================
[+] Domain exhausted. Finishing up: https://forest.manirampur.jessore.gov.bd
==================================================
[*] STARTING NEW DOMAIN: https://cooparative.matlabnorth.chandpur.gov.bd
==================================================
[+] Domain exhausted. Finishing up: https://cooparative.matlabnorth.chandpur.gov.bd
==================================================
[*] STARTING NEW DOMAIN: https://dao.palashbari.gaibandha.gov.bd
==================================================
[+] Domain exhausted. Finishing up: https://dao.palashbari.gaibandha.gov.bd
==================================================
[*] STARTING NEW DOMAIN: https://dss.subarnachar.noakhali.gov.bd
==================================================
[+] Domain exhausted. Finishing up: https://dss.subarnachar.noakhali.gov.bd
==================================================
[*] STARTING NEW DOMAIN: https://dss.khoksa.kushtia.gov.bd
==================================================
[+] Domain exhausted. Finishing up: https://dss.khoksa.kushtia.gov.bd
==================================================
[*] STARTING NEW DOMAIN: https://deb136675.dhakaeducationboard.gov.bd
==================================================
[+] Domain exhausted. Finishing up: https://deb136675.dhakaeducationboard.gov.bd
==================================================
[*] STARTING NEW DOMAIN: https://deb114601.dhakaeducationboard.gov.bd
==================================================
[+] Domain exhausted. Finishing up: https://deb114601.dhakaeducationboard.gov.bd
==================================================
[*] STARTING NEW DOMAIN: https://gonopoddiup.sherpur.gov.bd
==================================================
[+] Domain exhausted. Finishing up: https://gonopoddiup.sherpur.gov.bd
==================================================
[*] STARTING NEW DOMAIN: https://doj.bhairab.kishoreganj.gov.bd
==================================================
[+] Domain exhausted. Finishing up: https://doj.bhairab.kishoreganj.gov.bd
==================================================
[*] STARTING NEW DOMAIN: https://deb112233.dhakaeducationboard.gov.bd
==================================================
[+] Domain exhausted. Finishing up: https://deb112233.dhakaeducationboard.gov.bd
==================================================
[*] STARTING NEW DOMAIN: https://ghunisecondaryschool.jessoreboard.gov.bd
==================================================
[+] Domain exhausted. Finishing up: https://ghunisecondaryschool.jessoreboard.gov.bd
==================================================
[*] STARTING NEW DOMAIN: https://bhabanipursecondaryschool.jessoreboard.gov.bd
==================================================
[+] Domain exhausted. Finishing up: https://bhabanipursecondaryschool.jessoreboard.gov.bd
==================================================
[*] STARTING NEW DOMAIN: https://pdbf.gouripur.mymensingh.gov.bd
==================================================
[+] Domain exhausted. Finishing up: https://pdbf.gouripur.mymensingh.gov.bd
==================================================
[*] STARTING NEW DOMAIN: https://dss.tongibari.munshiganj.gov.bd
==================================================
[+] Domain exhausted. Finishing up: https://dss.tongibari.munshiganj.gov.bd
==================================================
[*] STARTING NEW DOMAIN: https://doict.bagherpara.jessore.gov.bd
==================================================
[+] Domain exhausted. Finishing up: https://doict.bagherpara.jessore.gov.bd
==================================================
[*] STARTING NEW DOMAIN: https://deb112903.dhakaeducationboard.gov.bd
==================================================
[+] Domain exhausted. Finishing up: https://deb112903.dhakaeducationboard.gov.bd
==================================================
[*] STARTING NEW DOMAIN: https://chourhashmukulsanghagirlssecondaryschool.jessoreboard.gov.bd
==================================================
[+] Domain exhausted. Finishing up: https://chourhashmukulsanghagirlssecondaryschool.jessoreboard.gov.bd
==================================================
[*] STARTING NEW DOMAIN: https://dao.kabirhat.noakhali.gov.bd
==================================================
[+] Domain exhausted. Finishing up: https://dao.kabirhat.noakhali.gov.bd
==================================================
[*] STARTING NEW DOMAIN: https://dae.chunarughat.habiganj.gov.bd
==================================================
[+] Domain exhausted. Finishing up: https://dae.chunarughat.habiganj.gov.bd
==================================================
[*] STARTING NEW DOMAIN: https://deb113856.dhakaeducationboard.gov.bd
==================================================
[+] Domain exhausted. Finishing up: https://deb113856.dhakaeducationboard.gov.bd
==================================================
[*] STARTING NEW DOMAIN: https://gourarang.sunamganj.gov.bd
==================================================
[+] Domain exhausted. Finishing up: https://gourarang.sunamganj.gov.bd
==================================================
[*] STARTING NEW DOMAIN: https://rebnorth.dhaka.gov.bd
==================================================
[+] Domain exhausted. Finishing up: https://rebnorth.dhaka.gov.bd
==================================================
[*] STARTING NEW DOMAIN: https://patibilahazishahjahanalisecondaryschool.jessoreboard.gov.bd
==================================================
[+] Domain exhausted. Finishing up: https://patibilahazishahjahanalisecondaryschool.jessoreboard.gov.bd
==================================================
[*] STARTING NEW DOMAIN: https://ansarvdp.phulpur.mymensingh.gov.bd
==================================================
[+] Domain exhausted. Finishing up: https://ansarvdp.phulpur.mymensingh.gov.bd
==================================================
[*] STARTING NEW DOMAIN: https://saptibariup.lalmonirhat.gov.bd
==================================================
[+] Domain exhausted. Finishing up: https://saptibariup.lalmonirhat.gov.bd
==================================================
[*] STARTING NEW DOMAIN: https://pbs.sreepur.gazipur.gov.bd
==================================================
[+] Domain exhausted. Finishing up: https://pbs.sreepur.gazipur.gov.bd
==================================================
[*] STARTING NEW DOMAIN: https://fpo.hathazari.chittagong.gov.bd
==================================================
[+] Domain exhausted. Finishing up: https://fpo.hathazari.chittagong.gov.bd
==================================================
[*] STARTING NEW DOMAIN: https://jamjamigirlsschoolandcollege.jessoreboard.gov.bd
==================================================
[+] Domain exhausted. Finishing up: https://jamjamigirlsschoolandcollege.jessoreboard.gov.bd
==================================================
[*] STARTING NEW DOMAIN: https://deb114466.dhakaeducationboard.gov.bd
==================================================
[+] Domain exhausted. Finishing up: https://deb114466.dhakaeducationboard.gov.bd
==================================================
[*] STARTING NEW DOMAIN: https://deb108166.dhakaeducationboard.gov.bd
==================================================
[+] Domain exhausted. Finishing up: https://deb108166.dhakaeducationboard.gov.bd
==================================================
[*] STARTING NEW DOMAIN: https://islamicfoundation.patuakhali.gov.bd
==================================================
[+] Domain exhausted. Finishing up: https://islamicfoundation.patuakhali.gov.bd
==================================================
[*] STARTING NEW DOMAIN: https://deb112416.dhakaeducationboard.gov.bd
==================================================
[+] Domain exhausted. Finishing up: https://deb112416.dhakaeducationboard.gov.bd
==================================================
[*] STARTING NEW DOMAIN: https://cooparative.ukhiya.coxsbazar.gov.bd
==================================================
[+] Domain exhausted. Finishing up: https://cooparative.ukhiya.coxsbazar.gov.bd
==================================================
[*] STARTING NEW DOMAIN: https://doict.naogaon.gov.bd
==================================================
[+] Domain exhausted. Finishing up: https://doict.naogaon.gov.bd
==================================================
[*] STARTING NEW DOMAIN: http://andulbariasecondarygirlsschool.jessoreboard.gov.bd
==================================================
[+] Domain exhausted. Finishing up: http://andulbariasecondarygirlsschool.jessoreboard.gov.bd
==================================================
[*] STARTING NEW DOMAIN: https://poshargatiup.gopalganj.gov.bd
==================================================
[+] Domain exhausted. Finishing up: https://poshargatiup.gopalganj.gov.bd
==================================================
[*] STARTING NEW DOMAIN: https://banbeis.gov.bd
==================================================
[+] Domain exhausted. Finishing up: https://banbeis.gov.bd
==================================================
[*] STARTING NEW DOMAIN: https://deb113865.dhakaeducationboard.gov.bd
==================================================
[+] Domain exhausted. Finishing up: https://deb113865.dhakaeducationboard.gov.bd
==================================================
[*] STARTING NEW DOMAIN: https://dls.charrajibpur.kurigram.gov.bd
==================================================
[+] Domain exhausted. Finishing up: https://dls.charrajibpur.kurigram.gov.bd
==================================================
[*] STARTING NEW DOMAIN: https://dncdmn.dhaka.gov.bd
==================================================
[+] Domain exhausted. Finishing up: https://dncdmn.dhaka.gov.bd
==================================================
[*] STARTING NEW DOMAIN: https://deb139053.dhakaeducationboard.gov.bd
==================================================
[+] Domain exhausted. Finishing up: https://deb139053.dhakaeducationboard.gov.bd
==================================================
[*] STARTING NEW DOMAIN: https://pdbf.sharsha.jessore.gov.bd
==================================================
[+] Domain exhausted. Finishing up: https://pdbf.sharsha.jessore.gov.bd
==================================================
[*] STARTING NEW DOMAIN: https://bbdf.fakirhat.bagerhat.gov.bd
==================================================
[+] Domain exhausted. Finishing up: https://bbdf.fakirhat.bagerhat.gov.bd
==================================================
[*] STARTING NEW DOMAIN: https://doj.dhamrai.dhaka.gov.bd
==================================================
[+] Domain exhausted. Finishing up: https://doj.dhamrai.dhaka.gov.bd
==================================================
[*] STARTING NEW DOMAIN: https://deb113622.dhakaeducationboard.gov.bd
==================================================
[+] Domain exhausted. Finishing up: https://deb113622.dhakaeducationboard.gov.bd
==================================================
[*] STARTING NEW DOMAIN: https://dhalaparaup.tangail.gov.bd
==================================================
[+] Domain exhausted. Finishing up: https://dhalaparaup.tangail.gov.bd
==================================================
[*] STARTING NEW DOMAIN: https://bgb.moulvibazar.gov.bd
==================================================
[+] Domain exhausted. Finishing up: https://bgb.moulvibazar.gov.bd
==================================================
[*] STARTING NEW DOMAIN: https://pantisecondaryschool.jessoreboard.gov.bd
==================================================
[+] Domain exhausted. Finishing up: https://pantisecondaryschool.jessoreboard.gov.bd
==================================================
[*] STARTING NEW DOMAIN: https://deo.natore.gov.bd
==================================================
[+] Domain exhausted. Finishing up: https://deo.natore.gov.bd
==================================================
[*] STARTING NEW DOMAIN: https://dr.faridpur.gov.bd
==================================================
[+] Domain exhausted. Finishing up: https://dr.faridpur.gov.bd
==================================================
[*] STARTING NEW DOMAIN: https://fisheries.kawkhali.rangamati.gov.bd
==================================================
[+] Domain exhausted. Finishing up: https://fisheries.kawkhali.rangamati.gov.bd
==================================================
[*] STARTING NEW DOMAIN: https://fireservice.kishoreganj.gov.bd
==================================================
[+] Domain exhausted. Finishing up: https://fireservice.kishoreganj.gov.bd
==================================================
[*] STARTING NEW DOMAIN: https://dls.barura.comilla.gov.bd
==================================================
[+] Domain exhausted. Finishing up: https://dls.barura.comilla.gov.bd
==================================================
[*] STARTING NEW DOMAIN: https://dr.chapainawabganj.gov.bd
==================================================
[+] Domain exhausted. Finishing up: https://dr.chapainawabganj.gov.bd
==================================================
[*] STARTING NEW DOMAIN: https://fisheries.bagherpara.jessore.gov.bd
==================================================
[+] Domain exhausted. Finishing up: https://fisheries.bagherpara.jessore.gov.bd
==================================================
[*] STARTING NEW DOMAIN: https://deo.narail.gov.bd
==================================================
[+] Domain exhausted. Finishing up: https://deo.narail.gov.bd
==================================================
[*] STARTING NEW DOMAIN: https://bbs.muradnagar.comilla.gov.bd
==================================================
[+] Domain exhausted. Finishing up: https://bbs.muradnagar.comilla.gov.bd
==================================================
[*] STARTING NEW DOMAIN: https://deb113745.dhakaeducationboard.gov.bd
==================================================
[+] Domain exhausted. Finishing up: https://deb113745.dhakaeducationboard.gov.bd
==================================================
[*] STARTING NEW DOMAIN: https://deotiup.noakhali.gov.bd
==================================================
[+] Domain exhausted. Finishing up: https://deotiup.noakhali.gov.bd
==================================================
[*] STARTING NEW DOMAIN: https://dpe.gafargaon.mymensingh.gov.bd
==================================================
[+] Domain exhausted. Finishing up: https://dpe.gafargaon.mymensingh.gov.bd
==================================================
[*] STARTING NEW DOMAIN: https://pdbf.magurasadar.magura.gov.bd
==================================================
[+] Domain exhausted. Finishing up: https://pdbf.magurasadar.magura.gov.bd
==================================================
[*] STARTING NEW DOMAIN: https://pio.kendua.netrokona.gov.bd
==================================================
[+] Domain exhausted. Finishing up: https://pio.kendua.netrokona.gov.bd
==================================================
[*] STARTING NEW DOMAIN: https://bkmnsecondaryschool.jessoreboard.gov.bd
==================================================
[+] Domain exhausted. Finishing up: https://bkmnsecondaryschool.jessoreboard.gov.bd
==================================================
[*] STARTING NEW DOMAIN: https://boxgonjup.comilla.gov.bd
==================================================
[+] Domain exhausted. Finishing up: https://boxgonjup.comilla.gov.bd
==================================================
[*] STARTING NEW DOMAIN: https://raytasecondaryschool.jessoreboard.gov.bd
==================================================
[+] Domain exhausted. Finishing up: https://raytasecondaryschool.jessoreboard.gov.bd
==================================================
[*] STARTING NEW DOMAIN: https://deb190008.dhakaeducationboard.gov.bd
==================================================
[+] Domain exhausted. Finishing up: https://deb190008.dhakaeducationboard.gov.bd
==================================================
[*] STARTING NEW DOMAIN: https://dphe.hizla.barisal.gov.bd
==================================================
[+] Domain exhausted. Finishing up: https://dphe.hizla.barisal.gov.bd
==================================================
[*] STARTING NEW DOMAIN: https://sr.bijoynagar.brahmanbaria.gov.bd
==================================================
[+] Domain exhausted. Finishing up: https://sr.bijoynagar.brahmanbaria.gov.bd
==================================================
[*] STARTING NEW DOMAIN: https://deb130913.dhakaeducationboard.gov.bd
==================================================
[+] Domain exhausted. Finishing up: https://deb130913.dhakaeducationboard.gov.bd
==================================================
[*] STARTING NEW DOMAIN: https://doict.khulna.gov.bd
==================================================
[+] Domain exhausted. Finishing up: https://doict.khulna.gov.bd
==================================================
[*] STARTING NEW DOMAIN: https://pdbf.aditmari.lalmonirhat.gov.bd
==================================================
[+] Domain exhausted. Finishing up: https://pdbf.aditmari.lalmonirhat.gov.bd
==================================================
[*] STARTING NEW DOMAIN: https://dls.barisaldiv.gov.bd
==================================================
[+] Domain exhausted. Finishing up: https://dls.barisaldiv.gov.bd
==================================================
[*] STARTING NEW DOMAIN: https://binodpurup.shariatpur.gov.bd
==================================================
[+] Domain exhausted. Finishing up: https://binodpurup.shariatpur.gov.bd
==================================================
[*] STARTING NEW DOMAIN: https://deb114142.dhakaeducationboard.gov.bd
==================================================
[+] Domain exhausted. Finishing up: https://deb114142.dhakaeducationboard.gov.bd
==================================================
[*] STARTING NEW DOMAIN: https://deb137750.dhakaeducationboard.gov.bd
==================================================
[+] Domain exhausted. Finishing up: https://deb137750.dhakaeducationboard.gov.bd
==================================================
[*] STARTING NEW DOMAIN: https://bscic.jhalakathi.gov.bd
==================================================
[+] Domain exhausted. Finishing up: https://bscic.jhalakathi.gov.bd
==================================================
[*] STARTING NEW DOMAIN: https://deb112444.dhakaeducationboard.gov.bd
==================================================
[+] Domain exhausted. Finishing up: https://deb112444.dhakaeducationboard.gov.bd
==================================================
[*] STARTING NEW DOMAIN: https://deb133798.dhakaeducationboard.gov.bd
==================================================
[+] Domain exhausted. Finishing up: https://deb133798.dhakaeducationboard.gov.bd
==================================================
[*] STARTING NEW DOMAIN: https://deb134699.dhakaeducationboard.gov.bd
==================================================
[+] Domain exhausted. Finishing up: https://deb134699.dhakaeducationboard.gov.bd
==================================================
[*] STARTING NEW DOMAIN: https://chakuaup.netrokona.gov.bd
==================================================
[+] Domain exhausted. Finishing up: https://chakuaup.netrokona.gov.bd
==================================================
[*] STARTING NEW DOMAIN: https://doict.jamalpur.gov.bd
==================================================
[+] Domain exhausted. Finishing up: https://doict.jamalpur.gov.bd
==================================================
[*] STARTING NEW DOMAIN: https://dls.bamna.barguna.gov.bd
==================================================
[+] Domain exhausted. Finishing up: https://dls.bamna.barguna.gov.bd
==================================================
[*] STARTING NEW DOMAIN: https://so.sreemangal.moulvibazar.gov.bd
==================================================
[+] Domain exhausted. Finishing up: https://so.sreemangal.moulvibazar.gov.bd
==================================================
[*] STARTING NEW DOMAIN: https://deb113325.dhakaeducationboard.gov.bd
==================================================
[+] Domain exhausted. Finishing up: https://deb113325.dhakaeducationboard.gov.bd
==================================================
[*] STARTING NEW DOMAIN: https://deb134091.dhakaeducationboard.gov.bd
==================================================
[+] Domain exhausted. Finishing up: https://deb134091.dhakaeducationboard.gov.bd
==================================================
[*] STARTING NEW DOMAIN: https://bbs.rupsha.khulna.gov.bd
==================================================
[+] Domain exhausted. Finishing up: https://bbs.rupsha.khulna.gov.bd
==================================================
[*] STARTING NEW DOMAIN: https://patgrammunicipality.gov.bd
==================================================
[+] Domain exhausted. Finishing up: https://patgrammunicipality.gov.bd
==================================================
[*] STARTING NEW DOMAIN: https://deb138933.dhakaeducationboard.gov.bd
==================================================
[+] Domain exhausted. Finishing up: https://deb138933.dhakaeducationboard.gov.bd
==================================================
[*] STARTING NEW DOMAIN: https://deb135252.dhakaeducationboard.gov.bd
==================================================
[+] Domain exhausted. Finishing up: https://deb135252.dhakaeducationboard.gov.bd
==================================================
[*] STARTING NEW DOMAIN: https://deb113621.dhakaeducationboard.gov.bd
==================================================
[+] Domain exhausted. Finishing up: https://deb113621.dhakaeducationboard.gov.bd
==================================================
[*] STARTING NEW DOMAIN: https://deb137616.dhakaeducationboard.gov.bd
==================================================
[+] Domain exhausted. Finishing up: https://deb137616.dhakaeducationboard.gov.bd
==================================================
[*] STARTING NEW DOMAIN: https://deb139893.dhakaeducationboard.gov.bd
==================================================
[+] Domain exhausted. Finishing up: https://deb139893.dhakaeducationboard.gov.bd
==================================================
[*] STARTING NEW DOMAIN: https://bnfe.coxsbazar.gov.bd
==================================================
[+] Domain exhausted. Finishing up: https://bnfe.coxsbazar.gov.bd
==================================================
[*] STARTING NEW DOMAIN: https://aclkachpur.sonargaon.narayanganj.gov.bd
==================================================
[+] Domain exhausted. Finishing up: https://aclkachpur.sonargaon.narayanganj.gov.bd
==================================================
[*] STARTING NEW DOMAIN: https://doict.gangachara.rangpur.gov.bd
==================================================
[+] Domain exhausted. Finishing up: https://doict.gangachara.rangpur.gov.bd
==================================================
[*] STARTING NEW DOMAIN: https://dnc.rangpurdiv.gov.bd
==================================================
[+] Domain exhausted. Finishing up: https://dnc.rangpurdiv.gov.bd
==================================================
[*] STARTING NEW DOMAIN: https://deb140054.dhakaeducationboard.gov.bd
==================================================
[+] Domain exhausted. Finishing up: https://deb140054.dhakaeducationboard.gov.bd
==================================================
[*] STARTING NEW DOMAIN: https://doict.madhupur.tangail.gov.bd
==================================================
[+] Domain exhausted. Finishing up: https://doict.madhupur.tangail.gov.bd
==================================================
[*] STARTING NEW DOMAIN: https://customs.naogaon.gov.bd
==================================================
[+] Domain exhausted. Finishing up: https://customs.naogaon.gov.bd
==================================================
[*] STARTING NEW DOMAIN: https://deb113769.dhakaeducationboard.gov.bd
==================================================
[+] Domain exhausted. Finishing up: https://deb113769.dhakaeducationboard.gov.bd
==================================================
[*] STARTING NEW DOMAIN: https://doict.kazipur.sirajganj.gov.bd
==================================================
[+] Domain exhausted. Finishing up: https://doict.kazipur.sirajganj.gov.bd
==================================================
[*] STARTING NEW DOMAIN: https://deb130845.dhakaeducationboard.gov.bd
==================================================
[+] Domain exhausted. Finishing up: https://deb130845.dhakaeducationboard.gov.bd
==================================================
[*] STARTING NEW DOMAIN: https://deb114389.dhakaeducationboard.gov.bd
==================================================
[+] Domain exhausted. Finishing up: https://deb114389.dhakaeducationboard.gov.bd
==================================================
[*] STARTING NEW DOMAIN: https://deo.fulbaria.mymensingh.gov.bd
==================================================
[+] Domain exhausted. Finishing up: https://deo.fulbaria.mymensingh.gov.bd
==================================================
[*] STARTING NEW DOMAIN: https://deb138821.dhakaeducationboard.gov.bd
==================================================
[+] Domain exhausted. Finishing up: https://deb138821.dhakaeducationboard.gov.bd
==================================================
[*] STARTING NEW DOMAIN: https://pio.dinajpursadar.dinajpur.gov.bd
==================================================
[+] Domain exhausted. Finishing up: https://pio.dinajpursadar.dinajpur.gov.bd
==================================================
[*] STARTING NEW DOMAIN: https://deb136294.dhakaeducationboard.gov.bd
==================================================
[+] Domain exhausted. Finishing up: https://deb136294.dhakaeducationboard.gov.bd
==================================================
[*] STARTING NEW DOMAIN: https://dife.sirajganj.gov.bd
==================================================
[+] Domain exhausted. Finishing up: https://dife.sirajganj.gov.bd
==================================================
[*] STARTING NEW DOMAIN: https://fireservice.sundarganj.gaibandha.gov.bd
==================================================
[+] Domain exhausted. Finishing up: https://fireservice.sundarganj.gaibandha.gov.bd
==================================================
[*] STARTING NEW DOMAIN: https://sec.portal.gov.bd
==================================================
[+] Domain exhausted. Finishing up: https://sec.portal.gov.bd
==================================================
[*] STARTING NEW DOMAIN: https://dhamoirhat.naogaon.gov.bd
==================================================
[+] Domain exhausted. Finishing up: https://dhamoirhat.naogaon.gov.bd
==================================================
[*] STARTING NEW DOMAIN: https://dphe.chapainawabganj.gov.bd
==================================================
[+] Domain exhausted. Finishing up: https://dphe.chapainawabganj.gov.bd
==================================================
[*] STARTING NEW DOMAIN: https://barhatta.netrokona.gov.bd
==================================================
[+] Domain exhausted. Finishing up: https://barhatta.netrokona.gov.bd
==================================================
[*] STARTING NEW DOMAIN: https://dgmsecondaryschool.jessoreboard.gov.bd
==================================================
[+] Domain exhausted. Finishing up: https://dgmsecondaryschool.jessoreboard.gov.bd
==================================================
[*] STARTING NEW DOMAIN: https://brdb.tongibari.munshiganj.gov.bd
==================================================
[+] Domain exhausted. Finishing up: https://brdb.tongibari.munshiganj.gov.bd
==================================================
[*] STARTING NEW DOMAIN: https://sido.coxsbazar.gov.bd
==================================================
[+] Domain exhausted. Finishing up: https://sido.coxsbazar.gov.bd
==================================================
[*] STARTING NEW DOMAIN: https://dhakuriacollege.jessoreboard.gov.bd
==================================================
[+] Domain exhausted. Finishing up: https://dhakuriacollege.jessoreboard.gov.bd
==================================================
[*] STARTING NEW DOMAIN: https://deb133873.dhakaeducationboard.gov.bd
==================================================
[+] Domain exhausted. Finishing up: https://deb133873.dhakaeducationboard.gov.bd
==================================================
[*] STARTING NEW DOMAIN: https://deb114085.dhakaeducationboard.gov.bd
==================================================
[+] Domain exhausted. Finishing up: https://deb114085.dhakaeducationboard.gov.bd
==================================================
[*] STARTING NEW DOMAIN: https://doict.kotchandpur.jhenaidah.gov.bd
==================================================
[+] Domain exhausted. Finishing up: https://doict.kotchandpur.jhenaidah.gov.bd
==================================================
[*] STARTING NEW DOMAIN: https://brdb.dighinala.khagrachhari.gov.bd
==================================================
[+] Domain exhausted. Finishing up: https://brdb.dighinala.khagrachhari.gov.bd
==================================================
[*] STARTING NEW DOMAIN: https://deb137726.dhakaeducationboard.gov.bd
==================================================
[+] Domain exhausted. Finishing up: https://deb137726.dhakaeducationboard.gov.bd
==================================================
[*] STARTING NEW DOMAIN: https://doict.boalmari.faridpur.gov.bd
==================================================
[+] Domain exhausted. Finishing up: https://doict.boalmari.faridpur.gov.bd
==================================================
[*] STARTING NEW DOMAIN: https://deb130687.dhakaeducationboard.gov.bd
==================================================
[+] Domain exhausted. Finishing up: https://deb130687.dhakaeducationboard.gov.bd
==================================================
[*] STARTING NEW DOMAIN: https://amzadhatup.feni.gov.bd
==================================================
[+] Domain exhausted. Finishing up: https://amzadhatup.feni.gov.bd
==================================================
[*] STARTING NEW DOMAIN: https://deb130632.dhakaeducationboard.gov.bd
==================================================
[+] Domain exhausted. Finishing up: https://deb130632.dhakaeducationboard.gov.bd
==================================================
[*] STARTING NEW DOMAIN: https://bscic.comilla.gov.bd
==================================================
[+] Domain exhausted. Finishing up: https://bscic.comilla.gov.bd
==================================================
[*] STARTING NEW DOMAIN: https://istc.bogura.gov.bd
==================================================
[+] Domain exhausted. Finishing up: https://istc.bogura.gov.bd
==================================================
[*] STARTING NEW DOMAIN: https://alfatunnesacollege.jessoreboard.gov.bd
==================================================
[+] Domain exhausted. Finishing up: https://alfatunnesacollege.jessoreboard.gov.bd
==================================================
[*] STARTING NEW DOMAIN: https://hckeowatkhali.mymensingh.gov.bd
==================================================
[+] Domain exhausted. Finishing up: https://hckeowatkhali.mymensingh.gov.bd
==================================================
[*] STARTING NEW DOMAIN: https://doict.bagerhat.gov.bd
==================================================
[+] Domain exhausted. Finishing up: https://doict.bagerhat.gov.bd
==================================================
[*] STARTING NEW DOMAIN: https://doict.jhenaidah.gov.bd
==================================================
[+] Domain exhausted. Finishing up: https://doict.jhenaidah.gov.bd
==================================================
[*] STARTING NEW DOMAIN: https://sspb.thakurgaon.gov.bd
==================================================
[+] Domain exhausted. Finishing up: https://sspb.thakurgaon.gov.bd
==================================================
[*] STARTING NEW DOMAIN: https://bitgharup.brahmanbaria.gov.bd
==================================================
[+] Domain exhausted. Finishing up: https://bitgharup.brahmanbaria.gov.bd
==================================================
[*] STARTING NEW DOMAIN: https://deb110229.dhakaeducationboard.gov.bd
==================================================
[+] Domain exhausted. Finishing up: https://deb110229.dhakaeducationboard.gov.bd
==================================================
[*] STARTING NEW DOMAIN: https://bnfe.patuakhali.gov.bd
==================================================
[+] Domain exhausted. Finishing up: https://bnfe.patuakhali.gov.bd
==================================================
[*] STARTING NEW DOMAIN: https://dol.dinajpur.gov.bd
==================================================
[+] Domain exhausted. Finishing up: https://dol.dinajpur.gov.bd
==================================================
[*] STARTING NEW DOMAIN: https://dae.bishwambarpur.sunamganj.gov.bd
==================================================
[+] Domain exhausted. Finishing up: https://dae.bishwambarpur.sunamganj.gov.bd
==================================================
[*] STARTING NEW DOMAIN: https://doict.gior.manikganj.gov.bd
==================================================
[+] Domain exhausted. Finishing up: https://doict.gior.manikganj.gov.bd
==================================================
[*] STARTING NEW DOMAIN: https://cooparative.keraniganj.dhaka.gov.bd
==================================================
[+] Domain exhausted. Finishing up: https://cooparative.keraniganj.dhaka.gov.bd
==================================================
[*] STARTING NEW DOMAIN: https://deb112312.dhakaeducationboard.gov.bd
==================================================
[+] Domain exhausted. Finishing up: https://deb112312.dhakaeducationboard.gov.bd
==================================================
[*] STARTING NEW DOMAIN: https://deb112585.dhakaeducationboard.gov.bd
==================================================
[+] Domain exhausted. Finishing up: https://deb112585.dhakaeducationboard.gov.bd
==================================================
[*] STARTING NEW DOMAIN: https://dae.durgapur.rajshahi.gov.bd
==================================================
[+] Domain exhausted. Finishing up: https://dae.durgapur.rajshahi.gov.bd
==================================================
[*] STARTING NEW DOMAIN: https://deb109900.dhakaeducationboard.gov.bd
==================================================
[+] Domain exhausted. Finishing up: https://deb109900.dhakaeducationboard.gov.bd
==================================================
[*] STARTING NEW DOMAIN: https://btcl.narsingdi.gov.bd
==================================================
[+] Domain exhausted. Finishing up: https://btcl.narsingdi.gov.bd
==================================================
[*] STARTING NEW DOMAIN: https://deb111213.dhakaeducationboard.gov.bd
==================================================
[+] Domain exhausted. Finishing up: https://deb111213.dhakaeducationboard.gov.bd
==================================================
[*] STARTING NEW DOMAIN: https://police.lalpur.natore.gov.bd
==================================================
[+] Domain exhausted. Finishing up: https://police.lalpur.natore.gov.bd
==================================================
[*] STARTING NEW DOMAIN: https://dpe.kalihati.tangail.gov.bd
==================================================
[+] Domain exhausted. Finishing up: https://dpe.kalihati.tangail.gov.bd
==================================================
[*] STARTING NEW DOMAIN: https://dls.tetulia.panchagarh.gov.bd
==================================================
[+] Domain exhausted. Finishing up: https://dls.tetulia.panchagarh.gov.bd
==================================================
[*] STARTING NEW DOMAIN: https://ashuliasr.savar.dhaka.gov.bd
==================================================
[+] Domain exhausted. Finishing up: https://ashuliasr.savar.dhaka.gov.bd
==================================================
[*] STARTING NEW DOMAIN: https://deb109195.dhakaeducationboard.gov.bd
==================================================
[+] Domain exhausted. Finishing up: https://deb109195.dhakaeducationboard.gov.bd
==================================================
[*] STARTING NEW DOMAIN: https://deb109470.dhakaeducationboard.gov.bd
==================================================
[+] Domain exhausted. Finishing up: https://deb109470.dhakaeducationboard.gov.bd
==================================================
[*] STARTING NEW DOMAIN: https://sadullahpurup.pabna.gov.bd
==================================================
[+] Domain exhausted. Finishing up: https://sadullahpurup.pabna.gov.bd
==================================================
[*] STARTING NEW DOMAIN: https://dulalpurup.narsingdi.gov.bd
==================================================
[+] Domain exhausted. Finishing up: https://dulalpurup.narsingdi.gov.bd
==================================================
[*] STARTING NEW DOMAIN: https://jms.khagrachhari.gov.bd
==================================================
[+] Domain exhausted. Finishing up: https://jms.khagrachhari.gov.bd
==================================================
[*] STARTING NEW DOMAIN: https://kalaroashahidsritigirlsschool.jessoreboard.gov.bd
==================================================
[+] Domain exhausted. Finishing up: https://kalaroashahidsritigirlsschool.jessoreboard.gov.bd
==================================================
[*] STARTING NEW DOMAIN: https://bricm-d.nothi.gov.bd
==================================================
[+] Domain exhausted. Finishing up: https://bricm-d.nothi.gov.bd
==================================================
[*] STARTING NEW DOMAIN: https://raghunathpursecondaryschooldumuria.jessoreboard.gov.bd
==================================================
[+] Domain exhausted. Finishing up: https://raghunathpursecondaryschooldumuria.jessoreboard.gov.bd
==================================================
[*] STARTING NEW DOMAIN: https://sfdf.kazipur.sirajganj.gov.bd
==================================================
[+] Domain exhausted. Finishing up: https://sfdf.kazipur.sirajganj.gov.bd
==================================================
[*] STARTING NEW DOMAIN: https://journal.bcsadminacademy.gov.bd
==================================================
[+] Domain exhausted. Finishing up: https://journal.bcsadminacademy.gov.bd
==================================================
[*] STARTING NEW DOMAIN: https://deb111016.dhakaeducationboard.gov.bd
==================================================
[+] Domain exhausted. Finishing up: https://deb111016.dhakaeducationboard.gov.bd
==================================================
[*] STARTING NEW DOMAIN: https://brdb.khagrachhari.gov.bd
==================================================
[+] Domain exhausted. Finishing up: https://brdb.khagrachhari.gov.bd
==================================================
[*] STARTING NEW DOMAIN: https://deb110642.dhakaeducationboard.gov.bd
==================================================
[+] Domain exhausted. Finishing up: https://deb110642.dhakaeducationboard.gov.bd
==================================================
[*] STARTING NEW DOMAIN: https://brdb.bandar.narayanganj.gov.bd
==================================================
[+] Domain exhausted. Finishing up: https://brdb.bandar.narayanganj.gov.bd
==================================================
[*] STARTING NEW DOMAIN: https://hasailbanariup.munshiganj.gov.bd
==================================================
[+] Domain exhausted. Finishing up: https://hasailbanariup.munshiganj.gov.bd
==================================================
[*] STARTING NEW DOMAIN: https://deb111566.dhakaeducationboard.gov.bd
==================================================
[+] Domain exhausted. Finishing up: https://deb111566.dhakaeducationboard.gov.bd
==================================================
[*] STARTING NEW DOMAIN: https://bscic.habiganj.gov.bd
==================================================
[+] Domain exhausted. Finishing up: https://bscic.habiganj.gov.bd
==================================================
[*] STARTING NEW DOMAIN: https://seo.sadar.gopalganj.gov.bd
==================================================
[+] Domain exhausted. Finishing up: https://seo.sadar.gopalganj.gov.bd
==================================================
[*] STARTING NEW DOMAIN: https://deb110529.dhakaeducationboard.gov.bd
==================================================
[+] Domain exhausted. Finishing up: https://deb110529.dhakaeducationboard.gov.bd
==================================================
[*] STARTING NEW DOMAIN: https://dss.madaripur.gov.bd
==================================================
[+] Domain exhausted. Finishing up: https://dss.madaripur.gov.bd
==================================================
[*] STARTING NEW DOMAIN: https://youth.brahmanbaria.gov.bd
==================================================
[+] Domain exhausted. Finishing up: https://youth.brahmanbaria.gov.bd
==================================================
[*] STARTING NEW DOMAIN: https://deb109224.dhakaeducationboard.gov.bd
==================================================
[+] Domain exhausted. Finishing up: https://deb109224.dhakaeducationboard.gov.bd
==================================================
[*] STARTING NEW DOMAIN: https://brdb.habiganjsadar.habiganj.gov.bd
==================================================
[+] Domain exhausted. Finishing up: https://brdb.habiganjsadar.habiganj.gov.bd
==================================================
[*] STARTING NEW DOMAIN: https://fatepurup.narayanganj.gov.bd
==================================================
[+] Domain exhausted. Finishing up: https://fatepurup.narayanganj.gov.bd
==================================================
[*] STARTING NEW DOMAIN: https://deb109877.dhakaeducationboard.gov.bd
==================================================
[+] Domain exhausted. Finishing up: https://deb109877.dhakaeducationboard.gov.bd
==================================================
[*] STARTING NEW DOMAIN: https://dphe.sandwip.chittagong.gov.bd
==================================================
[+] Domain exhausted. Finishing up: https://dphe.sandwip.chittagong.gov.bd
==================================================
[*] STARTING NEW DOMAIN: https://fireservice.barlekha.moulvibazar.gov.bd
==================================================
[+] Domain exhausted. Finishing up: https://fireservice.barlekha.moulvibazar.gov.bd
==================================================
[*] STARTING NEW DOMAIN: https://jagonnathpuridealcollege.jessoreboard.gov.bd
==================================================
[+] Domain exhausted. Finishing up: https://jagonnathpuridealcollege.jessoreboard.gov.bd
==================================================
[*] STARTING NEW DOMAIN: https://porahatisecondaryschool.jessoreboard.gov.bd
==================================================
[+] Domain exhausted. Finishing up: https://porahatisecondaryschool.jessoreboard.gov.bd
==================================================
[*] STARTING NEW DOMAIN: https://e-templeedu.gov.bd
==================================================
[+] Domain exhausted. Finishing up: https://e-templeedu.gov.bd
==================================================
[*] STARTING NEW DOMAIN: https://fsti.chittagong.gov.bd
==================================================
[+] Domain exhausted. Finishing up: https://fsti.chittagong.gov.bd
==================================================
[*] STARTING NEW DOMAIN: https://deb110246.dhakaeducationboard.gov.bd
==================================================
[+] Domain exhausted. Finishing up: https://deb110246.dhakaeducationboard.gov.bd
==================================================
[*] STARTING NEW DOMAIN: https://drro.lakshmipur.gov.bd
==================================================
[+] Domain exhausted. Finishing up: https://drro.lakshmipur.gov.bd
==================================================
[*] STARTING NEW DOMAIN: https://ansarvdp.muladi.barisal.gov.bd
==================================================
[+] Domain exhausted. Finishing up: https://ansarvdp.muladi.barisal.gov.bd
==================================================
[*] STARTING NEW DOMAIN: https://fireservice.chauhali.sirajganj.gov.bd
==================================================
[+] Domain exhausted. Finishing up: https://fireservice.chauhali.sirajganj.gov.bd
==================================================
[*] STARTING NEW DOMAIN: https://forest.burichang.comilla.gov.bd
==================================================
[+] Domain exhausted. Finishing up: https://forest.burichang.comilla.gov.bd
==================================================
[*] STARTING NEW DOMAIN: https://jaotalamkngsecondaryschool.jessoreboard.gov.bd
==================================================
[+] Domain exhausted. Finishing up: https://jaotalamkngsecondaryschool.jessoreboard.gov.bd
==================================================
[*] STARTING NEW DOMAIN: https://shingzuriup.manikganj.gov.bd
==================================================
[+] Domain exhausted. Finishing up: https://shingzuriup.manikganj.gov.bd
==================================================
[*] STARTING NEW DOMAIN: https://hfwc.kawkhali.rangamati.gov.bd
==================================================
[+] Domain exhausted. Finishing up: https://hfwc.kawkhali.rangamati.gov.bd
==================================================
[*] STARTING NEW DOMAIN: https://brta.mymensingh.gov.bd
==================================================
[+] Domain exhausted. Finishing up: https://brta.mymensingh.gov.bd
==================================================
[*] STARTING NEW DOMAIN: https://sdf.sherpur.bogra.gov.bd
==================================================
[+] Domain exhausted. Finishing up: https://sdf.sherpur.bogra.gov.bd
==================================================
[*] STARTING NEW DOMAIN: https://hep.sreda.gov.bd
==================================================
[+] Domain exhausted. Finishing up: https://hep.sreda.gov.bd
==================================================
[*] STARTING NEW DOMAIN: https://amdahahighschool.jessoreboard.gov.bd
==================================================
[+] Domain exhausted. Finishing up: https://amdahahighschool.jessoreboard.gov.bd
==================================================
[*] STARTING NEW DOMAIN: https://food.belaichari.rangamati.gov.bd
==================================================
[+] Domain exhausted. Finishing up: https://food.belaichari.rangamati.gov.bd
==================================================
[*] STARTING NEW DOMAIN: https://fpo.sadar.bogra.gov.bd
==================================================
[+] Domain exhausted. Finishing up: https://fpo.sadar.bogra.gov.bd
==================================================
[*] STARTING NEW DOMAIN: https://deb109888.dhakaeducationboard.gov.bd
==================================================
[+] Domain exhausted. Finishing up: https://deb109888.dhakaeducationboard.gov.bd
==================================================
[*] STARTING NEW DOMAIN: https://fireservice.netrokona.gov.bd
==================================================
[+] Domain exhausted. Finishing up: https://fireservice.netrokona.gov.bd
==================================================
[*] STARTING NEW DOMAIN: http://mayaniup.chittagong.gov.bd
==================================================
[+] Domain exhausted. Finishing up: http://mayaniup.chittagong.gov.bd
==================================================
[*] STARTING NEW DOMAIN: https://info.chuadanga.gov.bd
==================================================
[+] Domain exhausted. Finishing up: https://info.chuadanga.gov.bd
==================================================
[*] STARTING NEW DOMAIN: https://food.kalihati.tangail.gov.bd
==================================================
[+] Domain exhausted. Finishing up: https://food.kalihati.tangail.gov.bd
==================================================
[*] STARTING NEW DOMAIN: https://ansarvdp.jibannagar.chuadanga.gov.bd
==================================================
[+] Domain exhausted. Finishing up: https://ansarvdp.jibannagar.chuadanga.gov.bd
==================================================
[*] STARTING NEW DOMAIN: https://islampursecondaryschool.jessoreboard.gov.bd
==================================================
[+] Domain exhausted. Finishing up: https://islampursecondaryschool.jessoreboard.gov.bd
==================================================
[*] STARTING NEW DOMAIN: https://kaikhalisrhighschool.jessoreboard.gov.bd
==================================================
[+] Domain exhausted. Finishing up: https://kaikhalisrhighschool.jessoreboard.gov.bd
==================================================
[*] STARTING NEW DOMAIN: https://forest.phulchari.gaibandha.gov.bd
==================================================
[+] Domain exhausted. Finishing up: https://forest.phulchari.gaibandha.gov.bd
==================================================
[*] STARTING NEW DOMAIN: https://jagadishpurup.habiganj.gov.bd
==================================================
[+] Domain exhausted. Finishing up: https://jagadishpurup.habiganj.gov.bd
==================================================
[*] STARTING NEW DOMAIN: https://acl.shalikha.magura.gov.bd
==================================================
[+] Domain exhausted. Finishing up: https://acl.shalikha.magura.gov.bd
==================================================
[*] STARTING NEW DOMAIN: https://bhomra-eport.blpa.gov.bd
==================================================
[+] Domain exhausted. Finishing up: https://bhomra-eport.blpa.gov.bd
==================================================
[*] STARTING NEW DOMAIN: https://forest.khulna.gov.bd
==================================================
[+] Domain exhausted. Finishing up: https://forest.khulna.gov.bd
==================================================
[*] STARTING NEW DOMAIN: https://pulumgolamsarwarsecondaryschool.jessoreboard.gov.bd
==================================================
[+] Domain exhausted. Finishing up: https://pulumgolamsarwarsecondaryschool.jessoreboard.gov.bd
==================================================
[*] STARTING NEW DOMAIN: https://fireservice.karnafuli.chittagong.gov.bd
==================================================
[+] Domain exhausted. Finishing up: https://fireservice.karnafuli.chittagong.gov.bd
==================================================
[*] STARTING NEW DOMAIN: https://psosk.bhairab.kishoreganj.gov.bd
==================================================
[+] Domain exhausted. Finishing up: https://psosk.bhairab.kishoreganj.gov.bd
==================================================
[*] STARTING NEW DOMAIN: https://deb108720.dhakaeducationboard.gov.bd
==================================================
[+] Domain exhausted. Finishing up: https://deb108720.dhakaeducationboard.gov.bd
==================================================
[*] STARTING NEW DOMAIN: https://mirpurmohilacollege.jessoreboard.gov.bd
==================================================
[+] Domain exhausted. Finishing up: https://mirpurmohilacollege.jessoreboard.gov.bd
==================================================
[*] STARTING NEW DOMAIN: https://fisheries.raozan.chittagong.gov.bd
==================================================
[+] Domain exhausted. Finishing up: https://fisheries.raozan.chittagong.gov.bd
==================================================
[*] STARTING NEW DOMAIN: https://islamiagirlshighschool.jessoreboard.gov.bd
==================================================
[+] Domain exhausted. Finishing up: https://islamiagirlshighschool.jessoreboard.gov.bd
==================================================
[*] STARTING NEW DOMAIN: https://psb.mirzaganj.patuakhali.gov.bd
==================================================
[+] Domain exhausted. Finishing up: https://psb.mirzaganj.patuakhali.gov.bd
==================================================
[*] STARTING NEW DOMAIN: https://mollickshahidulislamkarigoricollege.jessoreboard.gov.bd
==================================================
[+] Domain exhausted. Finishing up: https://mollickshahidulislamkarigoricollege.jessoreboard.gov.bd
==================================================
[*] STARTING NEW DOMAIN: https://health.khetlal.joypurhat.gov.bd
==================================================
[+] Domain exhausted. Finishing up: https://health.khetlal.joypurhat.gov.bd
==================================================
[*] STARTING NEW DOMAIN: https://rawshonaramemorialgirlscollegemorrelganj.jessoreboard.gov.bd
==================================================
[+] Domain exhausted. Finishing up: https://rawshonaramemorialgirlscollegemorrelganj.jessoreboard.gov.bd
==================================================
[*] STARTING NEW DOMAIN: https://fireservice.sadar.feni.gov.bd
==================================================
[+] Domain exhausted. Finishing up: https://fireservice.sadar.feni.gov.bd
==================================================
[*] STARTING NEW DOMAIN: https://irbadc.nilphamari.gov.bd
==================================================
[+] Domain exhausted. Finishing up: https://irbadc.nilphamari.gov.bd
==================================================
[*] STARTING NEW DOMAIN: https://deb110394.dhakaeducationboard.gov.bd
==================================================
[+] Domain exhausted. Finishing up: https://deb110394.dhakaeducationboard.gov.bd
==================================================
[*] STARTING NEW DOMAIN: https://brdb.dhamoirhat.naogaon.gov.bd
==================================================
[+] Domain exhausted. Finishing up: https://brdb.dhamoirhat.naogaon.gov.bd
==================================================
[*] STARTING NEW DOMAIN: https://deb108402.dhakaeducationboard.gov.bd
==================================================
[+] Domain exhausted. Finishing up: https://deb108402.dhakaeducationboard.gov.bd
==================================================
[*] STARTING NEW DOMAIN: https://sr.ullapara.sirajganj.gov.bd
==================================================
[+] Domain exhausted. Finishing up: https://sr.ullapara.sirajganj.gov.bd
==================================================
[*] STARTING NEW DOMAIN: https://sonarbanglacollege.jessoreboard.gov.bd
==================================================
[+] Domain exhausted. Finishing up: https://sonarbanglacollege.jessoreboard.gov.bd
==================================================
[*] STARTING NEW DOMAIN: https://acc.barisal.gov.bd
==================================================
[+] Domain exhausted. Finishing up: https://acc.barisal.gov.bd
==================================================
[*] STARTING NEW DOMAIN: https://pourashava.parshuram.feni.gov.bd
==================================================
[+] Domain exhausted. Finishing up: https://pourashava.parshuram.feni.gov.bd
==================================================
[*] STARTING NEW DOMAIN: https://brtc.noakhali.gov.bd
==================================================
[+] Domain exhausted. Finishing up: https://brtc.noakhali.gov.bd
==================================================
[*] STARTING NEW DOMAIN: https://garbhangasecondarygirlsschool.jessoreboard.gov.bd
==================================================
[+] Domain exhausted. Finishing up: https://garbhangasecondarygirlsschool.jessoreboard.gov.bd
==================================================
[*] STARTING NEW DOMAIN: https://deb110616.dhakaeducationboard.gov.bd
==================================================
[+] Domain exhausted. Finishing up: https://deb110616.dhakaeducationboard.gov.bd
==================================================
[*] STARTING NEW DOMAIN: https://amadaadarshacollege.jessoreboard.gov.bd
==================================================
[+] Domain exhausted. Finishing up: https://amadaadarshacollege.jessoreboard.gov.bd
==================================================
[*] STARTING NEW DOMAIN: https://trishal.mymensingh.gov.bd
==================================================
[+] Domain exhausted. Finishing up: https://trishal.mymensingh.gov.bd
==================================================
[*] STARTING NEW DOMAIN: https://deb108795.dhakaeducationboard.gov.bd
==================================================
[+] Domain exhausted. Finishing up: https://deb108795.dhakaeducationboard.gov.bd
==================================================
[*] STARTING NEW DOMAIN: https://post.baghaichari.rangamati.gov.bd
==================================================
[+] Domain exhausted. Finishing up: https://post.baghaichari.rangamati.gov.bd
==================================================
[*] STARTING NEW DOMAIN: https://dshe.gournadi.barisal.gov.bd
==================================================
[+] Domain exhausted. Finishing up: https://dshe.gournadi.barisal.gov.bd
==================================================
[*] STARTING NEW DOMAIN: https://health.ashuganj.brahmanbaria.gov.bd
==================================================
[+] Domain exhausted. Finishing up: https://health.ashuganj.brahmanbaria.gov.bd
==================================================
[*] STARTING NEW DOMAIN: https://kanchanabadup.chittagong.gov.bd
==================================================
[+] Domain exhausted. Finishing up: https://kanchanabadup.chittagong.gov.bd
==================================================
[*] STARTING NEW DOMAIN: https://food.sadar.khagrachhari.gov.bd
==================================================
[+] Domain exhausted. Finishing up: https://food.sadar.khagrachhari.gov.bd
==================================================
[*] STARTING NEW DOMAIN: https://forest.atrai.naogaon.gov.bd
==================================================
[+] Domain exhausted. Finishing up: https://forest.atrai.naogaon.gov.bd
==================================================
[*] STARTING NEW DOMAIN: https://bbs.mirpur.kushtia.gov.bd
==================================================
[+] Domain exhausted. Finishing up: https://bbs.mirpur.kushtia.gov.bd
==================================================
[*] STARTING NEW DOMAIN: https://bhbfc.mymensingh.gov.bd
==================================================
[+] Domain exhausted. Finishing up: https://bhbfc.mymensingh.gov.bd
==================================================
[*] STARTING NEW DOMAIN: https://totthoapa.phulchari.gaibandha.gov.bd
==================================================
[+] Domain exhausted. Finishing up: https://totthoapa.phulchari.gaibandha.gov.bd
==================================================
[*] STARTING NEW DOMAIN: https://dphe.gournadi.barisal.gov.bd
==================================================
[+] Domain exhausted. Finishing up: https://dphe.gournadi.barisal.gov.bd
==================================================
[*] STARTING NEW DOMAIN: https://food.dimla.nilphamari.gov.bd
==================================================
[+] Domain exhausted. Finishing up: https://food.dimla.nilphamari.gov.bd
==================================================
[*] STARTING NEW DOMAIN: https://lged.naria.shariatpur.gov.bd
==================================================
[+] Domain exhausted. Finishing up: https://lged.naria.shariatpur.gov.bd
==================================================
[*] STARTING NEW DOMAIN: https://fisheries.birampur.dinajpur.gov.bd
==================================================
[+] Domain exhausted. Finishing up: https://fisheries.birampur.dinajpur.gov.bd
==================================================
[*] STARTING NEW DOMAIN: https://deb114086.dhakaeducationboard.gov.bd
==================================================
[+] Domain exhausted. Finishing up: https://deb114086.dhakaeducationboard.gov.bd
==================================================
[*] STARTING NEW DOMAIN: https://maswimnagarup.jessore.gov.bd
==================================================
[+] Domain exhausted. Finishing up: https://maswimnagarup.jessore.gov.bd
==================================================
[*] STARTING NEW DOMAIN: https://deb111246.dhakaeducationboard.gov.bd
==================================================
[+] Domain exhausted. Finishing up: https://deb111246.dhakaeducationboard.gov.bd
==================================================
[*] STARTING NEW DOMAIN: https://ebek.nagarpur.tangail.gov.bd
==================================================
[+] Domain exhausted. Finishing up: https://ebek.nagarpur.tangail.gov.bd
==================================================
[*] STARTING NEW DOMAIN: https://food.pakundia.kishoreganj.gov.bd
==================================================
[+] Domain exhausted. Finishing up: https://food.pakundia.kishoreganj.gov.bd
==================================================
[*] STARTING NEW DOMAIN: https://deb109062.dhakaeducationboard.gov.bd
==================================================
[+] Domain exhausted. Finishing up: https://deb109062.dhakaeducationboard.gov.bd
==================================================
[*] STARTING NEW DOMAIN: https://dss.sadar.madaripur.gov.bd
==================================================
[+] Domain exhausted. Finishing up: https://dss.sadar.madaripur.gov.bd
==================================================
[*] STARTING NEW DOMAIN: https://serverstation.sherpur.bogra.gov.bd
==================================================
[+] Domain exhausted. Finishing up: https://serverstation.sherpur.bogra.gov.bd
==================================================
[*] STARTING NEW DOMAIN: https://dss.ramgarh.khagrachhari.gov.bd
==================================================
[+] Domain exhausted. Finishing up: https://dss.ramgarh.khagrachhari.gov.bd
==================================================
[*] STARTING NEW DOMAIN: https://drro.noakhali.gov.bd
==================================================
[+] Domain exhausted. Finishing up: https://drro.noakhali.gov.bd
==================================================
[*] STARTING NEW DOMAIN: https://fireservice.syedpur.nilphamari.gov.bd
==================================================
[+] Domain exhausted. Finishing up: https://fireservice.syedpur.nilphamari.gov.bd
==================================================
[*] STARTING NEW DOMAIN: https://bbs.charghat.rajshahi.gov.bd
==================================================
[+] Domain exhausted. Finishing up: https://bbs.charghat.rajshahi.gov.bd
==================================================
[*] STARTING NEW DOMAIN: https://dss.bhangura.pabna.gov.bd
==================================================
[+] Domain exhausted. Finishing up: https://dss.bhangura.pabna.gov.bd
==================================================
[*] STARTING NEW DOMAIN: https://dao.paikgasa.khulna.gov.bd
==================================================
[+] Domain exhausted. Finishing up: https://dao.paikgasa.khulna.gov.bd
==================================================
[*] STARTING NEW DOMAIN: https://aclchandgaon.chittagong.gov.bd
==================================================
[+] Domain exhausted. Finishing up: https://aclchandgaon.chittagong.gov.bd
==================================================
[*] STARTING NEW DOMAIN: https://bhandaria.pirojpur.gov.bd
==================================================
[+] Domain exhausted. Finishing up: https://bhandaria.pirojpur.gov.bd
==================================================
[*] STARTING NEW DOMAIN: https://eo.mirpur.kushtia.gov.bd
==================================================
[+] Domain exhausted. Finishing up: https://eo.mirpur.kushtia.gov.bd
==================================================
[*] STARTING NEW DOMAIN: https://fireservice.sadar.manikganj.gov.bd
==================================================
[+] Domain exhausted. Finishing up: https://fireservice.sadar.manikganj.gov.bd
==================================================
[*] STARTING NEW DOMAIN: https://dphe.hatibandha.lalmonirhat.gov.bd
==================================================
[+] Domain exhausted. Finishing up: https://dphe.hatibandha.lalmonirhat.gov.bd
==================================================
[*] STARTING NEW DOMAIN: https://ec.rowmari.kurigram.gov.bd
==================================================
[+] Domain exhausted. Finishing up: https://ec.rowmari.kurigram.gov.bd
==================================================
[*] STARTING NEW DOMAIN: https://fashiakhaliup.coxsbazar.gov.bd
==================================================
[+] Domain exhausted. Finishing up: https://fashiakhaliup.coxsbazar.gov.bd
==================================================
[*] STARTING NEW DOMAIN: https://dpe.pathorghata.barguna.gov.bd
==================================================
[+] Domain exhausted. Finishing up: https://dpe.pathorghata.barguna.gov.bd
==================================================
[*] STARTING NEW DOMAIN: https://eed.sreepur.gazipur.gov.bd
==================================================
[+] Domain exhausted. Finishing up: https://eed.sreepur.gazipur.gov.bd
==================================================
[*] STARTING NEW DOMAIN: https://deb130712.dhakaeducationboard.gov.bd
==================================================
[+] Domain exhausted. Finishing up: https://deb130712.dhakaeducationboard.gov.bd
==================================================
[*] STARTING NEW DOMAIN: https://post.madhabpur.habiganj.gov.bd
==================================================
[+] Domain exhausted. Finishing up: https://post.madhabpur.habiganj.gov.bd
==================================================
[*] STARTING NEW DOMAIN: https://keoraup.lakshmipur.gov.bd
==================================================
[+] Domain exhausted. Finishing up: https://keoraup.lakshmipur.gov.bd
==================================================
[*] STARTING NEW DOMAIN: https://bscic.bogra.gov.bd
==================================================
[+] Domain exhausted. Finishing up: https://bscic.bogra.gov.bd
==================================================
[*] STARTING NEW DOMAIN: https://fireservice.narsingdisadar.narsingdi.gov.bd
==================================================
[+] Domain exhausted. Finishing up: https://fireservice.narsingdisadar.narsingdi.gov.bd
==================================================
[*] STARTING NEW DOMAIN: https://deb113591.dhakaeducationboard.gov.bd
==================================================
[+] Domain exhausted. Finishing up: https://deb113591.dhakaeducationboard.gov.bd
==================================================
[*] STARTING NEW DOMAIN: https://psb.thakurgaon.gov.bd
==================================================
[+] Domain exhausted. Finishing up: https://psb.thakurgaon.gov.bd
==================================================
[*] STARTING NEW DOMAIN: https://deb114219.dhakaeducationboard.gov.bd
==================================================
[+] Domain exhausted. Finishing up: https://deb114219.dhakaeducationboard.gov.bd
==================================================
[*] STARTING NEW DOMAIN: https://deb134653.dhakaeducationboard.gov.bd
==================================================
[+] Domain exhausted. Finishing up: https://deb134653.dhakaeducationboard.gov.bd
==================================================
[*] STARTING NEW DOMAIN: https://deb111749.dhakaeducationboard.gov.bd
==================================================
[+] Domain exhausted. Finishing up: https://deb111749.dhakaeducationboard.gov.bd
==================================================
[*] STARTING NEW DOMAIN: https://govthazimohammadmuhsincollege.jessoreboard.gov.bd
==================================================
[+] Domain exhausted. Finishing up: https://govthazimohammadmuhsincollege.jessoreboard.gov.bd
==================================================
[*] STARTING NEW DOMAIN: https://deb131314.dhakaeducationboard.gov.bd
==================================================
[+] Domain exhausted. Finishing up: https://deb131314.dhakaeducationboard.gov.bd
==================================================
[*] STARTING NEW DOMAIN: https://deb111929.dhakaeducationboard.gov.bd
==================================================
[+] Domain exhausted. Finishing up: https://deb111929.dhakaeducationboard.gov.bd
==================================================
[*] STARTING NEW DOMAIN: https://deb114461.dhakaeducationboard.gov.bd
==================================================
[+] Domain exhausted. Finishing up: https://deb114461.dhakaeducationboard.gov.bd
==================================================
[*] STARTING NEW DOMAIN: https://tsclalmohan.bhola.gov.bd
==================================================
[+] Domain exhausted. Finishing up: https://tsclalmohan.bhola.gov.bd
==================================================
[*] STARTING NEW DOMAIN: https://dss.beanibazar.sylhet.gov.bd
==================================================
[+] Domain exhausted. Finishing up: https://dss.beanibazar.sylhet.gov.bd
==================================================
[*] STARTING NEW DOMAIN: https://deb113943.dhakaeducationboard.gov.bd
==================================================
[+] Domain exhausted. Finishing up: https://deb113943.dhakaeducationboard.gov.bd
==================================================
[*] STARTING NEW DOMAIN: https://moragachasecondaryschool.jessoreboard.gov.bd
==================================================
[+] Domain exhausted. Finishing up: https://moragachasecondaryschool.jessoreboard.gov.bd
==================================================
[*] STARTING NEW DOMAIN: https://ebek.thakurgaonsadar.thakurgaon.gov.bd
==================================================
[+] Domain exhausted. Finishing up: https://ebek.thakurgaonsadar.thakurgaon.gov.bd
==================================================
[*] STARTING NEW DOMAIN: https://kapotakshisecondaryschool.jessoreboard.gov.bd
==================================================
[+] Domain exhausted. Finishing up: https://kapotakshisecondaryschool.jessoreboard.gov.bd
==================================================
[*] STARTING NEW DOMAIN: https://bjmc.gov.bd
==================================================
[+] Domain exhausted. Finishing up: https://bjmc.gov.bd
==================================================
[*] STARTING NEW DOMAIN: https://fireservice.lalmohan.bhola.gov.bd
==================================================
[+] Domain exhausted. Finishing up: https://fireservice.lalmohan.bhola.gov.bd
==================================================
[*] STARTING NEW DOMAIN: https://lenguraup.sylhet.gov.bd
==================================================
[+] Domain exhausted. Finishing up: https://lenguraup.sylhet.gov.bd
==================================================
[*] STARTING NEW DOMAIN: https://tscnageshwari.kurigram.gov.bd
==================================================
[+] Domain exhausted. Finishing up: https://tscnageshwari.kurigram.gov.bd
==================================================
[*] STARTING NEW DOMAIN: https://dignagorunionhighschool.jessoreboard.gov.bd
==================================================
[+] Domain exhausted. Finishing up: https://dignagorunionhighschool.jessoreboard.gov.bd
==================================================
[*] STARTING NEW DOMAIN: https://kalighatup.moulvibazar.gov.bd
==================================================
[+] Domain exhausted. Finishing up: https://kalighatup.moulvibazar.gov.bd
==================================================
[*] STARTING NEW DOMAIN: https://publiclibrary.rajshahidiv.gov.bd
==================================================
[+] Domain exhausted. Finishing up: https://publiclibrary.rajshahidiv.gov.bd
==================================================
[*] STARTING NEW DOMAIN: https://deb139737.dhakaeducationboard.gov.bd
==================================================
[+] Domain exhausted. Finishing up: https://deb139737.dhakaeducationboard.gov.bd
==================================================
[*] STARTING NEW DOMAIN: https://deb112605.dhakaeducationboard.gov.bd
==================================================
[+] Domain exhausted. Finishing up: https://deb112605.dhakaeducationboard.gov.bd
==================================================
[*] STARTING NEW DOMAIN: https://kutubjumup.coxsbazar.gov.bd
==================================================
[+] Domain exhausted. Finishing up: https://kutubjumup.coxsbazar.gov.bd
==================================================
[*] STARTING NEW DOMAIN: https://tscbochaganj.dinajpur.gov.bd
==================================================
[+] Domain exhausted. Finishing up: https://tscbochaganj.dinajpur.gov.bd
==================================================
[*] STARTING NEW DOMAIN: https://kathaltalasecondaryschool.jessoreboard.gov.bd
==================================================
[+] Domain exhausted. Finishing up: https://kathaltalasecondaryschool.jessoreboard.gov.bd
==================================================
[*] STARTING NEW DOMAIN: https://lged.shibchar.madaripur.gov.bd
==================================================
[+] Domain exhausted. Finishing up: https://lged.shibchar.madaripur.gov.bd
==================================================
[*] STARTING NEW DOMAIN: https://namecorrection.dinajpurboard.gov.bd
==================================================
[+] Domain exhausted. Finishing up: https://namecorrection.dinajpurboard.gov.bd
==================================================
[*] STARTING NEW DOMAIN: https://bsti.habiganj.gov.bd
==================================================
[+] Domain exhausted. Finishing up: https://bsti.habiganj.gov.bd
==================================================
[*] STARTING NEW DOMAIN: https://sujalpurup.dinajpur.gov.bd
==================================================
[+] Domain exhausted. Finishing up: https://sujalpurup.dinajpur.gov.bd
==================================================
[*] STARTING NEW DOMAIN: https://dls.birganj.dinajpur.gov.bd
==================================================
[+] Domain exhausted. Finishing up: https://dls.birganj.dinajpur.gov.bd
==================================================
[*] STARTING NEW DOMAIN: https://ec.dinajpur.gov.bd
==================================================
[+] Domain exhausted. Finishing up: https://ec.dinajpur.gov.bd
==================================================
[*] STARTING NEW DOMAIN: https://lged.barguna.gov.bd
==================================================
[+] Domain exhausted. Finishing up: https://lged.barguna.gov.bd
==================================================
[*] STARTING NEW DOMAIN: https://nayansreeup.dhaka.gov.bd
==================================================
[+] Domain exhausted. Finishing up: https://nayansreeup.dhaka.gov.bd
==================================================
[*] STARTING NEW DOMAIN: https://dphe.osmaninagar.sylhet.gov.bd
==================================================
[+] Domain exhausted. Finishing up: https://dphe.osmaninagar.sylhet.gov.bd
==================================================
[*] STARTING NEW DOMAIN: https://deb113866.dhakaeducationboard.gov.bd
==================================================
[+] Domain exhausted. Finishing up: https://deb113866.dhakaeducationboard.gov.bd
==================================================
[*] STARTING NEW DOMAIN: https://taxeszone11dhaka.gov.bd
==================================================
[+] Domain exhausted. Finishing up: https://taxeszone11dhaka.gov.bd
==================================================
[*] STARTING NEW DOMAIN: https://shaheedabdulzalilsecondaryschool.jessoreboard.gov.bd
==================================================
[+] Domain exhausted. Finishing up: https://shaheedabdulzalilsecondaryschool.jessoreboard.gov.bd
==================================================
[*] STARTING NEW DOMAIN: https://deb113083.dhakaeducationboard.gov.bd
==================================================
[+] Domain exhausted. Finishing up: https://deb113083.dhakaeducationboard.gov.bd
==================================================
[*] STARTING NEW DOMAIN: https://deb134288.dhakaeducationboard.gov.bd
==================================================
[+] Domain exhausted. Finishing up: https://deb134288.dhakaeducationboard.gov.bd
==================================================
[*] STARTING NEW DOMAIN: https://dls.baliadangi.thakurgaon.gov.bd
==================================================
[+] Domain exhausted. Finishing up: https://dls.baliadangi.thakurgaon.gov.bd
==================================================
[*] STARTING NEW DOMAIN: https://police.tarash.sirajganj.gov.bd
==================================================
[+] Domain exhausted. Finishing up: https://police.tarash.sirajganj.gov.bd
==================================================
[*] STARTING NEW DOMAIN: https://fpo.chapainawabganjsadar.chapainawabganj.gov.bd
==================================================
[+] Domain exhausted. Finishing up: https://fpo.chapainawabganjsadar.chapainawabganj.gov.bd
==================================================
[*] STARTING NEW DOMAIN: https://deb139606.dhakaeducationboard.gov.bd
==================================================
[+] Domain exhausted. Finishing up: https://deb139606.dhakaeducationboard.gov.bd
==================================================
[*] STARTING NEW DOMAIN: https://deb112683.dhakaeducationboard.gov.bd
==================================================
[+] Domain exhausted. Finishing up: https://deb112683.dhakaeducationboard.gov.bd
==================================================
[*] STARTING NEW DOMAIN: https://deb131937.dhakaeducationboard.gov.bd
==================================================
[+] Domain exhausted. Finishing up: https://deb131937.dhakaeducationboard.gov.bd
==================================================
[*] STARTING NEW DOMAIN: https://bbs.mymensinghsadar.mymensingh.gov.bd
==================================================
[+] Domain exhausted. Finishing up: https://bbs.mymensinghsadar.mymensingh.gov.bd
==================================================
[*] STARTING NEW DOMAIN: https://qbank.jessoreboard.gov.bd
==================================================
[+] Domain exhausted. Finishing up: https://qbank.jessoreboard.gov.bd
==================================================
[*] STARTING NEW DOMAIN: https://deb114530.dhakaeducationboard.gov.bd
==================================================
[+] Domain exhausted. Finishing up: https://deb114530.dhakaeducationboard.gov.bd
==================================================
[*] STARTING NEW DOMAIN: https://demusiaup.coxsbazar.gov.bd
==================================================
[+] Domain exhausted. Finishing up: https://demusiaup.coxsbazar.gov.bd
==================================================
[*] STARTING NEW DOMAIN: https://brdb.manikganj.gov.bd
==================================================
[+] Domain exhausted. Finishing up: https://brdb.manikganj.gov.bd
==================================================
[*] STARTING NEW DOMAIN: https://lged.bauphal.patuakhali.gov.bd
==================================================
[+] Domain exhausted. Finishing up: https://lged.bauphal.patuakhali.gov.bd
==================================================
[*] STARTING NEW DOMAIN: https://tobockpurup.kurigram.gov.bd
==================================================
[+] Domain exhausted. Finishing up: https://tobockpurup.kurigram.gov.bd
==================================================
[*] STARTING NEW DOMAIN: https://dphe.habiganj.gov.bd
==================================================
[+] Domain exhausted. Finishing up: https://dphe.habiganj.gov.bd
==================================================
[*] STARTING NEW DOMAIN: https://lged.lama.bandarban.gov.bd
==================================================
[+] Domain exhausted. Finishing up: https://lged.lama.bandarban.gov.bd
==================================================
[*] STARTING NEW DOMAIN: https://deb138343.dhakaeducationboard.gov.bd
==================================================
[+] Domain exhausted. Finishing up: https://deb138343.dhakaeducationboard.gov.bd
==================================================
[*] STARTING NEW DOMAIN: https://dphe.dumuria.khulna.gov.bd
==================================================
[+] Domain exhausted. Finishing up: https://dphe.dumuria.khulna.gov.bd
==================================================
[*] STARTING NEW DOMAIN: https://deb112942.dhakaeducationboard.gov.bd
==================================================
[+] Domain exhausted. Finishing up: https://deb112942.dhakaeducationboard.gov.bd
==================================================
[*] STARTING NEW DOMAIN: https://narandiaup.tangail.gov.bd
==================================================
[+] Domain exhausted. Finishing up: https://narandiaup.tangail.gov.bd
==================================================
[*] STARTING NEW DOMAIN: https://sr.sreenagar.munshiganj.gov.bd
==================================================
[+] Domain exhausted. Finishing up: https://sr.sreenagar.munshiganj.gov.bd
==================================================
[*] STARTING NEW DOMAIN: https://laodobbadamtalasecondaryschool.jessoreboard.gov.bd
==================================================
[+] Domain exhausted. Finishing up: https://laodobbadamtalasecondaryschool.jessoreboard.gov.bd
==================================================
[*] STARTING NEW DOMAIN: https://machhparaup.rajbari.gov.bd
==================================================
[+] Domain exhausted. Finishing up: https://machhparaup.rajbari.gov.bd
==================================================
[*] STARTING NEW DOMAIN: https://deo.shibganj.bogra.gov.bd
==================================================
[+] Domain exhausted. Finishing up: https://deo.shibganj.bogra.gov.bd
==================================================
[*] STARTING NEW DOMAIN: https://dwa.dowarabazar.sunamganj.gov.bd
==================================================
[+] Domain exhausted. Finishing up: https://dwa.dowarabazar.sunamganj.gov.bd
==================================================
[*] STARTING NEW DOMAIN: https://kaziazaharalicollegefakirhat.jessoreboard.gov.bd
==================================================
[+] Domain exhausted. Finishing up: https://kaziazaharalicollegefakirhat.jessoreboard.gov.bd
==================================================
[*] STARTING NEW DOMAIN: https://deo.harinakundu.jhenaidah.gov.bd
==================================================
[+] Domain exhausted. Finishing up: https://deo.harinakundu.jhenaidah.gov.bd
==================================================
[*] STARTING NEW DOMAIN: https://dwa.barisalsadar.barisal.gov.bd
==================================================
[+] Domain exhausted. Finishing up: https://dwa.barisalsadar.barisal.gov.bd
==================================================
[*] STARTING NEW DOMAIN: https://saghataup.gaibandha.gov.bd
==================================================
[+] Domain exhausted. Finishing up: https://saghataup.gaibandha.gov.bd
==================================================
[*] STARTING NEW DOMAIN: https://ebek.sharsha.jessore.gov.bd
==================================================
[+] Domain exhausted. Finishing up: https://ebek.sharsha.jessore.gov.bd
==================================================
[*] STARTING NEW DOMAIN: https://deb110233.dhakaeducationboard.gov.bd
==================================================
[+] Domain exhausted. Finishing up: https://deb110233.dhakaeducationboard.gov.bd
==================================================
[*] STARTING NEW DOMAIN: https://kumarkhali.kushtia.gov.bd
==================================================
[+] Domain exhausted. Finishing up: https://kumarkhali.kushtia.gov.bd
==================================================
[*] STARTING NEW DOMAIN: https://deb138912.dhakaeducationboard.gov.bd
==================================================
[+] Domain exhausted. Finishing up: https://deb138912.dhakaeducationboard.gov.bd
==================================================
[*] STARTING NEW DOMAIN: https://dss.chatmohar.pabna.gov.bd
==================================================
[+] Domain exhausted. Finishing up: https://dss.chatmohar.pabna.gov.bd
==================================================
[*] STARTING NEW DOMAIN: https://lged.doulatkhan.bhola.gov.bd
==================================================
[+] Domain exhausted. Finishing up: https://lged.doulatkhan.bhola.gov.bd
==================================================
[*] STARTING NEW DOMAIN: https://totthoapa.muladi.barisal.gov.bd
==================================================
[+] Domain exhausted. Finishing up: https://totthoapa.muladi.barisal.gov.bd
==================================================
[*] STARTING NEW DOMAIN: https://dwa.rajasthali.rangamati.gov.bd
==================================================
[+] Domain exhausted. Finishing up: https://dwa.rajasthali.rangamati.gov.bd
==================================================
[*] STARTING NEW DOMAIN: https://deb113499.dhakaeducationboard.gov.bd
==================================================
[+] Domain exhausted. Finishing up: https://deb113499.dhakaeducationboard.gov.bd
==================================================
[*] STARTING NEW DOMAIN: https://nowabekisecondaryschool.jessoreboard.gov.bd
==================================================
[+] Domain exhausted. Finishing up: https://nowabekisecondaryschool.jessoreboard.gov.bd
==================================================
[*] STARTING NEW DOMAIN: https://dssucd1.dhaka.gov.bd
==================================================
[+] Domain exhausted. Finishing up: https://dssucd1.dhaka.gov.bd
==================================================
[*] STARTING NEW DOMAIN: https://pozip.palash.narsingdi.gov.bd
==================================================
[+] Domain exhausted. Finishing up: https://pozip.palash.narsingdi.gov.bd
==================================================
[*] STARTING NEW DOMAIN: https://totthoapa.pabnasadar.pabna.gov.bd
==================================================
[+] Domain exhausted. Finishing up: https://totthoapa.pabnasadar.pabna.gov.bd
==================================================
[*] STARTING NEW DOMAIN: https://dwa.mohongonj.netrokona.gov.bd
==================================================
[+] Domain exhausted. Finishing up: https://dwa.mohongonj.netrokona.gov.bd
==================================================
[*] STARTING NEW DOMAIN: https://dwa.chandanaish.chittagong.gov.bd
==================================================
[+] Domain exhausted. Finishing up: https://dwa.chandanaish.chittagong.gov.bd
==================================================
[*] STARTING NEW DOMAIN: https://deb108037.dhakaeducationboard.gov.bd
==================================================
[+] Domain exhausted. Finishing up: https://deb108037.dhakaeducationboard.gov.bd
==================================================
[*] STARTING NEW DOMAIN: https://eed.belabo.narsingdi.gov.bd
==================================================
[+] Domain exhausted. Finishing up: https://eed.belabo.narsingdi.gov.bd
==================================================
[*] STARTING NEW DOMAIN: https://dls.habiganjsadar.habiganj.gov.bd
==================================================
[+] Domain exhausted. Finishing up: https://dls.habiganjsadar.habiganj.gov.bd
==================================================
[*] STARTING NEW DOMAIN: https://ec.jhikargacha.jessore.gov.bd
==================================================
[+] Domain exhausted. Finishing up: https://ec.jhikargacha.jessore.gov.bd
==================================================
[*] STARTING NEW DOMAIN: https://chandraghonapolice.kaptai.rangamati.gov.bd
==================================================
[+] Domain exhausted. Finishing up: https://chandraghonapolice.kaptai.rangamati.gov.bd
==================================================
[*] STARTING NEW DOMAIN: https://youth.rupsha.khulna.gov.bd
==================================================
[+] Domain exhausted. Finishing up: https://youth.rupsha.khulna.gov.bd
==================================================
[*] STARTING NEW DOMAIN: https://sr.dinajpursadar.dinajpur.gov.bd
==================================================
[+] Domain exhausted. Finishing up: https://sr.dinajpursadar.dinajpur.gov.bd
==================================================
[*] STARTING NEW DOMAIN: https://urc.sadar.faridpur.gov.bd
==================================================
[+] Domain exhausted. Finishing up: https://urc.sadar.faridpur.gov.bd
==================================================
[*] STARTING NEW DOMAIN: https://urc.borhanuddin.bhola.gov.bd
==================================================
[+] Domain exhausted. Finishing up: https://urc.borhanuddin.bhola.gov.bd
==================================================
[*] STARTING NEW DOMAIN: https://vanorup.thakurgaon.gov.bd
==================================================
[+] Domain exhausted. Finishing up: https://vanorup.thakurgaon.gov.bd
==================================================
[*] STARTING NEW DOMAIN: https://urc.chauddagram.comilla.gov.bd
==================================================
[+] Domain exhausted. Finishing up: https://urc.chauddagram.comilla.gov.bd
==================================================
[*] STARTING NEW DOMAIN: http://dae.atpara.netrokona.gov.bd
==================================================
[+] Domain exhausted. Finishing up: http://dae.atpara.netrokona.gov.bd
==================================================
[*] STARTING NEW DOMAIN: http://ailhaslaxmipurhighschool.jessoreboard.gov.bd
==================================================
[+] Domain exhausted. Finishing up: http://ailhaslaxmipurhighschool.jessoreboard.gov.bd
==================================================
[*] STARTING NEW DOMAIN: https://youth.netrokona.gov.bd
==================================================
[+] Domain exhausted. Finishing up: https://youth.netrokona.gov.bd
==================================================
[*] STARTING NEW DOMAIN: https://vatintelligence.gov.bd
==================================================
[+] Domain exhausted. Finishing up: https://vatintelligence.gov.bd
==================================================
[*] STARTING NEW DOMAIN: https://urc.ramgarh.khagrachhari.gov.bd
==================================================
[+] Domain exhausted. Finishing up: https://urc.ramgarh.khagrachhari.gov.bd
==================================================
[*] STARTING NEW DOMAIN: https://zso.dhakadiv.gov.bd
==================================================
[+] Domain exhausted. Finishing up: https://zso.dhakadiv.gov.bd
==================================================
[*] STARTING NEW DOMAIN: https://youth.nalchity.jhalakathi.gov.bd
==================================================
[+] Domain exhausted. Finishing up: https://youth.nalchity.jhalakathi.gov.bd
==================================================
[*] STARTING NEW DOMAIN: https://youth.panchagarhsadar.panchagarh.gov.bd
==================================================
[+] Domain exhausted. Finishing up: https://youth.panchagarhsadar.panchagarh.gov.bd
==================================================
[*] STARTING NEW DOMAIN: https://kalauzanup.chittagong.gov.bd
==================================================
[+] Domain exhausted. Finishing up: https://kalauzanup.chittagong.gov.bd
==================================================
[*] STARTING NEW DOMAIN: https://morichaup.dinajpur.gov.bd
==================================================
[+] Domain exhausted. Finishing up: https://morichaup.dinajpur.gov.bd
==================================================
[*] STARTING NEW DOMAIN: https://ec.eservice.bsti.gov.bd
==================================================
[+] Domain exhausted. Finishing up: https://ec.eservice.bsti.gov.bd
==================================================
[*] STARTING NEW DOMAIN: https://info.madaripur.gov.bd
==================================================
[+] Domain exhausted. Finishing up: https://info.madaripur.gov.bd
==================================================
[*] STARTING NEW DOMAIN: https://nowdabasup.lalmonirhat.gov.bd
==================================================
[+] Domain exhausted. Finishing up: https://nowdabasup.lalmonirhat.gov.bd
==================================================
[*] STARTING NEW DOMAIN: http://educationboardresults.gov.bd
==================================================
[+] Domain exhausted. Finishing up: http://educationboardresults.gov.bd
==================================================
[*] STARTING NEW DOMAIN: https://fsmf.melandah.jamalpur.gov.bd
==================================================
[+] Domain exhausted. Finishing up: https://fsmf.melandah.jamalpur.gov.bd
==================================================
[*] STARTING NEW DOMAIN: https://maguracollectoratecollegiateschool.jessoreboard.gov.bd
==================================================
[+] Domain exhausted. Finishing up: https://maguracollectoratecollegiateschool.jessoreboard.gov.bd
==================================================
[*] STARTING NEW DOMAIN: https://deo.tangail.gov.bd
==================================================
[+] Domain exhausted. Finishing up: https://deo.tangail.gov.bd
==================================================
[*] STARTING NEW DOMAIN: https://forest.sadar.faridpur.gov.bd
==================================================
[+] Domain exhausted. Finishing up: https://forest.sadar.faridpur.gov.bd
==================================================
[*] STARTING NEW DOMAIN: https://ldtax.gov.bd
==================================================
[+] Domain exhausted. Finishing up: https://ldtax.gov.bd
==================================================
[*] STARTING NEW DOMAIN: https://passport.lakshmipur.gov.bd
==================================================
[+] Domain exhausted. Finishing up: https://passport.lakshmipur.gov.bd
==================================================
[*] STARTING NEW DOMAIN: https://fpo.godagari.rajshahi.gov.bd
==================================================
[+] Domain exhausted. Finishing up: https://fpo.godagari.rajshahi.gov.bd
==================================================
[*] STARTING NEW DOMAIN: https://lged.gouripur.mymensingh.gov.bd
==================================================
[+] Domain exhausted. Finishing up: https://lged.gouripur.mymensingh.gov.bd
==================================================
[*] STARTING NEW DOMAIN: https://deb136337.dhakaeducationboard.gov.bd
==================================================
[+] Domain exhausted. Finishing up: https://deb136337.dhakaeducationboard.gov.bd
==================================================
[*] STARTING NEW DOMAIN: https://dshe.sarankhola.bagerhat.gov.bd
==================================================
[+] Domain exhausted. Finishing up: https://dshe.sarankhola.bagerhat.gov.bd
==================================================
[*] STARTING NEW DOMAIN: https://hsso.thakurgaon.gov.bd
==================================================
[+] Domain exhausted. Finishing up: https://hsso.thakurgaon.gov.bd
==================================================
[*] STARTING NEW DOMAIN: https://nilz.touristpolice.gov.bd
==================================================
[+] Domain exhausted. Finishing up: https://nilz.touristpolice.gov.bd
==================================================
[*] STARTING NEW DOMAIN: https://police.moulvibazarsadar.moulvibazar.gov.bd
==================================================
[+] Domain exhausted. Finishing up: https://police.moulvibazarsadar.moulvibazar.gov.bd
==================================================
[*] STARTING NEW DOMAIN: https://fulbarisecondaryschoolkhoksha.jessoreboard.gov.bd
==================================================
[+] Domain exhausted. Finishing up: https://fulbarisecondaryschoolkhoksha.jessoreboard.gov.bd
==================================================
[*] STARTING NEW DOMAIN: https://koyraup.sirajganj.gov.bd
==================================================
[+] Domain exhausted. Finishing up: https://koyraup.sirajganj.gov.bd
==================================================
[*] STARTING NEW DOMAIN: https://passport.gopalganj.gov.bd
==================================================
[+] Domain exhausted. Finishing up: https://passport.gopalganj.gov.bd
==================================================
[*] STARTING NEW DOMAIN: https://geduraup.thakurgaon.gov.bd
==================================================
[+] Domain exhausted. Finishing up: https://geduraup.thakurgaon.gov.bd
==================================================
[*] STARTING NEW DOMAIN: https://lged.portal.gov.bd
==================================================
[+] Domain exhausted. Finishing up: https://lged.portal.gov.bd
==================================================
[*] STARTING NEW DOMAIN: https://pdbf.mirzaganj.patuakhali.gov.bd
==================================================
[+] Domain exhausted. Finishing up: https://pdbf.mirzaganj.patuakhali.gov.bd
==================================================
[*] STARTING NEW DOMAIN: https://fpo.nondigram.bogra.gov.bd
==================================================
[+] Domain exhausted. Finishing up: https://fpo.nondigram.bogra.gov.bd
==================================================
[*] STARTING NEW DOMAIN: https://konakhaliup.coxsbazar.gov.bd
==================================================
[+] Domain exhausted. Finishing up: https://konakhaliup.coxsbazar.gov.bd
==================================================
[*] STARTING NEW DOMAIN: https://pdbf.kushtia.gov.bd
==================================================
[+] Domain exhausted. Finishing up: https://pdbf.kushtia.gov.bd
==================================================
[*] STARTING NEW DOMAIN: https://food.niamatpur.naogaon.gov.bd
==================================================
[+] Domain exhausted. Finishing up: https://food.niamatpur.naogaon.gov.bd
==================================================
[*] STARTING NEW DOMAIN: https://lged.borhanuddin.bhola.gov.bd
==================================================
[+] Domain exhausted. Finishing up: https://lged.borhanuddin.bhola.gov.bd
==================================================
[*] STARTING NEW DOMAIN: https://pdbf.dakshinsurma.sylhet.gov.bd
==================================================
[+] Domain exhausted. Finishing up: https://pdbf.dakshinsurma.sylhet.gov.bd
==================================================
[*] STARTING NEW DOMAIN: https://pozip.tungipara.gopalganj.gov.bd
==================================================
[+] Domain exhausted. Finishing up: https://pozip.tungipara.gopalganj.gov.bd
==================================================
[*] STARTING NEW DOMAIN: https://holidaycomplex.parjatan.portal.gov.bd
==================================================
[+] Domain exhausted. Finishing up: https://holidaycomplex.parjatan.portal.gov.bd
==================================================
[*] STARTING NEW DOMAIN: https://newajpurup.noakhali.gov.bd
==================================================
[+] Domain exhausted. Finishing up: https://newajpurup.noakhali.gov.bd
==================================================
[*] STARTING NEW DOMAIN: https://post.lakhai.habiganj.gov.bd
==================================================
[+] Domain exhausted. Finishing up: https://post.lakhai.habiganj.gov.bd
==================================================
[*] STARTING NEW DOMAIN: https://info.dhaka.gov.bd
==================================================
[+] Domain exhausted. Finishing up: https://info.dhaka.gov.bd
==================================================
[*] STARTING NEW DOMAIN: https://mail.istcl.gov.bd
==================================================
[+] Domain exhausted. Finishing up: https://mail.istcl.gov.bd
==================================================
[*] STARTING NEW DOMAIN: https://police.paikgasa.khulna.gov.bd
==================================================
[+] Domain exhausted. Finishing up: https://police.paikgasa.khulna.gov.bd
==================================================
[*] STARTING NEW DOMAIN: https://habokhaliup.narail.gov.bd
==================================================
[+] Domain exhausted. Finishing up: https://habokhaliup.narail.gov.bd
==================================================
[*] STARTING NEW DOMAIN: https://madhupurradhacharansecondaryschool.jessoreboard.gov.bd
==================================================
[+] Domain exhausted. Finishing up: https://madhupurradhacharansecondaryschool.jessoreboard.gov.bd
==================================================
[*] STARTING NEW DOMAIN: https://pio.kalihati.tangail.gov.bd
==================================================
[+] Domain exhausted. Finishing up: https://pio.kalihati.tangail.gov.bd
==================================================
[*] STARTING NEW DOMAIN: https://acl.monpura.bhola.gov.bd
==================================================
[+] Domain exhausted. Finishing up: https://acl.monpura.bhola.gov.bd
==================================================
[*] STARTING NEW DOMAIN: https://hfwc.bishwambarpur.sunamganj.gov.bd
==================================================
[+] Domain exhausted. Finishing up: https://hfwc.bishwambarpur.sunamganj.gov.bd
==================================================
[*] STARTING NEW DOMAIN: https://monoharpurtechnicalandsciencecollege.jessoreboard.gov.bd
==================================================
[+] Domain exhausted. Finishing up: https://monoharpurtechnicalandsciencecollege.jessoreboard.gov.bd
==================================================
[*] STARTING NEW DOMAIN: https://fisheries.savar.dhaka.gov.bd
==================================================
[+] Domain exhausted. Finishing up: https://fisheries.savar.dhaka.gov.bd
==================================================
[*] STARTING NEW DOMAIN: https://hc.dinajpur.gov.bd
==================================================
[+] Domain exhausted. Finishing up: https://hc.dinajpur.gov.bd
==================================================
[*] STARTING NEW DOMAIN: https://marjal2up.narsingdi.gov.bd
==================================================
[+] Domain exhausted. Finishing up: https://marjal2up.narsingdi.gov.bd
==================================================
[*] STARTING NEW DOMAIN: https://police.mathbaria.pirojpur.gov.bd
==================================================
[+] Domain exhausted. Finishing up: https://police.mathbaria.pirojpur.gov.bd
==================================================
[*] STARTING NEW DOMAIN: https://fpo.natore.gov.bd
==================================================
[+] Domain exhausted. Finishing up: https://fpo.natore.gov.bd
==================================================
[*] STARTING NEW DOMAIN: https://lsjnunioninstitution.jessoreboard.gov.bd
==================================================
[+] Domain exhausted. Finishing up: https://lsjnunioninstitution.jessoreboard.gov.bd
==================================================
[*] STARTING NEW DOMAIN: https://police.gowainghat.sylhet.gov.bd
==================================================
[+] Domain exhausted. Finishing up: https://police.gowainghat.sylhet.gov.bd
==================================================
[*] STARTING NEW DOMAIN: https://gopinathpurup.joypurhat.gov.bd
==================================================
[+] Domain exhausted. Finishing up: https://gopinathpurup.joypurhat.gov.bd
==================================================
[*] STARTING NEW DOMAIN: https://lged.sadar.faridpur.gov.bd
==================================================
[+] Domain exhausted. Finishing up: https://lged.sadar.faridpur.gov.bd
==================================================
[*] STARTING NEW DOMAIN: https://pio.kaliganj.gazipur.gov.bd
==================================================
[+] Domain exhausted. Finishing up: https://pio.kaliganj.gazipur.gov.bd
==================================================
[*] STARTING NEW DOMAIN: https://forest.sherpur.gov.bd
==================================================
[+] Domain exhausted. Finishing up: https://forest.sherpur.gov.bd
==================================================
[*] STARTING NEW DOMAIN: https://lged.chauddagram.comilla.gov.bd
==================================================
[+] Domain exhausted. Finishing up: https://lged.chauddagram.comilla.gov.bd
==================================================
[*] STARTING NEW DOMAIN: https://pio.fultola.khulna.gov.bd
==================================================
[+] Domain exhausted. Finishing up: https://pio.fultola.khulna.gov.bd
==================================================
[*] STARTING NEW DOMAIN: https://food.chatmohar.pabna.gov.bd
==================================================
[+] Domain exhausted. Finishing up: https://food.chatmohar.pabna.gov.bd
==================================================
[*] STARTING NEW DOMAIN: https://jashoreadarshagirlsschool.jessoreboard.gov.bd
==================================================
[+] Domain exhausted. Finishing up: https://jashoreadarshagirlsschool.jessoreboard.gov.bd
==================================================
[*] STARTING NEW DOMAIN: https://natuarparaup.sirajganj.gov.bd
==================================================
[+] Domain exhausted. Finishing up: https://natuarparaup.sirajganj.gov.bd
==================================================
[*] STARTING NEW DOMAIN: https://post.chittagong.gov.bd
==================================================
[+] Domain exhausted. Finishing up: https://post.chittagong.gov.bd
==================================================
[*] STARTING NEW DOMAIN: https://health.keraniganj.dhaka.gov.bd
==================================================
[+] Domain exhausted. Finishing up: https://health.keraniganj.dhaka.gov.bd
==================================================
[*] STARTING NEW DOMAIN: https://narail.gov.bd
==================================================
[+] Domain exhausted. Finishing up: https://narail.gov.bd
==================================================
[*] STARTING NEW DOMAIN: https://food.jaintiapur.sylhet.gov.bd
==================================================
[+] Domain exhausted. Finishing up: https://food.jaintiapur.sylhet.gov.bd
==================================================
[*] STARTING NEW DOMAIN: https://harinakundu.jhenaidah.gov.bd
==================================================
[+] Domain exhausted. Finishing up: https://harinakundu.jhenaidah.gov.bd
==================================================
[*] STARTING NEW DOMAIN: https://lged.rupsha.khulna.gov.bd
==================================================
[+] Domain exhausted. Finishing up: https://lged.rupsha.khulna.gov.bd
==================================================
[*] STARTING NEW DOMAIN: https://pio.bochaganj.dinajpur.gov.bd
==================================================
[+] Domain exhausted. Finishing up: https://pio.bochaganj.dinajpur.gov.bd
==================================================
[*] STARTING NEW DOMAIN: https://haddajuniorgirlsschool.jessoreboard.gov.bd
==================================================
[+] Domain exhausted. Finishing up: https://haddajuniorgirlsschool.jessoreboard.gov.bd
==================================================
[*] STARTING NEW DOMAIN: https://meherpurgovernmentcollege.jessoreboard.gov.bd
==================================================
[+] Domain exhausted. Finishing up: https://meherpurgovernmentcollege.jessoreboard.gov.bd
==================================================
[*] STARTING NEW DOMAIN: https://pio.golapganj.sylhet.gov.bd
==================================================
[+] Domain exhausted. Finishing up: https://pio.golapganj.sylhet.gov.bd
==================================================
[*] STARTING NEW DOMAIN: https://forest.sylhetsadar.sylhet.gov.bd
==================================================
[+] Domain exhausted. Finishing up: https://forest.sylhetsadar.sylhet.gov.bd
==================================================
[*] STARTING NEW DOMAIN: https://krgctg.bfidc.gov.bd
==================================================
[+] Domain exhausted. Finishing up: https://krgctg.bfidc.gov.bd
==================================================
[*] STARTING NEW DOMAIN: https://pbs.charghat.rajshahi.gov.bd
==================================================
[+] Domain exhausted. Finishing up: https://pbs.charghat.rajshahi.gov.bd
==================================================
[*] STARTING NEW DOMAIN: https://gosaipurup.sherpur.gov.bd
==================================================
[+] Domain exhausted. Finishing up: https://gosaipurup.sherpur.gov.bd
==================================================
[*] STARTING NEW DOMAIN: https://maohaup.mymensingh.gov.bd
==================================================
[+] Domain exhausted. Finishing up: https://maohaup.mymensingh.gov.bd
==================================================
[*] STARTING NEW DOMAIN: https://food.ghoraghat.dinajpur.gov.bd
==================================================
[+] Domain exhausted. Finishing up: https://food.ghoraghat.dinajpur.gov.bd
==================================================
[*] STARTING NEW DOMAIN: https://jibannagarthanapilotsecondaryschool.jessoreboard.gov.bd
==================================================
[+] Domain exhausted. Finishing up: https://jibannagarthanapilotsecondaryschool.jessoreboard.gov.bd
==================================================
[*] STARTING NEW DOMAIN: https://passport.natore.gov.bd
==================================================
[+] Domain exhausted. Finishing up: https://passport.natore.gov.bd
==================================================
[*] STARTING NEW DOMAIN: https://presscouncil.gov.bd
==================================================
[+] Domain exhausted. Finishing up: https://presscouncil.gov.bd
==================================================
[*] STARTING NEW DOMAIN: https://inanizone.touristpolice.gov.bd
==================================================
[+] Domain exhausted. Finishing up: https://inanizone.touristpolice.gov.bd
==================================================
[*] STARTING NEW DOMAIN: https://nata.portal.gov.bd
==================================================
[+] Domain exhausted. Finishing up: https://nata.portal.gov.bd
==================================================
[*] STARTING NEW DOMAIN: https://police.wazirpur.barisal.gov.bd
==================================================
[+] Domain exhausted. Finishing up: https://police.wazirpur.barisal.gov.bd
==================================================
[*] STARTING NEW DOMAIN: https://golakandailup.narayanganj.gov.bd
==================================================
[+] Domain exhausted. Finishing up: https://golakandailup.narayanganj.gov.bd
==================================================
[*] STARTING NEW DOMAIN: https://lged.kulaura.moulvibazar.gov.bd
==================================================
[+] Domain exhausted. Finishing up: https://lged.kulaura.moulvibazar.gov.bd
==================================================
[*] STARTING NEW DOMAIN: https://deb190122.dhakaeducationboard.gov.bd
==================================================
[+] Domain exhausted. Finishing up: https://deb190122.dhakaeducationboard.gov.bd
==================================================
[*] STARTING NEW DOMAIN: https://youth.phulbari.kurigram.gov.bd
==================================================
[+] Domain exhausted. Finishing up: https://youth.phulbari.kurigram.gov.bd
==================================================
[*] STARTING NEW DOMAIN: https://irbadc.barguna.gov.bd
==================================================
[+] Domain exhausted. Finishing up: https://irbadc.barguna.gov.bd
==================================================
[*] STARTING NEW DOMAIN: https://fsti.sylhet.gov.bd
==================================================
[+] Domain exhausted. Finishing up: https://fsti.sylhet.gov.bd
==================================================
[*] STARTING NEW DOMAIN: https://wzpdcl2.kushtia.gov.bd
==================================================
[+] Domain exhausted. Finishing up: https://wzpdcl2.kushtia.gov.bd
==================================================
[*] STARTING NEW DOMAIN: https://urc.fulgazi.feni.gov.bd
==================================================
[+] Domain exhausted. Finishing up: https://urc.fulgazi.feni.gov.bd
==================================================
[*] STARTING NEW DOMAIN: http://adarshashikkhaniketan.jessoreboard.gov.bd
==================================================
[+] Domain exhausted. Finishing up: http://adarshashikkhaniketan.jessoreboard.gov.bd
==================================================
[*] STARTING NEW DOMAIN: https://youth.kapasia.gazipur.gov.bd
==================================================
[+] Domain exhausted. Finishing up: https://youth.kapasia.gazipur.gov.bd
==================================================
[*] STARTING NEW DOMAIN: https://youth.kamolganj.moulvibazar.gov.bd
==================================================
[+] Domain exhausted. Finishing up: https://youth.kamolganj.moulvibazar.gov.bd
==================================================
[*] STARTING NEW DOMAIN: https://wzpdcl.khulnadiv.gov.bd
==================================================
[+] Domain exhausted. Finishing up: https://wzpdcl.khulnadiv.gov.bd
==================================================
[*] STARTING NEW DOMAIN: https://vms.ugc.gov.bd
==================================================
[+] Domain exhausted. Finishing up: https://vms.ugc.gov.bd
==================================================
[*] STARTING NEW DOMAIN: https://urc.faridgonj.chandpur.gov.bd
==================================================
[+] Domain exhausted. Finishing up: https://urc.faridgonj.chandpur.gov.bd
==================================================
[*] STARTING NEW DOMAIN: https://youth.nawabganj.dinajpur.gov.bd
==================================================
[+] Domain exhausted. Finishing up: https://youth.nawabganj.dinajpur.gov.bd
==================================================
[*] STARTING NEW DOMAIN: http://adarshasammilanibiddyapith.jessoreboard.gov.bd
==================================================
[+] Domain exhausted. Finishing up: http://adarshasammilanibiddyapith.jessoreboard.gov.bd
==================================================
[*] STARTING NEW DOMAIN: https://so.sadar.sunamganj.gov.bd
==================================================
[+] Domain exhausted. Finishing up: https://so.sadar.sunamganj.gov.bd
==================================================
[*] STARTING NEW DOMAIN: https://sr.dimla.nilphamari.gov.bd
==================================================
[+] Domain exhausted. Finishing up: https://sr.dimla.nilphamari.gov.bd
==================================================
[*] STARTING NEW DOMAIN: https://ttc.sylhet.gov.bd
==================================================
[+] Domain exhausted. Finishing up: https://ttc.sylhet.gov.bd
==================================================
[*] STARTING NEW DOMAIN: http://deb139180.dhakaeducationboard.gov.bd
==================================================
[+] Domain exhausted. Finishing up: http://deb139180.dhakaeducationboard.gov.bd
==================================================
[*] STARTING NEW DOMAIN: https://trc.barisal.gov.bd
==================================================
[+] Domain exhausted. Finishing up: https://trc.barisal.gov.bd
==================================================
[*] STARTING NEW DOMAIN: https://sports.lakshmipur.gov.bd
==================================================
[+] Domain exhausted. Finishing up: https://sports.lakshmipur.gov.bd
==================================================
[*] STARTING NEW DOMAIN: https://sspb.jhikargacha.jessore.gov.bd
==================================================
[+] Domain exhausted. Finishing up: https://sspb.jhikargacha.jessore.gov.bd
==================================================
[*] STARTING NEW DOMAIN: https://ttc.chuadanga.gov.bd
==================================================
[+] Domain exhausted. Finishing up: https://ttc.chuadanga.gov.bd
==================================================
[*] STARTING NEW DOMAIN: https://sultanpurnurulislamsecondaryschool.jessoreboard.gov.bd
==================================================
[+] Domain exhausted. Finishing up: https://sultanpurnurulislamsecondaryschool.jessoreboard.gov.bd
==================================================
[*] STARTING NEW DOMAIN: https://so.lalpur.natore.gov.bd
==================================================
[+] Domain exhausted. Finishing up: https://so.lalpur.natore.gov.bd
==================================================
[*] STARTING NEW DOMAIN: https://sspb.narail.gov.bd
==================================================
[+] Domain exhausted. Finishing up: https://sspb.narail.gov.bd
==================================================
[*] STARTING NEW DOMAIN: https://sr.kalaroa.satkhira.gov.bd
==================================================
[+] Domain exhausted. Finishing up: https://sr.kalaroa.satkhira.gov.bd
==================================================
[*] STARTING NEW DOMAIN: https://totthoapa.charbhadrasan.faridpur.gov.bd
==================================================
[+] Domain exhausted. Finishing up: https://totthoapa.charbhadrasan.faridpur.gov.bd
==================================================
[*] STARTING NEW DOMAIN: https://so.sarankhola.bagerhat.gov.bd
==================================================
[+] Domain exhausted. Finishing up: https://so.sarankhola.bagerhat.gov.bd
==================================================
[*] STARTING NEW DOMAIN: https://srdi.gaibandha.gov.bd
==================================================
[+] Domain exhausted. Finishing up: https://srdi.gaibandha.gov.bd
==================================================
[*] STARTING NEW DOMAIN: https://supremecourt.portal.gov.bd
==================================================
[+] Domain exhausted. Finishing up: https://supremecourt.portal.gov.bd
==================================================
[*] STARTING NEW DOMAIN: https://sonargaon.narayanganj.gov.bd
==================================================
[+] Domain exhausted. Finishing up: https://sonargaon.narayanganj.gov.bd
==================================================
[*] STARTING NEW DOMAIN: https://ramachandrapurnorthup.comilla.gov.bd
==================================================
[+] Domain exhausted. Finishing up: https://ramachandrapurnorthup.comilla.gov.bd
==================================================
[*] STARTING NEW DOMAIN: https://rtcbera.niport.gov.bd
==================================================
[+] Domain exhausted. Finishing up: https://rtcbera.niport.gov.bd
==================================================
[*] STARTING NEW DOMAIN: https://ansarvdp.kalmakanda.netrokona.gov.bd
==================================================
[+] Domain exhausted. Finishing up: https://ansarvdp.kalmakanda.netrokona.gov.bd
==================================================
[*] STARTING NEW DOMAIN: https://muradnagarsadarup.comilla.gov.bd
==================================================
[+] Domain exhausted. Finishing up: https://muradnagarsadarup.comilla.gov.bd
==================================================
[*] STARTING NEW DOMAIN: https://moghiaup.bagerhat.gov.bd
==================================================
[+] Domain exhausted. Finishing up: https://moghiaup.bagerhat.gov.bd
==================================================
[*] STARTING NEW DOMAIN: https://islamicfoundation.munshiganj.gov.bd
==================================================
[+] Domain exhausted. Finishing up: https://islamicfoundation.munshiganj.gov.bd
==================================================
[*] STARTING NEW DOMAIN: https://n-doptor-accounts.nothi.gov.bd
==================================================
[+] Domain exhausted. Finishing up: https://n-doptor-accounts.nothi.gov.bd
==================================================
[*] STARTING NEW DOMAIN: https://dhalgramup.jessore.gov.bd
==================================================
[+] Domain exhausted. Finishing up: https://dhalgramup.jessore.gov.bd
==================================================
[*] STARTING NEW DOMAIN: https://btcl.chittagong.gov.bd
==================================================
[+] Domain exhausted. Finishing up: https://btcl.chittagong.gov.bd
==================================================
[*] STARTING NEW DOMAIN: https://fireservice.muktagacha.mymensingh.gov.bd
==================================================
[+] Domain exhausted. Finishing up: https://fireservice.muktagacha.mymensingh.gov.bd
==================================================
[*] STARTING NEW DOMAIN: https://seo.baliadangi.thakurgaon.gov.bd
==================================================
[+] Domain exhausted. Finishing up: https://seo.baliadangi.thakurgaon.gov.bd
==================================================
[*] STARTING NEW DOMAIN: https://brdb.sadar.chandpur.gov.bd
==================================================
[+] Domain exhausted. Finishing up: https://brdb.sadar.chandpur.gov.bd
==================================================
[*] STARTING NEW DOMAIN: https://dae.panchagarhsadar.panchagarh.gov.bd
==================================================
[+] Domain exhausted. Finishing up: https://dae.panchagarhsadar.panchagarh.gov.bd
==================================================
[*] STARTING NEW DOMAIN: https://pozip.chougachha.jessore.gov.bd
==================================================
[+] Domain exhausted. Finishing up: https://pozip.chougachha.jessore.gov.bd
==================================================
[*] STARTING NEW DOMAIN: https://hizaldangashahidflightltmasudmemorialcollege.jessoreboard.gov.bd
==================================================
[+] Domain exhausted. Finishing up: https://hizaldangashahidflightltmasudmemorialcollege.jessoreboard.gov.bd
==================================================
[*] STARTING NEW DOMAIN: https://shaheedkamelmodelhighschool.jessoreboard.gov.bd
==================================================
[+] Domain exhausted. Finishing up: https://shaheedkamelmodelhighschool.jessoreboard.gov.bd
==================================================
[*] STARTING NEW DOMAIN: https://mail.sca.gov.bd
==================================================
[+] Domain exhausted. Finishing up: https://mail.sca.gov.bd
==================================================
[*] STARTING NEW DOMAIN: https://brdb.chakaria.coxsbazar.gov.bd
==================================================
[+] Domain exhausted. Finishing up: https://brdb.chakaria.coxsbazar.gov.bd
==================================================
[*] STARTING NEW DOMAIN: https://sfdf.sujanagar.pabna.gov.bd
==================================================
[+] Domain exhausted. Finishing up: https://sfdf.sujanagar.pabna.gov.bd
==================================================
[*] STARTING NEW DOMAIN: https://chittramohilamahabiddyalaya.jessoreboard.gov.bd
==================================================
[+] Domain exhausted. Finishing up: https://chittramohilamahabiddyalaya.jessoreboard.gov.bd
==================================================
[*] STARTING NEW DOMAIN: https://deb110189.dhakaeducationboard.gov.bd
==================================================
[+] Domain exhausted. Finishing up: https://deb110189.dhakaeducationboard.gov.bd
==================================================
[*] STARTING NEW DOMAIN: https://cafoeducation.gov.bd
==================================================
[+] Domain exhausted. Finishing up: https://cafoeducation.gov.bd
==================================================
[*] STARTING NEW DOMAIN: https://ansarvdp.raipura.narsingdi.gov.bd
==================================================
[+] Domain exhausted. Finishing up: https://ansarvdp.raipura.narsingdi.gov.bd
==================================================
[*] STARTING NEW DOMAIN: https://theoldkushtiasecondaryschool.jessoreboard.gov.bd
==================================================
[+] Domain exhausted. Finishing up: https://theoldkushtiasecondaryschool.jessoreboard.gov.bd
==================================================
[*] STARTING NEW DOMAIN: https://dhalamulgaonup.netrokona.gov.bd
==================================================
[+] Domain exhausted. Finishing up: https://dhalamulgaonup.netrokona.gov.bd
==================================================
[*] STARTING NEW DOMAIN: https://chaluahatiup.jessore.gov.bd
==================================================
[+] Domain exhausted. Finishing up: https://chaluahatiup.jessore.gov.bd
==================================================
[*] STARTING NEW DOMAIN: https://seo.mirsharai.chittagong.gov.bd
==================================================
[+] Domain exhausted. Finishing up: https://seo.mirsharai.chittagong.gov.bd
==================================================
[*] STARTING NEW DOMAIN: https://brdb.monpura.bhola.gov.bd
==================================================
[+] Domain exhausted. Finishing up: https://brdb.monpura.bhola.gov.bd
==================================================
[*] STARTING NEW DOMAIN: https://forest.raninagar.naogaon.gov.bd
==================================================
[+] Domain exhausted. Finishing up: https://forest.raninagar.naogaon.gov.bd
==================================================
[*] STARTING NEW DOMAIN: https://badargonj.rangpur.gov.bd
==================================================
[+] Domain exhausted. Finishing up: https://badargonj.rangpur.gov.bd
==================================================
[*] STARTING NEW DOMAIN: https://seo.ulipur.kurigram.gov.bd
==================================================
[+] Domain exhausted. Finishing up: https://seo.ulipur.kurigram.gov.bd
==================================================
[*] STARTING NEW DOMAIN: https://abak.sonagazi.feni.gov.bd
==================================================
[+] Domain exhausted. Finishing up: https://abak.sonagazi.feni.gov.bd
==================================================
[*] STARTING NEW DOMAIN: https://sfdf.derai.sunamganj.gov.bd
==================================================
[+] Domain exhausted. Finishing up: https://sfdf.derai.sunamganj.gov.bd
==================================================
[*] STARTING NEW DOMAIN: https://deb109683.dhakaeducationboard.gov.bd
==================================================
[+] Domain exhausted. Finishing up: https://deb109683.dhakaeducationboard.gov.bd
==================================================
[*] STARTING NEW DOMAIN: https://fireservice.raninagar.naogaon.gov.bd
==================================================
[+] Domain exhausted. Finishing up: https://fireservice.raninagar.naogaon.gov.bd
==================================================
[*] STARTING NEW DOMAIN: http://dss.pirgonj.rangpur.gov.bd
==================================================
[+] Domain exhausted. Finishing up: http://dss.pirgonj.rangpur.gov.bd
==================================================
[*] STARTING NEW DOMAIN: https://bnzoo.portal.gov.bd
==================================================
[+] Domain exhausted. Finishing up: https://bnzoo.portal.gov.bd
==================================================
[*] STARTING NEW DOMAIN: https://barjaliaup.barisal.gov.bd
==================================================
[+] Domain exhausted. Finishing up: https://barjaliaup.barisal.gov.bd
==================================================
[*] STARTING NEW DOMAIN: https://kalabagisundarbansecondaryschool.jessoreboard.gov.bd
==================================================
[+] Domain exhausted. Finishing up: https://kalabagisundarbansecondaryschool.jessoreboard.gov.bd
==================================================
[*] STARTING NEW DOMAIN: https://baera.portal.gov.bd
==================================================
[+] Domain exhausted. Finishing up: https://baera.portal.gov.bd
==================================================
[*] STARTING NEW DOMAIN: http://mnh.accrd.dghs.gov.bd
==================================================
[+] Domain exhausted. Finishing up: http://mnh.accrd.dghs.gov.bd
==================================================
[*] STARTING NEW DOMAIN: https://acl.kishoreganjsadar.kishoreganj.gov.bd
==================================================
[+] Domain exhausted. Finishing up: https://acl.kishoreganjsadar.kishoreganj.gov.bd
==================================================
[*] STARTING NEW DOMAIN: https://brdb.sonargaon.narayanganj.gov.bd
==================================================
[+] Domain exhausted. Finishing up: https://brdb.sonargaon.narayanganj.gov.bd
==================================================
[*] STARTING NEW DOMAIN: https://sfdf.jhenaigati.sherpur.gov.bd
==================================================
[+] Domain exhausted. Finishing up: https://sfdf.jhenaigati.sherpur.gov.bd
==================================================
[*] STARTING NEW DOMAIN: https://chandrimaps.rmp.gov.bd
==================================================
[+] Domain exhausted. Finishing up: https://chandrimaps.rmp.gov.bd
==================================================
[*] STARTING NEW DOMAIN: https://boaliaps.rmp.gov.bd
==================================================
[+] Domain exhausted. Finishing up: https://boaliaps.rmp.gov.bd
==================================================
[*] STARTING NEW DOMAIN: https://ahammadabadup.habiganj.gov.bd
==================================================
[+] Domain exhausted. Finishing up: https://ahammadabadup.habiganj.gov.bd
==================================================
[*] STARTING NEW DOMAIN: https://asma.netrokona.gov.bd
==================================================
[+] Domain exhausted. Finishing up: https://asma.netrokona.gov.bd
==================================================
[*] STARTING NEW DOMAIN: https://acl.kalia.narail.gov.bd
==================================================
[+] Domain exhausted. Finishing up: https://acl.kalia.narail.gov.bd
==================================================
[*] STARTING NEW DOMAIN: https://brdb.bogra.gov.bd
==================================================
[+] Domain exhausted. Finishing up: https://brdb.bogra.gov.bd
==================================================
[*] STARTING NEW DOMAIN: https://ansarvdp.kaliganj.gazipur.gov.bd
==================================================
[+] Domain exhausted. Finishing up: https://ansarvdp.kaliganj.gazipur.gov.bd
==================================================
[*] STARTING NEW DOMAIN: https://mail.pcb.gov.bd
==================================================
[+] Domain exhausted. Finishing up: https://mail.pcb.gov.bd
==================================================
[*] STARTING NEW DOMAIN: https://brdb.sylhetdiv.gov.bd
==================================================
[+] Domain exhausted. Finishing up: https://brdb.sylhetdiv.gov.bd
==================================================
[*] STARTING NEW DOMAIN: https://bbs.nageshwari.kurigram.gov.bd
==================================================
[+] Domain exhausted. Finishing up: https://bbs.nageshwari.kurigram.gov.bd
==================================================
[*] STARTING NEW DOMAIN: https://brdb.muradnagar.comilla.gov.bd
==================================================
[+] Domain exhausted. Finishing up: https://brdb.muradnagar.comilla.gov.bd
==================================================
[*] STARTING NEW DOMAIN: https://archaeology.chittagong.gov.bd
==================================================
[+] Domain exhausted. Finishing up: https://archaeology.chittagong.gov.bd
==================================================
[*] STARTING NEW DOMAIN: https://belabo.narsingdi.gov.bd
==================================================
[+] Domain exhausted. Finishing up: https://belabo.narsingdi.gov.bd
==================================================
[*] STARTING NEW DOMAIN: https://brta.feni.gov.bd
==================================================
[+] Domain exhausted. Finishing up: https://brta.feni.gov.bd
==================================================
[*] STARTING NEW DOMAIN: https://bscic.rangpur.gov.bd
==================================================
[+] Domain exhausted. Finishing up: https://bscic.rangpur.gov.bd
==================================================
[*] STARTING NEW DOMAIN: https://food.moheshpur.jhenaidah.gov.bd
==================================================
[+] Domain exhausted. Finishing up: https://food.moheshpur.jhenaidah.gov.bd
==================================================
[*] STARTING NEW DOMAIN: https://deb109780.dhakaeducationboard.gov.bd
==================================================
[+] Domain exhausted. Finishing up: https://deb109780.dhakaeducationboard.gov.bd
==================================================
[*] STARTING NEW DOMAIN: https://deb110185.dhakaeducationboard.gov.bd
==================================================
[+] Domain exhausted. Finishing up: https://deb110185.dhakaeducationboard.gov.bd
==================================================
[*] STARTING NEW DOMAIN: https://bmda.badalgachi.naogaon.gov.bd
==================================================
[+] Domain exhausted. Finishing up: https://bmda.badalgachi.naogaon.gov.bd
==================================================
[*] STARTING NEW DOMAIN: https://beanibazar.sylhet.gov.bd
==================================================
[+] Domain exhausted. Finishing up: https://beanibazar.sylhet.gov.bd
==================================================
[*] STARTING NEW DOMAIN: https://shilpakala.bagerhat.gov.bd
==================================================
[+] Domain exhausted. Finishing up: https://shilpakala.bagerhat.gov.bd
==================================================
[*] STARTING NEW DOMAIN: http://pqs.bokshiganj.jamalpur.gov.bd
==================================================
[+] Domain exhausted. Finishing up: http://pqs.bokshiganj.jamalpur.gov.bd
==================================================
[*] STARTING NEW DOMAIN: https://acl.chilmari.kurigram.gov.bd
==================================================
[+] Domain exhausted. Finishing up: https://acl.chilmari.kurigram.gov.bd
==================================================
[*] STARTING NEW DOMAIN: https://pio.baliadangi.thakurgaon.gov.bd
==================================================
[+] Domain exhausted. Finishing up: https://pio.baliadangi.thakurgaon.gov.bd
==================================================
[*] STARTING NEW DOMAIN: https://mail.erajshahi.gov.bd
==================================================
[+] Domain exhausted. Finishing up: https://mail.erajshahi.gov.bd
==================================================
[*] STARTING NEW DOMAIN: https://badcirri.sylhet.gov.bd
==================================================
[+] Domain exhausted. Finishing up: https://badcirri.sylhet.gov.bd
==================================================
[*] STARTING NEW DOMAIN: https://shilpakala.munshiganj.gov.bd
==================================================
[+] Domain exhausted. Finishing up: https://shilpakala.munshiganj.gov.bd
==================================================
[*] STARTING NEW DOMAIN: https://bhbfc.jamalpur.gov.bd
==================================================
[+] Domain exhausted. Finishing up: https://bhbfc.jamalpur.gov.bd
==================================================
[*] STARTING NEW DOMAIN: https://dlrs.sonagazi.feni.gov.bd
==================================================
[+] Domain exhausted. Finishing up: https://dlrs.sonagazi.feni.gov.bd
==================================================
[*] STARTING NEW DOMAIN: https://ansarvdp.rangpursadar.rangpur.gov.bd
==================================================
[+] Domain exhausted. Finishing up: https://ansarvdp.rangpursadar.rangpur.gov.bd
==================================================
[*] STARTING NEW DOMAIN: https://brdb.araihazar.narayanganj.gov.bd
==================================================
[+] Domain exhausted. Finishing up: https://brdb.araihazar.narayanganj.gov.bd
==================================================
[*] STARTING NEW DOMAIN: https://seo.mirpur.kushtia.gov.bd
==================================================
[+] Domain exhausted. Finishing up: https://seo.mirpur.kushtia.gov.bd
==================================================
[*] STARTING NEW DOMAIN: https://dncrp.jhenaidah.gov.bd
==================================================
[+] Domain exhausted. Finishing up: https://dncrp.jhenaidah.gov.bd
==================================================
[*] STARTING NEW DOMAIN: https://deb108538.dhakaeducationboard.gov.bd
==================================================
[+] Domain exhausted. Finishing up: https://deb108538.dhakaeducationboard.gov.bd
==================================================
[*] STARTING NEW DOMAIN: https://fisheries.sarail.brahmanbaria.gov.bd
==================================================
[+] Domain exhausted. Finishing up: https://fisheries.sarail.brahmanbaria.gov.bd
==================================================
[*] STARTING NEW DOMAIN: https://balchariup.khagrachhari.gov.bd
==================================================
[+] Domain exhausted. Finishing up: https://balchariup.khagrachhari.gov.bd
==================================================
[*] STARTING NEW DOMAIN: https://brta.habiganj.gov.bd
==================================================
[+] Domain exhausted. Finishing up: https://brta.habiganj.gov.bd
==================================================
[*] STARTING NEW DOMAIN: https://bhbfcwest.dhaka.gov.bd
==================================================
[+] Domain exhausted. Finishing up: https://bhbfcwest.dhaka.gov.bd
==================================================
[*] STARTING NEW DOMAIN: https://police.chhagalnaiya.feni.gov.bd
==================================================
[+] Domain exhausted. Finishing up: https://police.chhagalnaiya.feni.gov.bd
==================================================
[*] STARTING NEW DOMAIN: https://acl.begumganj.noakhali.gov.bd
==================================================
[+] Domain exhausted. Finishing up: https://acl.begumganj.noakhali.gov.bd
==================================================
[*] STARTING NEW DOMAIN: https://barunabazarpdccollegiateschool.jessoreboard.gov.bd
==================================================
[+] Domain exhausted. Finishing up: https://barunabazarpdccollegiateschool.jessoreboard.gov.bd
==================================================
[*] STARTING NEW DOMAIN: http://cafoshipping.gov.bd
==================================================
[+] Domain exhausted. Finishing up: http://cafoshipping.gov.bd
==================================================
[*] STARTING NEW DOMAIN: https://pbs.shibganj.chapainawabganj.gov.bd
==================================================
[+] Domain exhausted. Finishing up: https://pbs.shibganj.chapainawabganj.gov.bd
==================================================
[*] STARTING NEW DOMAIN: https://bcc.chittagong.gov.bd
==================================================
[+] Domain exhausted. Finishing up: https://bcc.chittagong.gov.bd
==================================================
[*] STARTING NEW DOMAIN: https://bscic.manikganj.gov.bd
==================================================
[+] Domain exhausted. Finishing up: https://bscic.manikganj.gov.bd
==================================================
[*] STARTING NEW DOMAIN: https://dss.karimgonj.kishoreganj.gov.bd
==================================================
[+] Domain exhausted. Finishing up: https://dss.karimgonj.kishoreganj.gov.bd
==================================================
[*] STARTING NEW DOMAIN: https://brdb.badargonj.rangpur.gov.bd
==================================================
[+] Domain exhausted. Finishing up: https://brdb.badargonj.rangpur.gov.bd
==================================================
[*] STARTING NEW DOMAIN: https://deb111702.dhakaeducationboard.gov.bd
==================================================
[+] Domain exhausted. Finishing up: https://deb111702.dhakaeducationboard.gov.bd
==================================================
[*] STARTING NEW DOMAIN: https://nashukhalisocialwelfaresecondaryschool.jessoreboard.gov.bd
==================================================
[+] Domain exhausted. Finishing up: https://nashukhalisocialwelfaresecondaryschool.jessoreboard.gov.bd
==================================================
[*] STARTING NEW DOMAIN: https://cjmc.zakiganj.sylhet.gov.bd
==================================================
[+] Domain exhausted. Finishing up: https://cjmc.zakiganj.sylhet.gov.bd
==================================================
[*] STARTING NEW DOMAIN: https://bfsa.kurigram.gov.bd
==================================================
[+] Domain exhausted. Finishing up: https://bfsa.kurigram.gov.bd
==================================================
[*] STARTING NEW DOMAIN: https://badc.portal.gov.bd
==================================================
[+] Domain exhausted. Finishing up: https://badc.portal.gov.bd
==================================================
[*] STARTING NEW DOMAIN: https://dae.khulnadiv.gov.bd
==================================================
[+] Domain exhausted. Finishing up: https://dae.khulnadiv.gov.bd
==================================================
[*] STARTING NEW DOMAIN: https://cs.jessore.gov.bd
==================================================
[+] Domain exhausted. Finishing up: https://cs.jessore.gov.bd
==================================================
[*] STARTING NEW DOMAIN: https://bbs.sadar.chandpur.gov.bd
==================================================
[+] Domain exhausted. Finishing up: https://bbs.sadar.chandpur.gov.bd
==================================================
[*] STARTING NEW DOMAIN: https://bbs.sadar.faridpur.gov.bd
==================================================
[+] Domain exhausted. Finishing up: https://bbs.sadar.faridpur.gov.bd
==================================================
[*] STARTING NEW DOMAIN: https://cooparative.tala.satkhira.gov.bd
==================================================
[+] Domain exhausted. Finishing up: https://cooparative.tala.satkhira.gov.bd
==================================================
[*] STARTING NEW DOMAIN: https://cooparative.meghna.comilla.gov.bd
==================================================
[+] Domain exhausted. Finishing up: https://cooparative.meghna.comilla.gov.bd
==================================================
[*] STARTING NEW DOMAIN: https://deb109879.dhakaeducationboard.gov.bd
==================================================
[+] Domain exhausted. Finishing up: https://deb109879.dhakaeducationboard.gov.bd
==================================================
[*] STARTING NEW DOMAIN: https://cs.rajbari.gov.bd
==================================================
[+] Domain exhausted. Finishing up: https://cs.rajbari.gov.bd
==================================================
[*] STARTING NEW DOMAIN: https://deb109366.dhakaeducationboard.gov.bd
==================================================
[+] Domain exhausted. Finishing up: https://deb109366.dhakaeducationboard.gov.bd
==================================================
[*] STARTING NEW DOMAIN: https://dae.companiganj.sylhet.gov.bd
==================================================
[+] Domain exhausted. Finishing up: https://dae.companiganj.sylhet.gov.bd
==================================================
[*] STARTING NEW DOMAIN: https://ansarvdp.belkuchi.sirajganj.gov.bd
==================================================
[+] Domain exhausted. Finishing up: https://ansarvdp.belkuchi.sirajganj.gov.bd
==================================================
[*] STARTING NEW DOMAIN: https://cooparative.madhukhali.faridpur.gov.bd
==================================================
[+] Domain exhausted. Finishing up: https://cooparative.madhukhali.faridpur.gov.bd
==================================================
[*] STARTING NEW DOMAIN: https://cooperative.nilphamari.gov.bd
==================================================
[+] Domain exhausted. Finishing up: https://cooperative.nilphamari.gov.bd
==================================================
[*] STARTING NEW DOMAIN: https://dae.rangabali.patuakhali.gov.bd
==================================================
[+] Domain exhausted. Finishing up: https://dae.rangabali.patuakhali.gov.bd
==================================================
[*] STARTING NEW DOMAIN: https://eed.noakhali.gov.bd
==================================================
[+] Domain exhausted. Finishing up: https://eed.noakhali.gov.bd
==================================================
[*] STARTING NEW DOMAIN: https://cooparative.dhakadiv.gov.bd
==================================================
[+] Domain exhausted. Finishing up: https://cooparative.dhakadiv.gov.bd
==================================================
[*] STARTING NEW DOMAIN: https://mahmudpurup.narayanganj.gov.bd
==================================================
[+] Domain exhausted. Finishing up: https://mahmudpurup.narayanganj.gov.bd
==================================================
[*] STARTING NEW DOMAIN: https://ec.madaripur.gov.bd
==================================================
[+] Domain exhausted. Finishing up: https://ec.madaripur.gov.bd
==================================================
[*] STARTING NEW DOMAIN: https://deb109507.dhakaeducationboard.gov.bd
==================================================
[+] Domain exhausted. Finishing up: https://deb109507.dhakaeducationboard.gov.bd
==================================================
[*] STARTING NEW DOMAIN: https://cs.gopalganj.gov.bd
==================================================
[+] Domain exhausted. Finishing up: https://cs.gopalganj.gov.bd
==================================================
[*] STARTING NEW DOMAIN: https://deb109855.dhakaeducationboard.gov.bd
==================================================
[+] Domain exhausted. Finishing up: https://deb109855.dhakaeducationboard.gov.bd
==================================================
[*] STARTING NEW DOMAIN: https://nsc.gov.bd
==================================================
[+] Domain exhausted. Finishing up: https://nsc.gov.bd
==================================================
[*] STARTING NEW DOMAIN: https://asc.kishoreganj.gov.bd
==================================================
[+] Domain exhausted. Finishing up: https://asc.kishoreganj.gov.bd
==================================================
[*] STARTING NEW DOMAIN: https://nssbu.dhaka.gov.bd
==================================================
[+] Domain exhausted. Finishing up: https://nssbu.dhaka.gov.bd
==================================================
[*] STARTING NEW DOMAIN: https://deb110359.dhakaeducationboard.gov.bd
==================================================
[+] Domain exhausted. Finishing up: https://deb110359.dhakaeducationboard.gov.bd
==================================================
[*] STARTING NEW DOMAIN: https://deb109452.dhakaeducationboard.gov.bd
==================================================
[+] Domain exhausted. Finishing up: https://deb109452.dhakaeducationboard.gov.bd
==================================================
[*] STARTING NEW DOMAIN: https://ansarvdp.sonagazi.feni.gov.bd
==================================================
[+] Domain exhausted. Finishing up: https://ansarvdp.sonagazi.feni.gov.bd
==================================================
[*] STARTING NEW DOMAIN: https://dae.debidwar.comilla.gov.bd
==================================================
[+] Domain exhausted. Finishing up: https://dae.debidwar.comilla.gov.bd
==================================================
[*] STARTING NEW DOMAIN: https://deb110576.dhakaeducationboard.gov.bd
==================================================
[+] Domain exhausted. Finishing up: https://deb110576.dhakaeducationboard.gov.bd
==================================================
[*] STARTING NEW DOMAIN: https://ansarvdp.sadar.sunamganj.gov.bd
==================================================
[+] Domain exhausted. Finishing up: https://ansarvdp.sadar.sunamganj.gov.bd
==================================================
[*] STARTING NEW DOMAIN: https://coxda.portal.gov.bd
==================================================
[+] Domain exhausted. Finishing up: https://coxda.portal.gov.bd
==================================================
[*] STARTING NEW DOMAIN: https://deb111527.dhakaeducationboard.gov.bd
==================================================
[+] Domain exhausted. Finishing up: https://deb111527.dhakaeducationboard.gov.bd
==================================================
[*] STARTING NEW DOMAIN: https://bagowanup.meherpur.gov.bd
==================================================
[+] Domain exhausted. Finishing up: https://bagowanup.meherpur.gov.bd
==================================================
[*] STARTING NEW DOMAIN: http://urc.pirgonj.rangpur.gov.bd
==================================================
[+] Domain exhausted. Finishing up: http://urc.pirgonj.rangpur.gov.bd
==================================================
[*] STARTING NEW DOMAIN: https://scouts.sirajganj.gov.bd
==================================================
[+] Domain exhausted. Finishing up: https://scouts.sirajganj.gov.bd
==================================================
[*] STARTING NEW DOMAIN: http://seo.pirgonj.rangpur.gov.bd
==================================================
[+] Domain exhausted. Finishing up: http://seo.pirgonj.rangpur.gov.bd
==================================================
[*] STARTING NEW DOMAIN: https://ebek.kushtia.gov.bd
==================================================
[+] Domain exhausted. Finishing up: https://ebek.kushtia.gov.bd
==================================================
[*] STARTING NEW DOMAIN: https://deb110188.dhakaeducationboard.gov.bd
==================================================
[+] Domain exhausted. Finishing up: https://deb110188.dhakaeducationboard.gov.bd
==================================================
[*] STARTING NEW DOMAIN: https://archaeology.bagerhat.gov.bd
==================================================
[+] Domain exhausted. Finishing up: https://archaeology.bagerhat.gov.bd
==================================================
[*] STARTING NEW DOMAIN: https://dae.purbadhala.netrokona.gov.bd
==================================================
[+] Domain exhausted. Finishing up: https://dae.purbadhala.netrokona.gov.bd
==================================================
[*] STARTING NEW DOMAIN: https://cooparative.sonatala.bogra.gov.bd
==================================================
[+] Domain exhausted. Finishing up: https://cooparative.sonatala.bogra.gov.bd
==================================================
[*] STARTING NEW DOMAIN: https://jms.mymensingh.gov.bd
==================================================
[+] Domain exhausted. Finishing up: https://jms.mymensingh.gov.bd
==================================================
[*] STARTING NEW DOMAIN: https://deb110013.dhakaeducationboard.gov.bd
==================================================
[+] Domain exhausted. Finishing up: https://deb110013.dhakaeducationboard.gov.bd
==================================================
[*] STARTING NEW DOMAIN: https://coop.portal.gov.bd
==================================================
[+] Domain exhausted. Finishing up: https://coop.portal.gov.bd
==================================================
[*] STARTING NEW DOMAIN: https://deb109467.dhakaeducationboard.gov.bd
==================================================
[+] Domain exhausted. Finishing up: https://deb109467.dhakaeducationboard.gov.bd
==================================================
[*] STARTING NEW DOMAIN: https://fireservice.chilmari.kurigram.gov.bd
==================================================
[+] Domain exhausted. Finishing up: https://fireservice.chilmari.kurigram.gov.bd
==================================================
[*] STARTING NEW DOMAIN: https://coastalildp.portal.gov.bd
==================================================
[+] Domain exhausted. Finishing up: https://coastalildp.portal.gov.bd
==================================================
[*] STARTING NEW DOMAIN: https://coop.iswarganj.mymensingh.gov.bd
==================================================
[+] Domain exhausted. Finishing up: https://coop.iswarganj.mymensingh.gov.bd
==================================================
[*] STARTING NEW DOMAIN: https://dae.karimgonj.kishoreganj.gov.bd
==================================================
[+] Domain exhausted. Finishing up: https://dae.karimgonj.kishoreganj.gov.bd
==================================================
[*] STARTING NEW DOMAIN: https://cooparative.nawabganj.dhaka.gov.bd
==================================================
[+] Domain exhausted. Finishing up: https://cooparative.nawabganj.dhaka.gov.bd
==================================================
[*] STARTING NEW DOMAIN: https://dwa.shalikha.magura.gov.bd
==================================================
[+] Domain exhausted. Finishing up: https://dwa.shalikha.magura.gov.bd
==================================================
[*] STARTING NEW DOMAIN: https://shilpakala.bandarban.gov.bd
==================================================
[+] Domain exhausted. Finishing up: https://shilpakala.bandarban.gov.bd
==================================================
[*] STARTING NEW DOMAIN: https://dae.bogra.gov.bd
==================================================
[+] Domain exhausted. Finishing up: https://dae.bogra.gov.bd
==================================================
[*] STARTING NEW DOMAIN: https://dwa.kashiani.gopalganj.gov.bd
==================================================
[+] Domain exhausted. Finishing up: https://dwa.kashiani.gopalganj.gov.bd
==================================================
[*] STARTING NEW DOMAIN: https://bbs.satkhira.gov.bd
==================================================
[+] Domain exhausted. Finishing up: https://bbs.satkhira.gov.bd
==================================================
[*] STARTING NEW DOMAIN: https://brdb.shibaloy.manikganj.gov.bd
==================================================
[+] Domain exhausted. Finishing up: https://brdb.shibaloy.manikganj.gov.bd
==================================================
[*] STARTING NEW DOMAIN: https://cooperative.gaibandhasadar.gaibandha.gov.bd
==================================================
[+] Domain exhausted. Finishing up: https://cooperative.gaibandhasadar.gaibandha.gov.bd
==================================================
[*] STARTING NEW DOMAIN: https://brtcdepotmohammadpur.dhaka.gov.bd
==================================================
[+] Domain exhausted. Finishing up: https://brtcdepotmohammadpur.dhaka.gov.bd
==================================================
[*] STARTING NEW DOMAIN: https://deb109875.dhakaeducationboard.gov.bd
==================================================
[+] Domain exhausted. Finishing up: https://deb109875.dhakaeducationboard.gov.bd
==================================================
[*] STARTING NEW DOMAIN: https://deb110161.dhakaeducationboard.gov.bd
==================================================
[+] Domain exhausted. Finishing up: https://deb110161.dhakaeducationboard.gov.bd
==================================================
[*] STARTING NEW DOMAIN: https://ec.tangail.gov.bd
==================================================
[+] Domain exhausted. Finishing up: https://ec.tangail.gov.bd
==================================================
[*] STARTING NEW DOMAIN: https://dwa.rajbari.gov.bd
==================================================
[+] Domain exhausted. Finishing up: https://dwa.rajbari.gov.bd
==================================================
[*] STARTING NEW DOMAIN: https://abak.rangpur.gov.bd
==================================================
[+] Domain exhausted. Finishing up: https://abak.rangpur.gov.bd
==================================================
[*] STARTING NEW DOMAIN: https://ec.pathorghata.barguna.gov.bd
==================================================
[+] Domain exhausted. Finishing up: https://ec.pathorghata.barguna.gov.bd
==================================================
[*] STARTING NEW DOMAIN: https://akhtaruddinmemorialsecondaryschool.jessoreboard.gov.bd
==================================================
[+] Domain exhausted. Finishing up: https://akhtaruddinmemorialsecondaryschool.jessoreboard.gov.bd
==================================================
[*] STARTING NEW DOMAIN: https://alirgaonup.sylhet.gov.bd
==================================================
[+] Domain exhausted. Finishing up: https://alirgaonup.sylhet.gov.bd
==================================================
[*] STARTING NEW DOMAIN: https://bscic.thakurgaon.gov.bd
==================================================
[+] Domain exhausted. Finishing up: https://bscic.thakurgaon.gov.bd
==================================================
[*] STARTING NEW DOMAIN: https://ec.bagerhat.gov.bd
==================================================
[+] Domain exhausted. Finishing up: https://ec.bagerhat.gov.bd
==================================================
[*] STARTING NEW DOMAIN: https://deb110562.dhakaeducationboard.gov.bd
==================================================
[+] Domain exhausted. Finishing up: https://deb110562.dhakaeducationboard.gov.bd
==================================================
[*] STARTING NEW DOMAIN: https://doict.anwara.chittagong.gov.bd
==================================================
[+] Domain exhausted. Finishing up: https://doict.anwara.chittagong.gov.bd
==================================================
[*] STARTING NEW DOMAIN: https://sca.rajbari.gov.bd
==================================================
[+] Domain exhausted. Finishing up: https://sca.rajbari.gov.bd
==================================================
[*] STARTING NEW DOMAIN: https://deb110460.dhakaeducationboard.gov.bd
==================================================
[+] Domain exhausted. Finishing up: https://deb110460.dhakaeducationboard.gov.bd
==================================================
[*] STARTING NEW DOMAIN: https://ofrd.rangpurdiv.gov.bd
==================================================
[+] Domain exhausted. Finishing up: https://ofrd.rangpurdiv.gov.bd
==================================================
[*] STARTING NEW DOMAIN: https://mhasecondarygirlsschool.jessoreboard.gov.bd
==================================================
[+] Domain exhausted. Finishing up: https://mhasecondarygirlsschool.jessoreboard.gov.bd
==================================================
[*] STARTING NEW DOMAIN: https://deb110018.dhakaeducationboard.gov.bd
==================================================
[+] Domain exhausted. Finishing up: https://deb110018.dhakaeducationboard.gov.bd
==================================================
[*] STARTING NEW DOMAIN: https://ebek.sadar.gopalganj.gov.bd
==================================================
[+] Domain exhausted. Finishing up: https://ebek.sadar.gopalganj.gov.bd
==================================================
[*] STARTING NEW DOMAIN: https://egcb.portal.gov.bd
==================================================
[+] Domain exhausted. Finishing up: https://egcb.portal.gov.bd
==================================================
[*] STARTING NEW DOMAIN: https://dwa.ulipur.kurigram.gov.bd
==================================================
[+] Domain exhausted. Finishing up: https://dwa.ulipur.kurigram.gov.bd
==================================================
[*] STARTING NEW DOMAIN: https://dwa.ramu.coxsbazar.gov.bd
==================================================
[+] Domain exhausted. Finishing up: https://dwa.ramu.coxsbazar.gov.bd
==================================================
[*] STARTING NEW DOMAIN: https://dao.dupchanchia.bogra.gov.bd
==================================================
[+] Domain exhausted. Finishing up: https://dao.dupchanchia.bogra.gov.bd
==================================================
[*] STARTING NEW DOMAIN: https://dae.zajira.shariatpur.gov.bd
==================================================
[+] Domain exhausted. Finishing up: https://dae.zajira.shariatpur.gov.bd
==================================================
[*] STARTING NEW DOMAIN: https://health.mohadevpur.naogaon.gov.bd
==================================================
[+] Domain exhausted. Finishing up: https://health.mohadevpur.naogaon.gov.bd
==================================================
[*] STARTING NEW DOMAIN: https://dao.puthia.rajshahi.gov.bd
==================================================
[+] Domain exhausted. Finishing up: https://dao.puthia.rajshahi.gov.bd
==================================================
[*] STARTING NEW DOMAIN: https://deb108592.dhakaeducationboard.gov.bd
==================================================
[+] Domain exhausted. Finishing up: https://deb108592.dhakaeducationboard.gov.bd
==================================================
[*] STARTING NEW DOMAIN: https://deb110440.dhakaeducationboard.gov.bd
==================================================
[+] Domain exhausted. Finishing up: https://deb110440.dhakaeducationboard.gov.bd
==================================================
[*] STARTING NEW DOMAIN: https://dpe.kathalia.jhalakathi.gov.bd
==================================================
[+] Domain exhausted. Finishing up: https://dpe.kathalia.jhalakathi.gov.bd
==================================================
[*] STARTING NEW DOMAIN: https://dwa.sadar.rajbari.gov.bd
==================================================
[+] Domain exhausted. Finishing up: https://dwa.sadar.rajbari.gov.bd
==================================================
[*] STARTING NEW DOMAIN: https://deb110659.dhakaeducationboard.gov.bd
==================================================
[+] Domain exhausted. Finishing up: https://deb110659.dhakaeducationboard.gov.bd
==================================================
[*] STARTING NEW DOMAIN: https://deo.belabo.narsingdi.gov.bd
==================================================
[+] Domain exhausted. Finishing up: https://deo.belabo.narsingdi.gov.bd
==================================================
[*] STARTING NEW DOMAIN: https://bmda.godagari.rajshahi.gov.bd
==================================================
[+] Domain exhausted. Finishing up: https://bmda.godagari.rajshahi.gov.bd
==================================================
[*] STARTING NEW DOMAIN: https://deb110671.dhakaeducationboard.gov.bd
==================================================
[+] Domain exhausted. Finishing up: https://deb110671.dhakaeducationboard.gov.bd
==================================================
[*] STARTING NEW DOMAIN: https://bbs.sundarganj.gaibandha.gov.bd
==================================================
[+] Domain exhausted. Finishing up: https://bbs.sundarganj.gaibandha.gov.bd
==================================================
[*] STARTING NEW DOMAIN: https://dao.ghoraghat.dinajpur.gov.bd
==================================================
[+] Domain exhausted. Finishing up: https://dao.ghoraghat.dinajpur.gov.bd
==================================================
[*] STARTING NEW DOMAIN: https://ptcplc.gov.bd
==================================================
[+] Domain exhausted. Finishing up: https://ptcplc.gov.bd
==================================================
[*] STARTING NEW DOMAIN: https://deb110908.dhakaeducationboard.gov.bd
==================================================
[+] Domain exhausted. Finishing up: https://deb110908.dhakaeducationboard.gov.bd
==================================================
[*] STARTING NEW DOMAIN: https://cevappealctg.gov.bd
==================================================
[+] Domain exhausted. Finishing up: https://cevappealctg.gov.bd
==================================================
[*] STARTING NEW DOMAIN: https://sayedmohallagovtprimaryschool.jessoreboard.gov.bd
==================================================
[+] Domain exhausted. Finishing up: https://sayedmohallagovtprimaryschool.jessoreboard.gov.bd
==================================================
[*] STARTING NEW DOMAIN: https://dwa.portal.gov.bd
==================================================
[+] Domain exhausted. Finishing up: https://dwa.portal.gov.bd
==================================================
[*] STARTING NEW DOMAIN: https://deb110846.dhakaeducationboard.gov.bd
==================================================
[+] Domain exhausted. Finishing up: https://deb110846.dhakaeducationboard.gov.bd
==================================================
[*] STARTING NEW DOMAIN: https://deb108622.dhakaeducationboard.gov.bd
==================================================
[+] Domain exhausted. Finishing up: https://deb108622.dhakaeducationboard.gov.bd
==================================================
[*] STARTING NEW DOMAIN: https://deb110836.dhakaeducationboard.gov.bd
==================================================
[+] Domain exhausted. Finishing up: https://deb110836.dhakaeducationboard.gov.bd
==================================================
[*] STARTING NEW DOMAIN: https://deb108379.dhakaeducationboard.gov.bd
==================================================
[+] Domain exhausted. Finishing up: https://deb108379.dhakaeducationboard.gov.bd
==================================================
[*] STARTING NEW DOMAIN: https://ebek.anwara.chittagong.gov.bd
==================================================
[+] Domain exhausted. Finishing up: https://ebek.anwara.chittagong.gov.bd
==================================================
[*] STARTING NEW DOMAIN: https://jongraup.lalmonirhat.gov.bd
==================================================
[+] Domain exhausted. Finishing up: https://jongraup.lalmonirhat.gov.bd
==================================================
[*] STARTING NEW DOMAIN: https://deb110793.dhakaeducationboard.gov.bd
==================================================
[+] Domain exhausted. Finishing up: https://deb110793.dhakaeducationboard.gov.bd
==================================================
[*] STARTING NEW DOMAIN: https://deb108949.dhakaeducationboard.gov.bd
==================================================
[+] Domain exhausted. Finishing up: https://deb108949.dhakaeducationboard.gov.bd
==================================================
[*] STARTING NEW DOMAIN: https://deb111058.dhakaeducationboard.gov.bd
==================================================
[+] Domain exhausted. Finishing up: https://deb111058.dhakaeducationboard.gov.bd
==================================================
[*] STARTING NEW DOMAIN: https://brdb.gouripur.mymensingh.gov.bd
==================================================
[+] Domain exhausted. Finishing up: https://brdb.gouripur.mymensingh.gov.bd
==================================================
[*] STARTING NEW DOMAIN: https://barishaldiv.gov.bd
==================================================
[+] Domain exhausted. Finishing up: https://barishaldiv.gov.bd
==================================================
[*] STARTING NEW DOMAIN: https://deb108918.dhakaeducationboard.gov.bd
==================================================
[+] Domain exhausted. Finishing up: https://deb108918.dhakaeducationboard.gov.bd
==================================================
[*] STARTING NEW DOMAIN: https://daukarcharup.narsingdi.gov.bd
==================================================
[+] Domain exhausted. Finishing up: https://daukarcharup.narsingdi.gov.bd
==================================================
[*] STARTING NEW DOMAIN: https://dao.bagherpara.jessore.gov.bd
==================================================
[+] Domain exhausted. Finishing up: https://dao.bagherpara.jessore.gov.bd
==================================================
[*] STARTING NEW DOMAIN: https://deb111369.dhakaeducationboard.gov.bd
==================================================
[+] Domain exhausted. Finishing up: https://deb111369.dhakaeducationboard.gov.bd
==================================================
[*] STARTING NEW DOMAIN: https://baruakhaliup.dhaka.gov.bd
==================================================
[+] Domain exhausted. Finishing up: https://baruakhaliup.dhaka.gov.bd
==================================================
[*] STARTING NEW DOMAIN: https://deb108606.dhakaeducationboard.gov.bd
==================================================
[+] Domain exhausted. Finishing up: https://deb108606.dhakaeducationboard.gov.bd
==================================================
[*] STARTING NEW DOMAIN: https://deb108618.dhakaeducationboard.gov.bd
==================================================
[+] Domain exhausted. Finishing up: https://deb108618.dhakaeducationboard.gov.bd
==================================================
[*] STARTING NEW DOMAIN: https://deb112554.dhakaeducationboard.gov.bd
==================================================
[+] Domain exhausted. Finishing up: https://deb112554.dhakaeducationboard.gov.bd
==================================================
[*] STARTING NEW DOMAIN: https://deb111693.dhakaeducationboard.gov.bd
==================================================
[+] Domain exhausted. Finishing up: https://deb111693.dhakaeducationboard.gov.bd
==================================================
[*] STARTING NEW DOMAIN: https://deb111561.dhakaeducationboard.gov.bd
==================================================
[+] Domain exhausted. Finishing up: https://deb111561.dhakaeducationboard.gov.bd
==================================================
[*] STARTING NEW DOMAIN: https://dao.kushtia.gov.bd
==================================================
[+] Domain exhausted. Finishing up: https://dao.kushtia.gov.bd
==================================================
[*] STARTING NEW DOMAIN: https://shilpakala.dinajpur.gov.bd
==================================================
[+] Domain exhausted. Finishing up: https://shilpakala.dinajpur.gov.bd
==================================================
[*] STARTING NEW DOMAIN: https://deb108946.dhakaeducationboard.gov.bd
==================================================
[+] Domain exhausted. Finishing up: https://deb108946.dhakaeducationboard.gov.bd
==================================================
[*] STARTING NEW DOMAIN: https://deb112728.dhakaeducationboard.gov.bd
==================================================
[+] Domain exhausted. Finishing up: https://deb112728.dhakaeducationboard.gov.bd
==================================================
[*] STARTING NEW DOMAIN: https://deb112369.dhakaeducationboard.gov.bd
==================================================
[+] Domain exhausted. Finishing up: https://deb112369.dhakaeducationboard.gov.bd
==================================================
[*] STARTING NEW DOMAIN: https://daodhaka.krishibank.gov.bd
==================================================
[+] Domain exhausted. Finishing up: https://daodhaka.krishibank.gov.bd
==================================================
[*] STARTING NEW DOMAIN: https://deb111543.dhakaeducationboard.gov.bd
==================================================
[+] Domain exhausted. Finishing up: https://deb111543.dhakaeducationboard.gov.bd
==================================================
[*] STARTING NEW DOMAIN: https://deb110740.dhakaeducationboard.gov.bd
==================================================
[+] Domain exhausted. Finishing up: https://deb110740.dhakaeducationboard.gov.bd
==================================================
[*] STARTING NEW DOMAIN: https://deb112194.dhakaeducationboard.gov.bd
==================================================
[+] Domain exhausted. Finishing up: https://deb112194.dhakaeducationboard.gov.bd
==================================================
[*] STARTING NEW DOMAIN: https://deb111035.dhakaeducationboard.gov.bd
==================================================
[+] Domain exhausted. Finishing up: https://deb111035.dhakaeducationboard.gov.bd
==================================================
[*] STARTING NEW DOMAIN: https://dao.shyamnagar.satkhira.gov.bd
==================================================
[+] Domain exhausted. Finishing up: https://dao.shyamnagar.satkhira.gov.bd
==================================================
[*] STARTING NEW DOMAIN: https://deb111938.dhakaeducationboard.gov.bd
==================================================
[+] Domain exhausted. Finishing up: https://deb111938.dhakaeducationboard.gov.bd
==================================================
[*] STARTING NEW DOMAIN: https://deb111304.dhakaeducationboard.gov.bd
==================================================
[+] Domain exhausted. Finishing up: https://deb111304.dhakaeducationboard.gov.bd
==================================================
[*] STARTING NEW DOMAIN: https://architecture.portal.gov.bd
==================================================
[+] Domain exhausted. Finishing up: https://architecture.portal.gov.bd
==================================================
[*] STARTING NEW DOMAIN: https://dae.wazirpur.barisal.gov.bd
==================================================
[+] Domain exhausted. Finishing up: https://dae.wazirpur.barisal.gov.bd
==================================================
[*] STARTING NEW DOMAIN: https://deb111431.dhakaeducationboard.gov.bd
==================================================
[+] Domain exhausted. Finishing up: https://deb111431.dhakaeducationboard.gov.bd
==================================================
[*] STARTING NEW DOMAIN: https://ailab.dhaka.gov.bd
==================================================
[+] Domain exhausted. Finishing up: https://ailab.dhaka.gov.bd
==================================================
[*] STARTING NEW DOMAIN: https://doict.charrajibpur.kurigram.gov.bd
==================================================
[+] Domain exhausted. Finishing up: https://doict.charrajibpur.kurigram.gov.bd
==================================================
[*] STARTING NEW DOMAIN: https://aic.natore.gov.bd
==================================================
[+] Domain exhausted. Finishing up: https://aic.natore.gov.bd
==================================================
[*] STARTING NEW DOMAIN: https://ebek.debiganj.panchagarh.gov.bd
==================================================
[+] Domain exhausted. Finishing up: https://ebek.debiganj.panchagarh.gov.bd
==================================================
[*] STARTING NEW DOMAIN: http://passgaciawestup.comilla.gov.bd
==================================================
[+] Domain exhausted. Finishing up: http://passgaciawestup.comilla.gov.bd
==================================================
[*] STARTING NEW DOMAIN: https://ansarvdp.magurasadar.magura.gov.bd
==================================================
[+] Domain exhausted. Finishing up: https://ansarvdp.magurasadar.magura.gov.bd
==================================================
[*] STARTING NEW DOMAIN: https://deb108241.dhakaeducationboard.gov.bd
==================================================
[+] Domain exhausted. Finishing up: https://deb108241.dhakaeducationboard.gov.bd
==================================================
[*] STARTING NEW DOMAIN: https://deb112076.dhakaeducationboard.gov.bd
==================================================
[+] Domain exhausted. Finishing up: https://deb112076.dhakaeducationboard.gov.bd
==================================================
[*] STARTING NEW DOMAIN: https://pbs.savar.dhaka.gov.bd
==================================================
[+] Domain exhausted. Finishing up: https://pbs.savar.dhaka.gov.bd
==================================================
[*] STARTING NEW DOMAIN: https://chakdaulatpurhighschool.jessoreboard.gov.bd
==================================================
[+] Domain exhausted. Finishing up: https://chakdaulatpurhighschool.jessoreboard.gov.bd
==================================================
[*] STARTING NEW DOMAIN: https://deb110853.dhakaeducationboard.gov.bd
==================================================
[+] Domain exhausted. Finishing up: https://deb110853.dhakaeducationboard.gov.bd
==================================================
[*] STARTING NEW DOMAIN: https://deb108286.dhakaeducationboard.gov.bd
==================================================
[+] Domain exhausted. Finishing up: https://deb108286.dhakaeducationboard.gov.bd
==================================================
[*] STARTING NEW DOMAIN: https://bsc.portal.gov.bd
==================================================
[+] Domain exhausted. Finishing up: https://bsc.portal.gov.bd
==================================================
[*] STARTING NEW DOMAIN: https://amragachiaup.pirojpur.gov.bd
==================================================
[+] Domain exhausted. Finishing up: https://amragachiaup.pirojpur.gov.bd
==================================================
[*] STARTING NEW DOMAIN: https://deb110842.dhakaeducationboard.gov.bd
==================================================
[+] Domain exhausted. Finishing up: https://deb110842.dhakaeducationboard.gov.bd
==================================================
[*] STARTING NEW DOMAIN: https://deb135189.dhakaeducationboard.gov.bd
==================================================
[+] Domain exhausted. Finishing up: https://deb135189.dhakaeducationboard.gov.bd
==================================================
[*] STARTING NEW DOMAIN: https://deb112092.dhakaeducationboard.gov.bd
==================================================
[+] Domain exhausted. Finishing up: https://deb112092.dhakaeducationboard.gov.bd
==================================================
[*] STARTING NEW DOMAIN: https://ofrm.khulna.gov.bd
==================================================
[+] Domain exhausted. Finishing up: https://ofrm.khulna.gov.bd
==================================================
[*] STARTING NEW DOMAIN: https://deb111151.dhakaeducationboard.gov.bd
==================================================
[+] Domain exhausted. Finishing up: https://deb111151.dhakaeducationboard.gov.bd
==================================================
[*] STARTING NEW DOMAIN: https://eprc.gov.bd
==================================================
[+] Domain exhausted. Finishing up: https://eprc.gov.bd
==================================================
[*] STARTING NEW DOMAIN: https://lged.nagarkanda.faridpur.gov.bd
==================================================
[+] Domain exhausted. Finishing up: https://lged.nagarkanda.faridpur.gov.bd
==================================================
[*] STARTING NEW DOMAIN: https://bagurazo.pkb.gov.bd
==================================================
[+] Domain exhausted. Finishing up: https://bagurazo.pkb.gov.bd
==================================================
[*] STARTING NEW DOMAIN: https://deb113675.dhakaeducationboard.gov.bd
==================================================
[+] Domain exhausted. Finishing up: https://deb113675.dhakaeducationboard.gov.bd
==================================================
[*] STARTING NEW DOMAIN: https://deb114464.dhakaeducationboard.gov.bd
==================================================
[+] Domain exhausted. Finishing up: https://deb114464.dhakaeducationboard.gov.bd
==================================================
[*] STARTING NEW DOMAIN: https://panchbariapanchkathiasecondaryschool.jessoreboard.gov.bd
==================================================
[+] Domain exhausted. Finishing up: https://panchbariapanchkathiasecondaryschool.jessoreboard.gov.bd
==================================================
[*] STARTING NEW DOMAIN: https://deb113115.dhakaeducationboard.gov.bd
==================================================
[+] Domain exhausted. Finishing up: https://deb113115.dhakaeducationboard.gov.bd
==================================================
[*] STARTING NEW DOMAIN: https://eed.savar.dhaka.gov.bd
==================================================
[+] Domain exhausted. Finishing up: https://eed.savar.dhaka.gov.bd
==================================================
[*] STARTING NEW DOMAIN: https://deb114120.dhakaeducationboard.gov.bd
==================================================
[+] Domain exhausted. Finishing up: https://deb114120.dhakaeducationboard.gov.bd
==================================================
[*] STARTING NEW DOMAIN: https://deb114121.dhakaeducationboard.gov.bd
==================================================
[+] Domain exhausted. Finishing up: https://deb114121.dhakaeducationboard.gov.bd
==================================================
[*] STARTING NEW DOMAIN: https://deb113342.dhakaeducationboard.gov.bd
==================================================
[+] Domain exhausted. Finishing up: https://deb113342.dhakaeducationboard.gov.bd
==================================================
[*] STARTING NEW DOMAIN: https://pbs.pakundia.kishoreganj.gov.bd
==================================================
[+] Domain exhausted. Finishing up: https://pbs.pakundia.kishoreganj.gov.bd
==================================================
[*] STARTING NEW DOMAIN: https://pardakhalpursecondarygirlsschool.jessoreboard.gov.bd
==================================================
[+] Domain exhausted. Finishing up: https://pardakhalpursecondarygirlsschool.jessoreboard.gov.bd
==================================================
[*] STARTING NEW DOMAIN: https://ec.khetlal.joypurhat.gov.bd
==================================================
[+] Domain exhausted. Finishing up: https://ec.khetlal.joypurhat.gov.bd
==================================================
[*] STARTING NEW DOMAIN: https://deb113858.dhakaeducationboard.gov.bd
==================================================
[+] Domain exhausted. Finishing up: https://deb113858.dhakaeducationboard.gov.bd
==================================================
[*] STARTING NEW DOMAIN: https://pbs3.mirsharai.chittagong.gov.bd
==================================================
[+] Domain exhausted. Finishing up: https://pbs3.mirsharai.chittagong.gov.bd
==================================================
[*] STARTING NEW DOMAIN: https://passenger.blpa.gov.bd
==================================================
[+] Domain exhausted. Finishing up: https://passenger.blpa.gov.bd
==================================================
[*] STARTING NEW DOMAIN: https://ec.kushtia.gov.bd
==================================================
[+] Domain exhausted. Finishing up: https://ec.kushtia.gov.bd
==================================================
[*] STARTING NEW DOMAIN: http://dantmaraup.chittagong.gov.bd
==================================================
[+] Domain exhausted. Finishing up: http://dantmaraup.chittagong.gov.bd
==================================================
[*] STARTING NEW DOMAIN: https://deb113117.dhakaeducationboard.gov.bd
==================================================
[+] Domain exhausted. Finishing up: https://deb113117.dhakaeducationboard.gov.bd
==================================================
[*] STARTING NEW DOMAIN: https://parkhiup.tangail.gov.bd
==================================================
[+] Domain exhausted. Finishing up: https://parkhiup.tangail.gov.bd
==================================================
[*] STARTING NEW DOMAIN: https://deb114535.dhakaeducationboard.gov.bd
==================================================
[+] Domain exhausted. Finishing up: https://deb114535.dhakaeducationboard.gov.bd
==================================================
[*] STARTING NEW DOMAIN: https://ec.faridpur.gov.bd
==================================================
[+] Domain exhausted. Finishing up: https://ec.faridpur.gov.bd
==================================================
[*] STARTING NEW DOMAIN: https://deb130701.dhakaeducationboard.gov.bd
==================================================
[+] Domain exhausted. Finishing up: https://deb130701.dhakaeducationboard.gov.bd
==================================================
[*] STARTING NEW DOMAIN: https://deb113844.dhakaeducationboard.gov.bd
==================================================
[+] Domain exhausted. Finishing up: https://deb113844.dhakaeducationboard.gov.bd
==================================================
[*] STARTING NEW DOMAIN: https://palabandhaup.jamalpur.gov.bd
==================================================
[+] Domain exhausted. Finishing up: https://palabandhaup.jamalpur.gov.bd
==================================================
[*] STARTING NEW DOMAIN: https://simakhalischoolandcollege.jessoreboard.gov.bd
==================================================
[+] Domain exhausted. Finishing up: https://simakhalischoolandcollege.jessoreboard.gov.bd
==================================================
[*] STARTING NEW DOMAIN: https://police.dimla.nilphamari.gov.bd
==================================================
[+] Domain exhausted. Finishing up: https://police.dimla.nilphamari.gov.bd
==================================================
[*] STARTING NEW DOMAIN: http://cafopresident.gov.bd
==================================================
[+] Domain exhausted. Finishing up: http://cafopresident.gov.bd
==================================================
[*] STARTING NEW DOMAIN: https://eed.chhagalnaiya.feni.gov.bd
==================================================
[+] Domain exhausted. Finishing up: https://eed.chhagalnaiya.feni.gov.bd
==================================================
[*] STARTING NEW DOMAIN: https://fpo.nilphamari.gov.bd
==================================================
[+] Domain exhausted. Finishing up: https://fpo.nilphamari.gov.bd
==================================================
[*] STARTING NEW DOMAIN: https://fpo.khulna.gov.bd
==================================================
[+] Domain exhausted. Finishing up: https://fpo.khulna.gov.bd
==================================================
[*] STARTING NEW DOMAIN: https://pozip.bahubal.habiganj.gov.bd
==================================================
[+] Domain exhausted. Finishing up: https://pozip.bahubal.habiganj.gov.bd
==================================================
[*] STARTING NEW DOMAIN: https://dighinala.khagrachhari.gov.bd
==================================================
[+] Domain exhausted. Finishing up: https://dighinala.khagrachhari.gov.bd
==================================================
[*] STARTING NEW DOMAIN: https://kachukataup.nilphamari.gov.bd
==================================================
[+] Domain exhausted. Finishing up: https://kachukataup.nilphamari.gov.bd
==================================================
[*] STARTING NEW DOMAIN: https://doe.jessore.gov.bd
==================================================
[+] Domain exhausted. Finishing up: https://doe.jessore.gov.bd
==================================================
[*] STARTING NEW DOMAIN: https://doe.dinajpur.gov.bd
==================================================
[+] Domain exhausted. Finishing up: https://doe.dinajpur.gov.bd
==================================================
[*] STARTING NEW DOMAIN: https://rhd.chuadanga.gov.bd
==================================================
[+] Domain exhausted. Finishing up: https://rhd.chuadanga.gov.bd
==================================================
[*] STARTING NEW DOMAIN: https://deb136101.dhakaeducationboard.gov.bd
==================================================
[+] Domain exhausted. Finishing up: https://deb136101.dhakaeducationboard.gov.bd
==================================================
[*] STARTING NEW DOMAIN: https://doict.hatia.noakhali.gov.bd
==================================================
[+] Domain exhausted. Finishing up: https://doict.hatia.noakhali.gov.bd
==================================================
[*] STARTING NEW DOMAIN: https://dls.natore.gov.bd
==================================================
[+] Domain exhausted. Finishing up: https://dls.natore.gov.bd
==================================================
[*] STARTING NEW DOMAIN: https://deb131394.dhakaeducationboard.gov.bd
==================================================
[+] Domain exhausted. Finishing up: https://deb131394.dhakaeducationboard.gov.bd
==================================================
[*] STARTING NEW DOMAIN: https://doj.bhuapur.tangail.gov.bd
==================================================
[+] Domain exhausted. Finishing up: https://doj.bhuapur.tangail.gov.bd
==================================================
[*] STARTING NEW DOMAIN: https://doj.manikganj.gov.bd
==================================================
[+] Domain exhausted. Finishing up: https://doj.manikganj.gov.bd
==================================================
[*] STARTING NEW DOMAIN: https://bmd.chittagongdiv.gov.bd
==================================================
[+] Domain exhausted. Finishing up: https://bmd.chittagongdiv.gov.bd
==================================================
[*] STARTING NEW DOMAIN: https://cbb.gov.bd
==================================================
[+] Domain exhausted. Finishing up: https://cbb.gov.bd
==================================================
[*] STARTING NEW DOMAIN: https://doict.shajahanpur.bogra.gov.bd
==================================================
[+] Domain exhausted. Finishing up: https://doict.shajahanpur.bogra.gov.bd
==================================================
[*] STARTING NEW DOMAIN: https://dls.badargonj.rangpur.gov.bd
==================================================
[+] Domain exhausted. Finishing up: https://dls.badargonj.rangpur.gov.bd
==================================================
[*] STARTING NEW DOMAIN: https://brdb.sadar.khagrachhari.gov.bd
==================================================
[+] Domain exhausted. Finishing up: https://brdb.sadar.khagrachhari.gov.bd
==================================================
[*] STARTING NEW DOMAIN: https://brdb.kaliakair.gazipur.gov.bd
==================================================
[+] Domain exhausted. Finishing up: https://brdb.kaliakair.gazipur.gov.bd
==================================================
[*] STARTING NEW DOMAIN: https://tashkent.mofa.gov.bd
==================================================
[+] Domain exhausted. Finishing up: https://tashkent.mofa.gov.bd
==================================================
[*] STARTING NEW DOMAIN: https://acl.bhaluka.mymensingh.gov.bd
==================================================
[+] Domain exhausted. Finishing up: https://acl.bhaluka.mymensingh.gov.bd
==================================================
[*] STARTING NEW DOMAIN: https://deb130802.dhakaeducationboard.gov.bd
==================================================
[+] Domain exhausted. Finishing up: https://deb130802.dhakaeducationboard.gov.bd
==================================================
[*] STARTING NEW DOMAIN: https://deb139246.dhakaeducationboard.gov.bd
==================================================
[+] Domain exhausted. Finishing up: https://deb139246.dhakaeducationboard.gov.bd
==================================================
[*] STARTING NEW DOMAIN: https://doict.abhaynagar.jessore.gov.bd
==================================================
[+] Domain exhausted. Finishing up: https://doict.abhaynagar.jessore.gov.bd
==================================================
[*] STARTING NEW DOMAIN: https://deb131415.dhakaeducationboard.gov.bd
==================================================
[+] Domain exhausted. Finishing up: https://deb131415.dhakaeducationboard.gov.bd
==================================================
[*] STARTING NEW DOMAIN: https://brcp1.portal.gov.bd
==================================================
[+] Domain exhausted. Finishing up: https://brcp1.portal.gov.bd
==================================================
[*] STARTING NEW DOMAIN: https://deb140083.dhakaeducationboard.gov.bd
==================================================
[+] Domain exhausted. Finishing up: https://deb140083.dhakaeducationboard.gov.bd
==================================================
[*] STARTING NEW DOMAIN: https://doict.kaharol.dinajpur.gov.bd
==================================================
[+] Domain exhausted. Finishing up: https://doict.kaharol.dinajpur.gov.bd
==================================================
[*] STARTING NEW DOMAIN: https://deo.delduar.tangail.gov.bd
==================================================
[+] Domain exhausted. Finishing up: https://deo.delduar.tangail.gov.bd
==================================================
[*] STARTING NEW DOMAIN: https://dls.coxsbazar.gov.bd
==================================================
[+] Domain exhausted. Finishing up: https://dls.coxsbazar.gov.bd
==================================================
[*] STARTING NEW DOMAIN: https://deb137196.dhakaeducationboard.gov.bd
==================================================
[+] Domain exhausted. Finishing up: https://deb137196.dhakaeducationboard.gov.bd
==================================================
[*] STARTING NEW DOMAIN: https://dpe.narailsadar.narail.gov.bd
==================================================
[+] Domain exhausted. Finishing up: https://dpe.narailsadar.narail.gov.bd
==================================================
[*] STARTING NEW DOMAIN: https://changiup.khagrachhari.gov.bd
==================================================
[+] Domain exhausted. Finishing up: https://changiup.khagrachhari.gov.bd
==================================================
[*] STARTING NEW DOMAIN: https://8nojaduboyraup.kushtia.gov.bd
==================================================
[+] Domain exhausted. Finishing up: https://8nojaduboyraup.kushtia.gov.bd
==================================================
[*] STARTING NEW DOMAIN: https://brta.lalmonirhat.gov.bd
==================================================
[+] Domain exhausted. Finishing up: https://brta.lalmonirhat.gov.bd
==================================================
[*] STARTING NEW DOMAIN: https://bmda.natoresadar.natore.gov.bd
==================================================
[+] Domain exhausted. Finishing up: https://bmda.natoresadar.natore.gov.bd
==================================================
[*] STARTING NEW DOMAIN: https://deb137352.dhakaeducationboard.gov.bd
==================================================
[+] Domain exhausted. Finishing up: https://deb137352.dhakaeducationboard.gov.bd
==================================================
[*] STARTING NEW DOMAIN: https://baraghopup.coxsbazar.gov.bd
==================================================
[+] Domain exhausted. Finishing up: https://baraghopup.coxsbazar.gov.bd
==================================================
[*] STARTING NEW DOMAIN: https://ansarvdp.brahmanbaria.gov.bd
==================================================
[+] Domain exhausted. Finishing up: https://ansarvdp.brahmanbaria.gov.bd
==================================================
[*] STARTING NEW DOMAIN: https://dphe.debiganj.panchagarh.gov.bd
==================================================
[+] Domain exhausted. Finishing up: https://dphe.debiganj.panchagarh.gov.bd
==================================================
[*] STARTING NEW DOMAIN: https://doe.bhola.gov.bd
==================================================
[+] Domain exhausted. Finishing up: https://doe.bhola.gov.bd
==================================================
[*] STARTING NEW DOMAIN: https://abak.itna.kishoreganj.gov.bd
==================================================
[+] Domain exhausted. Finishing up: https://abak.itna.kishoreganj.gov.bd
==================================================
[*] STARTING NEW DOMAIN: https://dphe.moulvibazarsadar.moulvibazar.gov.bd
==================================================
[+] Domain exhausted. Finishing up: https://dphe.moulvibazarsadar.moulvibazar.gov.bd
==================================================
[*] STARTING NEW DOMAIN: https://doict.moheshkhali.coxsbazar.gov.bd
==================================================
[+] Domain exhausted. Finishing up: https://doict.moheshkhali.coxsbazar.gov.bd
==================================================
[*] STARTING NEW DOMAIN: https://dpe.lalmai.comilla.gov.bd
==================================================
[+] Domain exhausted. Finishing up: https://dpe.lalmai.comilla.gov.bd
==================================================
[*] STARTING NEW DOMAIN: https://bimanbandarbidyalayajashore.jessoreboard.gov.bd
==================================================
[+] Domain exhausted. Finishing up: https://bimanbandarbidyalayajashore.jessoreboard.gov.bd
==================================================
[*] STARTING NEW DOMAIN: https://doict.pekua.coxsbazar.gov.bd
==================================================
[+] Domain exhausted. Finishing up: https://doict.pekua.coxsbazar.gov.bd
==================================================
[*] STARTING NEW DOMAIN: https://ansarvdp.keraniganj.dhaka.gov.bd
==================================================
[+] Domain exhausted. Finishing up: https://ansarvdp.keraniganj.dhaka.gov.bd
==================================================
[*] STARTING NEW DOMAIN: https://shalkhuriaup.dinajpur.gov.bd
==================================================
[+] Domain exhausted. Finishing up: https://shalkhuriaup.dinajpur.gov.bd
==================================================
[*] STARTING NEW DOMAIN: https://fireservice.guimara.khagrachhari.gov.bd
==================================================
[+] Domain exhausted. Finishing up: https://fireservice.guimara.khagrachhari.gov.bd
==================================================
[*] STARTING NEW DOMAIN: https://fatikchharipolice.fatikchhari.chittagong.gov.bd
==================================================
[+] Domain exhausted. Finishing up: https://fatikchharipolice.fatikchhari.chittagong.gov.bd
==================================================
[*] STARTING NEW DOMAIN: https://bhuiarkandarsecondaryschool.jessoreboard.gov.bd
==================================================
[+] Domain exhausted. Finishing up: https://bhuiarkandarsecondaryschool.jessoreboard.gov.bd
==================================================
[*] STARTING NEW DOMAIN: https://fireservice.pathorghata.barguna.gov.bd
==================================================
[+] Domain exhausted. Finishing up: https://fireservice.pathorghata.barguna.gov.bd
==================================================
[*] STARTING NEW DOMAIN: https://dshc.kapasia.gazipur.gov.bd
==================================================
[+] Domain exhausted. Finishing up: https://dshc.kapasia.gazipur.gov.bd
==================================================
[*] STARTING NEW DOMAIN: https://dphe.manikganj.gov.bd
==================================================
[+] Domain exhausted. Finishing up: https://dphe.manikganj.gov.bd
==================================================
[*] STARTING NEW DOMAIN: https://dpe.ullapara.sirajganj.gov.bd
==================================================
[+] Domain exhausted. Finishing up: https://dpe.ullapara.sirajganj.gov.bd
==================================================
[*] STARTING NEW DOMAIN: https://dshe.kabirhat.noakhali.gov.bd
==================================================
[+] Domain exhausted. Finishing up: https://dshe.kabirhat.noakhali.gov.bd
==================================================
[*] STARTING NEW DOMAIN: https://fisheries.kalmakanda.netrokona.gov.bd
==================================================
[+] Domain exhausted. Finishing up: https://fisheries.kalmakanda.netrokona.gov.bd
==================================================
[*] STARTING NEW DOMAIN: https://food.sadar.jhenaidah.gov.bd
==================================================
[+] Domain exhausted. Finishing up: https://food.sadar.jhenaidah.gov.bd
==================================================
[*] STARTING NEW DOMAIN: https://dao.pirgacha.rangpur.gov.bd
==================================================
[+] Domain exhausted. Finishing up: https://dao.pirgacha.rangpur.gov.bd
==================================================
[*] STARTING NEW DOMAIN: https://fireservice.ghatail.tangail.gov.bd
==================================================
[+] Domain exhausted. Finishing up: https://fireservice.ghatail.tangail.gov.bd
==================================================
[*] STARTING NEW DOMAIN: https://bhb.gov.bd
==================================================
[+] Domain exhausted. Finishing up: https://bhb.gov.bd
==================================================
[*] STARTING NEW DOMAIN: https://food.lama.bandarban.gov.bd
==================================================
[+] Domain exhausted. Finishing up: https://food.lama.bandarban.gov.bd
==================================================
[*] STARTING NEW DOMAIN: https://khulnaengineeringuniversityschool.jessoreboard.gov.bd
==================================================
[+] Domain exhausted. Finishing up: https://khulnaengineeringuniversityschool.jessoreboard.gov.bd
==================================================
[*] STARTING NEW DOMAIN: https://ffp.dgf.gov.bd
==================================================
[+] Domain exhausted. Finishing up: https://ffp.dgf.gov.bd
==================================================
[*] STARTING NEW DOMAIN: https://pio.gior.manikganj.gov.bd
==================================================
[+] Domain exhausted. Finishing up: https://pio.gior.manikganj.gov.bd
==================================================
[*] STARTING NEW DOMAIN: https://dphe.abhaynagar.jessore.gov.bd
==================================================
[+] Domain exhausted. Finishing up: https://dphe.abhaynagar.jessore.gov.bd
==================================================
[*] STARTING NEW DOMAIN: https://banasreeshikkhaniketan.jessoreboard.gov.bd
==================================================
[+] Domain exhausted. Finishing up: https://banasreeshikkhaniketan.jessoreboard.gov.bd
==================================================
[*] STARTING NEW DOMAIN: https://fisheries.mollahat.bagerhat.gov.bd
==================================================
[+] Domain exhausted. Finishing up: https://fisheries.mollahat.bagerhat.gov.bd
==================================================
[*] STARTING NEW DOMAIN: https://chapilaup.natore.gov.bd
==================================================
[+] Domain exhausted. Finishing up: https://chapilaup.natore.gov.bd
==================================================
[*] STARTING NEW DOMAIN: https://ssgp.erd.gov.bd
==================================================
[+] Domain exhausted. Finishing up: https://ssgp.erd.gov.bd
==================================================
[*] STARTING NEW DOMAIN: https://dphe.sreebordi.sherpur.gov.bd
==================================================
[+] Domain exhausted. Finishing up: https://dphe.sreebordi.sherpur.gov.bd
==================================================
[*] STARTING NEW DOMAIN: https://sfcworks.cgdf.gov.bd
==================================================
[+] Domain exhausted. Finishing up: https://sfcworks.cgdf.gov.bd
==================================================
[*] STARTING NEW DOMAIN: https://charbataup.noakhali.gov.bd
==================================================
[+] Domain exhausted. Finishing up: https://charbataup.noakhali.gov.bd
==================================================
[*] STARTING NEW DOMAIN: https://chilmariabduljabbarhazipandabalisecondaryschool.jessoreboard.gov.bd
==================================================
[+] Domain exhausted. Finishing up: https://chilmariabduljabbarhazipandabalisecondaryschool.jessoreboard.gov.bd
==================================================
[*] STARTING NEW DOMAIN: https://fpo.dakshinsurma.sylhet.gov.bd
==================================================
[+] Domain exhausted. Finishing up: https://fpo.dakshinsurma.sylhet.gov.bd
==================================================
[*] STARTING NEW DOMAIN: https://forest.guimara.khagrachhari.gov.bd
==================================================
[+] Domain exhausted. Finishing up: https://forest.guimara.khagrachhari.gov.bd
==================================================
[*] STARTING NEW DOMAIN: https://food.sirajganj.gov.bd
==================================================
[+] Domain exhausted. Finishing up: https://food.sirajganj.gov.bd
==================================================
[*] STARTING NEW DOMAIN: https://fpo.barura.comilla.gov.bd
==================================================
[+] Domain exhausted. Finishing up: https://fpo.barura.comilla.gov.bd
==================================================
[*] STARTING NEW DOMAIN: https://dss.bhola.gov.bd
==================================================
[+] Domain exhausted. Finishing up: https://dss.bhola.gov.bd
==================================================
[*] STARTING NEW DOMAIN: https://ansarvdp.babuganj.barisal.gov.bd
==================================================
[+] Domain exhausted. Finishing up: https://ansarvdp.babuganj.barisal.gov.bd
==================================================
[*] STARTING NEW DOMAIN: https://fpo.botiaghata.khulna.gov.bd
==================================================
[+] Domain exhausted. Finishing up: https://fpo.botiaghata.khulna.gov.bd
==================================================
[*] STARTING NEW DOMAIN: https://sfdf.naria.shariatpur.gov.bd
==================================================
[+] Domain exhausted. Finishing up: https://sfdf.naria.shariatpur.gov.bd
==================================================
[*] STARTING NEW DOMAIN: http://ft.emrd.gov.bd
==================================================
[+] Domain exhausted. Finishing up: http://ft.emrd.gov.bd
==================================================
[*] STARTING NEW DOMAIN: https://pio.sadar.gazipur.gov.bd
==================================================
[+] Domain exhausted. Finishing up: https://pio.sadar.gazipur.gov.bd
==================================================
[*] STARTING NEW DOMAIN: https://po.bagerhat.gov.bd
==================================================
[+] Domain exhausted. Finishing up: https://po.bagerhat.gov.bd
==================================================
[*] STARTING NEW DOMAIN: https://ec.bochaganj.dinajpur.gov.bd
==================================================
[+] Domain exhausted. Finishing up: https://ec.bochaganj.dinajpur.gov.bd
==================================================
[*] STARTING NEW DOMAIN: https://sherajkatedurgapurjuniorhighschool.jessoreboard.gov.bd
==================================================
[+] Domain exhausted. Finishing up: https://sherajkatedurgapurjuniorhighschool.jessoreboard.gov.bd
==================================================
[*] STARTING NEW DOMAIN: https://sherkoleup.natore.gov.bd
==================================================
[+] Domain exhausted. Finishing up: https://sherkoleup.natore.gov.bd
==================================================
[*] STARTING NEW DOMAIN: https://fisheries.saltha.faridpur.gov.bd
==================================================
[+] Domain exhausted. Finishing up: https://fisheries.saltha.faridpur.gov.bd
==================================================
[*] STARTING NEW DOMAIN: https://so.goalanda.rajbari.gov.bd
==================================================
[+] Domain exhausted. Finishing up: https://so.goalanda.rajbari.gov.bd
==================================================
[*] STARTING NEW DOMAIN: https://bhatikhainup.chittagong.gov.bd
==================================================
[+] Domain exhausted. Finishing up: https://bhatikhainup.chittagong.gov.bd
==================================================
[*] STARTING NEW DOMAIN: https://bbs.sherpur.bogra.gov.bd
==================================================
[+] Domain exhausted. Finishing up: https://bbs.sherpur.bogra.gov.bd
==================================================
[*] STARTING NEW DOMAIN: https://brta1.chittagong.gov.bd
==================================================
[+] Domain exhausted. Finishing up: https://brta1.chittagong.gov.bd
==================================================
[*] STARTING NEW DOMAIN: https://fpo.lakhai.habiganj.gov.bd
==================================================
[+] Domain exhausted. Finishing up: https://fpo.lakhai.habiganj.gov.bd
==================================================
[*] STARTING NEW DOMAIN: https://ais.habiganj.gov.bd
==================================================
[+] Domain exhausted. Finishing up: https://ais.habiganj.gov.bd
==================================================
[*] STARTING NEW DOMAIN: https://dss.dimla.nilphamari.gov.bd
==================================================
[+] Domain exhausted. Finishing up: https://dss.dimla.nilphamari.gov.bd
==================================================
[*] STARTING NEW DOMAIN: https://dss.mohonpur.rajshahi.gov.bd
==================================================
[+] Domain exhausted. Finishing up: https://dss.mohonpur.rajshahi.gov.bd
==================================================
[*] STARTING NEW DOMAIN: https://deb110894.dhakaeducationboard.gov.bd
==================================================
[+] Domain exhausted. Finishing up: https://deb110894.dhakaeducationboard.gov.bd
==================================================
[*] STARTING NEW DOMAIN: https://colombo.mofa.gov.bd
==================================================
[+] Domain exhausted. Finishing up: https://colombo.mofa.gov.bd
==================================================
[*] STARTING NEW DOMAIN: https://cmrmodule.gov.bd
==================================================
[+] Domain exhausted. Finishing up: https://cmrmodule.gov.bd
==================================================
[*] STARTING NEW DOMAIN: https://cooparative.bamna.barguna.gov.bd
==================================================
[+] Domain exhausted. Finishing up: https://cooparative.bamna.barguna.gov.bd
==================================================
[*] STARTING NEW DOMAIN: https://fsmf.chuadangasadar.chuadanga.gov.bd
==================================================
[+] Domain exhausted. Finishing up: https://fsmf.chuadangasadar.chuadanga.gov.bd
==================================================
[*] STARTING NEW DOMAIN: https://cooparative.mirsharai.chittagong.gov.bd
==================================================
[+] Domain exhausted. Finishing up: https://cooparative.mirsharai.chittagong.gov.bd
==================================================
[*] STARTING NEW DOMAIN: https://cooparative.moulvibazarsadar.moulvibazar.gov.bd
==================================================
[+] Domain exhausted. Finishing up: https://cooparative.moulvibazarsadar.moulvibazar.gov.bd
==================================================
[*] STARTING NEW DOMAIN: https://dvh.narayanganj.gov.bd
==================================================
[+] Domain exhausted. Finishing up: https://dvh.narayanganj.gov.bd
==================================================
[*] STARTING NEW DOMAIN: https://cpa.chittagongdiv.gov.bd
==================================================
[+] Domain exhausted. Finishing up: https://cpa.chittagongdiv.gov.bd
==================================================
[*] STARTING NEW DOMAIN: https://cooperative.kurigram.gov.bd
==================================================
[+] Domain exhausted. Finishing up: https://cooperative.kurigram.gov.bd
==================================================
[*] STARTING NEW DOMAIN: https://dss.rajshahidiv.gov.bd
==================================================
[+] Domain exhausted. Finishing up: https://dss.rajshahidiv.gov.bd
==================================================
[*] STARTING NEW DOMAIN: https://geneva.mofa.gov.bd
==================================================
[+] Domain exhausted. Finishing up: https://geneva.mofa.gov.bd
==================================================
[*] STARTING NEW DOMAIN: https://cvdp.rdcd.gov.bd
==================================================
[+] Domain exhausted. Finishing up: https://cvdp.rdcd.gov.bd
==================================================
[*] STARTING NEW DOMAIN: https://fsmf.sadar.brahmanbaria.gov.bd
==================================================
[+] Domain exhausted. Finishing up: https://fsmf.sadar.brahmanbaria.gov.bd
==================================================
[*] STARTING NEW DOMAIN: https://dae.dhakadiv.gov.bd
==================================================
[+] Domain exhausted. Finishing up: https://dae.dhakadiv.gov.bd
==================================================
[*] STARTING NEW DOMAIN: https://dae.gosairhat.shariatpur.gov.bd
==================================================
[+] Domain exhausted. Finishing up: https://dae.gosairhat.shariatpur.gov.bd
==================================================
[*] STARTING NEW DOMAIN: https://health.bahubal.habiganj.gov.bd
==================================================
[+] Domain exhausted. Finishing up: https://health.bahubal.habiganj.gov.bd
==================================================
[*] STARTING NEW DOMAIN: https://jhalukaup.rajshahi.gov.bd
==================================================
[+] Domain exhausted. Finishing up: https://jhalukaup.rajshahi.gov.bd
==================================================
[*] STARTING NEW DOMAIN: https://dae.sadar.rangamati.gov.bd
==================================================
[+] Domain exhausted. Finishing up: https://dae.sadar.rangamati.gov.bd
==================================================
[*] STARTING NEW DOMAIN: https://dam.kaliganj.jhenaidah.gov.bd
==================================================
[+] Domain exhausted. Finishing up: https://dam.kaliganj.jhenaidah.gov.bd
==================================================
[*] STARTING NEW DOMAIN: https://heqep-ugc.portal.gov.bd
==================================================
[+] Domain exhausted. Finishing up: https://heqep-ugc.portal.gov.bd
==================================================
[*] STARTING NEW DOMAIN: https://habokhaliadarshamahabiddalay.jessoreboard.gov.bd
==================================================
[+] Domain exhausted. Finishing up: https://habokhaliadarshamahabiddalay.jessoreboard.gov.bd
==================================================
[*] STARTING NEW DOMAIN: https://dao.gangni.meherpur.gov.bd
==================================================
[+] Domain exhausted. Finishing up: https://dao.gangni.meherpur.gov.bd
==================================================
[*] STARTING NEW DOMAIN: https://dao.ghatail.tangail.gov.bd
==================================================
[+] Domain exhausted. Finishing up: https://dao.ghatail.tangail.gov.bd
==================================================
[*] STARTING NEW DOMAIN: https://furshondigovtprimaryschool.jessoreboard.gov.bd
==================================================
[+] Domain exhausted. Finishing up: https://furshondigovtprimaryschool.jessoreboard.gov.bd
==================================================
[*] STARTING NEW DOMAIN: https://jsa.comilla.gov.bd
==================================================
[+] Domain exhausted. Finishing up: https://jsa.comilla.gov.bd
==================================================
[*] STARTING NEW DOMAIN: https://gaibandhasadar.gaibandha.gov.bd
==================================================
[+] Domain exhausted. Finishing up: https://gaibandhasadar.gaibandha.gov.bd
==================================================
[*] STARTING NEW DOMAIN: https://highwaypolice.taragonj.rangpur.gov.bd
==================================================
[+] Domain exhausted. Finishing up: https://highwaypolice.taragonj.rangpur.gov.bd
==================================================
[*] STARTING NEW DOMAIN: https://horekrishnopurjuniorhighschool.jessoreboard.gov.bd
==================================================
[+] Domain exhausted. Finishing up: https://horekrishnopurjuniorhighschool.jessoreboard.gov.bd
==================================================
[*] STARTING NEW DOMAIN: https://health.mehendiganj.barisal.gov.bd
==================================================
[+] Domain exhausted. Finishing up: https://health.mehendiganj.barisal.gov.bd
==================================================
[*] STARTING NEW DOMAIN: https://deb108335.dhakaeducationboard.gov.bd
==================================================
[+] Domain exhausted. Finishing up: https://deb108335.dhakaeducationboard.gov.bd
==================================================
[*] STARTING NEW DOMAIN: https://jhalamup.comilla.gov.bd
==================================================
[+] Domain exhausted. Finishing up: https://jhalamup.comilla.gov.bd
==================================================
[*] STARTING NEW DOMAIN: https://deb108534.dhakaeducationboard.gov.bd
==================================================
[+] Domain exhausted. Finishing up: https://deb108534.dhakaeducationboard.gov.bd
==================================================
[*] STARTING NEW DOMAIN: https://hsso.kushtia.gov.bd
==================================================
[+] Domain exhausted. Finishing up: https://hsso.kushtia.gov.bd
==================================================
[*] STARTING NEW DOMAIN: https://indiragovtprimaryschool.jessoreboard.gov.bd
==================================================
[+] Domain exhausted. Finishing up: https://indiragovtprimaryschool.jessoreboard.gov.bd
==================================================
[*] STARTING NEW DOMAIN: https://ansarvdp.fenchuganj.sylhet.gov.bd
==================================================
[+] Domain exhausted. Finishing up: https://ansarvdp.fenchuganj.sylhet.gov.bd
==================================================
[*] STARTING NEW DOMAIN: https://deb109090.dhakaeducationboard.gov.bd
==================================================
[+] Domain exhausted. Finishing up: https://deb109090.dhakaeducationboard.gov.bd
==================================================
[*] STARTING NEW DOMAIN: https://health.matlabsouth.chandpur.gov.bd
==================================================
[+] Domain exhausted. Finishing up: https://health.matlabsouth.chandpur.gov.bd
==================================================
[*] STARTING NEW DOMAIN: https://islamicfoundation.tangail.gov.bd
==================================================
[+] Domain exhausted. Finishing up: https://islamicfoundation.tangail.gov.bd
==================================================
[*] STARTING NEW DOMAIN: https://post.companiganj.sylhet.gov.bd
==================================================
[+] Domain exhausted. Finishing up: https://post.companiganj.sylhet.gov.bd
==================================================
[*] STARTING NEW DOMAIN: https://aymarasulpurup.joypurhat.gov.bd
==================================================
[+] Domain exhausted. Finishing up: https://aymarasulpurup.joypurhat.gov.bd
==================================================
[*] STARTING NEW DOMAIN: https://deb109752.dhakaeducationboard.gov.bd
==================================================
[+] Domain exhausted. Finishing up: https://deb109752.dhakaeducationboard.gov.bd
==================================================
[*] STARTING NEW DOMAIN: https://post.rangamati.gov.bd
==================================================
[+] Domain exhausted. Finishing up: https://post.rangamati.gov.bd
==================================================
[*] STARTING NEW DOMAIN: https://raghdiup.gopalganj.gov.bd
==================================================
[+] Domain exhausted. Finishing up: https://raghdiup.gopalganj.gov.bd
==================================================
[*] STARTING NEW DOMAIN: https://deb110107.dhakaeducationboard.gov.bd
==================================================
[+] Domain exhausted. Finishing up: https://deb110107.dhakaeducationboard.gov.bd
==================================================
[*] STARTING NEW DOMAIN: https://putijuriup.habiganj.gov.bd
==================================================
[+] Domain exhausted. Finishing up: https://putijuriup.habiganj.gov.bd
==================================================
[*] STARTING NEW DOMAIN: https://post.paikgasa.khulna.gov.bd
==================================================
[+] Domain exhausted. Finishing up: https://post.paikgasa.khulna.gov.bd
==================================================
[*] STARTING NEW DOMAIN: https://sr.sylhetsadar.sylhet.gov.bd
==================================================
[+] Domain exhausted. Finishing up: https://sr.sylhetsadar.sylhet.gov.bd
==================================================
[*] STARTING NEW DOMAIN: https://sr.taltali.barguna.gov.bd
==================================================
[+] Domain exhausted. Finishing up: https://sr.taltali.barguna.gov.bd
==================================================
[*] STARTING NEW DOMAIN: https://puthiaup.rajshahi.gov.bd
==================================================
[+] Domain exhausted. Finishing up: https://puthiaup.rajshahi.gov.bd
==================================================
[*] STARTING NEW DOMAIN: https://deb110938.dhakaeducationboard.gov.bd
==================================================
[+] Domain exhausted. Finishing up: https://deb110938.dhakaeducationboard.gov.bd
==================================================
[*] STARTING NEW DOMAIN: https://deb111100.dhakaeducationboard.gov.bd
==================================================
[+] Domain exhausted. Finishing up: https://deb111100.dhakaeducationboard.gov.bd
==================================================
[*] STARTING NEW DOMAIN: https://deb111148.dhakaeducationboard.gov.bd
==================================================
[+] Domain exhausted. Finishing up: https://deb111148.dhakaeducationboard.gov.bd
==================================================
[*] STARTING NEW DOMAIN: https://misebadc.tangailsadar.tangail.gov.bd
==================================================
[+] Domain exhausted. Finishing up: https://misebadc.tangailsadar.tangail.gov.bd
==================================================
[*] STARTING NEW DOMAIN: https://kushliaup.satkhira.gov.bd
==================================================
[+] Domain exhausted. Finishing up: https://kushliaup.satkhira.gov.bd
==================================================
[*] STARTING NEW DOMAIN: https://khedaparaup.jessore.gov.bd
==================================================
[+] Domain exhausted. Finishing up: https://khedaparaup.jessore.gov.bd
==================================================
[*] STARTING NEW DOMAIN: https://kakharaup.coxsbazar.gov.bd
==================================================
[+] Domain exhausted. Finishing up: https://kakharaup.coxsbazar.gov.bd
==================================================
[*] STARTING NEW DOMAIN: https://deb111913.dhakaeducationboard.gov.bd
==================================================
[+] Domain exhausted. Finishing up: https://deb111913.dhakaeducationboard.gov.bd
==================================================
[*] STARTING NEW DOMAIN: https://deb111923.dhakaeducationboard.gov.bd
==================================================
[+] Domain exhausted. Finishing up: https://deb111923.dhakaeducationboard.gov.bd
==================================================
[*] STARTING NEW DOMAIN: https://deb112102.dhakaeducationboard.gov.bd
==================================================
[+] Domain exhausted. Finishing up: https://deb112102.dhakaeducationboard.gov.bd
==================================================
[*] STARTING NEW DOMAIN: https://khajuraup.natore.gov.bd
==================================================
[+] Domain exhausted. Finishing up: https://khajuraup.natore.gov.bd
==================================================
[*] STARTING NEW DOMAIN: https://deb112446.dhakaeducationboard.gov.bd
==================================================
[+] Domain exhausted. Finishing up: https://deb112446.dhakaeducationboard.gov.bd
==================================================
[*] STARTING NEW DOMAIN: https://deb112621.dhakaeducationboard.gov.bd
==================================================
[+] Domain exhausted. Finishing up: https://deb112621.dhakaeducationboard.gov.bd
==================================================
[*] STARTING NEW DOMAIN: https://deb112656.dhakaeducationboard.gov.bd
==================================================
[+] Domain exhausted. Finishing up: https://deb112656.dhakaeducationboard.gov.bd
==================================================
[*] STARTING NEW DOMAIN: https://deb112766.dhakaeducationboard.gov.bd
==================================================
[+] Domain exhausted. Finishing up: https://deb112766.dhakaeducationboard.gov.bd
==================================================
[*] STARTING NEW DOMAIN: https://deb112843.dhakaeducationboard.gov.bd
==================================================
[+] Domain exhausted. Finishing up: https://deb112843.dhakaeducationboard.gov.bd
==================================================
[*] STARTING NEW DOMAIN: https://lims.btrc.gov.bd
==================================================
[+] Domain exhausted. Finishing up: https://lims.btrc.gov.bd
==================================================
[*] STARTING NEW DOMAIN: https://deb113075.dhakaeducationboard.gov.bd
==================================================
[+] Domain exhausted. Finishing up: https://deb113075.dhakaeducationboard.gov.bd
==================================================
[*] STARTING NEW DOMAIN: https://deb113136.dhakaeducationboard.gov.bd
==================================================
[+] Domain exhausted. Finishing up: https://deb113136.dhakaeducationboard.gov.bd
==================================================
[*] STARTING NEW DOMAIN: https://lged.satkhira.gov.bd
==================================================
[+] Domain exhausted. Finishing up: https://lged.satkhira.gov.bd
==================================================
[*] STARTING NEW DOMAIN: https://deb113501.dhakaeducationboard.gov.bd
==================================================
[+] Domain exhausted. Finishing up: https://deb113501.dhakaeducationboard.gov.bd
==================================================
[*] STARTING NEW DOMAIN: https://deb113616.dhakaeducationboard.gov.bd
==================================================
[+] Domain exhausted. Finishing up: https://deb113616.dhakaeducationboard.gov.bd
==================================================
[*] STARTING NEW DOMAIN: https://deb113691.dhakaeducationboard.gov.bd
==================================================
[+] Domain exhausted. Finishing up: https://deb113691.dhakaeducationboard.gov.bd
==================================================
[*] STARTING NEW DOMAIN: https://deb113837.dhakaeducationboard.gov.bd
==================================================
[+] Domain exhausted. Finishing up: https://deb113837.dhakaeducationboard.gov.bd
==================================================
[*] STARTING NEW DOMAIN: https://fpo.domar.nilphamari.gov.bd
==================================================
[+] Domain exhausted. Finishing up: https://fpo.domar.nilphamari.gov.bd
==================================================
[*] STARTING NEW DOMAIN: https://mail.rpcc.gov.bd
==================================================
[+] Domain exhausted. Finishing up: https://mail.rpcc.gov.bd
==================================================
[*] STARTING NEW DOMAIN: https://deb114127.dhakaeducationboard.gov.bd
==================================================
[+] Domain exhausted. Finishing up: https://deb114127.dhakaeducationboard.gov.bd
==================================================
[*] STARTING NEW DOMAIN: https://bavs.gov.bd
==================================================
[+] Domain exhausted. Finishing up: https://bavs.gov.bd
==================================================
[*] STARTING NEW DOMAIN: https://mehernorthup.chandpur.gov.bd
==================================================
[+] Domain exhausted. Finishing up: https://mehernorthup.chandpur.gov.bd
==================================================
[*] STARTING NEW DOMAIN: https://afccl.gov.bd
==================================================
[+] Domain exhausted. Finishing up: https://afccl.gov.bd
==================================================
[*] STARTING NEW DOMAIN: https://pdbf.doulatkhan.bhola.gov.bd
==================================================
[+] Domain exhausted. Finishing up: https://pdbf.doulatkhan.bhola.gov.bd
==================================================
[*] STARTING NEW DOMAIN: https://pti.pirojpur.gov.bd
==================================================
[+] Domain exhausted. Finishing up: https://pti.pirojpur.gov.bd
==================================================
[*] STARTING NEW DOMAIN: https://ramkrisnapursyedkamalbokthsecondarygirlsschool.jessoreboard.gov.bd
==================================================
[+] Domain exhausted. Finishing up: https://ramkrisnapursyedkamalbokthsecondarygirlsschool.jessoreboard.gov.bd
==================================================
[*] STARTING NEW DOMAIN: https://deb114363.dhakaeducationboard.gov.bd
==================================================
[+] Domain exhausted. Finishing up: https://deb114363.dhakaeducationboard.gov.bd
==================================================
[*] STARTING NEW DOMAIN: https://bbs.nandail.mymensingh.gov.bd
==================================================
[+] Domain exhausted. Finishing up: https://bbs.nandail.mymensingh.gov.bd
==================================================
[*] STARTING NEW DOMAIN: https://deb114611.dhakaeducationboard.gov.bd
==================================================
[+] Domain exhausted. Finishing up: https://deb114611.dhakaeducationboard.gov.bd
==================================================
[*] STARTING NEW DOMAIN: https://bksecondaryschool.jessoreboard.gov.bd
==================================================
[+] Domain exhausted. Finishing up: https://bksecondaryschool.jessoreboard.gov.bd
==================================================
[*] STARTING NEW DOMAIN: https://kazinazrulislamcollege.jessoreboard.gov.bd
==================================================
[+] Domain exhausted. Finishing up: https://kazinazrulislamcollege.jessoreboard.gov.bd
==================================================
[*] STARTING NEW DOMAIN: https://bmet.gopalganj.gov.bd
==================================================
[+] Domain exhausted. Finishing up: https://bmet.gopalganj.gov.bd
==================================================
[*] STARTING NEW DOMAIN: https://boaliaup.chapainawabganj.gov.bd
==================================================
[+] Domain exhausted. Finishing up: https://boaliaup.chapainawabganj.gov.bd
==================================================
[*] STARTING NEW DOMAIN: https://brtcti.gazipur.gov.bd
==================================================
[+] Domain exhausted. Finishing up: https://brtcti.gazipur.gov.bd
==================================================
[*] STARTING NEW DOMAIN: https://deb130699.dhakaeducationboard.gov.bd
==================================================
[+] Domain exhausted. Finishing up: https://deb130699.dhakaeducationboard.gov.bd
==================================================
[*] STARTING NEW DOMAIN: https://ccbs.gov.bd
==================================================
[+] Domain exhausted. Finishing up: https://ccbs.gov.bd
==================================================
[*] STARTING NEW DOMAIN: https://chakamaiaup.patuakhali.gov.bd
==================================================
[+] Domain exhausted. Finishing up: https://chakamaiaup.patuakhali.gov.bd
==================================================
[*] STARTING NEW DOMAIN: https://chattogram-reg.sca.gov.bd
==================================================
[+] Domain exhausted. Finishing up: https://chattogram-reg.sca.gov.bd
==================================================
[*] STARTING NEW DOMAIN: https://kalimakhaligovtprimaryschool.jessoreboard.gov.bd
==================================================
[+] Domain exhausted. Finishing up: https://kalimakhaligovtprimaryschool.jessoreboard.gov.bd
==================================================
[*] STARTING NEW DOMAIN: https://deb131325.dhakaeducationboard.gov.bd
==================================================
[+] Domain exhausted. Finishing up: https://deb131325.dhakaeducationboard.gov.bd
==================================================
[*] STARTING NEW DOMAIN: https://deb108366.dhakaeducationboard.gov.bd
==================================================
[+] Domain exhausted. Finishing up: https://deb108366.dhakaeducationboard.gov.bd
==================================================
[*] STARTING NEW DOMAIN: https://deb110384.dhakaeducationboard.gov.bd
==================================================
[+] Domain exhausted. Finishing up: https://deb110384.dhakaeducationboard.gov.bd
==================================================
[*] STARTING NEW DOMAIN: https://deb114162.dhakaeducationboard.gov.bd
==================================================
[+] Domain exhausted. Finishing up: https://deb114162.dhakaeducationboard.gov.bd
==================================================
[*] STARTING NEW DOMAIN: https://deb139399.dhakaeducationboard.gov.bd
==================================================
[+] Domain exhausted. Finishing up: https://deb139399.dhakaeducationboard.gov.bd
==================================================
[*] STARTING NEW DOMAIN: https://deb132057.dhakaeducationboard.gov.bd
==================================================
[+] Domain exhausted. Finishing up: https://deb132057.dhakaeducationboard.gov.bd
==================================================
[*] STARTING NEW DOMAIN: https://drraushanalicollegeofsciencetechnologyandbusinessmanagement.jessoreboard.gov.bd
==================================================
[+] Domain exhausted. Finishing up: https://drraushanalicollegeofsciencetechnologyandbusinessmanagement.jessoreboard.gov.bd
==================================================
[*] STARTING NEW DOMAIN: https://deb133720.dhakaeducationboard.gov.bd
==================================================
[+] Domain exhausted. Finishing up: https://deb133720.dhakaeducationboard.gov.bd
==================================================
[*] STARTING NEW DOMAIN: https://ekeb.sherpur.bogra.gov.bd
==================================================
[+] Domain exhausted. Finishing up: https://ekeb.sherpur.bogra.gov.bd
==================================================
[*] STARTING NEW DOMAIN: https://fisheries.brahmanpara.comilla.gov.bd
==================================================
[+] Domain exhausted. Finishing up: https://fisheries.brahmanpara.comilla.gov.bd
==================================================
[*] STARTING NEW DOMAIN: https://rarulibhubanmohinisecondarygirlsschool.jessoreboard.gov.bd
==================================================
[+] Domain exhausted. Finishing up: https://rarulibhubanmohinisecondarygirlsschool.jessoreboard.gov.bd
==================================================
[*] STARTING NEW DOMAIN: https://health.sarankhola.bagerhat.gov.bd
==================================================
[+] Domain exhausted. Finishing up: https://health.sarankhola.bagerhat.gov.bd
==================================================
[*] STARTING NEW DOMAIN: https://deb134200.dhakaeducationboard.gov.bd
==================================================
[+] Domain exhausted. Finishing up: https://deb134200.dhakaeducationboard.gov.bd
==================================================
[*] STARTING NEW DOMAIN: https://deb135407.dhakaeducationboard.gov.bd
==================================================
[+] Domain exhausted. Finishing up: https://deb135407.dhakaeducationboard.gov.bd
==================================================
[*] STARTING NEW DOMAIN: https://deb135169.dhakaeducationboard.gov.bd
==================================================
[+] Domain exhausted. Finishing up: https://deb135169.dhakaeducationboard.gov.bd
==================================================
[*] STARTING NEW DOMAIN: https://pio.naikhongchhari.bandarban.gov.bd
==================================================
[+] Domain exhausted. Finishing up: https://pio.naikhongchhari.bandarban.gov.bd
==================================================
[*] STARTING NEW DOMAIN: https://pbs.manirampur.jessore.gov.bd
==================================================
[+] Domain exhausted. Finishing up: https://pbs.manirampur.jessore.gov.bd
==================================================
[*] STARTING NEW DOMAIN: https://pti.sunamganj.gov.bd
==================================================
[+] Domain exhausted. Finishing up: https://pti.sunamganj.gov.bd
==================================================
[*] STARTING NEW DOMAIN: https://deb136275.dhakaeducationboard.gov.bd
==================================================
[+] Domain exhausted. Finishing up: https://deb136275.dhakaeducationboard.gov.bd
==================================================
[*] STARTING NEW DOMAIN: https://uitrce.panchari.khagrachhari.gov.bd
==================================================
[+] Domain exhausted. Finishing up: https://uitrce.panchari.khagrachhari.gov.bd
==================================================
[*] STARTING NEW DOMAIN: https://ukshasecondaryschool.jessoreboard.gov.bd
==================================================
[+] Domain exhausted. Finishing up: https://ukshasecondaryschool.jessoreboard.gov.bd
==================================================
[*] STARTING NEW DOMAIN: https://test-service.most.gov.bd
==================================================
[+] Domain exhausted. Finishing up: https://test-service.most.gov.bd
==================================================
[*] STARTING NEW DOMAIN: https://urc.fultola.khulna.gov.bd
==================================================
[+] Domain exhausted. Finishing up: https://urc.fultola.khulna.gov.bd
==================================================
[*] STARTING NEW DOMAIN: https://balidaparagirlsschool.jessoreboard.gov.bd
==================================================
[+] Domain exhausted. Finishing up: https://balidaparagirlsschool.jessoreboard.gov.bd
==================================================
[*] STARTING NEW DOMAIN: https://urc.langadu.rangamati.gov.bd
==================================================
[+] Domain exhausted. Finishing up: https://urc.langadu.rangamati.gov.bd
==================================================
[*] STARTING NEW DOMAIN: https://deb137878.dhakaeducationboard.gov.bd
==================================================
[+] Domain exhausted. Finishing up: https://deb137878.dhakaeducationboard.gov.bd
==================================================
[*] STARTING NEW DOMAIN: https://urc.ranisankail.thakurgaon.gov.bd
==================================================
[+] Domain exhausted. Finishing up: https://urc.ranisankail.thakurgaon.gov.bd
==================================================
[*] STARTING NEW DOMAIN: https://deb137910.dhakaeducationboard.gov.bd
==================================================
[+] Domain exhausted. Finishing up: https://deb137910.dhakaeducationboard.gov.bd
==================================================
[*] STARTING NEW DOMAIN: https://urc.tongibari.munshiganj.gov.bd
==================================================
[+] Domain exhausted. Finishing up: https://urc.tongibari.munshiganj.gov.bd
==================================================
[*] STARTING NEW DOMAIN: https://moysports.gov.bd
==================================================
[+] Domain exhausted. Finishing up: https://moysports.gov.bd
==================================================
[*] STARTING NEW DOMAIN: https://vpolice.nagarpur.tangail.gov.bd
==================================================
[+] Domain exhausted. Finishing up: https://vpolice.nagarpur.tangail.gov.bd
==================================================
[*] STARTING NEW DOMAIN: https://rupsha.khulna.gov.bd
==================================================
[+] Domain exhausted. Finishing up: https://rupsha.khulna.gov.bd
==================================================
[*] STARTING NEW DOMAIN: https://wzpdcl.kathalia.jhalakathi.gov.bd
==================================================
[+] Domain exhausted. Finishing up: https://wzpdcl.kathalia.jhalakathi.gov.bd
==================================================
[*] STARTING NEW DOMAIN: https://youth.baliakandi.rajbari.gov.bd
==================================================
[+] Domain exhausted. Finishing up: https://youth.baliakandi.rajbari.gov.bd
==================================================
[*] STARTING NEW DOMAIN: https://youth.gaibandhasadar.gaibandha.gov.bd
==================================================
[+] Domain exhausted. Finishing up: https://youth.gaibandhasadar.gaibandha.gov.bd
==================================================
[*] STARTING NEW DOMAIN: https://youth.itna.kishoreganj.gov.bd
==================================================
[+] Domain exhausted. Finishing up: https://youth.itna.kishoreganj.gov.bd
==================================================
[*] STARTING NEW DOMAIN: https://tajpurup.natore.gov.bd
==================================================
[+] Domain exhausted. Finishing up: https://tajpurup.natore.gov.bd
==================================================
[*] STARTING NEW DOMAIN: https://youth.mujibnagar.meherpur.gov.bd
==================================================
[+] Domain exhausted. Finishing up: https://youth.mujibnagar.meherpur.gov.bd
==================================================
[*] STARTING NEW DOMAIN: https://youth.moheshkhali.coxsbazar.gov.bd
==================================================
[+] Domain exhausted. Finishing up: https://youth.moheshkhali.coxsbazar.gov.bd
==================================================
[*] STARTING NEW DOMAIN: https://youth.sadar.shariatpur.gov.bd
==================================================
[+] Domain exhausted. Finishing up: https://youth.sadar.shariatpur.gov.bd
==================================================
[*] STARTING NEW DOMAIN: https://ro.mohalchari.khagrachhari.gov.bd
==================================================
[+] Domain exhausted. Finishing up: https://ro.mohalchari.khagrachhari.gov.bd
==================================================
[*] STARTING NEW DOMAIN: https://youth.thanchi.bandarban.gov.bd
==================================================
[+] Domain exhausted. Finishing up: https://youth.thanchi.bandarban.gov.bd
==================================================
[*] STARTING NEW DOMAIN: https://touristpolice.portal.gov.bd
==================================================
[+] Domain exhausted. Finishing up: https://touristpolice.portal.gov.bd
==================================================
[*] STARTING NEW DOMAIN: https://deb140391.dhakaeducationboard.gov.bd
==================================================
[+] Domain exhausted. Finishing up: https://deb140391.dhakaeducationboard.gov.bd
==================================================
[*] STARTING NEW DOMAIN: https://sspg.kushtia.gov.bd
==================================================
[+] Domain exhausted. Finishing up: https://sspg.kushtia.gov.bd
==================================================
[*] STARTING NEW DOMAIN: https://narishaup.dhaka.gov.bd
==================================================
[+] Domain exhausted. Finishing up: https://narishaup.dhaka.gov.bd
==================================================
[*] STARTING NEW DOMAIN: http://dao.dewangonj.jamalpur.gov.bd
==================================================
[+] Domain exhausted. Finishing up: http://dao.dewangonj.jamalpur.gov.bd
==================================================
[*] STARTING NEW DOMAIN: https://deo.atrai.naogaon.gov.bd
==================================================
[+] Domain exhausted. Finishing up: https://deo.atrai.naogaon.gov.bd
==================================================
[*] STARTING NEW DOMAIN: https://deo.jaldhaka.nilphamari.gov.bd
==================================================
[+] Domain exhausted. Finishing up: https://deo.jaldhaka.nilphamari.gov.bd
==================================================
[*] STARTING NEW DOMAIN: https://deo.narsingdisadar.narsingdi.gov.bd
==================================================
[+] Domain exhausted. Finishing up: https://deo.narsingdisadar.narsingdi.gov.bd
==================================================
[*] STARTING NEW DOMAIN: http://deb110890.dhakaeducationboard.gov.bd
==================================================
[+] Domain exhausted. Finishing up: http://deb110890.dhakaeducationboard.gov.bd
==================================================
[*] STARTING NEW DOMAIN: https://dhanisafaup.pirojpur.gov.bd
==================================================
[+] Domain exhausted. Finishing up: https://dhanisafaup.pirojpur.gov.bd
==================================================
[*] STARTING NEW DOMAIN: http://dpe.bochaganj.dinajpur.gov.bd
==================================================
[+] Domain exhausted. Finishing up: http://dpe.bochaganj.dinajpur.gov.bd
==================================================
[*] STARTING NEW DOMAIN: https://dgda.kushtia.gov.bd
==================================================
[+] Domain exhausted. Finishing up: https://dgda.kushtia.gov.bd
==================================================
[*] STARTING NEW DOMAIN: https://dgda.kishoreganj.gov.bd
==================================================
[+] Domain exhausted. Finishing up: https://dgda.kishoreganj.gov.bd
==================================================
[*] STARTING NEW DOMAIN: https://totthoapa.kishoreganjsadar.kishoreganj.gov.bd
==================================================
[+] Domain exhausted. Finishing up: https://totthoapa.kishoreganjsadar.kishoreganj.gov.bd
==================================================
[*] STARTING NEW DOMAIN: https://dighinalaup.khagrachhari.gov.bd
==================================================
[+] Domain exhausted. Finishing up: https://dighinalaup.khagrachhari.gov.bd
==================================================
[*] STARTING NEW DOMAIN: https://sonapotasecondaryschool.jessoreboard.gov.bd
==================================================
[+] Domain exhausted. Finishing up: https://sonapotasecondaryschool.jessoreboard.gov.bd
==================================================
[*] STARTING NEW DOMAIN: https://digrajsecondaryschool.jessoreboard.gov.bd
==================================================
[+] Domain exhausted. Finishing up: https://digrajsecondaryschool.jessoreboard.gov.bd
==================================================
[*] STARTING NEW DOMAIN: https://sports.lalmonirhat.gov.bd
==================================================
[+] Domain exhausted. Finishing up: https://sports.lalmonirhat.gov.bd
==================================================
[*] STARTING NEW DOMAIN: https://dls.belkuchi.sirajganj.gov.bd
==================================================
[+] Domain exhausted. Finishing up: https://dls.belkuchi.sirajganj.gov.bd
==================================================
[*] STARTING NEW DOMAIN: https://sr.mohongonj.netrokona.gov.bd
==================================================
[+] Domain exhausted. Finishing up: https://sr.mohongonj.netrokona.gov.bd
==================================================
[*] STARTING NEW DOMAIN: https://sr.phulchari.gaibandha.gov.bd
==================================================
[+] Domain exhausted. Finishing up: https://sr.phulchari.gaibandha.gov.bd
==================================================
[*] STARTING NEW DOMAIN: https://dls.faridgonj.chandpur.gov.bd
==================================================
[+] Domain exhausted. Finishing up: https://dls.faridgonj.chandpur.gov.bd
==================================================
[*] STARTING NEW DOMAIN: https://pozip.sirajganjsadar.sirajganj.gov.bd
==================================================
[+] Domain exhausted. Finishing up: https://pozip.sirajganjsadar.sirajganj.gov.bd
==================================================
[*] STARTING NEW DOMAIN: https://dls.kashiani.gopalganj.gov.bd
==================================================
[+] Domain exhausted. Finishing up: https://dls.kashiani.gopalganj.gov.bd
==================================================
[*] STARTING NEW DOMAIN: https://dls.natoresadar.natore.gov.bd
==================================================
[+] Domain exhausted. Finishing up: https://dls.natoresadar.natore.gov.bd
==================================================
[*] STARTING NEW DOMAIN: https://urc.atghoria.pabna.gov.bd
==================================================
[+] Domain exhausted. Finishing up: https://urc.atghoria.pabna.gov.bd
==================================================
[*] STARTING NEW DOMAIN: https://dls.raozan.chittagong.gov.bd
==================================================
[+] Domain exhausted. Finishing up: https://dls.raozan.chittagong.gov.bd
==================================================
[*] STARTING NEW DOMAIN: https://pdbf.bamna.barguna.gov.bd
==================================================
[+] Domain exhausted. Finishing up: https://pdbf.bamna.barguna.gov.bd
==================================================
[*] STARTING NEW DOMAIN: https://police.charrajibpur.kurigram.gov.bd
==================================================
[+] Domain exhausted. Finishing up: https://police.charrajibpur.kurigram.gov.bd
==================================================
[*] STARTING NEW DOMAIN: https://dnc.naogaon.gov.bd
==================================================
[+] Domain exhausted. Finishing up: https://dnc.naogaon.gov.bd
==================================================
[*] STARTING NEW DOMAIN: https://dncrp.dhakadiv.gov.bd
==================================================
[+] Domain exhausted. Finishing up: https://dncrp.dhakadiv.gov.bd
==================================================
[*] STARTING NEW DOMAIN: https://doict.atwari.panchagarh.gov.bd
==================================================
[+] Domain exhausted. Finishing up: https://doict.atwari.panchagarh.gov.bd
==================================================
[*] STARTING NEW DOMAIN: https://new.gsscollege.gov.bd
==================================================
[+] Domain exhausted. Finishing up: https://new.gsscollege.gov.bd
==================================================
[*] STARTING NEW DOMAIN: https://doict.belkuchi.sirajganj.gov.bd
==================================================
[+] Domain exhausted. Finishing up: https://doict.belkuchi.sirajganj.gov.bd
==================================================
[*] STARTING NEW DOMAIN: https://ansarvdp.tanore.rajshahi.gov.bd
==================================================
[+] Domain exhausted. Finishing up: https://ansarvdp.tanore.rajshahi.gov.bd
==================================================
[*] STARTING NEW DOMAIN: https://doict.khoksa.kushtia.gov.bd
==================================================
[+] Domain exhausted. Finishing up: https://doict.khoksa.kushtia.gov.bd
==================================================
[*] STARTING NEW DOMAIN: https://doict.pirganj.thakurgaon.gov.bd
==================================================
[+] Domain exhausted. Finishing up: https://doict.pirganj.thakurgaon.gov.bd
==================================================
[*] STARTING NEW DOMAIN: https://brdb.khaliajuri.netrokona.gov.bd
==================================================
[+] Domain exhausted. Finishing up: https://brdb.khaliajuri.netrokona.gov.bd
==================================================
[*] STARTING NEW DOMAIN: https://ansarvdp.burichang.comilla.gov.bd
==================================================
[+] Domain exhausted. Finishing up: https://ansarvdp.burichang.comilla.gov.bd
==================================================
[*] STARTING NEW DOMAIN: https://doict.taltali.barguna.gov.bd
==================================================
[+] Domain exhausted. Finishing up: https://doict.taltali.barguna.gov.bd
==================================================
[*] STARTING NEW DOMAIN: https://urc.sadar.patuakhali.gov.bd
==================================================
[+] Domain exhausted. Finishing up: https://urc.sadar.patuakhali.gov.bd
==================================================
[*] STARTING NEW DOMAIN: https://ansarvdp.pirganj.thakurgaon.gov.bd
==================================================
[+] Domain exhausted. Finishing up: https://ansarvdp.pirganj.thakurgaon.gov.bd
==================================================
[*] STARTING NEW DOMAIN: https://dpe.chandpur.gov.bd
==================================================
[+] Domain exhausted. Finishing up: https://dpe.chandpur.gov.bd
==================================================
[*] STARTING NEW DOMAIN: https://bheramaracollege.jessoreboard.gov.bd
==================================================
[+] Domain exhausted. Finishing up: https://bheramaracollege.jessoreboard.gov.bd
==================================================
[*] STARTING NEW DOMAIN: https://bmet.barisaldiv.gov.bd
==================================================
[+] Domain exhausted. Finishing up: https://bmet.barisaldiv.gov.bd
==================================================
[*] STARTING NEW DOMAIN: https://dphe.hossainpur.kishoreganj.gov.bd
==================================================
[+] Domain exhausted. Finishing up: https://dphe.hossainpur.kishoreganj.gov.bd
==================================================
[*] STARTING NEW DOMAIN: https://dphe.brahmanbaria.gov.bd
==================================================
[+] Domain exhausted. Finishing up: https://dphe.brahmanbaria.gov.bd
==================================================
[*] STARTING NEW DOMAIN: https://rptidinajpur.niport.gov.bd
==================================================
[+] Domain exhausted. Finishing up: https://rptidinajpur.niport.gov.bd
==================================================
[*] STARTING NEW DOMAIN: https://brdb.sadar.bandarban.gov.bd
==================================================
[+] Domain exhausted. Finishing up: https://brdb.sadar.bandarban.gov.bd
==================================================
[*] STARTING NEW DOMAIN: https://bids.gov.bd
==================================================
[+] Domain exhausted. Finishing up: https://bids.gov.bd
==================================================
[*] STARTING NEW DOMAIN: https://railway.khulna.gov.bd
==================================================
[+] Domain exhausted. Finishing up: https://railway.khulna.gov.bd
==================================================
[*] STARTING NEW DOMAIN: https://dr.mymensinghdiv.gov.bd
==================================================
[+] Domain exhausted. Finishing up: https://dr.mymensinghdiv.gov.bd
==================================================
[*] STARTING NEW DOMAIN: https://bbs.kasba.brahmanbaria.gov.bd
==================================================
[+] Domain exhausted. Finishing up: https://bbs.kasba.brahmanbaria.gov.bd
==================================================
[*] STARTING NEW DOMAIN: https://bscic.chandpur.gov.bd
==================================================
[+] Domain exhausted. Finishing up: https://bscic.chandpur.gov.bd
==================================================
[*] STARTING NEW DOMAIN: https://drro.narail.gov.bd
==================================================
[+] Domain exhausted. Finishing up: https://drro.narail.gov.bd
==================================================
[*] STARTING NEW DOMAIN: https://dss.alfadanga.faridpur.gov.bd
==================================================
[+] Domain exhausted. Finishing up: https://dss.alfadanga.faridpur.gov.bd
==================================================
[*] STARTING NEW DOMAIN: https://dshe.khetlal.joypurhat.gov.bd
==================================================
[+] Domain exhausted. Finishing up: https://dshe.khetlal.joypurhat.gov.bd
==================================================
[*] STARTING NEW DOMAIN: https://dss.kachua.bagerhat.gov.bd
==================================================
[+] Domain exhausted. Finishing up: https://dss.kachua.bagerhat.gov.bd
==================================================
[*] STARTING NEW DOMAIN: https://chandkhalicollege.jessoreboard.gov.bd
==================================================
[+] Domain exhausted. Finishing up: https://chandkhalicollege.jessoreboard.gov.bd
==================================================
[*] STARTING NEW DOMAIN: https://dss.langadu.rangamati.gov.bd
==================================================
[+] Domain exhausted. Finishing up: https://dss.langadu.rangamati.gov.bd
==================================================
[*] STARTING NEW DOMAIN: https://dwa.bauphal.patuakhali.gov.bd
==================================================
[+] Domain exhausted. Finishing up: https://dwa.bauphal.patuakhali.gov.bd
==================================================
[*] STARTING NEW DOMAIN: https://dss.shibganj.chapainawabganj.gov.bd
==================================================
[+] Domain exhausted. Finishing up: https://dss.shibganj.chapainawabganj.gov.bd
==================================================
[*] STARTING NEW DOMAIN: https://durduriaup.natore.gov.bd
==================================================
[+] Domain exhausted. Finishing up: https://durduriaup.natore.gov.bd
==================================================
[*] STARTING NEW DOMAIN: https://dwa.islampur.jamalpur.gov.bd
==================================================
[+] Domain exhausted. Finishing up: https://dwa.islampur.jamalpur.gov.bd
==================================================
[*] STARTING NEW DOMAIN: https://dwa.kabirhat.noakhali.gov.bd
==================================================
[+] Domain exhausted. Finishing up: https://dwa.kabirhat.noakhali.gov.bd
==================================================
[*] STARTING NEW DOMAIN: https://btcl.gazipur.gov.bd
==================================================
[+] Domain exhausted. Finishing up: https://btcl.gazipur.gov.bd
==================================================
[*] STARTING NEW DOMAIN: https://ebek.chatmohar.pabna.gov.bd
==================================================
[+] Domain exhausted. Finishing up: https://ebek.chatmohar.pabna.gov.bd
==================================================
[*] STARTING NEW DOMAIN: https://ebek.babuganj.barisal.gov.bd
==================================================
[+] Domain exhausted. Finishing up: https://ebek.babuganj.barisal.gov.bd
==================================================
[*] STARTING NEW DOMAIN: https://ebek.parshuram.feni.gov.bd
==================================================
[+] Domain exhausted. Finishing up: https://ebek.parshuram.feni.gov.bd
==================================================
[*] STARTING NEW DOMAIN: https://bwdb.narail.gov.bd
==================================================
[+] Domain exhausted. Finishing up: https://bwdb.narail.gov.bd
==================================================
[*] STARTING NEW DOMAIN: https://ec.jhenaidah.gov.bd
==================================================
[+] Domain exhausted. Finishing up: https://ec.jhenaidah.gov.bd
==================================================
[*] STARTING NEW DOMAIN: https://ec.sadullapur.gaibandha.gov.bd
==================================================
[+] Domain exhausted. Finishing up: https://ec.sadullapur.gaibandha.gov.bd
==================================================
[*] STARTING NEW DOMAIN: https://ec.raninagar.naogaon.gov.bd
==================================================
[+] Domain exhausted. Finishing up: https://ec.raninagar.naogaon.gov.bd
==================================================
[*] STARTING NEW DOMAIN: https://eed.kurigram.gov.bd
==================================================
[+] Domain exhausted. Finishing up: https://eed.kurigram.gov.bd
==================================================
[*] STARTING NEW DOMAIN: https://eed.kushtiasadar.kushtia.gov.bd
==================================================
[+] Domain exhausted. Finishing up: https://eed.kushtiasadar.kushtia.gov.bd
==================================================
[*] STARTING NEW DOMAIN: https://eepdb.dinajpur.gov.bd
==================================================
[+] Domain exhausted. Finishing up: https://eepdb.dinajpur.gov.bd
==================================================
[*] STARTING NEW DOMAIN: https://etracker.dghs.gov.bd
==================================================
[+] Domain exhausted. Finishing up: https://etracker.dghs.gov.bd
==================================================
[*] STARTING NEW DOMAIN: https://eshaniaup.dinajpur.gov.bd
==================================================
[+] Domain exhausted. Finishing up: https://eshaniaup.dinajpur.gov.bd
==================================================
[*] STARTING NEW DOMAIN: https://fireservice.debiganj.panchagarh.gov.bd
==================================================
[+] Domain exhausted. Finishing up: https://fireservice.debiganj.panchagarh.gov.bd
==================================================
[*] STARTING NEW DOMAIN: https://fireservice.homna.comilla.gov.bd
==================================================
[+] Domain exhausted. Finishing up: https://fireservice.homna.comilla.gov.bd
==================================================
[*] STARTING NEW DOMAIN: https://fireservice.pangsa.rajbari.gov.bd
==================================================
[+] Domain exhausted. Finishing up: https://fireservice.pangsa.rajbari.gov.bd
==================================================
[*] STARTING NEW DOMAIN: https://usb.mohalchari.khagrachhari.gov.bd
==================================================
[+] Domain exhausted. Finishing up: https://usb.mohalchari.khagrachhari.gov.bd
==================================================
[*] STARTING NEW DOMAIN: https://fireservice.tangail.gov.bd
==================================================
[+] Domain exhausted. Finishing up: https://fireservice.tangail.gov.bd
==================================================
[*] STARTING NEW DOMAIN: https://fisheries.hossainpur.kishoreganj.gov.bd
==================================================
[+] Domain exhausted. Finishing up: https://fisheries.hossainpur.kishoreganj.gov.bd
==================================================
[*] STARTING NEW DOMAIN: https://fisheries.dumuria.khulna.gov.bd
==================================================
[+] Domain exhausted. Finishing up: https://fisheries.dumuria.khulna.gov.bd
==================================================
[*] STARTING NEW DOMAIN: https://fisheries.kurigram.gov.bd
==================================================
[+] Domain exhausted. Finishing up: https://fisheries.kurigram.gov.bd
==================================================
[*] STARTING NEW DOMAIN: https://fisheries.sadar.rajbari.gov.bd
==================================================
[+] Domain exhausted. Finishing up: https://fisheries.sadar.rajbari.gov.bd
==================================================
[*] STARTING NEW DOMAIN: https://food.dakshinsurma.sylhet.gov.bd
==================================================
[+] Domain exhausted. Finishing up: https://food.dakshinsurma.sylhet.gov.bd
==================================================
[*] STARTING NEW DOMAIN: https://food.gowainghat.sylhet.gov.bd
==================================================
[+] Domain exhausted. Finishing up: https://food.gowainghat.sylhet.gov.bd
==================================================
[*] STARTING NEW DOMAIN: https://youth.sreepur.magura.gov.bd
==================================================
[+] Domain exhausted. Finishing up: https://youth.sreepur.magura.gov.bd
==================================================
[*] STARTING NEW DOMAIN: https://food.mirzaganj.patuakhali.gov.bd
==================================================
[+] Domain exhausted. Finishing up: https://food.mirzaganj.patuakhali.gov.bd
==================================================
[*] STARTING NEW DOMAIN: http://deb137719.dhakaeducationboard.gov.bd
==================================================
[+] Domain exhausted. Finishing up: http://deb137719.dhakaeducationboard.gov.bd
==================================================
[*] STARTING NEW DOMAIN: https://food.shariatpur.gov.bd
==================================================
[+] Domain exhausted. Finishing up: https://food.shariatpur.gov.bd
==================================================
[*] STARTING NEW DOMAIN: https://forest.brahmanpara.comilla.gov.bd
==================================================
[+] Domain exhausted. Finishing up: https://forest.brahmanpara.comilla.gov.bd
==================================================
[*] STARTING NEW DOMAIN: https://fpo.dinajpur.gov.bd
==================================================
[+] Domain exhausted. Finishing up: https://fpo.dinajpur.gov.bd
==================================================
[*] STARTING NEW DOMAIN: https://fpo.amtali.barguna.gov.bd
==================================================
[+] Domain exhausted. Finishing up: https://fpo.amtali.barguna.gov.bd
==================================================
[*] STARTING NEW DOMAIN: https://fpo.bhola.gov.bd
==================================================
[+] Domain exhausted. Finishing up: https://fpo.bhola.gov.bd
==================================================
[*] STARTING NEW DOMAIN: https://fpo.naniarchar.rangamati.gov.bd
==================================================
[+] Domain exhausted. Finishing up: https://fpo.naniarchar.rangamati.gov.bd
==================================================
[*] STARTING NEW DOMAIN: https://fpo.jamalpur.gov.bd
==================================================
[+] Domain exhausted. Finishing up: https://fpo.jamalpur.gov.bd
==================================================
[*] STARTING NEW DOMAIN: https://fsmf.gaibandhasadar.gaibandha.gov.bd
==================================================
[+] Domain exhausted. Finishing up: https://fsmf.gaibandhasadar.gaibandha.gov.bd
==================================================
[*] STARTING NEW DOMAIN: https://gazipurup.chandpur.gov.bd
==================================================
[+] Domain exhausted. Finishing up: https://gazipurup.chandpur.gov.bd
==================================================
[*] STARTING NEW DOMAIN: https://ghagraup.netrokona.gov.bd
==================================================
[+] Domain exhausted. Finishing up: https://ghagraup.netrokona.gov.bd
==================================================
[*] STARTING NEW DOMAIN: https://gohalakandaup.netrokona.gov.bd
==================================================
[+] Domain exhausted. Finishing up: https://gohalakandaup.netrokona.gov.bd
==================================================
[*] STARTING NEW DOMAIN: https://so.jaintiapur.sylhet.gov.bd
==================================================
[+] Domain exhausted. Finishing up: https://so.jaintiapur.sylhet.gov.bd
==================================================
[*] STARTING NEW DOMAIN: https://guimaraup.khagrachhari.gov.bd
==================================================
[+] Domain exhausted. Finishing up: https://guimaraup.khagrachhari.gov.bd
==================================================
[*] STARTING NEW DOMAIN: https://haitkandiup.chittagong.gov.bd
==================================================
[+] Domain exhausted. Finishing up: https://haitkandiup.chittagong.gov.bd
==================================================
[*] STARTING NEW DOMAIN: https://soamol.naogaon.gov.bd
==================================================
[+] Domain exhausted. Finishing up: https://soamol.naogaon.gov.bd
==================================================
[*] STARTING NEW DOMAIN: https://health.fulgazi.feni.gov.bd
==================================================
[+] Domain exhausted. Finishing up: https://health.fulgazi.feni.gov.bd
==================================================
[*] STARTING NEW DOMAIN: https://hed.natore.gov.bd
==================================================
[+] Domain exhausted. Finishing up: https://hed.natore.gov.bd
==================================================
[*] STARTING NEW DOMAIN: https://health.morrelganj.bagerhat.gov.bd
==================================================
[+] Domain exhausted. Finishing up: https://health.morrelganj.bagerhat.gov.bd
==================================================
[*] STARTING NEW DOMAIN: https://hrwt.patuakhali.gov.bd
==================================================
[+] Domain exhausted. Finishing up: https://hrwt.patuakhali.gov.bd
==================================================
[*] STARTING NEW DOMAIN: https://hrwt.satkhira.gov.bd
==================================================
[+] Domain exhausted. Finishing up: https://hrwt.satkhira.gov.bd
==================================================
[*] STARTING NEW DOMAIN: https://hrwt.narayanganj.gov.bd
==================================================
[+] Domain exhausted. Finishing up: https://hrwt.narayanganj.gov.bd
==================================================
[*] STARTING NEW DOMAIN: https://ipsbd.bdpost.gov.bd
==================================================
[+] Domain exhausted. Finishing up: https://ipsbd.bdpost.gov.bd
==================================================
[*] STARTING NEW DOMAIN: https://ipemis.training.dpe.gov.bd
==================================================
[+] Domain exhausted. Finishing up: https://ipemis.training.dpe.gov.bd
==================================================
[*] STARTING NEW DOMAIN: https://jaes.manikganj.gov.bd
==================================================
[+] Domain exhausted. Finishing up: https://jaes.manikganj.gov.bd
==================================================
[*] STARTING NEW DOMAIN: https://istcl.portal.gov.bd
==================================================
[+] Domain exhausted. Finishing up: https://istcl.portal.gov.bd
==================================================
[*] STARTING NEW DOMAIN: https://jhdsecondaryschool.jessoreboard.gov.bd
==================================================
[+] Domain exhausted. Finishing up: https://jhdsecondaryschool.jessoreboard.gov.bd
==================================================
[*] STARTING NEW DOMAIN: https://juraliabahumukhiadarsacollege.jessoreboard.gov.bd
==================================================
[+] Domain exhausted. Finishing up: https://juraliabahumukhiadarsacollege.jessoreboard.gov.bd
==================================================
[*] STARTING NEW DOMAIN: https://kaburhatsecondaryschool.jessoreboard.gov.bd
==================================================
[+] Domain exhausted. Finishing up: https://kaburhatsecondaryschool.jessoreboard.gov.bd
==================================================
[*] STARTING NEW DOMAIN: https://srdi.bandarban.gov.bd
==================================================
[+] Domain exhausted. Finishing up: https://srdi.bandarban.gov.bd
==================================================
[*] STARTING NEW DOMAIN: https://kamarjaniup.gaibandha.gov.bd
==================================================
[+] Domain exhausted. Finishing up: https://kamarjaniup.gaibandha.gov.bd
==================================================
[*] STARTING NEW DOMAIN: https://sso.lged.gov.bd
==================================================
[+] Domain exhausted. Finishing up: https://sso.lged.gov.bd
==================================================
[*] STARTING NEW DOMAIN: https://khnsecondaryschoolmirpur.jessoreboard.gov.bd
==================================================
[+] Domain exhausted. Finishing up: https://khnsecondaryschoolmirpur.jessoreboard.gov.bd
==================================================
[*] STARTING NEW DOMAIN: https://kwdc.kaptai.rangamati.gov.bd
==================================================
[+] Domain exhausted. Finishing up: https://kwdc.kaptai.rangamati.gov.bd
==================================================
[*] STARTING NEW DOMAIN: https://kurigramsadar.kurigram.gov.bd
==================================================
[+] Domain exhausted. Finishing up: https://kurigramsadar.kurigram.gov.bd
==================================================
[*] STARTING NEW DOMAIN: https://lged.derai.sunamganj.gov.bd
==================================================
[+] Domain exhausted. Finishing up: https://lged.derai.sunamganj.gov.bd
==================================================
[*] STARTING NEW DOMAIN: https://lged.bhaluka.mymensingh.gov.bd
==================================================
[+] Domain exhausted. Finishing up: https://lged.bhaluka.mymensingh.gov.bd
==================================================
[*] STARTING NEW DOMAIN: https://lged.natore.gov.bd
==================================================
[+] Domain exhausted. Finishing up: https://lged.natore.gov.bd
==================================================
[*] STARTING NEW DOMAIN: https://lged.mirpur.kushtia.gov.bd
==================================================
[+] Domain exhausted. Finishing up: https://lged.mirpur.kushtia.gov.bd
==================================================
[*] STARTING NEW DOMAIN: https://tebuniafarm.pabna.gov.bd
==================================================
[+] Domain exhausted. Finishing up: https://tebuniafarm.pabna.gov.bd
==================================================
[*] STARTING NEW DOMAIN: https://lohagaraup.chittagong.gov.bd
==================================================
[+] Domain exhausted. Finishing up: https://lohagaraup.chittagong.gov.bd
==================================================
[*] STARTING NEW DOMAIN: https://maijchar9up.kishoreganj.gov.bd
==================================================
[+] Domain exhausted. Finishing up: https://maijchar9up.kishoreganj.gov.bd
==================================================
[*] STARTING NEW DOMAIN: https://totthoapa.badargonj.rangpur.gov.bd
==================================================
[+] Domain exhausted. Finishing up: https://totthoapa.badargonj.rangpur.gov.bd
==================================================
[*] STARTING NEW DOMAIN: https://mail.bsec.gov.bd
==================================================
[+] Domain exhausted. Finishing up: https://mail.bsec.gov.bd
==================================================
[*] STARTING NEW DOMAIN: https://majidbariaup.patuakhali.gov.bd
==================================================
[+] Domain exhausted. Finishing up: https://majidbariaup.patuakhali.gov.bd
==================================================
[*] STARTING NEW DOMAIN: https://mail.scouts.gov.bd
==================================================
[+] Domain exhausted. Finishing up: https://mail.scouts.gov.bd
==================================================
[*] STARTING NEW DOMAIN: https://maogulshan.dhaka.gov.bd
==================================================
[+] Domain exhausted. Finishing up: https://maogulshan.dhaka.gov.bd
==================================================
[*] STARTING NEW DOMAIN: https://mod.portal.gov.bd
==================================================
[+] Domain exhausted. Finishing up: https://mod.portal.gov.bd
==================================================
[*] STARTING NEW DOMAIN: https://mole.narayanganj.gov.bd
==================================================
[+] Domain exhausted. Finishing up: https://mole.narayanganj.gov.bd
==================================================
[*] STARTING NEW DOMAIN: https://mohongonj.netrokona.gov.bd
==================================================
[+] Domain exhausted. Finishing up: https://mohongonj.netrokona.gov.bd
==================================================
[*] STARTING NEW DOMAIN: https://mpa.gov.bd
==================================================
[+] Domain exhausted. Finishing up: https://mpa.gov.bd
==================================================
[*] STARTING NEW DOMAIN: https://mymensingheducationboard.portal.gov.bd
==================================================
[+] Domain exhausted. Finishing up: https://mymensingheducationboard.portal.gov.bd
==================================================
[*] STARTING NEW DOMAIN: https://nanl.gov.bd
==================================================
[+] Domain exhausted. Finishing up: https://nanl.gov.bd
==================================================
[*] STARTING NEW DOMAIN: https://ttckalihati.tangail.gov.bd
==================================================
[+] Domain exhausted. Finishing up: https://ttckalihati.tangail.gov.bd
==================================================
[*] STARTING NEW DOMAIN: https://nilokhiup.madaripur.gov.bd
==================================================
[+] Domain exhausted. Finishing up: https://nilokhiup.madaripur.gov.bd
==================================================
[*] STARTING NEW DOMAIN: https://paikgachacollege.jessoreboard.gov.bd
==================================================
[+] Domain exhausted. Finishing up: https://paikgachacollege.jessoreboard.gov.bd
==================================================
[*] STARTING NEW DOMAIN: https://sr.sonatala.bogra.gov.bd
==================================================
[+] Domain exhausted. Finishing up: https://sr.sonatala.bogra.gov.bd
==================================================
[*] STARTING NEW DOMAIN: https://oldweb.lged.gov.bd
==================================================
[+] Domain exhausted. Finishing up: https://oldweb.lged.gov.bd
==================================================
[*] STARTING NEW DOMAIN: https://tax.faridpur.gov.bd
==================================================
[+] Domain exhausted. Finishing up: https://tax.faridpur.gov.bd
==================================================
[*] STARTING NEW DOMAIN: https://totthoapa.kamolganj.moulvibazar.gov.bd
==================================================
[+] Domain exhausted. Finishing up: https://totthoapa.kamolganj.moulvibazar.gov.bd
==================================================
[*] STARTING NEW DOMAIN: https://tsc.meherpur.gov.bd
==================================================
[+] Domain exhausted. Finishing up: https://tsc.meherpur.gov.bd
==================================================
[*] STARTING NEW DOMAIN: https://pio.ramu.coxsbazar.gov.bd
==================================================
[+] Domain exhausted. Finishing up: https://pio.ramu.coxsbazar.gov.bd
==================================================
[*] STARTING NEW DOMAIN: https://pio.raipur.lakshmipur.gov.bd
==================================================
[+] Domain exhausted. Finishing up: https://pio.raipur.lakshmipur.gov.bd
==================================================
[*] STARTING NEW DOMAIN: https://police.barguna.gov.bd
==================================================
[+] Domain exhausted. Finishing up: https://police.barguna.gov.bd
==================================================
[*] STARTING NEW DOMAIN: https://police.damudya.shariatpur.gov.bd
==================================================
[+] Domain exhausted. Finishing up: https://police.damudya.shariatpur.gov.bd
==================================================
[*] STARTING NEW DOMAIN: https://police.mohadevpur.naogaon.gov.bd
==================================================
[+] Domain exhausted. Finishing up: https://police.mohadevpur.naogaon.gov.bd
==================================================
[*] STARTING NEW DOMAIN: https://police.ramu.coxsbazar.gov.bd
==================================================
[+] Domain exhausted. Finishing up: https://police.ramu.coxsbazar.gov.bd
==================================================
[*] STARTING NEW DOMAIN: https://police.sadar.lalmonirhat.gov.bd
==================================================
[+] Domain exhausted. Finishing up: https://police.sadar.lalmonirhat.gov.bd
==================================================
[*] STARTING NEW DOMAIN: https://pti.magura.gov.bd
==================================================
[+] Domain exhausted. Finishing up: https://pti.magura.gov.bd
==================================================
[*] STARTING NEW DOMAIN: https://post.bandar.narayanganj.gov.bd
==================================================
[+] Domain exhausted. Finishing up: https://post.bandar.narayanganj.gov.bd
==================================================
[*] STARTING NEW DOMAIN: https://powergrid.gov.bd
==================================================
[+] Domain exhausted. Finishing up: https://powergrid.gov.bd
==================================================
[*] STARTING NEW DOMAIN: https://post.sadar.chandpur.gov.bd
==================================================
[+] Domain exhausted. Finishing up: https://post.sadar.chandpur.gov.bd
==================================================
[*] STARTING NEW DOMAIN: https://prison.gazipur.gov.bd
==================================================
[+] Domain exhausted. Finishing up: https://prison.gazipur.gov.bd
==================================================
[*] STARTING NEW DOMAIN: https://psosk.natore.gov.bd
==================================================
[+] Domain exhausted. Finishing up: https://psosk.natore.gov.bd
==================================================
[*] STARTING NEW DOMAIN: https://prison.portal.gov.bd
==================================================
[+] Domain exhausted. Finishing up: https://prison.portal.gov.bd
==================================================
[*] STARTING NEW DOMAIN: https://pwd.bagerhat.gov.bd
==================================================
[+] Domain exhausted. Finishing up: https://pwd.bagerhat.gov.bd
==================================================
[*] STARTING NEW DOMAIN: https://pwd.pirojpur.gov.bd
==================================================
[+] Domain exhausted. Finishing up: https://pwd.pirojpur.gov.bd
==================================================
[*] STARTING NEW DOMAIN: https://rab.jamalpur.gov.bd
==================================================
[+] Domain exhausted. Finishing up: https://rab.jamalpur.gov.bd
==================================================
[*] STARTING NEW DOMAIN: https://raghunathpurup.jhenaidah.gov.bd
==================================================
[+] Domain exhausted. Finishing up: https://raghunathpurup.jhenaidah.gov.bd
==================================================
[*] STARTING NEW DOMAIN: https://raysreenorthup.chandpur.gov.bd
==================================================
[+] Domain exhausted. Finishing up: https://raysreenorthup.chandpur.gov.bd
==================================================
[*] STARTING NEW DOMAIN: https://rarikhalisecondaryschool.jessoreboard.gov.bd
==================================================
[+] Domain exhausted. Finishing up: https://rarikhalisecondaryschool.jessoreboard.gov.bd
==================================================
[*] STARTING NEW DOMAIN: https://rjsm.bsfic.gov.bd
==================================================
[+] Domain exhausted. Finishing up: https://rjsm.bsfic.gov.bd
==================================================
[*] STARTING NEW DOMAIN: https://rmch.portal.gov.bd
==================================================
[+] Domain exhausted. Finishing up: https://rmch.portal.gov.bd
==================================================
[*] STARTING NEW DOMAIN: https://sadar.pirojpur.gov.bd
==================================================
[+] Domain exhausted. Finishing up: https://sadar.pirojpur.gov.bd
==================================================
[*] STARTING NEW DOMAIN: https://sammiletodigharparajuniorschool.jessoreboard.gov.bd
==================================================
[+] Domain exhausted. Finishing up: https://sammiletodigharparajuniorschool.jessoreboard.gov.bd
==================================================
[*] STARTING NEW DOMAIN: http://bgb.rajshahidiv.gov.bd
==================================================
[+] Domain exhausted. Finishing up: http://bgb.rajshahidiv.gov.bd
==================================================
[*] STARTING NEW DOMAIN: https://atuliaup.satkhira.gov.bd
==================================================
[+] Domain exhausted. Finishing up: https://atuliaup.satkhira.gov.bd
==================================================
[*] STARTING NEW DOMAIN: https://bbs.laksam.comilla.gov.bd
==================================================
[+] Domain exhausted. Finishing up: https://bbs.laksam.comilla.gov.bd
==================================================
[*] STARTING NEW DOMAIN: https://bgb.joypurhat.gov.bd
==================================================
[+] Domain exhausted. Finishing up: https://bgb.joypurhat.gov.bd
==================================================
[*] STARTING NEW DOMAIN: https://bwdb.noakhali.gov.bd
==================================================
[+] Domain exhausted. Finishing up: https://bwdb.noakhali.gov.bd
==================================================
[*] STARTING NEW DOMAIN: https://brta.coxsbazar.gov.bd
==================================================
[+] Domain exhausted. Finishing up: https://brta.coxsbazar.gov.bd
==================================================
[*] STARTING NEW DOMAIN: https://deb113586.dhakaeducationboard.gov.bd
==================================================
[+] Domain exhausted. Finishing up: https://deb113586.dhakaeducationboard.gov.bd
==================================================
[*] STARTING NEW DOMAIN: https://doict.kumarkhali.kushtia.gov.bd
==================================================
[+] Domain exhausted. Finishing up: https://doict.kumarkhali.kushtia.gov.bd
==================================================
[*] STARTING NEW DOMAIN: https://faridpurttc.portal.gov.bd
==================================================
[+] Domain exhausted. Finishing up: https://faridpurttc.portal.gov.bd
==================================================
[*] STARTING NEW DOMAIN: https://lged.chapainawabganj.gov.bd
==================================================
[+] Domain exhausted. Finishing up: https://lged.chapainawabganj.gov.bd
==================================================
[*] STARTING NEW DOMAIN: https://post.magurasadar.magura.gov.bd
==================================================
[+] Domain exhausted. Finishing up: https://post.magurasadar.magura.gov.bd
==================================================
[*] STARTING NEW DOMAIN: https://uitrce.parbatipur.dinajpur.gov.bd
==================================================
[+] Domain exhausted. Finishing up: https://uitrce.parbatipur.dinajpur.gov.bd
==================================================
[*] STARTING NEW DOMAIN: https://umbathbiswasjuniorhighschool.jessoreboard.gov.bd
==================================================
[+] Domain exhausted. Finishing up: https://umbathbiswasjuniorhighschool.jessoreboard.gov.bd
==================================================
[*] STARTING NEW DOMAIN: https://urc.chunarughat.habiganj.gov.bd
==================================================
[+] Domain exhausted. Finishing up: https://urc.chunarughat.habiganj.gov.bd
==================================================
[*] STARTING NEW DOMAIN: https://urc.nagarkanda.faridpur.gov.bd
==================================================
[+] Domain exhausted. Finishing up: https://urc.nagarkanda.faridpur.gov.bd
==================================================
[*] STARTING NEW DOMAIN: https://webmail.mopa.gov.bd
==================================================
[+] Domain exhausted. Finishing up: https://webmail.mopa.gov.bd
==================================================
[*] STARTING NEW DOMAIN: https://youth.bera.pabna.gov.bd
==================================================
[+] Domain exhausted. Finishing up: https://youth.bera.pabna.gov.bd
==================================================
[*] STARTING NEW DOMAIN: https://youth.jamalpur.gov.bd
==================================================
[+] Domain exhausted. Finishing up: https://youth.jamalpur.gov.bd
==================================================
[*] STARTING NEW DOMAIN: https://youth.osmaninagar.sylhet.gov.bd
==================================================
[+] Domain exhausted. Finishing up: https://youth.osmaninagar.sylhet.gov.bd
==================================================
[*] STARTING NEW DOMAIN: https://youth.sonaimuri.noakhali.gov.bd
==================================================
[+] Domain exhausted. Finishing up: https://youth.sonaimuri.noakhali.gov.bd
==================================================
[*] STARTING NEW DOMAIN: https://zso.assasuni.satkhira.gov.bd
==================================================
[+] Domain exhausted. Finishing up: https://zso.assasuni.satkhira.gov.bd
==================================================
[*] STARTING NEW DOMAIN: http://brdb.sadar.feni.gov.bd
==================================================
[+] Domain exhausted. Finishing up: http://brdb.sadar.feni.gov.bd
==================================================
[*] STARTING NEW DOMAIN: http://deb108146.dhakaeducationboard.gov.bd
==================================================
[+] Domain exhausted. Finishing up: http://deb108146.dhakaeducationboard.gov.bd
==================================================
[*] STARTING NEW DOMAIN: http://deb113152.dhakaeducationboard.gov.bd
==================================================
[+] Domain exhausted. Finishing up: http://deb113152.dhakaeducationboard.gov.bd
==================================================
[*] STARTING NEW DOMAIN: https://saureyahighschool.jessoreboard.gov.bd
==================================================
[+] Domain exhausted. Finishing up: https://saureyahighschool.jessoreboard.gov.bd
==================================================
[*] STARTING NEW DOMAIN: https://shobdalpurup.magura.gov.bd
==================================================
[+] Domain exhausted. Finishing up: https://shobdalpurup.magura.gov.bd
==================================================
[*] STARTING NEW DOMAIN: https://so.sadullapur.gaibandha.gov.bd
==================================================
[+] Domain exhausted. Finishing up: https://so.sadullapur.gaibandha.gov.bd
==================================================
[*] STARTING NEW DOMAIN: https://sonadangaup.rajshahi.gov.bd
==================================================
[+] Domain exhausted. Finishing up: https://sonadangaup.rajshahi.gov.bd
==================================================
[*] STARTING NEW DOMAIN: https://spst.portal.gov.bd
==================================================
[+] Domain exhausted. Finishing up: https://spst.portal.gov.bd
==================================================
[*] STARTING NEW DOMAIN: https://sr.fulgazi.feni.gov.bd
==================================================
[+] Domain exhausted. Finishing up: https://sr.fulgazi.feni.gov.bd
==================================================
[*] STARTING NEW DOMAIN: https://sr.sadar.bagerhat.gov.bd
==================================================
[+] Domain exhausted. Finishing up: https://sr.sadar.bagerhat.gov.bd
==================================================
[*] STARTING NEW DOMAIN: https://sr.shahrasti.chandpur.gov.bd
==================================================
[+] Domain exhausted. Finishing up: https://sr.shahrasti.chandpur.gov.bd
==================================================
[*] STARTING NEW DOMAIN: https://sspb.meherpur.gov.bd
==================================================
[+] Domain exhausted. Finishing up: https://sspb.meherpur.gov.bd
==================================================
[*] STARTING NEW DOMAIN: https://tarapurup.gaibandha.gov.bd
==================================================
[+] Domain exhausted. Finishing up: https://tarapurup.gaibandha.gov.bd
==================================================
[*] STARTING NEW DOMAIN: https://tcokhulnametro.khulna.gov.bd
==================================================
[+] Domain exhausted. Finishing up: https://tcokhulnametro.khulna.gov.bd
==================================================
[*] STARTING NEW DOMAIN: https://ti.sunamganj.gov.bd
==================================================
[+] Domain exhausted. Finishing up: https://ti.sunamganj.gov.bd
==================================================
[*] STARTING NEW DOMAIN: https://totthoapa.mathbaria.pirojpur.gov.bd
==================================================
[+] Domain exhausted. Finishing up: https://totthoapa.mathbaria.pirojpur.gov.bd
==================================================
[*] STARTING NEW DOMAIN: https://tscnandail.mymensingh.gov.bd
==================================================
[+] Domain exhausted. Finishing up: https://tscnandail.mymensingh.gov.bd
==================================================
[*] STARTING NEW DOMAIN: https://tsi.betar.gov.bd
==================================================
[+] Domain exhausted. Finishing up: https://tsi.betar.gov.bd
==================================================
[*] STARTING NEW DOMAIN: https://ucdo.lakshmipur.gov.bd
==================================================
[+] Domain exhausted. Finishing up: https://ucdo.lakshmipur.gov.bd
[*] All websites in the text file have been fully crawled! Shutting down.
