[*] Seeds loaded from data/crawled_alive_gov_bd_sites.txt.

🚀 Starting Domain-by-Domain Spider...

==================================================
[*] STARTING NEW DOMAIN: https://daic.dhaka.gov.bd
==================================================
[+] Domain exhausted. Finishing up: https://daic.dhaka.gov.bd
==================================================
[*] STARTING NEW DOMAIN: https://dam.naogaon.gov.bd
==================================================
[+] Domain exhausted. Finishing up: https://dam.naogaon.gov.bd
==================================================
[*] STARTING NEW DOMAIN: https://doict.assasuni.satkhira.gov.bd
==================================================
[+] Domain exhausted. Finishing up: https://doict.assasuni.satkhira.gov.bd
==================================================
[*] STARTING NEW DOMAIN: https://bbs.savar.dhaka.gov.bd
==================================================
[+] Domain exhausted. Finishing up: https://bbs.savar.dhaka.gov.bd
==================================================
[*] STARTING NEW DOMAIN: https://doict.gobindaganj.gaibandha.gov.bd
==================================================
[+] Domain exhausted. Finishing up: https://doict.gobindaganj.gaibandha.gov.bd
==================================================
[*] STARTING NEW DOMAIN: https://piljangasecondaryschool.jessoreboard.gov.bd
==================================================
[+] Domain exhausted. Finishing up: https://piljangasecondaryschool.jessoreboard.gov.bd
==================================================
[*] STARTING NEW DOMAIN: https://dakatiaup.mymensingh.gov.bd
==================================================
[+] Domain exhausted. Finishing up: https://dakatiaup.mymensingh.gov.bd
==================================================
[*] STARTING NEW DOMAIN: https://dao.kalmakanda.netrokona.gov.bd
==================================================
[+] Domain exhausted. Finishing up: https://dao.kalmakanda.netrokona.gov.bd
==================================================
[*] STARTING NEW DOMAIN: https://center.dbwctp64.gov.bd
==================================================
[+] Domain exhausted. Finishing up: https://center.dbwctp64.gov.bd
==================================================
[*] STARTING NEW DOMAIN: https://haltagulishakhaliup.pirojpur.gov.bd
==================================================
[+] Domain exhausted. Finishing up: https://haltagulishakhaliup.pirojpur.gov.bd
==================================================
[*] STARTING NEW DOMAIN: https://hospital.kachua.bagerhat.gov.bd
==================================================
[+] Domain exhausted. Finishing up: https://hospital.kachua.bagerhat.gov.bd
==================================================
[*] STARTING NEW DOMAIN: https://fathepurup.netrokona.gov.bd
==================================================
[+] Domain exhausted. Finishing up: https://fathepurup.netrokona.gov.bd
==================================================
[*] STARTING NEW DOMAIN: https://deb111858.dhakaeducationboard.gov.bd
==================================================
[+] Domain exhausted. Finishing up: https://deb111858.dhakaeducationboard.gov.bd
==================================================
[*] STARTING NEW DOMAIN: https://rooppurnpp.portal.gov.bd
==================================================
[+] Domain exhausted. Finishing up: https://rooppurnpp.portal.gov.bd
==================================================
[*] STARTING NEW DOMAIN: https://reb.pirojpur.gov.bd
==================================================
[+] Domain exhausted. Finishing up: https://reb.pirojpur.gov.bd
==================================================
[*] STARTING NEW DOMAIN: https://eastcharbataup.noakhali.gov.bd
==================================================
[+] Domain exhausted. Finishing up: https://eastcharbataup.noakhali.gov.bd
==================================================
[*] STARTING NEW DOMAIN: https://fisheries.haripur.thakurgaon.gov.bd
==================================================
[+] Domain exhausted. Finishing up: https://fisheries.haripur.thakurgaon.gov.bd
==================================================
[*] STARTING NEW DOMAIN: https://ebek.chakaria.coxsbazar.gov.bd
==================================================
[+] Domain exhausted. Finishing up: https://ebek.chakaria.coxsbazar.gov.bd
==================================================
[*] STARTING NEW DOMAIN: https://parbotipurup.chapainawabganj.gov.bd
==================================================
[+] Domain exhausted. Finishing up: https://parbotipurup.chapainawabganj.gov.bd
==================================================
[*] STARTING NEW DOMAIN: https://ebek.ramganj.lakshmipur.gov.bd
==================================================
[+] Domain exhausted. Finishing up: https://ebek.ramganj.lakshmipur.gov.bd
==================================================
[*] STARTING NEW DOMAIN: https://pbs1.mithapukur.rangpur.gov.bd
==================================================
[+] Domain exhausted. Finishing up: https://pbs1.mithapukur.rangpur.gov.bd
==================================================
[*] STARTING NEW DOMAIN: https://pbs.sherpur.gov.bd
==================================================
[+] Domain exhausted. Finishing up: https://pbs.sherpur.gov.bd
==================================================
[*] STARTING NEW DOMAIN: https://pbs1.naogaon.gov.bd
==================================================
[+] Domain exhausted. Finishing up: https://pbs1.naogaon.gov.bd
==================================================
[*] STARTING NEW DOMAIN: https://dphe.nagarpur.tangail.gov.bd
==================================================
[+] Domain exhausted. Finishing up: https://dphe.nagarpur.tangail.gov.bd
==================================================
[*] STARTING NEW DOMAIN: https://badc.mymensinghsadar.mymensingh.gov.bd
==================================================
[+] Domain exhausted. Finishing up: https://badc.mymensinghsadar.mymensingh.gov.bd
==================================================
[*] STARTING NEW DOMAIN: https://eed.sadar.faridpur.gov.bd
==================================================
[+] Domain exhausted. Finishing up: https://eed.sadar.faridpur.gov.bd
==================================================
[*] STARTING NEW DOMAIN: https://pdbf.nalitabari.sherpur.gov.bd
==================================================
[+] Domain exhausted. Finishing up: https://pdbf.nalitabari.sherpur.gov.bd
==================================================
[*] STARTING NEW DOMAIN: https://pdbf.syedpur.nilphamari.gov.bd
==================================================
[+] Domain exhausted. Finishing up: https://pdbf.syedpur.nilphamari.gov.bd
==================================================
[*] STARTING NEW DOMAIN: https://fireservice.mirsharai.chittagong.gov.bd
==================================================
[+] Domain exhausted. Finishing up: https://fireservice.mirsharai.chittagong.gov.bd
==================================================
[*] STARTING NEW DOMAIN: https://uwa.bahubal.habiganj.gov.bd
==================================================
[+] Domain exhausted. Finishing up: https://uwa.bahubal.habiganj.gov.bd
==================================================
[*] STARTING NEW DOMAIN: https://fireservice.jhalakathi.gov.bd
==================================================
[+] Domain exhausted. Finishing up: https://fireservice.jhalakathi.gov.bd
==================================================
[*] STARTING NEW DOMAIN: https://urc.monohargonj.comilla.gov.bd
==================================================
[+] Domain exhausted. Finishing up: https://urc.monohargonj.comilla.gov.bd
==================================================
[*] STARTING NEW DOMAIN: https://urc.birganj.dinajpur.gov.bd
==================================================
[+] Domain exhausted. Finishing up: https://urc.birganj.dinajpur.gov.bd
==================================================
[*] STARTING NEW DOMAIN: https://fireservice.rajshahidiv.gov.bd
==================================================
[+] Domain exhausted. Finishing up: https://fireservice.rajshahidiv.gov.bd
==================================================
[*] STARTING NEW DOMAIN: https://fireservice.bagatipara.natore.gov.bd
==================================================
[+] Domain exhausted. Finishing up: https://fireservice.bagatipara.natore.gov.bd
==================================================
[*] STARTING NEW DOMAIN: https://urc.kotalipara.gopalganj.gov.bd
==================================================
[+] Domain exhausted. Finishing up: https://urc.kotalipara.gopalganj.gov.bd
==================================================
[*] STARTING NEW DOMAIN: https://fisheries.chandpur.gov.bd
==================================================
[+] Domain exhausted. Finishing up: https://fisheries.chandpur.gov.bd
==================================================
[*] STARTING NEW DOMAIN: https://uitrce.mohammadpur.magura.gov.bd
==================================================
[+] Domain exhausted. Finishing up: https://uitrce.mohammadpur.magura.gov.bd
==================================================
[*] STARTING NEW DOMAIN: https://kalapurup.moulvibazar.gov.bd
==================================================
[+] Domain exhausted. Finishing up: https://kalapurup.moulvibazar.gov.bd
==================================================
[*] STARTING NEW DOMAIN: https://youth.jessore.gov.bd
==================================================
[+] Domain exhausted. Finishing up: https://youth.jessore.gov.bd
==================================================
[*] STARTING NEW DOMAIN: https://fpo.nawabganj.dhaka.gov.bd
==================================================
[+] Domain exhausted. Finishing up: https://fpo.nawabganj.dhaka.gov.bd
==================================================
[*] STARTING NEW DOMAIN: https://fpo.sadarpur.faridpur.gov.bd
==================================================
[+] Domain exhausted. Finishing up: https://fpo.sadarpur.faridpur.gov.bd
==================================================
[*] STARTING NEW DOMAIN: https://sfdf.muksudpur.gopalganj.gov.bd
==================================================
[+] Domain exhausted. Finishing up: https://sfdf.muksudpur.gopalganj.gov.bd
==================================================
[*] STARTING NEW DOMAIN: https://seo.gangni.meherpur.gov.bd
==================================================
[+] Domain exhausted. Finishing up: https://seo.gangni.meherpur.gov.bd
==================================================
[*] STARTING NEW DOMAIN: https://pallimangaladarshacollege.jessoreboard.gov.bd
==================================================
[+] Domain exhausted. Finishing up: https://pallimangaladarshacollege.jessoreboard.gov.bd
==================================================
[*] STARTING NEW DOMAIN: https://pozip.habiganjsadar.habiganj.gov.bd
==================================================
[+] Domain exhausted. Finishing up: https://pozip.habiganjsadar.habiganj.gov.bd
==================================================
[*] STARTING NEW DOMAIN: https://raochittagongeast.krishibank.gov.bd
==================================================
[+] Domain exhausted. Finishing up: https://raochittagongeast.krishibank.gov.bd
==================================================
[*] STARTING NEW DOMAIN: https://youth.bagerhat.gov.bd
==================================================
[+] Domain exhausted. Finishing up: https://youth.bagerhat.gov.bd
==================================================
[*] STARTING NEW DOMAIN: https://uitrce.naniarchar.rangamati.gov.bd
==================================================
[+] Domain exhausted. Finishing up: https://uitrce.naniarchar.rangamati.gov.bd
==================================================
[*] STARTING NEW DOMAIN: https://urc.chandina.comilla.gov.bd
==================================================
[+] Domain exhausted. Finishing up: https://urc.chandina.comilla.gov.bd
==================================================
[*] STARTING NEW DOMAIN: https://pio.gangni.meherpur.gov.bd
==================================================
[+] Domain exhausted. Finishing up: https://pio.gangni.meherpur.gov.bd
==================================================
[*] STARTING NEW DOMAIN: https://pio.kalaroa.satkhira.gov.bd
==================================================
[+] Domain exhausted. Finishing up: https://pio.kalaroa.satkhira.gov.bd
==================================================
[*] STARTING NEW DOMAIN: https://acl.panchagarhsadar.panchagarh.gov.bd
==================================================
[+] Domain exhausted. Finishing up: https://acl.panchagarhsadar.panchagarh.gov.bd
==================================================
[*] STARTING NEW DOMAIN: https://sfdf.sadar.lakshmipur.gov.bd
==================================================
[+] Domain exhausted. Finishing up: https://sfdf.sadar.lakshmipur.gov.bd
==================================================
[*] STARTING NEW DOMAIN: http://dhemsaup.chittagong.gov.bd
==================================================
[+] Domain exhausted. Finishing up: http://dhemsaup.chittagong.gov.bd
==================================================
[*] STARTING NEW DOMAIN: https://bhbfc.portal.gov.bd
==================================================
[+] Domain exhausted. Finishing up: https://bhbfc.portal.gov.bd
==================================================
[*] STARTING NEW DOMAIN: https://dao.rangamati.gov.bd
==================================================
[+] Domain exhausted. Finishing up: https://dao.rangamati.gov.bd
==================================================
[*] STARTING NEW DOMAIN: https://idpnew.sdg.gov.bd
==================================================
[+] Domain exhausted. Finishing up: https://idpnew.sdg.gov.bd
==================================================
[*] STARTING NEW DOMAIN: https://rdbf.khulna.gov.bd
==================================================
[+] Domain exhausted. Finishing up: https://rdbf.khulna.gov.bd
==================================================
[*] STARTING NEW DOMAIN: https://bmet.lakshmipur.gov.bd
==================================================
[+] Domain exhausted. Finishing up: https://bmet.lakshmipur.gov.bd
==================================================
[*] STARTING NEW DOMAIN: https://barishal.gov.bd
==================================================
[+] Domain exhausted. Finishing up: https://barishal.gov.bd
==================================================
[*] STARTING NEW DOMAIN: https://bbs.bagherpara.jessore.gov.bd
==================================================
[+] Domain exhausted. Finishing up: https://bbs.bagherpara.jessore.gov.bd
==================================================
[*] STARTING NEW DOMAIN: https://pwd2.khulna.gov.bd
==================================================
[+] Domain exhausted. Finishing up: https://pwd2.khulna.gov.bd
==================================================
[*] STARTING NEW DOMAIN: https://bbs.chittagongdiv.gov.bd
==================================================
[+] Domain exhausted. Finishing up: https://bbs.chittagongdiv.gov.bd
==================================================
[*] STARTING NEW DOMAIN: https://dariparamodelsecondaryschool.jessoreboard.gov.bd
==================================================
[+] Domain exhausted. Finishing up: https://dariparamodelsecondaryschool.jessoreboard.gov.bd
==================================================
[*] STARTING NEW DOMAIN: https://pti.sirajganj.gov.bd
==================================================
[+] Domain exhausted. Finishing up: https://pti.sirajganj.gov.bd
==================================================
[*] STARTING NEW DOMAIN: https://deb113358.dhakaeducationboard.gov.bd
==================================================
[+] Domain exhausted. Finishing up: https://deb113358.dhakaeducationboard.gov.bd
==================================================
[*] STARTING NEW DOMAIN: https://reb.gazipur.gov.bd
==================================================
[+] Domain exhausted. Finishing up: https://reb.gazipur.gov.bd
==================================================
[*] STARTING NEW DOMAIN: https://aic.patuakhali.gov.bd
==================================================
[+] Domain exhausted. Finishing up: https://aic.patuakhali.gov.bd
==================================================
[*] STARTING NEW DOMAIN: https://rampalup.munshiganj.gov.bd
==================================================
[+] Domain exhausted. Finishing up: https://rampalup.munshiganj.gov.bd
==================================================
[*] STARTING NEW DOMAIN: https://ashannagorgirlsjuniorhighschool.jessoreboard.gov.bd
==================================================
[+] Domain exhausted. Finishing up: https://ashannagorgirlsjuniorhighschool.jessoreboard.gov.bd
==================================================
[*] STARTING NEW DOMAIN: https://sadar.sunamganj.gov.bd
==================================================
[+] Domain exhausted. Finishing up: https://sadar.sunamganj.gov.bd
==================================================
[*] STARTING NEW DOMAIN: https://aganagarup.comilla.gov.bd
==================================================
[+] Domain exhausted. Finishing up: https://aganagarup.comilla.gov.bd
==================================================
[*] STARTING NEW DOMAIN: https://shoulemariup.kurigram.gov.bd
==================================================
[+] Domain exhausted. Finishing up: https://shoulemariup.kurigram.gov.bd
==================================================
[*] STARTING NEW DOMAIN: https://cooparative.raipura.narsingdi.gov.bd
==================================================
[+] Domain exhausted. Finishing up: https://cooparative.raipura.narsingdi.gov.bd
==================================================
[*] STARTING NEW DOMAIN: https://deb110809.dhakaeducationboard.gov.bd
==================================================
[+] Domain exhausted. Finishing up: https://deb110809.dhakaeducationboard.gov.bd
==================================================
[*] STARTING NEW DOMAIN: https://rajgpo.pmgraj.bdpost.gov.bd
==================================================
[+] Domain exhausted. Finishing up: https://rajgpo.pmgraj.bdpost.gov.bd
==================================================
[*] STARTING NEW DOMAIN: http://pashchimgamdandiup.chittagong.gov.bd
==================================================
[+] Domain exhausted. Finishing up: http://pashchimgamdandiup.chittagong.gov.bd
==================================================
[*] STARTING NEW DOMAIN: https://sademannessagirlshighschool.jessoreboard.gov.bd
==================================================
[+] Domain exhausted. Finishing up: https://sademannessagirlshighschool.jessoreboard.gov.bd
==================================================
[*] STARTING NEW DOMAIN: https://fpo.hossainpur.kishoreganj.gov.bd
==================================================
[+] Domain exhausted. Finishing up: https://fpo.hossainpur.kishoreganj.gov.bd
==================================================
[*] STARTING NEW DOMAIN: http://deb134172.dhakaeducationboard.gov.bd
==================================================
[+] Domain exhausted. Finishing up: http://deb134172.dhakaeducationboard.gov.bd
==================================================
[*] STARTING NEW DOMAIN: https://application.jessoreboard.gov.bd
==================================================
[+] Domain exhausted. Finishing up: https://application.jessoreboard.gov.bd
==================================================
[*] STARTING NEW DOMAIN: http://deb138222.dhakaeducationboard.gov.bd
==================================================
[+] Domain exhausted. Finishing up: http://deb138222.dhakaeducationboard.gov.bd
==================================================
[*] STARTING NEW DOMAIN: https://pwd.natore.gov.bd
==================================================
[+] Domain exhausted. Finishing up: https://pwd.natore.gov.bd
==================================================
[*] STARTING NEW DOMAIN: https://pio.ghoraghat.dinajpur.gov.bd
==================================================
[+] Domain exhausted. Finishing up: https://pio.ghoraghat.dinajpur.gov.bd
==================================================
[*] STARTING NEW DOMAIN: https://lged.raipur.lakshmipur.gov.bd
==================================================
[+] Domain exhausted. Finishing up: https://lged.raipur.lakshmipur.gov.bd
==================================================
[*] STARTING NEW DOMAIN: https://islamicfoundation.rajbari.gov.bd
==================================================
[+] Domain exhausted. Finishing up: https://islamicfoundation.rajbari.gov.bd
==================================================
[*] STARTING NEW DOMAIN: https://raomadaripur.krishibank.gov.bd
==================================================
[+] Domain exhausted. Finishing up: https://raomadaripur.krishibank.gov.bd
==================================================
[*] STARTING NEW DOMAIN: https://bbs.karimgonj.kishoreganj.gov.bd
==================================================
[+] Domain exhausted. Finishing up: https://bbs.karimgonj.kishoreganj.gov.bd
==================================================
[*] STARTING NEW DOMAIN: https://savings.gazipur.gov.bd
==================================================
[+] Domain exhausted. Finishing up: https://savings.gazipur.gov.bd
==================================================
[*] STARTING NEW DOMAIN: https://sr.indurkani.pirojpur.gov.bd
==================================================
[+] Domain exhausted. Finishing up: https://sr.indurkani.pirojpur.gov.bd
==================================================
[*] STARTING NEW DOMAIN: https://sankardiasecondaryschool.jessoreboard.gov.bd
==================================================
[+] Domain exhausted. Finishing up: https://sankardiasecondaryschool.jessoreboard.gov.bd
==================================================
[*] STARTING NEW DOMAIN: https://islampurpurbaup.sylhet.gov.bd
==================================================
[+] Domain exhausted. Finishing up: https://islampurpurbaup.sylhet.gov.bd
==================================================
[*] STARTING NEW DOMAIN: https://sitakunda.chittagong.gov.bd
==================================================
[+] Domain exhausted. Finishing up: https://sitakunda.chittagong.gov.bd
==================================================
[*] STARTING NEW DOMAIN: https://deb112392.dhakaeducationboard.gov.bd
==================================================
[+] Domain exhausted. Finishing up: https://deb112392.dhakaeducationboard.gov.bd
==================================================
[*] STARTING NEW DOMAIN: https://singratilkharisecondaryschool.jessoreboard.gov.bd
==================================================
[+] Domain exhausted. Finishing up: https://singratilkharisecondaryschool.jessoreboard.gov.bd
==================================================
[*] STARTING NEW DOMAIN: https://fpo.kaptai.rangamati.gov.bd
==================================================
[+] Domain exhausted. Finishing up: https://fpo.kaptai.rangamati.gov.bd
==================================================
[*] STARTING NEW DOMAIN: https://dam.kalaroa.satkhira.gov.bd
==================================================
[+] Domain exhausted. Finishing up: https://dam.kalaroa.satkhira.gov.bd
==================================================
[*] STARTING NEW DOMAIN: https://pio.gowainghat.sylhet.gov.bd
==================================================
[+] Domain exhausted. Finishing up: https://pio.gowainghat.sylhet.gov.bd
==================================================
[*] STARTING NEW DOMAIN: https://eidgharup.coxsbazar.gov.bd
==================================================
[+] Domain exhausted. Finishing up: https://eidgharup.coxsbazar.gov.bd
==================================================
[*] STARTING NEW DOMAIN: https://cooparative.narayanganj.gov.bd
==================================================
[+] Domain exhausted. Finishing up: https://cooparative.narayanganj.gov.bd
==================================================
[*] STARTING NEW DOMAIN: https://deb109037.dhakaeducationboard.gov.bd
==================================================
[+] Domain exhausted. Finishing up: https://deb109037.dhakaeducationboard.gov.bd
==================================================
[*] STARTING NEW DOMAIN: https://acc.rajshahidiv.gov.bd
==================================================
[+] Domain exhausted. Finishing up: https://acc.rajshahidiv.gov.bd
==================================================
[*] STARTING NEW DOMAIN: https://fsmf.mymensinghsadar.mymensingh.gov.bd
==================================================
[+] Domain exhausted. Finishing up: https://fsmf.mymensinghsadar.mymensingh.gov.bd
==================================================
[*] STARTING NEW DOMAIN: https://rumasadarup.bandarban.gov.bd
==================================================
[+] Domain exhausted. Finishing up: https://rumasadarup.bandarban.gov.bd
==================================================
[*] STARTING NEW DOMAIN: https://pallisanchaybank.portal.gov.bd
==================================================
[+] Domain exhausted. Finishing up: https://pallisanchaybank.portal.gov.bd
==================================================
[*] STARTING NEW DOMAIN: https://acl.mohongonj.netrokona.gov.bd
==================================================
[+] Domain exhausted. Finishing up: https://acl.mohongonj.netrokona.gov.bd
==================================================
[*] STARTING NEW DOMAIN: https://dae.melandah.jamalpur.gov.bd
==================================================
[+] Domain exhausted. Finishing up: https://dae.melandah.jamalpur.gov.bd
==================================================
[*] STARTING NEW DOMAIN: https://dao.thakurgaon.gov.bd
==================================================
[+] Domain exhausted. Finishing up: https://dao.thakurgaon.gov.bd
==================================================
[*] STARTING NEW DOMAIN: https://patakhalisecondaryschool.jessoreboard.gov.bd
==================================================
[+] Domain exhausted. Finishing up: https://patakhalisecondaryschool.jessoreboard.gov.bd
==================================================
[*] STARTING NEW DOMAIN: https://cooparative.khoksa.kushtia.gov.bd
==================================================
[+] Domain exhausted. Finishing up: https://cooparative.khoksa.kushtia.gov.bd
==================================================
[*] STARTING NEW DOMAIN: https://deb109822.dhakaeducationboard.gov.bd
==================================================
[+] Domain exhausted. Finishing up: https://deb109822.dhakaeducationboard.gov.bd
==================================================
[*] STARTING NEW DOMAIN: https://deb113226.dhakaeducationboard.gov.bd
==================================================
[+] Domain exhausted. Finishing up: https://deb113226.dhakaeducationboard.gov.bd
==================================================
[*] STARTING NEW DOMAIN: https://police.bochaganj.dinajpur.gov.bd
==================================================
[+] Domain exhausted. Finishing up: https://police.bochaganj.dinajpur.gov.bd
==================================================
[*] STARTING NEW DOMAIN: https://quaziazheralisecondaryschool.jessoreboard.gov.bd
==================================================
[+] Domain exhausted. Finishing up: https://quaziazheralisecondaryschool.jessoreboard.gov.bd
==================================================
[*] STARTING NEW DOMAIN: https://deb112673.dhakaeducationboard.gov.bd
==================================================
[+] Domain exhausted. Finishing up: https://deb112673.dhakaeducationboard.gov.bd
==================================================
[*] STARTING NEW DOMAIN: https://satkhiragovernmentmohilacollege.jessoreboard.gov.bd
==================================================
[+] Domain exhausted. Finishing up: https://satkhiragovernmentmohilacollege.jessoreboard.gov.bd
==================================================
[*] STARTING NEW DOMAIN: https://deb107855.dhakaeducationboard.gov.bd
==================================================
[+] Domain exhausted. Finishing up: https://deb107855.dhakaeducationboard.gov.bd
==================================================
[*] STARTING NEW DOMAIN: https://food.chandina.comilla.gov.bd
==================================================
[+] Domain exhausted. Finishing up: https://food.chandina.comilla.gov.bd
==================================================
[*] STARTING NEW DOMAIN: https://dae.bera.pabna.gov.bd
==================================================
[+] Domain exhausted. Finishing up: https://dae.bera.pabna.gov.bd
==================================================
[*] STARTING NEW DOMAIN: https://asu.islampur.jamalpur.gov.bd
==================================================
[+] Domain exhausted. Finishing up: https://asu.islampur.jamalpur.gov.bd
==================================================
[*] STARTING NEW DOMAIN: https://ansarvdp.baghaichari.rangamati.gov.bd
==================================================
[+] Domain exhausted. Finishing up: https://ansarvdp.baghaichari.rangamati.gov.bd
==================================================
[*] STARTING NEW DOMAIN: https://dae.sadar.pirojpur.gov.bd
==================================================
[+] Domain exhausted. Finishing up: https://dae.sadar.pirojpur.gov.bd
==================================================
[*] STARTING NEW DOMAIN: https://metrocourt.rmp.gov.bd
==================================================
[+] Domain exhausted. Finishing up: https://metrocourt.rmp.gov.bd
==================================================
[*] STARTING NEW DOMAIN: https://deb113417.dhakaeducationboard.gov.bd
==================================================
[+] Domain exhausted. Finishing up: https://deb113417.dhakaeducationboard.gov.bd
==================================================
[*] STARTING NEW DOMAIN: https://sholmarijuniorgirlshighschool.jessoreboard.gov.bd
==================================================
[+] Domain exhausted. Finishing up: https://sholmarijuniorgirlshighschool.jessoreboard.gov.bd
==================================================
[*] STARTING NEW DOMAIN: https://dae.durgapur.netrokona.gov.bd
==================================================
[+] Domain exhausted. Finishing up: https://dae.durgapur.netrokona.gov.bd
==================================================
[*] STARTING NEW DOMAIN: https://dls.alikadam.bandarban.gov.bd
==================================================
[+] Domain exhausted. Finishing up: https://dls.alikadam.bandarban.gov.bd
==================================================
[*] STARTING NEW DOMAIN: https://bscplc.portal.gov.bd
==================================================
[+] Domain exhausted. Finishing up: https://bscplc.portal.gov.bd
==================================================
[*] STARTING NEW DOMAIN: https://dwa.bishwanath.sylhet.gov.bd
==================================================
[+] Domain exhausted. Finishing up: https://dwa.bishwanath.sylhet.gov.bd
==================================================
[*] STARTING NEW DOMAIN: https://dao.mohadevpur.naogaon.gov.bd
==================================================
[+] Domain exhausted. Finishing up: https://dao.mohadevpur.naogaon.gov.bd
==================================================
[*] STARTING NEW DOMAIN: https://pdbf.louhajanj.munshiganj.gov.bd
==================================================
[+] Domain exhausted. Finishing up: https://pdbf.louhajanj.munshiganj.gov.bd
==================================================
[*] STARTING NEW DOMAIN: https://pozip.guimara.khagrachhari.gov.bd
==================================================
[+] Domain exhausted. Finishing up: https://pozip.guimara.khagrachhari.gov.bd
==================================================
[*] STARTING NEW DOMAIN: https://narayanpurup.kurigram.gov.bd
==================================================
[+] Domain exhausted. Finishing up: https://narayanpurup.kurigram.gov.bd
==================================================
[*] STARTING NEW DOMAIN: https://pdbf.fenchuganj.sylhet.gov.bd
==================================================
[+] Domain exhausted. Finishing up: https://pdbf.fenchuganj.sylhet.gov.bd
==================================================
[*] STARTING NEW DOMAIN: http://fireservice.patnitala.naogaon.gov.bd
==================================================
[+] Domain exhausted. Finishing up: http://fireservice.patnitala.naogaon.gov.bd
==================================================
[*] STARTING NEW DOMAIN: https://irbadc.jamalpur.gov.bd
==================================================
[+] Domain exhausted. Finishing up: https://irbadc.jamalpur.gov.bd
==================================================
[*] STARTING NEW DOMAIN: https://deb112582.dhakaeducationboard.gov.bd
==================================================
[+] Domain exhausted. Finishing up: https://deb112582.dhakaeducationboard.gov.bd
==================================================
[*] STARTING NEW DOMAIN: https://food.damudya.shariatpur.gov.bd
==================================================
[+] Domain exhausted. Finishing up: https://food.damudya.shariatpur.gov.bd
==================================================
[*] STARTING NEW DOMAIN: https://cs.bagerhat.gov.bd
==================================================
[+] Domain exhausted. Finishing up: https://cs.bagerhat.gov.bd
==================================================
[*] STARTING NEW DOMAIN: https://dam.rajbari.gov.bd
==================================================
[+] Domain exhausted. Finishing up: https://dam.rajbari.gov.bd
==================================================
[*] STARTING NEW DOMAIN: https://pdbf.gopalpur.tangail.gov.bd
==================================================
[+] Domain exhausted. Finishing up: https://pdbf.gopalpur.tangail.gov.bd
==================================================
[*] STARTING NEW DOMAIN: https://cooperative.nilphamarisadar.nilphamari.gov.bd
==================================================
[+] Domain exhausted. Finishing up: https://cooperative.nilphamarisadar.nilphamari.gov.bd
==================================================
[*] STARTING NEW DOMAIN: https://brdb.shyamnagar.satkhira.gov.bd
==================================================
[+] Domain exhausted. Finishing up: https://brdb.shyamnagar.satkhira.gov.bd
==================================================
[*] STARTING NEW DOMAIN: https://deb112500.dhakaeducationboard.gov.bd
==================================================
[+] Domain exhausted. Finishing up: https://deb112500.dhakaeducationboard.gov.bd
==================================================
[*] STARTING NEW DOMAIN: https://circle-pwd.mymensingh.gov.bd
==================================================
[+] Domain exhausted. Finishing up: https://circle-pwd.mymensingh.gov.bd
==================================================
[*] STARTING NEW DOMAIN: https://rampurup.mymensingh.gov.bd
==================================================
[+] Domain exhausted. Finishing up: https://rampurup.mymensingh.gov.bd
==================================================
[*] STARTING NEW DOMAIN: https://abak.rajshahi.gov.bd
==================================================
[+] Domain exhausted. Finishing up: https://abak.rajshahi.gov.bd
==================================================
[*] STARTING NEW DOMAIN: https://cholbolaup.lalmonirhat.gov.bd
==================================================
[+] Domain exhausted. Finishing up: https://cholbolaup.lalmonirhat.gov.bd
==================================================
[*] STARTING NEW DOMAIN: https://health.narsingdisadar.narsingdi.gov.bd
==================================================
[+] Domain exhausted. Finishing up: https://health.narsingdisadar.narsingdi.gov.bd
==================================================
[*] STARTING NEW DOMAIN: https://so.bhuapur.tangail.gov.bd
==================================================
[+] Domain exhausted. Finishing up: https://so.bhuapur.tangail.gov.bd
==================================================
[*] STARTING NEW DOMAIN: https://doict.sandwip.chittagong.gov.bd
==================================================
[+] Domain exhausted. Finishing up: https://doict.sandwip.chittagong.gov.bd
==================================================
[*] STARTING NEW DOMAIN: https://dae.narayanganj.gov.bd
==================================================
[+] Domain exhausted. Finishing up: https://dae.narayanganj.gov.bd
==================================================
[*] STARTING NEW DOMAIN: https://brdb.haimchar.chandpur.gov.bd
==================================================
[+] Domain exhausted. Finishing up: https://brdb.haimchar.chandpur.gov.bd
==================================================
[*] STARTING NEW DOMAIN: https://sr.phulbari.kurigram.gov.bd
==================================================
[+] Domain exhausted. Finishing up: https://sr.phulbari.kurigram.gov.bd
==================================================
[*] STARTING NEW DOMAIN: https://dam.barisal.gov.bd
==================================================
[+] Domain exhausted. Finishing up: https://dam.barisal.gov.bd
==================================================
[*] STARTING NEW DOMAIN: https://deb111568.dhakaeducationboard.gov.bd
==================================================
[+] Domain exhausted. Finishing up: https://deb111568.dhakaeducationboard.gov.bd
==================================================
[*] STARTING NEW DOMAIN: https://deb112550.dhakaeducationboard.gov.bd
==================================================
[+] Domain exhausted. Finishing up: https://deb112550.dhakaeducationboard.gov.bd
==================================================
[*] STARTING NEW DOMAIN: https://hidiaanhsecondaryschool.jessoreboard.gov.bd
==================================================
[+] Domain exhausted. Finishing up: https://hidiaanhsecondaryschool.jessoreboard.gov.bd
==================================================
[*] STARTING NEW DOMAIN: https://dao.rowmari.kurigram.gov.bd
==================================================
[+] Domain exhausted. Finishing up: https://dao.rowmari.kurigram.gov.bd
==================================================
[*] STARTING NEW DOMAIN: https://deb113040.dhakaeducationboard.gov.bd
==================================================
[+] Domain exhausted. Finishing up: https://deb113040.dhakaeducationboard.gov.bd
==================================================
[*] STARTING NEW DOMAIN: https://eo.sonaimuri.noakhali.gov.bd
==================================================
[+] Domain exhausted. Finishing up: https://eo.sonaimuri.noakhali.gov.bd
==================================================
[*] STARTING NEW DOMAIN: https://seo.ramganj.lakshmipur.gov.bd
==================================================
[+] Domain exhausted. Finishing up: https://seo.ramganj.lakshmipur.gov.bd
==================================================
[*] STARTING NEW DOMAIN: https://brdb.balaganj.sylhet.gov.bd
==================================================
[+] Domain exhausted. Finishing up: https://brdb.balaganj.sylhet.gov.bd
==================================================
[*] STARTING NEW DOMAIN: https://pozip.matlabsouth.chandpur.gov.bd
==================================================
[+] Domain exhausted. Finishing up: https://pozip.matlabsouth.chandpur.gov.bd
==================================================
[*] STARTING NEW DOMAIN: https://bbs.muksudpur.gopalganj.gov.bd
==================================================
[+] Domain exhausted. Finishing up: https://bbs.muksudpur.gopalganj.gov.bd
==================================================
[*] STARTING NEW DOMAIN: https://pbs.khulnadiv.gov.bd
==================================================
[+] Domain exhausted. Finishing up: https://pbs.khulnadiv.gov.bd
==================================================
[*] STARTING NEW DOMAIN: https://ps.doulatkhan.bhola.gov.bd
==================================================
[+] Domain exhausted. Finishing up: https://ps.doulatkhan.bhola.gov.bd
==================================================
[*] STARTING NEW DOMAIN: https://bbs.fenchuganj.sylhet.gov.bd
==================================================
[+] Domain exhausted. Finishing up: https://bbs.fenchuganj.sylhet.gov.bd
==================================================
[*] STARTING NEW DOMAIN: https://smef.gov.bd
==================================================
[+] Domain exhausted. Finishing up: https://smef.gov.bd
==================================================
[*] STARTING NEW DOMAIN: https://mmd.gov.bd
==================================================
[+] Domain exhausted. Finishing up: https://mmd.gov.bd
==================================================
[*] STARTING NEW DOMAIN: https://ansarvdp.belabo.narsingdi.gov.bd
==================================================
[+] Domain exhausted. Finishing up: https://ansarvdp.belabo.narsingdi.gov.bd
==================================================
[*] STARTING NEW DOMAIN: https://deb133711.dhakaeducationboard.gov.bd
==================================================
[+] Domain exhausted. Finishing up: https://deb133711.dhakaeducationboard.gov.bd
==================================================
[*] STARTING NEW DOMAIN: https://dae.derai.sunamganj.gov.bd
==================================================
[+] Domain exhausted. Finishing up: https://dae.derai.sunamganj.gov.bd
==================================================
[*] STARTING NEW DOMAIN: https://safaripark.gazipur.gov.bd
==================================================
[+] Domain exhausted. Finishing up: https://safaripark.gazipur.gov.bd
==================================================
[*] STARTING NEW DOMAIN: https://ec.lalmonirhat.gov.bd
==================================================
[+] Domain exhausted. Finishing up: https://ec.lalmonirhat.gov.bd
==================================================
[*] STARTING NEW DOMAIN: https://doict.basail.tangail.gov.bd
==================================================
[+] Domain exhausted. Finishing up: https://doict.basail.tangail.gov.bd
==================================================
[*] STARTING NEW DOMAIN: https://deb111965.dhakaeducationboard.gov.bd
==================================================
[+] Domain exhausted. Finishing up: https://deb111965.dhakaeducationboard.gov.bd
==================================================
[*] STARTING NEW DOMAIN: https://shishuacademy.brahmanbaria.gov.bd
==================================================
[+] Domain exhausted. Finishing up: https://shishuacademy.brahmanbaria.gov.bd
==================================================
[*] STARTING NEW DOMAIN: https://deb139353.dhakaeducationboard.gov.bd
==================================================
[+] Domain exhausted. Finishing up: https://deb139353.dhakaeducationboard.gov.bd
==================================================
[*] STARTING NEW DOMAIN: https://deb136803.dhakaeducationboard.gov.bd
==================================================
[+] Domain exhausted. Finishing up: https://deb136803.dhakaeducationboard.gov.bd
==================================================
[*] STARTING NEW DOMAIN: https://cooparative.ramu.coxsbazar.gov.bd
==================================================
[+] Domain exhausted. Finishing up: https://cooparative.ramu.coxsbazar.gov.bd
==================================================
[*] STARTING NEW DOMAIN: https://baghaichari.rangamati.gov.bd
==================================================
[+] Domain exhausted. Finishing up: https://baghaichari.rangamati.gov.bd
==================================================
[*] STARTING NEW DOMAIN: https://dls.rajbari.gov.bd
==================================================
[+] Domain exhausted. Finishing up: https://dls.rajbari.gov.bd
==================================================
[*] STARTING NEW DOMAIN: https://dphe.bagerhat.gov.bd
==================================================
[+] Domain exhausted. Finishing up: https://dphe.bagerhat.gov.bd
==================================================
[*] STARTING NEW DOMAIN: https://pukhuriaalokdiasecondarygirlsschool.jessoreboard.gov.bd
==================================================
[+] Domain exhausted. Finishing up: https://pukhuriaalokdiasecondarygirlsschool.jessoreboard.gov.bd
==================================================
[*] STARTING NEW DOMAIN: https://deb137021.dhakaeducationboard.gov.bd
==================================================
[+] Domain exhausted. Finishing up: https://deb137021.dhakaeducationboard.gov.bd
==================================================
[*] STARTING NEW DOMAIN: https://dls.shajahanpur.bogra.gov.bd
==================================================
[+] Domain exhausted. Finishing up: https://dls.shajahanpur.bogra.gov.bd
==================================================
[*] STARTING NEW DOMAIN: https://deb113834.dhakaeducationboard.gov.bd
==================================================
[+] Domain exhausted. Finishing up: https://deb113834.dhakaeducationboard.gov.bd
==================================================
[*] STARTING NEW DOMAIN: https://dr.comilla.gov.bd
==================================================
[+] Domain exhausted. Finishing up: https://dr.comilla.gov.bd
==================================================
[*] STARTING NEW DOMAIN: https://dphe.itna.kishoreganj.gov.bd
==================================================
[+] Domain exhausted. Finishing up: https://dphe.itna.kishoreganj.gov.bd
==================================================
[*] STARTING NEW DOMAIN: https://paruliasssecondaryschool.jessoreboard.gov.bd
==================================================
[+] Domain exhausted. Finishing up: https://paruliasssecondaryschool.jessoreboard.gov.bd
==================================================
[*] STARTING NEW DOMAIN: https://deo.basail.tangail.gov.bd
==================================================
[+] Domain exhausted. Finishing up: https://deo.basail.tangail.gov.bd
==================================================
[*] STARTING NEW DOMAIN: https://deo.sreepur.magura.gov.bd
==================================================
[+] Domain exhausted. Finishing up: https://deo.sreepur.magura.gov.bd
==================================================
[*] STARTING NEW DOMAIN: https://dphe.sitakunda.chittagong.gov.bd
==================================================
[+] Domain exhausted. Finishing up: https://dphe.sitakunda.chittagong.gov.bd
==================================================
[*] STARTING NEW DOMAIN: https://deo.southsunamganj.sunamganj.gov.bd
==================================================
[+] Domain exhausted. Finishing up: https://deo.southsunamganj.sunamganj.gov.bd
==================================================
[*] STARTING NEW DOMAIN: https://dharkharup.brahmanbaria.gov.bd
==================================================
[+] Domain exhausted. Finishing up: https://dharkharup.brahmanbaria.gov.bd
==================================================
[*] STARTING NEW DOMAIN: https://8nokosombaup.naogaon.gov.bd
==================================================
[+] Domain exhausted. Finishing up: https://8nokosombaup.naogaon.gov.bd
==================================================
[*] STARTING NEW DOMAIN: https://pbs.dhanbari.tangail.gov.bd
==================================================
[+] Domain exhausted. Finishing up: https://pbs.dhanbari.tangail.gov.bd
==================================================
[*] STARTING NEW DOMAIN: https://moefcc.gov.bd
==================================================
[+] Domain exhausted. Finishing up: https://moefcc.gov.bd
==================================================
[*] STARTING NEW DOMAIN: https://doict.barlekha.moulvibazar.gov.bd
==================================================
[+] Domain exhausted. Finishing up: https://doict.barlekha.moulvibazar.gov.bd
==================================================
[*] STARTING NEW DOMAIN: https://aic.kishoreganj.gov.bd
==================================================
[+] Domain exhausted. Finishing up: https://aic.kishoreganj.gov.bd
==================================================
[*] STARTING NEW DOMAIN: https://deb137359.dhakaeducationboard.gov.bd
==================================================
[+] Domain exhausted. Finishing up: https://deb137359.dhakaeducationboard.gov.bd
==================================================
[*] STARTING NEW DOMAIN: https://deb190010.dhakaeducationboard.gov.bd
==================================================
[+] Domain exhausted. Finishing up: https://deb190010.dhakaeducationboard.gov.bd
==================================================
[*] STARTING NEW DOMAIN: https://fireservice.bhandaria.pirojpur.gov.bd
==================================================
[+] Domain exhausted. Finishing up: https://fireservice.bhandaria.pirojpur.gov.bd
==================================================
[*] STARTING NEW DOMAIN: https://deb139535.dhakaeducationboard.gov.bd
==================================================
[+] Domain exhausted. Finishing up: https://deb139535.dhakaeducationboard.gov.bd
==================================================
[*] STARTING NEW DOMAIN: https://dhakadiv.gov.bd
==================================================
[+] Domain exhausted. Finishing up: https://dhakadiv.gov.bd
==================================================
[*] STARTING NEW DOMAIN: https://deb140402.dhakaeducationboard.gov.bd
==================================================
[+] Domain exhausted. Finishing up: https://deb140402.dhakaeducationboard.gov.bd
==================================================
[*] STARTING NEW DOMAIN: https://pbs.daudkandi.comilla.gov.bd
==================================================
[+] Domain exhausted. Finishing up: https://pbs.daudkandi.comilla.gov.bd
==================================================
[*] STARTING NEW DOMAIN: https://brtccws-tejgaon.dhaka.gov.bd
==================================================
[+] Domain exhausted. Finishing up: https://brtccws-tejgaon.dhaka.gov.bd
==================================================
[*] STARTING NEW DOMAIN: https://dls.damurhuda.chuadanga.gov.bd
==================================================
[+] Domain exhausted. Finishing up: https://dls.damurhuda.chuadanga.gov.bd
==================================================
[*] STARTING NEW DOMAIN: https://deb114208.dhakaeducationboard.gov.bd
==================================================
[+] Domain exhausted. Finishing up: https://deb114208.dhakaeducationboard.gov.bd
==================================================
[*] STARTING NEW DOMAIN: https://deb138953.dhakaeducationboard.gov.bd
==================================================
[+] Domain exhausted. Finishing up: https://deb138953.dhakaeducationboard.gov.bd
==================================================
[*] STARTING NEW DOMAIN: https://pio.dhamrai.dhaka.gov.bd
==================================================
[+] Domain exhausted. Finishing up: https://pio.dhamrai.dhaka.gov.bd
==================================================
[*] STARTING NEW DOMAIN: https://deb113598.dhakaeducationboard.gov.bd
==================================================
[+] Domain exhausted. Finishing up: https://deb113598.dhakaeducationboard.gov.bd
==================================================
[*] STARTING NEW DOMAIN: https://alamdangasecondarygirlsschool.jessoreboard.gov.bd
==================================================
[+] Domain exhausted. Finishing up: https://alamdangasecondarygirlsschool.jessoreboard.gov.bd
==================================================
[*] STARTING NEW DOMAIN: https://deo.kapasia.gazipur.gov.bd
==================================================
[+] Domain exhausted. Finishing up: https://deo.kapasia.gazipur.gov.bd
==================================================
[*] STARTING NEW DOMAIN: https://forest.satkania.chittagong.gov.bd
==================================================
[+] Domain exhausted. Finishing up: https://forest.satkania.chittagong.gov.bd
==================================================
[*] STARTING NEW DOMAIN: https://deyaparasecondaryschool.jessoreboard.gov.bd
==================================================
[+] Domain exhausted. Finishing up: https://deyaparasecondaryschool.jessoreboard.gov.bd
==================================================
[*] STARTING NEW DOMAIN: https://dncddtc.chittagongdiv.gov.bd
==================================================
[+] Domain exhausted. Finishing up: https://dncddtc.chittagongdiv.gov.bd
==================================================
[*] STARTING NEW DOMAIN: https://dphe.mohadevpur.naogaon.gov.bd
==================================================
[+] Domain exhausted. Finishing up: https://dphe.mohadevpur.naogaon.gov.bd
==================================================
[*] STARTING NEW DOMAIN: https://soamol.narail.gov.bd
==================================================
[+] Domain exhausted. Finishing up: https://soamol.narail.gov.bd
==================================================
[*] STARTING NEW DOMAIN: https://dls.madhabpur.habiganj.gov.bd
==================================================
[+] Domain exhausted. Finishing up: https://dls.madhabpur.habiganj.gov.bd
==================================================
[*] STARTING NEW DOMAIN: http://msp.fisheries.gov.bd
==================================================
[+] Domain exhausted. Finishing up: http://msp.fisheries.gov.bd
==================================================
[*] STARTING NEW DOMAIN: https://payariup.mymensingh.gov.bd
==================================================
[+] Domain exhausted. Finishing up: https://payariup.mymensingh.gov.bd
==================================================
[*] STARTING NEW DOMAIN: https://deo.kotchandpur.jhenaidah.gov.bd
==================================================
[+] Domain exhausted. Finishing up: https://deo.kotchandpur.jhenaidah.gov.bd
==================================================
[*] STARTING NEW DOMAIN: https://dls.dumki.patuakhali.gov.bd
==================================================
[+] Domain exhausted. Finishing up: https://dls.dumki.patuakhali.gov.bd
==================================================
[*] STARTING NEW DOMAIN: http://pdbf.dewangonj.jamalpur.gov.bd
==================================================
[+] Domain exhausted. Finishing up: http://pdbf.dewangonj.jamalpur.gov.bd
==================================================
[*] STARTING NEW DOMAIN: https://deb138209.dhakaeducationboard.gov.bd
==================================================
[+] Domain exhausted. Finishing up: https://deb138209.dhakaeducationboard.gov.bd
==================================================
[*] STARTING NEW DOMAIN: https://dncrp.narail.gov.bd
==================================================
[+] Domain exhausted. Finishing up: https://dncrp.narail.gov.bd
==================================================
[*] STARTING NEW DOMAIN: https://pbs.pangsa.rajbari.gov.bd
==================================================
[+] Domain exhausted. Finishing up: https://pbs.pangsa.rajbari.gov.bd
==================================================
[*] STARTING NEW DOMAIN: https://doict.hathazari.chittagong.gov.bd
==================================================
[+] Domain exhausted. Finishing up: https://doict.hathazari.chittagong.gov.bd
==================================================
[*] STARTING NEW DOMAIN: https://birisiriup.netrokona.gov.bd
==================================================
[+] Domain exhausted. Finishing up: https://birisiriup.netrokona.gov.bd
==================================================
[*] STARTING NEW DOMAIN: https://pdbf.nondigram.bogra.gov.bd
==================================================
[+] Domain exhausted. Finishing up: https://pdbf.nondigram.bogra.gov.bd
==================================================
[*] STARTING NEW DOMAIN: https://dls.badalgachi.naogaon.gov.bd
==================================================
[+] Domain exhausted. Finishing up: https://dls.badalgachi.naogaon.gov.bd
==================================================
[*] STARTING NEW DOMAIN: https://deb134476.dhakaeducationboard.gov.bd
==================================================
[+] Domain exhausted. Finishing up: https://deb134476.dhakaeducationboard.gov.bd
==================================================
[*] STARTING NEW DOMAIN: https://food.kaliganj.gazipur.gov.bd
==================================================
[+] Domain exhausted. Finishing up: https://food.kaliganj.gazipur.gov.bd
==================================================
[*] STARTING NEW DOMAIN: https://pdbf.narailsadar.narail.gov.bd
==================================================
[+] Domain exhausted. Finishing up: https://pdbf.narailsadar.narail.gov.bd
==================================================
[*] STARTING NEW DOMAIN: https://deo.gaibandha.gov.bd
==================================================
[+] Domain exhausted. Finishing up: https://deo.gaibandha.gov.bd
==================================================
[*] STARTING NEW DOMAIN: https://bajuasecondarygirlsschool.jessoreboard.gov.bd
==================================================
[+] Domain exhausted. Finishing up: https://bajuasecondarygirlsschool.jessoreboard.gov.bd
==================================================
[*] STARTING NEW DOMAIN: https://food.dumuria.khulna.gov.bd
==================================================
[+] Domain exhausted. Finishing up: https://food.dumuria.khulna.gov.bd
==================================================
[*] STARTING NEW DOMAIN: https://doe.chapainawabganj.gov.bd
==================================================
[+] Domain exhausted. Finishing up: https://doe.chapainawabganj.gov.bd
==================================================
[*] STARTING NEW DOMAIN: http://deb107917.dhakaeducationboard.gov.bd
==================================================
[+] Domain exhausted. Finishing up: http://deb107917.dhakaeducationboard.gov.bd
==================================================
[*] STARTING NEW DOMAIN: https://ansarvdp.madhabpur.habiganj.gov.bd
==================================================
[+] Domain exhausted. Finishing up: https://ansarvdp.madhabpur.habiganj.gov.bd
==================================================
[*] STARTING NEW DOMAIN: https://ansarvdp.bagherpara.jessore.gov.bd
==================================================
[+] Domain exhausted. Finishing up: https://ansarvdp.bagherpara.jessore.gov.bd
==================================================
[*] STARTING NEW DOMAIN: https://dghs.chittagongdiv.gov.bd
==================================================
[+] Domain exhausted. Finishing up: https://dghs.chittagongdiv.gov.bd
==================================================
[*] STARTING NEW DOMAIN: https://deb113352.dhakaeducationboard.gov.bd
==================================================
[+] Domain exhausted. Finishing up: https://deb113352.dhakaeducationboard.gov.bd
==================================================
[*] STARTING NEW DOMAIN: https://deb138951.dhakaeducationboard.gov.bd
==================================================
[+] Domain exhausted. Finishing up: https://deb138951.dhakaeducationboard.gov.bd
==================================================
[*] STARTING NEW DOMAIN: https://dls.khansama.dinajpur.gov.bd
==================================================
[+] Domain exhausted. Finishing up: https://dls.khansama.dinajpur.gov.bd
==================================================
[*] STARTING NEW DOMAIN: https://sr.mirzaganj.patuakhali.gov.bd
==================================================
[+] Domain exhausted. Finishing up: https://sr.mirzaganj.patuakhali.gov.bd
==================================================
[*] STARTING NEW DOMAIN: https://food.joypurhat.gov.bd
==================================================
[+] Domain exhausted. Finishing up: https://food.joypurhat.gov.bd
==================================================
[*] STARTING NEW DOMAIN: https://aarazzaktsc.shariatpur.gov.bd
==================================================
[+] Domain exhausted. Finishing up: https://aarazzaktsc.shariatpur.gov.bd
==================================================
[*] STARTING NEW DOMAIN: https://fisheries.dhobaura.mymensingh.gov.bd
==================================================
[+] Domain exhausted. Finishing up: https://fisheries.dhobaura.mymensingh.gov.bd
==================================================
[*] STARTING NEW DOMAIN: https://ec.madhabpur.habiganj.gov.bd
==================================================
[+] Domain exhausted. Finishing up: https://ec.madhabpur.habiganj.gov.bd
==================================================
[*] STARTING NEW DOMAIN: https://deo.monohardi.narsingdi.gov.bd
==================================================
[+] Domain exhausted. Finishing up: https://deo.monohardi.narsingdi.gov.bd
==================================================
[*] STARTING NEW DOMAIN: https://doj.dinajpur.gov.bd
==================================================
[+] Domain exhausted. Finishing up: https://doj.dinajpur.gov.bd
==================================================
[*] STARTING NEW DOMAIN: https://deb113839.dhakaeducationboard.gov.bd
==================================================
[+] Domain exhausted. Finishing up: https://deb113839.dhakaeducationboard.gov.bd
==================================================
[*] STARTING NEW DOMAIN: https://deb114592.dhakaeducationboard.gov.bd
==================================================
[+] Domain exhausted. Finishing up: https://deb114592.dhakaeducationboard.gov.bd
==================================================
[*] STARTING NEW DOMAIN: https://dncrp.chandpur.gov.bd
==================================================
[+] Domain exhausted. Finishing up: https://dncrp.chandpur.gov.bd
==================================================
[*] STARTING NEW DOMAIN: https://deb113611.dhakaeducationboard.gov.bd
==================================================
[+] Domain exhausted. Finishing up: https://deb113611.dhakaeducationboard.gov.bd
==================================================
[*] STARTING NEW DOMAIN: https://prison.meherpur.gov.bd
==================================================
[+] Domain exhausted. Finishing up: https://prison.meherpur.gov.bd
==================================================
[*] STARTING NEW DOMAIN: https://ansarvdp.sapahar.naogaon.gov.bd
==================================================
[+] Domain exhausted. Finishing up: https://ansarvdp.sapahar.naogaon.gov.bd
==================================================
[*] STARTING NEW DOMAIN: https://btv.thakurgaon.gov.bd
==================================================
[+] Domain exhausted. Finishing up: https://btv.thakurgaon.gov.bd
==================================================
[*] STARTING NEW DOMAIN: https://fpo.chakaria.coxsbazar.gov.bd
==================================================
[+] Domain exhausted. Finishing up: https://fpo.chakaria.coxsbazar.gov.bd
==================================================
[*] STARTING NEW DOMAIN: https://deb114635.dhakaeducationboard.gov.bd
==================================================
[+] Domain exhausted. Finishing up: https://deb114635.dhakaeducationboard.gov.bd
==================================================
[*] STARTING NEW DOMAIN: https://dae.raozan.chittagong.gov.bd
==================================================
[+] Domain exhausted. Finishing up: https://dae.raozan.chittagong.gov.bd
==================================================
[*] STARTING NEW DOMAIN: https://pdbf.phulpur.mymensingh.gov.bd
==================================================
[+] Domain exhausted. Finishing up: https://pdbf.phulpur.mymensingh.gov.bd
==================================================
[*] STARTING NEW DOMAIN: https://arangghatasecondaryschool.jessoreboard.gov.bd
==================================================
[+] Domain exhausted. Finishing up: https://arangghatasecondaryschool.jessoreboard.gov.bd
==================================================
[*] STARTING NEW DOMAIN: https://dakshidhurungup.coxsbazar.gov.bd
==================================================
[+] Domain exhausted. Finishing up: https://dakshidhurungup.coxsbazar.gov.bd
==================================================
[*] STARTING NEW DOMAIN: https://health.mongla.bagerhat.gov.bd
==================================================
[+] Domain exhausted. Finishing up: https://health.mongla.bagerhat.gov.bd
==================================================
[*] STARTING NEW DOMAIN: https://bbs.ishurdi.pabna.gov.bd
==================================================
[+] Domain exhausted. Finishing up: https://bbs.ishurdi.pabna.gov.bd
==================================================
[*] STARTING NEW DOMAIN: https://fpo.sonargaon.narayanganj.gov.bd
==================================================
[+] Domain exhausted. Finishing up: https://fpo.sonargaon.narayanganj.gov.bd
==================================================
[*] STARTING NEW DOMAIN: https://boriasecondaryschool.jessoreboard.gov.bd
==================================================
[+] Domain exhausted. Finishing up: https://boriasecondaryschool.jessoreboard.gov.bd
==================================================
[*] STARTING NEW DOMAIN: https://doj.sakhipur.tangail.gov.bd
==================================================
[+] Domain exhausted. Finishing up: https://doj.sakhipur.tangail.gov.bd
==================================================
[*] STARTING NEW DOMAIN: https://doict.durgapur.rajshahi.gov.bd
==================================================
[+] Domain exhausted. Finishing up: https://doict.durgapur.rajshahi.gov.bd
==================================================
[*] STARTING NEW DOMAIN: https://bbs.thakurgaon.gov.bd
==================================================
[+] Domain exhausted. Finishing up: https://bbs.thakurgaon.gov.bd
==================================================
[*] STARTING NEW DOMAIN: https://ansarvdp.taltali.barguna.gov.bd
==================================================
[+] Domain exhausted. Finishing up: https://ansarvdp.taltali.barguna.gov.bd
==================================================
[*] STARTING NEW DOMAIN: https://satorup.dinajpur.gov.bd
==================================================
[+] Domain exhausted. Finishing up: https://satorup.dinajpur.gov.bd
==================================================
[*] STARTING NEW DOMAIN: https://dshe.barisal.gov.bd
==================================================
[+] Domain exhausted. Finishing up: https://dshe.barisal.gov.bd
==================================================
[*] STARTING NEW DOMAIN: https://bijoyrampursecondaryschool.jessoreboard.gov.bd
==================================================
[+] Domain exhausted. Finishing up: https://bijoyrampursecondaryschool.jessoreboard.gov.bd
==================================================
[*] STARTING NEW DOMAIN: https://dls.kalai.joypurhat.gov.bd
==================================================
[+] Domain exhausted. Finishing up: https://dls.kalai.joypurhat.gov.bd
==================================================
[*] STARTING NEW DOMAIN: https://gaidghatgovtprimaryschool.jessoreboard.gov.bd
==================================================
[+] Domain exhausted. Finishing up: https://gaidghatgovtprimaryschool.jessoreboard.gov.bd
==================================================
[*] STARTING NEW DOMAIN: https://deb111399.dhakaeducationboard.gov.bd
==================================================
[+] Domain exhausted. Finishing up: https://deb111399.dhakaeducationboard.gov.bd
==================================================
[*] STARTING NEW DOMAIN: https://brdb.gournadi.barisal.gov.bd
==================================================
[+] Domain exhausted. Finishing up: https://brdb.gournadi.barisal.gov.bd
==================================================
[*] STARTING NEW DOMAIN: https://jehalaup.chuadanga.gov.bd
==================================================
[+] Domain exhausted. Finishing up: https://jehalaup.chuadanga.gov.bd
==================================================
[*] STARTING NEW DOMAIN: https://deb111404.dhakaeducationboard.gov.bd
==================================================
[+] Domain exhausted. Finishing up: https://deb111404.dhakaeducationboard.gov.bd
==================================================
[*] STARTING NEW DOMAIN: https://chauhali.sirajganj.gov.bd
==================================================
[+] Domain exhausted. Finishing up: https://chauhali.sirajganj.gov.bd
==================================================
[*] STARTING NEW DOMAIN: https://health.aditmari.lalmonirhat.gov.bd
==================================================
[+] Domain exhausted. Finishing up: https://health.aditmari.lalmonirhat.gov.bd
==================================================
[*] STARTING NEW DOMAIN: https://sfdf.barura.comilla.gov.bd
==================================================
[+] Domain exhausted. Finishing up: https://sfdf.barura.comilla.gov.bd
==================================================
[*] STARTING NEW DOMAIN: https://gobrapragatisecondaryschool.jessoreboard.gov.bd
==================================================
[+] Domain exhausted. Finishing up: https://gobrapragatisecondaryschool.jessoreboard.gov.bd
==================================================
[*] STARTING NEW DOMAIN: https://pti.lakshmipur.gov.bd
==================================================
[+] Domain exhausted. Finishing up: https://pti.lakshmipur.gov.bd
==================================================
[*] STARTING NEW DOMAIN: https://bkkb.barisaldiv.gov.bd
==================================================
[+] Domain exhausted. Finishing up: https://bkkb.barisaldiv.gov.bd
==================================================
[*] STARTING NEW DOMAIN: https://gayabariup.nilphamari.gov.bd
==================================================
[+] Domain exhausted. Finishing up: https://gayabariup.nilphamari.gov.bd
==================================================
[*] STARTING NEW DOMAIN: https://police.kawkhali.rangamati.gov.bd
==================================================
[+] Domain exhausted. Finishing up: https://police.kawkhali.rangamati.gov.bd
==================================================
[*] STARTING NEW DOMAIN: https://bpa.police.gov.bd
==================================================
[+] Domain exhausted. Finishing up: https://bpa.police.gov.bd
==================================================
[*] STARTING NEW DOMAIN: https://health.senbug.noakhali.gov.bd
==================================================
[+] Domain exhausted. Finishing up: https://health.senbug.noakhali.gov.bd
==================================================
[*] STARTING NEW DOMAIN: https://doict.ullapara.sirajganj.gov.bd
==================================================
[+] Domain exhausted. Finishing up: https://doict.ullapara.sirajganj.gov.bd
==================================================
[*] STARTING NEW DOMAIN: https://dls.jibannagar.chuadanga.gov.bd
==================================================
[+] Domain exhausted. Finishing up: https://dls.jibannagar.chuadanga.gov.bd
==================================================
[*] STARTING NEW DOMAIN: https://kodaliajuniorhighschool.jessoreboard.gov.bd
==================================================
[+] Domain exhausted. Finishing up: https://kodaliajuniorhighschool.jessoreboard.gov.bd
==================================================
[*] STARTING NEW DOMAIN: https://btcl.sujanagar.pabna.gov.bd
==================================================
[+] Domain exhausted. Finishing up: https://btcl.sujanagar.pabna.gov.bd
==================================================
[*] STARTING NEW DOMAIN: https://deb110513.dhakaeducationboard.gov.bd
==================================================
[+] Domain exhausted. Finishing up: https://deb110513.dhakaeducationboard.gov.bd
==================================================
[*] STARTING NEW DOMAIN: https://brdb.comillasadar.comilla.gov.bd
==================================================
[+] Domain exhausted. Finishing up: https://brdb.comillasadar.comilla.gov.bd
==================================================
[*] STARTING NEW DOMAIN: https://hamirdiup.faridpur.gov.bd
==================================================
[+] Domain exhausted. Finishing up: https://hamirdiup.faridpur.gov.bd
==================================================
[*] STARTING NEW DOMAIN: https://kailagup.kishoreganj.gov.bd
==================================================
[+] Domain exhausted. Finishing up: https://kailagup.kishoreganj.gov.bd
==================================================
[*] STARTING NEW DOMAIN: https://charbandhasecondaryschool.jessoreboard.gov.bd
==================================================
[+] Domain exhausted. Finishing up: https://charbandhasecondaryschool.jessoreboard.gov.bd
==================================================
[*] STARTING NEW DOMAIN: https://deb108424.dhakaeducationboard.gov.bd
==================================================
[+] Domain exhausted. Finishing up: https://deb108424.dhakaeducationboard.gov.bd
==================================================
[*] STARTING NEW DOMAIN: https://pti.jessore.gov.bd
==================================================
[+] Domain exhausted. Finishing up: https://pti.jessore.gov.bd
==================================================
[*] STARTING NEW DOMAIN: https://ec.gouripur.mymensingh.gov.bd
==================================================
[+] Domain exhausted. Finishing up: https://ec.gouripur.mymensingh.gov.bd
==================================================
[*] STARTING NEW DOMAIN: https://deb108290.dhakaeducationboard.gov.bd
==================================================
[+] Domain exhausted. Finishing up: https://deb108290.dhakaeducationboard.gov.bd
==================================================
[*] STARTING NEW DOMAIN: https://post.sadar.faridpur.gov.bd
==================================================
[+] Domain exhausted. Finishing up: https://post.sadar.faridpur.gov.bd
==================================================
[*] STARTING NEW DOMAIN: https://bspi.polytech.gov.bd
==================================================
[+] Domain exhausted. Finishing up: https://bspi.polytech.gov.bd
==================================================
[*] STARTING NEW DOMAIN: https://jagaranisecondaryschool.jessoreboard.gov.bd
==================================================
[+] Domain exhausted. Finishing up: https://jagaranisecondaryschool.jessoreboard.gov.bd
==================================================
[*] STARTING NEW DOMAIN: https://sristycentralcollege.jessoreboard.gov.bd
==================================================
[+] Domain exhausted. Finishing up: https://sristycentralcollege.jessoreboard.gov.bd
==================================================
[*] STARTING NEW DOMAIN: https://dss.rangamati.gov.bd
==================================================
[+] Domain exhausted. Finishing up: https://dss.rangamati.gov.bd
==================================================
[*] STARTING NEW DOMAIN: https://khontakatasecondaryschool.jessoreboard.gov.bd
==================================================
[+] Domain exhausted. Finishing up: https://khontakatasecondaryschool.jessoreboard.gov.bd
==================================================
[*] STARTING NEW DOMAIN: https://deb110720.dhakaeducationboard.gov.bd
==================================================
[+] Domain exhausted. Finishing up: https://deb110720.dhakaeducationboard.gov.bd
==================================================
[*] STARTING NEW DOMAIN: https://dshe.paikgasa.khulna.gov.bd
==================================================
[+] Domain exhausted. Finishing up: https://dshe.paikgasa.khulna.gov.bd
==================================================
[*] STARTING NEW DOMAIN: https://dpe.manikchari.khagrachhari.gov.bd
==================================================
[+] Domain exhausted. Finishing up: https://dpe.manikchari.khagrachhari.gov.bd
==================================================
[*] STARTING NEW DOMAIN: https://deb109801.dhakaeducationboard.gov.bd
==================================================
[+] Domain exhausted. Finishing up: https://deb109801.dhakaeducationboard.gov.bd
==================================================
[*] STARTING NEW DOMAIN: https://bitaraup.chandpur.gov.bd
==================================================
[+] Domain exhausted. Finishing up: https://bitaraup.chandpur.gov.bd
==================================================
[*] STARTING NEW DOMAIN: https://dwa.rowangchhari.bandarban.gov.bd
==================================================
[+] Domain exhausted. Finishing up: https://dwa.rowangchhari.bandarban.gov.bd
==================================================
[*] STARTING NEW DOMAIN: https://kushlaadarshajuniorsecondaryschool.jessoreboard.gov.bd
==================================================
[+] Domain exhausted. Finishing up: https://kushlaadarshajuniorsecondaryschool.jessoreboard.gov.bd
==================================================
[*] STARTING NEW DOMAIN: https://food.kishorganj.nilphamari.gov.bd
==================================================
[+] Domain exhausted. Finishing up: https://food.kishorganj.nilphamari.gov.bd
==================================================
[*] STARTING NEW DOMAIN: https://pmidealgirlshighschool.jessoreboard.gov.bd
==================================================
[+] Domain exhausted. Finishing up: https://pmidealgirlshighschool.jessoreboard.gov.bd
==================================================
[*] STARTING NEW DOMAIN: https://dshe.magura.gov.bd
==================================================
[+] Domain exhausted. Finishing up: https://dshe.magura.gov.bd
==================================================
[*] STARTING NEW DOMAIN: https://forest.osmaninagar.sylhet.gov.bd
==================================================
[+] Domain exhausted. Finishing up: https://forest.osmaninagar.sylhet.gov.bd
==================================================
[*] STARTING NEW DOMAIN: https://deb109593.dhakaeducationboard.gov.bd
==================================================
[+] Domain exhausted. Finishing up: https://deb109593.dhakaeducationboard.gov.bd
==================================================
[*] STARTING NEW DOMAIN: https://fisheries.mymensinghdiv.gov.bd
==================================================
[+] Domain exhausted. Finishing up: https://fisheries.mymensinghdiv.gov.bd
==================================================
[*] STARTING NEW DOMAIN: https://dshe.boalkhali.chittagong.gov.bd
==================================================
[+] Domain exhausted. Finishing up: https://dshe.boalkhali.chittagong.gov.bd
==================================================
[*] STARTING NEW DOMAIN: https://fsmf.kawkhali.rangamati.gov.bd
==================================================
[+] Domain exhausted. Finishing up: https://fsmf.kawkhali.rangamati.gov.bd
==================================================
[*] STARTING NEW DOMAIN: https://ramnagarbinapanisecondaryschool.jessoreboard.gov.bd
==================================================
[+] Domain exhausted. Finishing up: https://ramnagarbinapanisecondaryschool.jessoreboard.gov.bd
==================================================
[*] STARTING NEW DOMAIN: https://fireservice.narail.gov.bd
==================================================
[+] Domain exhausted. Finishing up: https://fireservice.narail.gov.bd
==================================================
[*] STARTING NEW DOMAIN: https://jhenaidah.polytech.gov.bd
==================================================
[+] Domain exhausted. Finishing up: https://jhenaidah.polytech.gov.bd
==================================================
[*] STARTING NEW DOMAIN: https://deb110164.dhakaeducationboard.gov.bd
==================================================
[+] Domain exhausted. Finishing up: https://deb110164.dhakaeducationboard.gov.bd
==================================================
[*] STARTING NEW DOMAIN: https://food.durgapur.netrokona.gov.bd
==================================================
[+] Domain exhausted. Finishing up: https://food.durgapur.netrokona.gov.bd
==================================================
[*] STARTING NEW DOMAIN: http://deb108093.dhakaeducationboard.gov.bd
==================================================
[+] Domain exhausted. Finishing up: http://deb108093.dhakaeducationboard.gov.bd
==================================================
[*] STARTING NEW DOMAIN: https://deb109325.dhakaeducationboard.gov.bd
==================================================
[+] Domain exhausted. Finishing up: https://deb109325.dhakaeducationboard.gov.bd
==================================================
[*] STARTING NEW DOMAIN: https://deb111097.dhakaeducationboard.gov.bd
==================================================
[+] Domain exhausted. Finishing up: https://deb111097.dhakaeducationboard.gov.bd
==================================================
[*] STARTING NEW DOMAIN: https://fisheries.sundarganj.gaibandha.gov.bd
==================================================
[+] Domain exhausted. Finishing up: https://fisheries.sundarganj.gaibandha.gov.bd
==================================================
[*] STARTING NEW DOMAIN: https://deb108212.dhakaeducationboard.gov.bd
==================================================
[+] Domain exhausted. Finishing up: https://deb108212.dhakaeducationboard.gov.bd
==================================================
[*] STARTING NEW DOMAIN: https://pwd.jamalpur.gov.bd
==================================================
[+] Domain exhausted. Finishing up: https://pwd.jamalpur.gov.bd
==================================================
[*] STARTING NEW DOMAIN: https://acl.manirampur.jessore.gov.bd
==================================================
[+] Domain exhausted. Finishing up: https://acl.manirampur.jessore.gov.bd
==================================================
[*] STARTING NEW DOMAIN: https://deb113630.dhakaeducationboard.gov.bd
==================================================
[+] Domain exhausted. Finishing up: https://deb113630.dhakaeducationboard.gov.bd
==================================================
[*] STARTING NEW DOMAIN: https://roypursecondaryschool.jessoreboard.gov.bd
==================================================
[+] Domain exhausted. Finishing up: https://roypursecondaryschool.jessoreboard.gov.bd
==================================================
[*] STARTING NEW DOMAIN: https://borotolibanihariup.netrokona.gov.bd
==================================================
[+] Domain exhausted. Finishing up: https://borotolibanihariup.netrokona.gov.bd
==================================================
[*] STARTING NEW DOMAIN: http://deb108812.dhakaeducationboard.gov.bd
==================================================
[+] Domain exhausted. Finishing up: http://deb108812.dhakaeducationboard.gov.bd
==================================================
[*] STARTING NEW DOMAIN: https://rahimabadsecondaryschool.jessoreboard.gov.bd
==================================================
[+] Domain exhausted. Finishing up: https://rahimabadsecondaryschool.jessoreboard.gov.bd
==================================================
[*] STARTING NEW DOMAIN: https://dphe.pirojpur.gov.bd
==================================================
[+] Domain exhausted. Finishing up: https://dphe.pirojpur.gov.bd
==================================================
[*] STARTING NEW DOMAIN: https://ansarvdp.saltha.faridpur.gov.bd
==================================================
[+] Domain exhausted. Finishing up: https://ansarvdp.saltha.faridpur.gov.bd
==================================================
[*] STARTING NEW DOMAIN: https://govtadarshamohilacollegechuadanga.jessoreboard.gov.bd
==================================================
[+] Domain exhausted. Finishing up: https://govtadarshamohilacollegechuadanga.jessoreboard.gov.bd
==================================================
[*] STARTING NEW DOMAIN: https://seo.tala.satkhira.gov.bd
==================================================
[+] Domain exhausted. Finishing up: https://seo.tala.satkhira.gov.bd
==================================================
[*] STARTING NEW DOMAIN: https://police.gosairhat.shariatpur.gov.bd
==================================================
[+] Domain exhausted. Finishing up: https://police.gosairhat.shariatpur.gov.bd
==================================================
[*] STARTING NEW DOMAIN: https://deb108251.dhakaeducationboard.gov.bd
==================================================
[+] Domain exhausted. Finishing up: https://deb108251.dhakaeducationboard.gov.bd
==================================================
[*] STARTING NEW DOMAIN: https://deb110630.dhakaeducationboard.gov.bd
==================================================
[+] Domain exhausted. Finishing up: https://deb110630.dhakaeducationboard.gov.bd
==================================================
[*] STARTING NEW DOMAIN: https://acl.sreebordi.sherpur.gov.bd
==================================================
[+] Domain exhausted. Finishing up: https://acl.sreebordi.sherpur.gov.bd
==================================================
[*] STARTING NEW DOMAIN: https://jms.matiranga.khagrachhari.gov.bd
==================================================
[+] Domain exhausted. Finishing up: https://jms.matiranga.khagrachhari.gov.bd
==================================================
[*] STARTING NEW DOMAIN: https://deb110043.dhakaeducationboard.gov.bd
==================================================
[+] Domain exhausted. Finishing up: https://deb110043.dhakaeducationboard.gov.bd
==================================================
[*] STARTING NEW DOMAIN: https://bmda.khansama.dinajpur.gov.bd
==================================================
[+] Domain exhausted. Finishing up: https://bmda.khansama.dinajpur.gov.bd
==================================================
[*] STARTING NEW DOMAIN: https://ansarvdp.assasuni.satkhira.gov.bd
==================================================
[+] Domain exhausted. Finishing up: https://ansarvdp.assasuni.satkhira.gov.bd
==================================================
[*] STARTING NEW DOMAIN: https://hospital.chittagong.gov.bd
==================================================
[+] Domain exhausted. Finishing up: https://hospital.chittagong.gov.bd
==================================================
[*] STARTING NEW DOMAIN: https://food.bahubal.habiganj.gov.bd
==================================================
[+] Domain exhausted. Finishing up: https://food.bahubal.habiganj.gov.bd
==================================================
[*] STARTING NEW DOMAIN: https://achargaonup.mymensingh.gov.bd
==================================================
[+] Domain exhausted. Finishing up: https://achargaonup.mymensingh.gov.bd
==================================================
[*] STARTING NEW DOMAIN: https://deb109811.dhakaeducationboard.gov.bd
==================================================
[+] Domain exhausted. Finishing up: https://deb109811.dhakaeducationboard.gov.bd
==================================================
[*] STARTING NEW DOMAIN: https://fireservice.pakundia.kishoreganj.gov.bd
==================================================
[+] Domain exhausted. Finishing up: https://fireservice.pakundia.kishoreganj.gov.bd
==================================================
[*] STARTING NEW DOMAIN: https://bangladesh.gov.bd
==================================================
[+] Domain exhausted. Finishing up: https://bangladesh.gov.bd
==================================================
[*] STARTING NEW DOMAIN: https://fsmf.phulpur.mymensingh.gov.bd
==================================================
[+] Domain exhausted. Finishing up: https://fsmf.phulpur.mymensingh.gov.bd
==================================================
[*] STARTING NEW DOMAIN: https://dshe.barisaldiv.gov.bd
==================================================
[+] Domain exhausted. Finishing up: https://dshe.barisaldiv.gov.bd
==================================================
[*] STARTING NEW DOMAIN: http://magurapaurashava.gov.bd
==================================================
[+] Domain exhausted. Finishing up: http://magurapaurashava.gov.bd
==================================================
[*] STARTING NEW DOMAIN: https://deb110026.dhakaeducationboard.gov.bd
==================================================
[+] Domain exhausted. Finishing up: https://deb110026.dhakaeducationboard.gov.bd
==================================================
[*] STARTING NEW DOMAIN: https://dr.chittagong.gov.bd
==================================================
[+] Domain exhausted. Finishing up: https://dr.chittagong.gov.bd
==================================================
[*] STARTING NEW DOMAIN: https://fpo.charbhadrasan.faridpur.gov.bd
==================================================
[+] Domain exhausted. Finishing up: https://fpo.charbhadrasan.faridpur.gov.bd
==================================================
[*] STARTING NEW DOMAIN: https://dch.gov.bd
==================================================
[+] Domain exhausted. Finishing up: https://dch.gov.bd
==================================================
[*] STARTING NEW DOMAIN: https://deb110516.dhakaeducationboard.gov.bd
==================================================
[+] Domain exhausted. Finishing up: https://deb110516.dhakaeducationboard.gov.bd
==================================================
[*] STARTING NEW DOMAIN: https://dshe.kaptai.rangamati.gov.bd
==================================================
[+] Domain exhausted. Finishing up: https://dshe.kaptai.rangamati.gov.bd
==================================================
[*] STARTING NEW DOMAIN: https://dss.jaintiapur.sylhet.gov.bd
==================================================
[+] Domain exhausted. Finishing up: https://dss.jaintiapur.sylhet.gov.bd
==================================================
[*] STARTING NEW DOMAIN: https://deb109929.dhakaeducationboard.gov.bd
==================================================
[+] Domain exhausted. Finishing up: https://deb109929.dhakaeducationboard.gov.bd
==================================================
[*] STARTING NEW DOMAIN: https://brdb.netrokonasadar.netrokona.gov.bd
==================================================
[+] Domain exhausted. Finishing up: https://brdb.netrokonasadar.netrokona.gov.bd
==================================================
[*] STARTING NEW DOMAIN: https://baraitaliup.coxsbazar.gov.bd
==================================================
[+] Domain exhausted. Finishing up: https://baraitaliup.coxsbazar.gov.bd
==================================================
[*] STARTING NEW DOMAIN: https://kumch.kushtia.gov.bd
==================================================
[+] Domain exhausted. Finishing up: https://kumch.kushtia.gov.bd
==================================================
[*] STARTING NEW DOMAIN: https://ec.basail.tangail.gov.bd
==================================================
[+] Domain exhausted. Finishing up: https://ec.basail.tangail.gov.bd
==================================================
[*] STARTING NEW DOMAIN: https://andulbariasecondaryschool.jessoreboard.gov.bd
==================================================
[+] Domain exhausted. Finishing up: https://andulbariasecondaryschool.jessoreboard.gov.bd
==================================================
[*] STARTING NEW DOMAIN: https://deb111680.dhakaeducationboard.gov.bd
==================================================
[+] Domain exhausted. Finishing up: https://deb111680.dhakaeducationboard.gov.bd
==================================================
[*] STARTING NEW DOMAIN: https://channirchaklccollegiateschool.jessoreboard.gov.bd
==================================================
[+] Domain exhausted. Finishing up: https://channirchaklccollegiateschool.jessoreboard.gov.bd
==================================================
[*] STARTING NEW DOMAIN: https://fireservice.sadar.noakhali.gov.bd
==================================================
[+] Domain exhausted. Finishing up: https://fireservice.sadar.noakhali.gov.bd
==================================================
[*] STARTING NEW DOMAIN: https://fireservice.mithapukur.rangpur.gov.bd
==================================================
[+] Domain exhausted. Finishing up: https://fireservice.mithapukur.rangpur.gov.bd
==================================================
[*] STARTING NEW DOMAIN: https://magura.polytech.gov.bd
==================================================
[+] Domain exhausted. Finishing up: https://magura.polytech.gov.bd
==================================================
[*] STARTING NEW DOMAIN: https://fisheries.bhuapur.tangail.gov.bd
==================================================
[+] Domain exhausted. Finishing up: https://fisheries.bhuapur.tangail.gov.bd
==================================================
[*] STARTING NEW DOMAIN: https://pozip.bagmara.rajshahi.gov.bd
==================================================
[+] Domain exhausted. Finishing up: https://pozip.bagmara.rajshahi.gov.bd
==================================================
[*] STARTING NEW DOMAIN: https://dwa.bandarban.gov.bd
==================================================
[+] Domain exhausted. Finishing up: https://dwa.bandarban.gov.bd
==================================================
[*] STARTING NEW DOMAIN: https://dphe.zakiganj.sylhet.gov.bd
==================================================
[+] Domain exhausted. Finishing up: https://dphe.zakiganj.sylhet.gov.bd
==================================================
[*] STARTING NEW DOMAIN: https://drro.moulvibazar.gov.bd
==================================================
[+] Domain exhausted. Finishing up: https://drro.moulvibazar.gov.bd
==================================================
[*] STARTING NEW DOMAIN: https://dphe.golapganj.sylhet.gov.bd
==================================================
[+] Domain exhausted. Finishing up: https://dphe.golapganj.sylhet.gov.bd
==================================================
[*] STARTING NEW DOMAIN: https://brdb.thanchi.bandarban.gov.bd
==================================================
[+] Domain exhausted. Finishing up: https://brdb.thanchi.bandarban.gov.bd
==================================================
[*] STARTING NEW DOMAIN: https://dphe.ukhiya.coxsbazar.gov.bd
==================================================
[+] Domain exhausted. Finishing up: https://dphe.ukhiya.coxsbazar.gov.bd
==================================================
[*] STARTING NEW DOMAIN: https://dphe.durgapur.netrokona.gov.bd
==================================================
[+] Domain exhausted. Finishing up: https://dphe.durgapur.netrokona.gov.bd
==================================================
[*] STARTING NEW DOMAIN: https://ebek.ashuganj.brahmanbaria.gov.bd
==================================================
[+] Domain exhausted. Finishing up: https://ebek.ashuganj.brahmanbaria.gov.bd
==================================================
[*] STARTING NEW DOMAIN: https://school-efiling.dinajpurboard.gov.bd
==================================================
[+] Domain exhausted. Finishing up: https://school-efiling.dinajpurboard.gov.bd
==================================================
[*] STARTING NEW DOMAIN: https://deb111670.dhakaeducationboard.gov.bd
==================================================
[+] Domain exhausted. Finishing up: https://deb111670.dhakaeducationboard.gov.bd
==================================================
[*] STARTING NEW DOMAIN: https://ec.kaliganj.gazipur.gov.bd
==================================================
[+] Domain exhausted. Finishing up: https://ec.kaliganj.gazipur.gov.bd
==================================================
[*] STARTING NEW DOMAIN: https://fisheries.dhanbari.tangail.gov.bd
==================================================
[+] Domain exhausted. Finishing up: https://fisheries.dhanbari.tangail.gov.bd
==================================================
[*] STARTING NEW DOMAIN: https://dpe.panchbibi.joypurhat.gov.bd
==================================================
[+] Domain exhausted. Finishing up: https://dpe.panchbibi.joypurhat.gov.bd
==================================================
[*] STARTING NEW DOMAIN: https://ebek.sadar.khagrachhari.gov.bd
==================================================
[+] Domain exhausted. Finishing up: https://ebek.sadar.khagrachhari.gov.bd
==================================================
[*] STARTING NEW DOMAIN: https://acl.meherpursadar.meherpur.gov.bd
==================================================
[+] Domain exhausted. Finishing up: https://acl.meherpursadar.meherpur.gov.bd
==================================================
[*] STARTING NEW DOMAIN: https://deb111574.dhakaeducationboard.gov.bd
==================================================
[+] Domain exhausted. Finishing up: https://deb111574.dhakaeducationboard.gov.bd
==================================================
[*] STARTING NEW DOMAIN: https://ec.jhenaigati.sherpur.gov.bd
==================================================
[+] Domain exhausted. Finishing up: https://ec.jhenaigati.sherpur.gov.bd
==================================================
[*] STARTING NEW DOMAIN: https://food.charghat.rajshahi.gov.bd
==================================================
[+] Domain exhausted. Finishing up: https://food.charghat.rajshahi.gov.bd
==================================================
[*] STARTING NEW DOMAIN: https://dudhalup.barisal.gov.bd
==================================================
[+] Domain exhausted. Finishing up: https://dudhalup.barisal.gov.bd
==================================================
[*] STARTING NEW DOMAIN: https://dshe.alikadam.bandarban.gov.bd
==================================================
[+] Domain exhausted. Finishing up: https://dshe.alikadam.bandarban.gov.bd
==================================================
[*] STARTING NEW DOMAIN: https://fireservice.natoresadar.natore.gov.bd
==================================================
[+] Domain exhausted. Finishing up: https://fireservice.natoresadar.natore.gov.bd
==================================================
[*] STARTING NEW DOMAIN: https://forest.tangailsadar.tangail.gov.bd
==================================================
[+] Domain exhausted. Finishing up: https://forest.tangailsadar.tangail.gov.bd
==================================================
[*] STARTING NEW DOMAIN: https://post.baniachong.habiganj.gov.bd
==================================================
[+] Domain exhausted. Finishing up: https://post.baniachong.habiganj.gov.bd
==================================================
[*] STARTING NEW DOMAIN: https://dpe.sylhetdiv.gov.bd
==================================================
[+] Domain exhausted. Finishing up: https://dpe.sylhetdiv.gov.bd
==================================================
[*] STARTING NEW DOMAIN: https://audit.dgfood.gov.bd
==================================================
[+] Domain exhausted. Finishing up: https://audit.dgfood.gov.bd
==================================================
[*] STARTING NEW DOMAIN: https://deb111866.dhakaeducationboard.gov.bd
==================================================
[+] Domain exhausted. Finishing up: https://deb111866.dhakaeducationboard.gov.bd
==================================================
[*] STARTING NEW DOMAIN: https://pozip.sadar.munshiganj.gov.bd
==================================================
[+] Domain exhausted. Finishing up: https://pozip.sadar.munshiganj.gov.bd
==================================================
[*] STARTING NEW DOMAIN: https://psb.kaunia.rangpur.gov.bd
==================================================
[+] Domain exhausted. Finishing up: https://psb.kaunia.rangpur.gov.bd
==================================================
[*] STARTING NEW DOMAIN: https://lged.magurasadar.magura.gov.bd
==================================================
[+] Domain exhausted. Finishing up: https://lged.magurasadar.magura.gov.bd
==================================================
[*] STARTING NEW DOMAIN: https://deb135286.dhakaeducationboard.gov.bd
==================================================
[+] Domain exhausted. Finishing up: https://deb135286.dhakaeducationboard.gov.bd
==================================================
[*] STARTING NEW DOMAIN: https://deb112514.dhakaeducationboard.gov.bd
==================================================
[+] Domain exhausted. Finishing up: https://deb112514.dhakaeducationboard.gov.bd
==================================================
[*] STARTING NEW DOMAIN: https://kashipurhighschool.jessoreboard.gov.bd
==================================================
[+] Domain exhausted. Finishing up: https://kashipurhighschool.jessoreboard.gov.bd
==================================================
[*] STARTING NEW DOMAIN: https://deb130931.dhakaeducationboard.gov.bd
==================================================
[+] Domain exhausted. Finishing up: https://deb130931.dhakaeducationboard.gov.bd
==================================================
[*] STARTING NEW DOMAIN: https://post-ho.kushtia.gov.bd
==================================================
[+] Domain exhausted. Finishing up: https://post-ho.kushtia.gov.bd
==================================================
[*] STARTING NEW DOMAIN: https://lwc.syedpur.nilphamari.gov.bd
==================================================
[+] Domain exhausted. Finishing up: https://lwc.syedpur.nilphamari.gov.bd
==================================================
[*] STARTING NEW DOMAIN: https://deb135278.dhakaeducationboard.gov.bd
==================================================
[+] Domain exhausted. Finishing up: https://deb135278.dhakaeducationboard.gov.bd
==================================================
[*] STARTING NEW DOMAIN: https://dss.phulchari.gaibandha.gov.bd
==================================================
[+] Domain exhausted. Finishing up: https://dss.phulchari.gaibandha.gov.bd
==================================================
[*] STARTING NEW DOMAIN: https://deb114014.dhakaeducationboard.gov.bd
==================================================
[+] Domain exhausted. Finishing up: https://deb114014.dhakaeducationboard.gov.bd
==================================================
[*] STARTING NEW DOMAIN: https://hotline.land.gov.bd
==================================================
[+] Domain exhausted. Finishing up: https://hotline.land.gov.bd
==================================================
[*] STARTING NEW DOMAIN: https://ec.ramganj.lakshmipur.gov.bd
==================================================
[+] Domain exhausted. Finishing up: https://ec.ramganj.lakshmipur.gov.bd
==================================================
[*] STARTING NEW DOMAIN: https://lged.syedpur.nilphamari.gov.bd
==================================================
[+] Domain exhausted. Finishing up: https://lged.syedpur.nilphamari.gov.bd
==================================================
[*] STARTING NEW DOMAIN: https://drro.sirajganj.gov.bd
==================================================
[+] Domain exhausted. Finishing up: https://drro.sirajganj.gov.bd
==================================================
[*] STARTING NEW DOMAIN: https://brdb.bhedarganj.shariatpur.gov.bd
==================================================
[+] Domain exhausted. Finishing up: https://brdb.bhedarganj.shariatpur.gov.bd
==================================================
[*] STARTING NEW DOMAIN: https://lwc.bandar.narayanganj.gov.bd
==================================================
[+] Domain exhausted. Finishing up: https://lwc.bandar.narayanganj.gov.bd
==================================================
[*] STARTING NEW DOMAIN: https://rtckaptai.niport.gov.bd
==================================================
[+] Domain exhausted. Finishing up: https://rtckaptai.niport.gov.bd
==================================================
[*] STARTING NEW DOMAIN: https://dls.boda.panchagarh.gov.bd
==================================================
[+] Domain exhausted. Finishing up: https://dls.boda.panchagarh.gov.bd
==================================================
[*] STARTING NEW DOMAIN: https://lged.mathbaria.pirojpur.gov.bd
==================================================
[+] Domain exhausted. Finishing up: https://lged.mathbaria.pirojpur.gov.bd
==================================================
[*] STARTING NEW DOMAIN: https://tirnaihat.panchagarh.gov.bd
==================================================
[+] Domain exhausted. Finishing up: https://tirnaihat.panchagarh.gov.bd
==================================================
[*] STARTING NEW DOMAIN: https://totthoapa.fulgazi.feni.gov.bd
==================================================
[+] Domain exhausted. Finishing up: https://totthoapa.fulgazi.feni.gov.bd
==================================================
[*] STARTING NEW DOMAIN: https://mail.sob.gov.bd
==================================================
[+] Domain exhausted. Finishing up: https://mail.sob.gov.bd
==================================================
[*] STARTING NEW DOMAIN: https://ansarvdp.pakundia.kishoreganj.gov.bd
==================================================
[+] Domain exhausted. Finishing up: https://ansarvdp.pakundia.kishoreganj.gov.bd
==================================================
[*] STARTING NEW DOMAIN: https://tscmaijdee.noakhali.gov.bd
==================================================
[+] Domain exhausted. Finishing up: https://tscmaijdee.noakhali.gov.bd
==================================================
[*] STARTING NEW DOMAIN: https://pukuriaup.chittagong.gov.bd
==================================================
[+] Domain exhausted. Finishing up: https://pukuriaup.chittagong.gov.bd
==================================================
[*] STARTING NEW DOMAIN: https://subhapurup.feni.gov.bd
==================================================
[+] Domain exhausted. Finishing up: https://subhapurup.feni.gov.bd
==================================================
[*] STARTING NEW DOMAIN: https://dharnondolup.brahmanbaria.gov.bd
==================================================
[+] Domain exhausted. Finishing up: https://dharnondolup.brahmanbaria.gov.bd
==================================================
[*] STARTING NEW DOMAIN: https://dphe.shahrasti.chandpur.gov.bd
==================================================
[+] Domain exhausted. Finishing up: https://dphe.shahrasti.chandpur.gov.bd
==================================================
[*] STARTING NEW DOMAIN: https://kutubpurup.narayanganj.gov.bd
==================================================
[+] Domain exhausted. Finishing up: https://kutubpurup.narayanganj.gov.bd
==================================================
[*] STARTING NEW DOMAIN: https://nems.bnmc.gov.bd
==================================================
[+] Domain exhausted. Finishing up: https://nems.bnmc.gov.bd
==================================================
[*] STARTING NEW DOMAIN: https://ec.kurigram.gov.bd
==================================================
[+] Domain exhausted. Finishing up: https://ec.kurigram.gov.bd
==================================================
[*] STARTING NEW DOMAIN: https://deb114287.dhakaeducationboard.gov.bd
==================================================
[+] Domain exhausted. Finishing up: https://deb114287.dhakaeducationboard.gov.bd
==================================================
[*] STARTING NEW DOMAIN: https://nasirnagarup.brahmanbaria.gov.bd
==================================================
[+] Domain exhausted. Finishing up: https://nasirnagarup.brahmanbaria.gov.bd
==================================================
[*] STARTING NEW DOMAIN: https://dphe.kamolganj.moulvibazar.gov.bd
==================================================
[+] Domain exhausted. Finishing up: https://dphe.kamolganj.moulvibazar.gov.bd
==================================================
[*] STARTING NEW DOMAIN: https://deb113678.dhakaeducationboard.gov.bd
==================================================
[+] Domain exhausted. Finishing up: https://deb113678.dhakaeducationboard.gov.bd
==================================================
[*] STARTING NEW DOMAIN: https://nilphamarisadar.nilphamari.gov.bd
==================================================
[+] Domain exhausted. Finishing up: https://nilphamarisadar.nilphamari.gov.bd
==================================================
[*] STARTING NEW DOMAIN: https://dls.gafargaon.mymensingh.gov.bd
==================================================
[+] Domain exhausted. Finishing up: https://dls.gafargaon.mymensingh.gov.bd
==================================================
[*] STARTING NEW DOMAIN: https://kbahsanullajuniorhighschool.jessoreboard.gov.bd
==================================================
[+] Domain exhausted. Finishing up: https://kbahsanullajuniorhighschool.jessoreboard.gov.bd
==================================================
[*] STARTING NEW DOMAIN: https://khalshiadarshahgirlssecondaryschool.jessoreboard.gov.bd
==================================================
[+] Domain exhausted. Finishing up: https://khalshiadarshahgirlssecondaryschool.jessoreboard.gov.bd
==================================================
[*] STARTING NEW DOMAIN: https://deo.chauhali.sirajganj.gov.bd
==================================================
[+] Domain exhausted. Finishing up: https://deo.chauhali.sirajganj.gov.bd
==================================================
[*] STARTING NEW DOMAIN: https://deb112006.dhakaeducationboard.gov.bd
==================================================
[+] Domain exhausted. Finishing up: https://deb112006.dhakaeducationboard.gov.bd
==================================================
[*] STARTING NEW DOMAIN: https://lgedreg.narayanganj.gov.bd
==================================================
[+] Domain exhausted. Finishing up: https://lgedreg.narayanganj.gov.bd
==================================================
[*] STARTING NEW DOMAIN: https://deb137954.dhakaeducationboard.gov.bd
==================================================
[+] Domain exhausted. Finishing up: https://deb137954.dhakaeducationboard.gov.bd
==================================================
[*] STARTING NEW DOMAIN: https://dls.kaliganj.satkhira.gov.bd
==================================================
[+] Domain exhausted. Finishing up: https://dls.kaliganj.satkhira.gov.bd
==================================================
[*] STARTING NEW DOMAIN: https://mashaliajuniorsecondarygirlsschool.jessoreboard.gov.bd
==================================================
[+] Domain exhausted. Finishing up: https://mashaliajuniorsecondarygirlsschool.jessoreboard.gov.bd
==================================================
[*] STARTING NEW DOMAIN: https://ubccl.porsha.naogaon.gov.bd
==================================================
[+] Domain exhausted. Finishing up: https://ubccl.porsha.naogaon.gov.bd
==================================================
[*] STARTING NEW DOMAIN: https://dshc.chuadanga.gov.bd
==================================================
[+] Domain exhausted. Finishing up: https://dshc.chuadanga.gov.bd
==================================================
[*] STARTING NEW DOMAIN: https://deb113934.dhakaeducationboard.gov.bd
==================================================
[+] Domain exhausted. Finishing up: https://deb113934.dhakaeducationboard.gov.bd
==================================================
[*] STARTING NEW DOMAIN: https://rhd.dinajpur.gov.bd
==================================================
[+] Domain exhausted. Finishing up: https://rhd.dinajpur.gov.bd
==================================================
[*] STARTING NEW DOMAIN: https://nigarsiddikcollege.jessoreboard.gov.bd
==================================================
[+] Domain exhausted. Finishing up: https://nigarsiddikcollege.jessoreboard.gov.bd
==================================================
[*] STARTING NEW DOMAIN: https://raims.oep.gov.bd
==================================================
[+] Domain exhausted. Finishing up: https://raims.oep.gov.bd
==================================================
[*] STARTING NEW DOMAIN: https://pulerhatsecondaryschool.jessoreboard.gov.bd
==================================================
[+] Domain exhausted. Finishing up: https://pulerhatsecondaryschool.jessoreboard.gov.bd
==================================================
[*] STARTING NEW DOMAIN: https://rpcc.portal.gov.bd
==================================================
[+] Domain exhausted. Finishing up: https://rpcc.portal.gov.bd
==================================================
[*] STARTING NEW DOMAIN: https://deb112072.dhakaeducationboard.gov.bd
==================================================
[+] Domain exhausted. Finishing up: https://deb112072.dhakaeducationboard.gov.bd
==================================================
[*] STARTING NEW DOMAIN: https://laxmichhariup.khagrachhari.gov.bd
==================================================
[+] Domain exhausted. Finishing up: https://laxmichhariup.khagrachhari.gov.bd
==================================================
[*] STARTING NEW DOMAIN: https://post.barura.comilla.gov.bd
==================================================
[+] Domain exhausted. Finishing up: https://post.barura.comilla.gov.bd
==================================================
[*] STARTING NEW DOMAIN: https://deb111958.dhakaeducationboard.gov.bd
==================================================
[+] Domain exhausted. Finishing up: https://deb111958.dhakaeducationboard.gov.bd
==================================================
[*] STARTING NEW DOMAIN: https://deb111410.dhakaeducationboard.gov.bd
==================================================
[+] Domain exhausted. Finishing up: https://deb111410.dhakaeducationboard.gov.bd
==================================================
[*] STARTING NEW DOMAIN: https://nlas.dls.gov.bd
==================================================
[+] Domain exhausted. Finishing up: https://nlas.dls.gov.bd
==================================================
[*] STARTING NEW DOMAIN: https://deb112220.dhakaeducationboard.gov.bd
==================================================
[+] Domain exhausted. Finishing up: https://deb112220.dhakaeducationboard.gov.bd
==================================================
[*] STARTING NEW DOMAIN: https://manoharpursecondaryschool.jessoreboard.gov.bd
==================================================
[+] Domain exhausted. Finishing up: https://manoharpursecondaryschool.jessoreboard.gov.bd
==================================================
[*] STARTING NEW DOMAIN: https://badc.bamna.barguna.gov.bd
==================================================
[+] Domain exhausted. Finishing up: https://badc.bamna.barguna.gov.bd
==================================================
[*] STARTING NEW DOMAIN: https://rajnagarup.shariatpur.gov.bd
==================================================
[+] Domain exhausted. Finishing up: https://rajnagarup.shariatpur.gov.bd
==================================================
[*] STARTING NEW DOMAIN: https://khulnauniversityschool.jessoreboard.gov.bd
==================================================
[+] Domain exhausted. Finishing up: https://khulnauniversityschool.jessoreboard.gov.bd
==================================================
[*] STARTING NEW DOMAIN: https://deo.gangni.meherpur.gov.bd
==================================================
[+] Domain exhausted. Finishing up: https://deo.gangni.meherpur.gov.bd
==================================================
[*] STARTING NEW DOMAIN: https://dwa.fatikchhari.chittagong.gov.bd
==================================================
[+] Domain exhausted. Finishing up: https://dwa.fatikchhari.chittagong.gov.bd
==================================================
[*] STARTING NEW DOMAIN: https://deb140254.dhakaeducationboard.gov.bd
==================================================
[+] Domain exhausted. Finishing up: https://deb140254.dhakaeducationboard.gov.bd
==================================================
[*] STARTING NEW DOMAIN: https://dwa.mithapukur.rangpur.gov.bd
==================================================
[+] Domain exhausted. Finishing up: https://dwa.mithapukur.rangpur.gov.bd
==================================================
[*] STARTING NEW DOMAIN: https://cooparative.delduar.tangail.gov.bd
==================================================
[+] Domain exhausted. Finishing up: https://cooparative.delduar.tangail.gov.bd
==================================================
[*] STARTING NEW DOMAIN: https://kadakatiup.satkhira.gov.bd
==================================================
[+] Domain exhausted. Finishing up: https://kadakatiup.satkhira.gov.bd
==================================================
[*] STARTING NEW DOMAIN: https://rhd.panchagarh.gov.bd
==================================================
[+] Domain exhausted. Finishing up: https://rhd.panchagarh.gov.bd
==================================================
[*] STARTING NEW DOMAIN: https://noaparamahilacollege.jessoreboard.gov.bd
==================================================
[+] Domain exhausted. Finishing up: https://noaparamahilacollege.jessoreboard.gov.bd
==================================================
[*] STARTING NEW DOMAIN: https://kasba.brahmanbaria.gov.bd
==================================================
[+] Domain exhausted. Finishing up: https://kasba.brahmanbaria.gov.bd
==================================================
[*] STARTING NEW DOMAIN: https://motelkhagrachhari.parjatan.portal.gov.bd
==================================================
[+] Domain exhausted. Finishing up: https://motelkhagrachhari.parjatan.portal.gov.bd
==================================================
[*] STARTING NEW DOMAIN: https://niklisadarup.kishoreganj.gov.bd
==================================================
[+] Domain exhausted. Finishing up: https://niklisadarup.kishoreganj.gov.bd
==================================================
[*] STARTING NEW DOMAIN: https://eed.bajitpur.kishoreganj.gov.bd
==================================================
[+] Domain exhausted. Finishing up: https://eed.bajitpur.kishoreganj.gov.bd
==================================================
[*] STARTING NEW DOMAIN: https://raighatiup.rajshahi.gov.bd
==================================================
[+] Domain exhausted. Finishing up: https://raighatiup.rajshahi.gov.bd
==================================================
[*] STARTING NEW DOMAIN: https://raorajbari.krishibank.gov.bd
==================================================
[+] Domain exhausted. Finishing up: https://raorajbari.krishibank.gov.bd
==================================================
[*] STARTING NEW DOMAIN: https://ec.naogaon.gov.bd
==================================================
[+] Domain exhausted. Finishing up: https://ec.naogaon.gov.bd
==================================================
[*] STARTING NEW DOMAIN: https://deb114152.dhakaeducationboard.gov.bd
==================================================
[+] Domain exhausted. Finishing up: https://deb114152.dhakaeducationboard.gov.bd
==================================================
[*] STARTING NEW DOMAIN: https://deb190090.dhakaeducationboard.gov.bd
==================================================
[+] Domain exhausted. Finishing up: https://deb190090.dhakaeducationboard.gov.bd
==================================================
[*] STARTING NEW DOMAIN: https://urc.mithapukur.rangpur.gov.bd
==================================================
[+] Domain exhausted. Finishing up: https://urc.mithapukur.rangpur.gov.bd
==================================================
[*] STARTING NEW DOMAIN: https://ec.chitalmari.bagerhat.gov.bd
==================================================
[+] Domain exhausted. Finishing up: https://ec.chitalmari.bagerhat.gov.bd
==================================================
[*] STARTING NEW DOMAIN: https://dwa.nikli.kishoreganj.gov.bd
==================================================
[+] Domain exhausted. Finishing up: https://dwa.nikli.kishoreganj.gov.bd
==================================================
[*] STARTING NEW DOMAIN: https://urc.rupsha.khulna.gov.bd
==================================================
[+] Domain exhausted. Finishing up: https://urc.rupsha.khulna.gov.bd
==================================================
[*] STARTING NEW DOMAIN: https://sadar.gopalganj.gov.bd
==================================================
[+] Domain exhausted. Finishing up: https://sadar.gopalganj.gov.bd
==================================================
[*] STARTING NEW DOMAIN: https://dwa.tungipara.gopalganj.gov.bd
==================================================
[+] Domain exhausted. Finishing up: https://dwa.tungipara.gopalganj.gov.bd
==================================================
[*] STARTING NEW DOMAIN: https://doe.jamalpur.gov.bd
==================================================
[+] Domain exhausted. Finishing up: https://doe.jamalpur.gov.bd
==================================================
[*] STARTING NEW DOMAIN: https://youth.natoresadar.natore.gov.bd
==================================================
[+] Domain exhausted. Finishing up: https://youth.natoresadar.natore.gov.bd
==================================================
[*] STARTING NEW DOMAIN: https://wzpdcl.barisal.gov.bd
==================================================
[+] Domain exhausted. Finishing up: https://wzpdcl.barisal.gov.bd
==================================================
[*] STARTING NEW DOMAIN: https://urc.nabiganj.habiganj.gov.bd
==================================================
[+] Domain exhausted. Finishing up: https://urc.nabiganj.habiganj.gov.bd
==================================================
[*] STARTING NEW DOMAIN: https://post.alfadanga.faridpur.gov.bd
==================================================
[+] Domain exhausted. Finishing up: https://post.alfadanga.faridpur.gov.bd
==================================================
[*] STARTING NEW DOMAIN: https://zso.sharsha.jessore.gov.bd
==================================================
[+] Domain exhausted. Finishing up: https://zso.sharsha.jessore.gov.bd
==================================================
[*] STARTING NEW DOMAIN: http://bmda.pirgonj.rangpur.gov.bd
==================================================
[+] Domain exhausted. Finishing up: http://bmda.pirgonj.rangpur.gov.bd
==================================================
[*] STARTING NEW DOMAIN: https://youth.mohonpur.rajshahi.gov.bd
==================================================
[+] Domain exhausted. Finishing up: https://youth.mohonpur.rajshahi.gov.bd
==================================================
[*] STARTING NEW DOMAIN: https://youth.kotalipara.gopalganj.gov.bd
==================================================
[+] Domain exhausted. Finishing up: https://youth.kotalipara.gopalganj.gov.bd
==================================================
[*] STARTING NEW DOMAIN: https://zso.madhabpur.habiganj.gov.bd
==================================================
[+] Domain exhausted. Finishing up: https://zso.madhabpur.habiganj.gov.bd
==================================================
[*] STARTING NEW DOMAIN: https://urc.keshabpur.jessore.gov.bd
==================================================
[+] Domain exhausted. Finishing up: https://urc.keshabpur.jessore.gov.bd
==================================================
[*] STARTING NEW DOMAIN: https://urc.beanibazar.sylhet.gov.bd
==================================================
[+] Domain exhausted. Finishing up: https://urc.beanibazar.sylhet.gov.bd
==================================================
[*] STARTING NEW DOMAIN: https://youth.kachua.chandpur.gov.bd
==================================================
[+] Domain exhausted. Finishing up: https://youth.kachua.chandpur.gov.bd
==================================================
[*] STARTING NEW DOMAIN: https://wzpdcl.digholia.khulna.gov.bd
==================================================
[+] Domain exhausted. Finishing up: https://wzpdcl.digholia.khulna.gov.bd
==================================================
[*] STARTING NEW DOMAIN: https://youth.rampal.bagerhat.gov.bd
==================================================
[+] Domain exhausted. Finishing up: https://youth.rampal.bagerhat.gov.bd
==================================================
[*] STARTING NEW DOMAIN: https://health.badargonj.rangpur.gov.bd
==================================================
[+] Domain exhausted. Finishing up: https://health.badargonj.rangpur.gov.bd
==================================================
[*] STARTING NEW DOMAIN: https://mail.hbri.gov.bd
==================================================
[+] Domain exhausted. Finishing up: https://mail.hbri.gov.bd
==================================================
[*] STARTING NEW DOMAIN: https://paba.rajshahi.gov.bd
==================================================
[+] Domain exhausted. Finishing up: https://paba.rajshahi.gov.bd
==================================================
[*] STARTING NEW DOMAIN: https://gpo.khulna.gov.bd
==================================================
[+] Domain exhausted. Finishing up: https://gpo.khulna.gov.bd
==================================================
[*] STARTING NEW DOMAIN: https://lgedreg.noakhali.gov.bd
==================================================
[+] Domain exhausted. Finishing up: https://lgedreg.noakhali.gov.bd
==================================================
[*] STARTING NEW DOMAIN: https://dhakarange.police.gov.bd
==================================================
[+] Domain exhausted. Finishing up: https://dhakarange.police.gov.bd
==================================================
[*] STARTING NEW DOMAIN: https://ctgreg.touristpolice.gov.bd
==================================================
[+] Domain exhausted. Finishing up: https://ctgreg.touristpolice.gov.bd
==================================================
[*] STARTING NEW DOMAIN: https://jsbgmsc.jessoreboard.gov.bd
==================================================
[+] Domain exhausted. Finishing up: https://jsbgmsc.jessoreboard.gov.bd
==================================================
[*] STARTING NEW DOMAIN: https://palashbari.gaibandha.gov.bd
==================================================
[+] Domain exhausted. Finishing up: https://palashbari.gaibandha.gov.bd
==================================================
[*] STARTING NEW DOMAIN: https://axleload.rhd.gov.bd
==================================================
[+] Domain exhausted. Finishing up: https://axleload.rhd.gov.bd
==================================================
[*] STARTING NEW DOMAIN: https://identity.nise.gov.bd
==================================================
[+] Domain exhausted. Finishing up: https://identity.nise.gov.bd
==================================================
[*] STARTING NEW DOMAIN: https://nesco.joypurhat.gov.bd
==================================================
[+] Domain exhausted. Finishing up: https://nesco.joypurhat.gov.bd
==================================================
[*] STARTING NEW DOMAIN: https://police.ajmiriganj.habiganj.gov.bd
==================================================
[+] Domain exhausted. Finishing up: https://police.ajmiriganj.habiganj.gov.bd
==================================================
[*] STARTING NEW DOMAIN: https://islamicfoundation.rangpur.gov.bd
==================================================
[+] Domain exhausted. Finishing up: https://islamicfoundation.rangpur.gov.bd
==================================================
[*] STARTING NEW DOMAIN: https://nagdkantarammemorialunitedacademy.jessoreboard.gov.bd
==================================================
[+] Domain exhausted. Finishing up: https://nagdkantarammemorialunitedacademy.jessoreboard.gov.bd
==================================================
[*] STARTING NEW DOMAIN: https://police.madaripur.gov.bd
==================================================
[+] Domain exhausted. Finishing up: https://police.madaripur.gov.bd
==================================================
[*] STARTING NEW DOMAIN: https://fpo.ghoraghat.dinajpur.gov.bd
==================================================
[+] Domain exhausted. Finishing up: https://fpo.ghoraghat.dinajpur.gov.bd
==================================================
[*] STARTING NEW DOMAIN: https://lged.singra.natore.gov.bd
==================================================
[+] Domain exhausted. Finishing up: https://lged.singra.natore.gov.bd
==================================================
[*] STARTING NEW DOMAIN: https://pbs.mohadevpur.naogaon.gov.bd
==================================================
[+] Domain exhausted. Finishing up: https://pbs.mohadevpur.naogaon.gov.bd
==================================================
[*] STARTING NEW DOMAIN: https://fisheries.koyra.khulna.gov.bd
==================================================
[+] Domain exhausted. Finishing up: https://fisheries.koyra.khulna.gov.bd
==================================================
[*] STARTING NEW DOMAIN: https://fsmf.thakurgaon.gov.bd
==================================================
[+] Domain exhausted. Finishing up: https://fsmf.thakurgaon.gov.bd
==================================================
[*] STARTING NEW DOMAIN: https://kutubpurup.rangpur.gov.bd
==================================================
[+] Domain exhausted. Finishing up: https://kutubpurup.rangpur.gov.bd
==================================================
[*] STARTING NEW DOMAIN: https://panchagarh.gov.bd
==================================================
[+] Domain exhausted. Finishing up: https://panchagarh.gov.bd
==================================================
[*] STARTING NEW DOMAIN: https://gafargaon.mymensingh.gov.bd
==================================================
[+] Domain exhausted. Finishing up: https://gafargaon.mymensingh.gov.bd
==================================================
[*] STARTING NEW DOMAIN: https://lgedreg.bogra.gov.bd
==================================================
[+] Domain exhausted. Finishing up: https://lgedreg.bogra.gov.bd
==================================================
[*] STARTING NEW DOMAIN: https://pdbf.sadullapur.gaibandha.gov.bd
==================================================
[+] Domain exhausted. Finishing up: https://pdbf.sadullapur.gaibandha.gov.bd
==================================================
[*] STARTING NEW DOMAIN: https://fpo.tahirpur.sunamganj.gov.bd
==================================================
[+] Domain exhausted. Finishing up: https://fpo.tahirpur.sunamganj.gov.bd
==================================================
[*] STARTING NEW DOMAIN: https://khetlal.joypurhat.gov.bd
==================================================
[+] Domain exhausted. Finishing up: https://khetlal.joypurhat.gov.bd
==================================================
[*] STARTING NEW DOMAIN: https://paurashava.gosairhat.shariatpur.gov.bd
==================================================
[+] Domain exhausted. Finishing up: https://paurashava.gosairhat.shariatpur.gov.bd
==================================================
[*] STARTING NEW DOMAIN: https://youth.manikchari.khagrachhari.gov.bd
==================================================
[+] Domain exhausted. Finishing up: https://youth.manikchari.khagrachhari.gov.bd
==================================================
[*] STARTING NEW DOMAIN: https://kharijathaksecondaryschool.jessoreboard.gov.bd
==================================================
[+] Domain exhausted. Finishing up: https://kharijathaksecondaryschool.jessoreboard.gov.bd
==================================================
[*] STARTING NEW DOMAIN: https://palercharup.shariatpur.gov.bd
==================================================
[+] Domain exhausted. Finishing up: https://palercharup.shariatpur.gov.bd
==================================================
[*] STARTING NEW DOMAIN: https://post.lalmohan.bhola.gov.bd
==================================================
[+] Domain exhausted. Finishing up: https://post.lalmohan.bhola.gov.bd
==================================================
[*] STARTING NEW DOMAIN: https://fsmf.mehendiganj.barisal.gov.bd
==================================================
[+] Domain exhausted. Finishing up: https://fsmf.mehendiganj.barisal.gov.bd
==================================================
[*] STARTING NEW DOMAIN: https://lged.monohargonj.comilla.gov.bd
==================================================
[+] Domain exhausted. Finishing up: https://lged.monohargonj.comilla.gov.bd
==================================================
[*] STARTING NEW DOMAIN: https://pio.boalkhali.chittagong.gov.bd
==================================================
[+] Domain exhausted. Finishing up: https://pio.boalkhali.chittagong.gov.bd
==================================================
[*] STARTING NEW DOMAIN: https://fpo.rangunia.chittagong.gov.bd
==================================================
[+] Domain exhausted. Finishing up: https://fpo.rangunia.chittagong.gov.bd
==================================================
[*] STARTING NEW DOMAIN: https://kutubpurup.madaripur.gov.bd
==================================================
[+] Domain exhausted. Finishing up: https://kutubpurup.madaripur.gov.bd
==================================================
[*] STARTING NEW DOMAIN: https://pbs1.bogra.gov.bd
==================================================
[+] Domain exhausted. Finishing up: https://pbs1.bogra.gov.bd
==================================================
[*] STARTING NEW DOMAIN: https://butex.portal.gov.bd
==================================================
[+] Domain exhausted. Finishing up: https://butex.portal.gov.bd
==================================================
[*] STARTING NEW DOMAIN: https://kandigaonup.sylhet.gov.bd
==================================================
[+] Domain exhausted. Finishing up: https://kandigaonup.sylhet.gov.bd
==================================================
[*] STARTING NEW DOMAIN: https://pdbf.mithapukur.rangpur.gov.bd
==================================================
[+] Domain exhausted. Finishing up: https://pdbf.mithapukur.rangpur.gov.bd
==================================================
[*] STARTING NEW DOMAIN: https://ansarvdp.sadar.noakhali.gov.bd
==================================================
[+] Domain exhausted. Finishing up: https://ansarvdp.sadar.noakhali.gov.bd
==================================================
[*] STARTING NEW DOMAIN: https://health.kotchandpur.jhenaidah.gov.bd
==================================================
[+] Domain exhausted. Finishing up: https://health.kotchandpur.jhenaidah.gov.bd
==================================================
[*] STARTING NEW DOMAIN: https://mail.flid.gov.bd
==================================================
[+] Domain exhausted. Finishing up: https://mail.flid.gov.bd
==================================================
[*] STARTING NEW DOMAIN: https://police.parshuram.feni.gov.bd
==================================================
[+] Domain exhausted. Finishing up: https://police.parshuram.feni.gov.bd
==================================================
[*] STARTING NEW DOMAIN: https://fpo.ramgati.lakshmipur.gov.bd
==================================================
[+] Domain exhausted. Finishing up: https://fpo.ramgati.lakshmipur.gov.bd
==================================================
[*] STARTING NEW DOMAIN: https://loknathpurcoeducationsecondaryschool.jessoreboard.gov.bd
==================================================
[+] Domain exhausted. Finishing up: https://loknathpurcoeducationsecondaryschool.jessoreboard.gov.bd
==================================================
[*] STARTING NEW DOMAIN: https://pio.madan.netrokona.gov.bd
==================================================
[+] Domain exhausted. Finishing up: https://pio.madan.netrokona.gov.bd
==================================================
[*] STARTING NEW DOMAIN: https://food.shibchar.madaripur.gov.bd
==================================================
[+] Domain exhausted. Finishing up: https://food.shibchar.madaripur.gov.bd
==================================================
[*] STARTING NEW DOMAIN: https://kachinaup.mymensingh.gov.bd
==================================================
[+] Domain exhausted. Finishing up: https://kachinaup.mymensingh.gov.bd
==================================================
[*] STARTING NEW DOMAIN: https://pio.karnafuli.chittagong.gov.bd
==================================================
[+] Domain exhausted. Finishing up: https://pio.karnafuli.chittagong.gov.bd
==================================================
[*] STARTING NEW DOMAIN: https://fpo.kalukhali.rajbari.gov.bd
==================================================
[+] Domain exhausted. Finishing up: https://fpo.kalukhali.rajbari.gov.bd
==================================================
[*] STARTING NEW DOMAIN: https://kuadahasecondarygirlsschool.jessoreboard.gov.bd
==================================================
[+] Domain exhausted. Finishing up: https://kuadahasecondarygirlsschool.jessoreboard.gov.bd
==================================================
[*] STARTING NEW DOMAIN: https://pdbf.lalmohan.bhola.gov.bd
==================================================
[+] Domain exhausted. Finishing up: https://pdbf.lalmohan.bhola.gov.bd
==================================================
[*] STARTING NEW DOMAIN: https://fisheries.sirajganj.gov.bd
==================================================
[+] Domain exhausted. Finishing up: https://fisheries.sirajganj.gov.bd
==================================================
[*] STARTING NEW DOMAIN: https://islamicfoundation.sherpur.gov.bd
==================================================
[+] Domain exhausted. Finishing up: https://islamicfoundation.sherpur.gov.bd
==================================================
[*] STARTING NEW DOMAIN: https://paduaacl.lohagara.chittagong.gov.bd
==================================================
[+] Domain exhausted. Finishing up: https://paduaacl.lohagara.chittagong.gov.bd
==================================================
[*] STARTING NEW DOMAIN: https://post.tetulia.panchagarh.gov.bd
==================================================
[+] Domain exhausted. Finishing up: https://post.tetulia.panchagarh.gov.bd
==================================================
[*] STARTING NEW DOMAIN: https://health.shalikha.magura.gov.bd
==================================================
[+] Domain exhausted. Finishing up: https://health.shalikha.magura.gov.bd
==================================================
[*] STARTING NEW DOMAIN: https://manikhatup.pabna.gov.bd
==================================================
[+] Domain exhausted. Finishing up: https://manikhatup.pabna.gov.bd
==================================================
[*] STARTING NEW DOMAIN: https://police.botiaghata.khulna.gov.bd
==================================================
[+] Domain exhausted. Finishing up: https://police.botiaghata.khulna.gov.bd
==================================================
[*] STARTING NEW DOMAIN: https://gcbadarshacollege.jessoreboard.gov.bd
==================================================
[+] Domain exhausted. Finishing up: https://gcbadarshacollege.jessoreboard.gov.bd
==================================================
[*] STARTING NEW DOMAIN: https://mail.jamuka.gov.bd
==================================================
[+] Domain exhausted. Finishing up: https://mail.jamuka.gov.bd
==================================================
[*] STARTING NEW DOMAIN: https://police.morrelganj.bagerhat.gov.bd
==================================================
[+] Domain exhausted. Finishing up: https://police.morrelganj.bagerhat.gov.bd
==================================================
[*] STARTING NEW DOMAIN: https://garmoraup.comilla.gov.bd
==================================================
[+] Domain exhausted. Finishing up: https://garmoraup.comilla.gov.bd
==================================================
[*] STARTING NEW DOMAIN: https://lemsikhaliup.coxsbazar.gov.bd
==================================================
[+] Domain exhausted. Finishing up: https://lemsikhaliup.coxsbazar.gov.bd
==================================================
[*] STARTING NEW DOMAIN: https://pdbf.melandah.jamalpur.gov.bd
==================================================
[+] Domain exhausted. Finishing up: https://pdbf.melandah.jamalpur.gov.bd
==================================================
[*] STARTING NEW DOMAIN: https://goaldangafakirbarisecondaryschool.jessoreboard.gov.bd
==================================================
[+] Domain exhausted. Finishing up: https://goaldangafakirbarisecondaryschool.jessoreboard.gov.bd
==================================================
[*] STARTING NEW DOMAIN: https://mgmcl.gov.bd
==================================================
[+] Domain exhausted. Finishing up: https://mgmcl.gov.bd
==================================================
[*] STARTING NEW DOMAIN: https://pdbf.terokhada.khulna.gov.bd
==================================================
[+] Domain exhausted. Finishing up: https://pdbf.terokhada.khulna.gov.bd
==================================================
[*] STARTING NEW DOMAIN: https://forest.sadar.munshiganj.gov.bd
==================================================
[+] Domain exhausted. Finishing up: https://forest.sadar.munshiganj.gov.bd
==================================================
[*] STARTING NEW DOMAIN: https://kushtia.gov.bd
==================================================
[+] Domain exhausted. Finishing up: https://kushtia.gov.bd
==================================================
[*] STARTING NEW DOMAIN: https://deb110547.dhakaeducationboard.gov.bd
==================================================
[+] Domain exhausted. Finishing up: https://deb110547.dhakaeducationboard.gov.bd
==================================================
[*] STARTING NEW DOMAIN: https://health.bhedarganj.shariatpur.gov.bd
==================================================
[+] Domain exhausted. Finishing up: https://health.bhedarganj.shariatpur.gov.bd
==================================================
[*] STARTING NEW DOMAIN: https://mail.npo.gov.bd
==================================================
[+] Domain exhausted. Finishing up: https://mail.npo.gov.bd
==================================================
[*] STARTING NEW DOMAIN: https://food.baliadangi.thakurgaon.gov.bd
==================================================
[+] Domain exhausted. Finishing up: https://food.baliadangi.thakurgaon.gov.bd
==================================================
[*] STARTING NEW DOMAIN: https://jessoreboard.gov.bd
==================================================
[+] Domain exhausted. Finishing up: https://jessoreboard.gov.bd
==================================================
[*] STARTING NEW DOMAIN: https://parerhatup.pirojpur.gov.bd
==================================================
[+] Domain exhausted. Finishing up: https://parerhatup.pirojpur.gov.bd
==================================================
[*] STARTING NEW DOMAIN: https://pozip.ishurdi.pabna.gov.bd
==================================================
[+] Domain exhausted. Finishing up: https://pozip.ishurdi.pabna.gov.bd
==================================================
[*] STARTING NEW DOMAIN: https://incometax.gov.bd
==================================================
[+] Domain exhausted. Finishing up: https://incometax.gov.bd
==================================================
[*] STARTING NEW DOMAIN: https://nepaup.jhenaidah.gov.bd
==================================================
[+] Domain exhausted. Finishing up: https://nepaup.jhenaidah.gov.bd
==================================================
[*] STARTING NEW DOMAIN: https://post.chhagalnaiya.feni.gov.bd
==================================================
[+] Domain exhausted. Finishing up: https://post.chhagalnaiya.feni.gov.bd
==================================================
[*] STARTING NEW DOMAIN: https://health.alikadam.bandarban.gov.bd
==================================================
[+] Domain exhausted. Finishing up: https://health.alikadam.bandarban.gov.bd
==================================================
[*] STARTING NEW DOMAIN: https://mail.lged.gov.bd
==================================================
[+] Domain exhausted. Finishing up: https://mail.lged.gov.bd
==================================================
[*] STARTING NEW DOMAIN: https://pds.dls.gov.bd
==================================================
[+] Domain exhausted. Finishing up: https://pds.dls.gov.bd
==================================================
[*] STARTING NEW DOMAIN: https://food.muladi.barisal.gov.bd
==================================================
[+] Domain exhausted. Finishing up: https://food.muladi.barisal.gov.bd
==================================================
[*] STARTING NEW DOMAIN: https://hirimdiagovtprimaryschool.jessoreboard.gov.bd
==================================================
[+] Domain exhausted. Finishing up: https://hirimdiagovtprimaryschool.jessoreboard.gov.bd
==================================================
[*] STARTING NEW DOMAIN: https://pozip.raozan.chittagong.gov.bd
==================================================
[+] Domain exhausted. Finishing up: https://pozip.raozan.chittagong.gov.bd
==================================================
[*] STARTING NEW DOMAIN: https://urc.senbug.noakhali.gov.bd
==================================================
[+] Domain exhausted. Finishing up: https://urc.senbug.noakhali.gov.bd
==================================================
[*] STARTING NEW DOMAIN: https://seo.bagmara.rajshahi.gov.bd
==================================================
[+] Domain exhausted. Finishing up: https://seo.bagmara.rajshahi.gov.bd
==================================================
[*] STARTING NEW DOMAIN: https://youth.monohargonj.comilla.gov.bd
==================================================
[+] Domain exhausted. Finishing up: https://youth.monohargonj.comilla.gov.bd
==================================================
[*] STARTING NEW DOMAIN: https://youth.ramgarh.khagrachhari.gov.bd
==================================================
[+] Domain exhausted. Finishing up: https://youth.ramgarh.khagrachhari.gov.bd
==================================================
[*] STARTING NEW DOMAIN: http://ahamedalisardarsecondaryschool.jessoreboard.gov.bd
==================================================
[+] Domain exhausted. Finishing up: http://ahamedalisardarsecondaryschool.jessoreboard.gov.bd
==================================================
[*] STARTING NEW DOMAIN: https://sfdf.bauphal.patuakhali.gov.bd
==================================================
[+] Domain exhausted. Finishing up: https://sfdf.bauphal.patuakhali.gov.bd
==================================================
[*] STARTING NEW DOMAIN: https://zphabiganj.gov.bd
==================================================
[+] Domain exhausted. Finishing up: https://zphabiganj.gov.bd
==================================================
[*] STARTING NEW DOMAIN: https://youth.sarail.brahmanbaria.gov.bd
==================================================
[+] Domain exhausted. Finishing up: https://youth.sarail.brahmanbaria.gov.bd
==================================================
[*] STARTING NEW DOMAIN: https://youth.muksudpur.gopalganj.gov.bd
==================================================
[+] Domain exhausted. Finishing up: https://youth.muksudpur.gopalganj.gov.bd
==================================================
[*] STARTING NEW DOMAIN: https://urc.sadar.chandpur.gov.bd
==================================================
[+] Domain exhausted. Finishing up: https://urc.sadar.chandpur.gov.bd
==================================================
[*] STARTING NEW DOMAIN: https://savings.kushtia.gov.bd
==================================================
[+] Domain exhausted. Finishing up: https://savings.kushtia.gov.bd
==================================================
[*] STARTING NEW DOMAIN: https://ssd.portal.gov.bd
==================================================
[+] Domain exhausted. Finishing up: https://ssd.portal.gov.bd
==================================================
[*] STARTING NEW DOMAIN: https://totthoapa.hatibandha.lalmonirhat.gov.bd
==================================================
[+] Domain exhausted. Finishing up: https://totthoapa.hatibandha.lalmonirhat.gov.bd
==================================================
[*] STARTING NEW DOMAIN: https://juddawestup.comilla.gov.bd
==================================================
[+] Domain exhausted. Finishing up: https://juddawestup.comilla.gov.bd
==================================================
[*] STARTING NEW DOMAIN: https://so.pathorghata.barguna.gov.bd
==================================================
[+] Domain exhausted. Finishing up: https://so.pathorghata.barguna.gov.bd
==================================================
[*] STARTING NEW DOMAIN: https://so.taltali.barguna.gov.bd
==================================================
[+] Domain exhausted. Finishing up: https://so.taltali.barguna.gov.bd
==================================================
[*] STARTING NEW DOMAIN: https://sports.chapainawabganj.gov.bd
==================================================
[+] Domain exhausted. Finishing up: https://sports.chapainawabganj.gov.bd
==================================================
[*] STARTING NEW DOMAIN: https://sundalisecondarygirlsschool.jessoreboard.gov.bd
==================================================
[+] Domain exhausted. Finishing up: https://sundalisecondarygirlsschool.jessoreboard.gov.bd
==================================================
[*] STARTING NEW DOMAIN: https://tti.bitac.gov.bd
==================================================
[+] Domain exhausted. Finishing up: https://tti.bitac.gov.bd
==================================================
[*] STARTING NEW DOMAIN: https://sr.moulvibazarsadar.moulvibazar.gov.bd
==================================================
[+] Domain exhausted. Finishing up: https://sr.moulvibazarsadar.moulvibazar.gov.bd
==================================================
[*] STARTING NEW DOMAIN: https://satellitetownhighschool.jessoreboard.gov.bd
==================================================
[+] Domain exhausted. Finishing up: https://satellitetownhighschool.jessoreboard.gov.bd
==================================================
[*] STARTING NEW DOMAIN: https://terailjorepukuriacollege.jessoreboard.gov.bd
==================================================
[+] Domain exhausted. Finishing up: https://terailjorepukuriacollege.jessoreboard.gov.bd
==================================================
[*] STARTING NEW DOMAIN: https://sttc.gov.bd
==================================================
[+] Domain exhausted. Finishing up: https://sttc.gov.bd
==================================================
[*] STARTING NEW DOMAIN: https://tsc.bandarban.gov.bd
==================================================
[+] Domain exhausted. Finishing up: https://tsc.bandarban.gov.bd
==================================================
[*] STARTING NEW DOMAIN: https://ttcpaikgasa.khulna.gov.bd
==================================================
[+] Domain exhausted. Finishing up: https://ttcpaikgasa.khulna.gov.bd
==================================================
[*] STARTING NEW DOMAIN: https://telecom-police.portal.gov.bd
==================================================
[+] Domain exhausted. Finishing up: https://telecom-police.portal.gov.bd
==================================================
[*] STARTING NEW DOMAIN: https://ttcchitalmari.bagerhat.gov.bd
==================================================
[+] Domain exhausted. Finishing up: https://ttcchitalmari.bagerhat.gov.bd
==================================================
[*] STARTING NEW DOMAIN: https://ssniketankhalishpursecondaryschool.jessoreboard.gov.bd
==================================================
[+] Domain exhausted. Finishing up: https://ssniketankhalishpursecondaryschool.jessoreboard.gov.bd
==================================================
[*] STARTING NEW DOMAIN: https://sandhanpurup.tangail.gov.bd
==================================================
[+] Domain exhausted. Finishing up: https://sandhanpurup.tangail.gov.bd
==================================================
[*] STARTING NEW DOMAIN: https://rab.satkhirasadar.satkhira.gov.bd
==================================================
[+] Domain exhausted. Finishing up: https://rab.satkhirasadar.satkhira.gov.bd
==================================================
[*] STARTING NEW DOMAIN: https://ramgarh.khagrachhari.gov.bd
==================================================
[+] Domain exhausted. Finishing up: https://ramgarh.khagrachhari.gov.bd
==================================================
[*] STARTING NEW DOMAIN: https://deb111797.dhakaeducationboard.gov.bd
==================================================
[+] Domain exhausted. Finishing up: https://deb111797.dhakaeducationboard.gov.bd
==================================================
[*] STARTING NEW DOMAIN: https://nctb.gov.bd
==================================================
[+] Domain exhausted. Finishing up: https://nctb.gov.bd
==================================================
[*] STARTING NEW DOMAIN: https://mominpur.chuadanga.gov.bd
==================================================
[+] Domain exhausted. Finishing up: https://mominpur.chuadanga.gov.bd
==================================================
[*] STARTING NEW DOMAIN: https://rosemarypilotjuniorhighschool.jessoreboard.gov.bd
==================================================
[+] Domain exhausted. Finishing up: https://rosemarypilotjuniorhighschool.jessoreboard.gov.bd
==================================================
[*] STARTING NEW DOMAIN: https://dhis2tracker.dghs.gov.bd
==================================================
[+] Domain exhausted. Finishing up: https://dhis2tracker.dghs.gov.bd
==================================================
[*] STARTING NEW DOMAIN: https://deb138885.dhakaeducationboard.gov.bd
==================================================
[+] Domain exhausted. Finishing up: https://deb138885.dhakaeducationboard.gov.bd
==================================================
[*] STARTING NEW DOMAIN: https://asu.nagarpur.tangail.gov.bd
==================================================
[+] Domain exhausted. Finishing up: https://asu.nagarpur.tangail.gov.bd
==================================================
[*] STARTING NEW DOMAIN: https://baradiup.narayanganj.gov.bd
==================================================
[+] Domain exhausted. Finishing up: https://baradiup.narayanganj.gov.bd
==================================================
[*] STARTING NEW DOMAIN: https://baroparaup2.comilla.gov.bd
==================================================
[+] Domain exhausted. Finishing up: https://baroparaup2.comilla.gov.bd
==================================================
[*] STARTING NEW DOMAIN: https://kulaghatup.lalmonirhat.gov.bd
==================================================
[+] Domain exhausted. Finishing up: https://kulaghatup.lalmonirhat.gov.bd
==================================================
[*] STARTING NEW DOMAIN: https://publiclibrary.noakhali.gov.bd
==================================================
[+] Domain exhausted. Finishing up: https://publiclibrary.noakhali.gov.bd
==================================================
[*] STARTING NEW DOMAIN: http://automation.sib.gov.bd
==================================================
[+] Domain exhausted. Finishing up: http://automation.sib.gov.bd
==================================================
[*] STARTING NEW DOMAIN: https://nilgonjup.patuakhali.gov.bd
==================================================
[+] Domain exhausted. Finishing up: https://nilgonjup.patuakhali.gov.bd
==================================================
[*] STARTING NEW DOMAIN: https://deb137028.dhakaeducationboard.gov.bd
==================================================
[+] Domain exhausted. Finishing up: https://deb137028.dhakaeducationboard.gov.bd
==================================================
[*] STARTING NEW DOMAIN: https://cdillims.dls.gov.bd
==================================================
[+] Domain exhausted. Finishing up: https://cdillims.dls.gov.bd
==================================================
[*] STARTING NEW DOMAIN: https://acl.kalmakanda.netrokona.gov.bd
==================================================
[+] Domain exhausted. Finishing up: https://acl.kalmakanda.netrokona.gov.bd
==================================================
[*] STARTING NEW DOMAIN: https://dss.kurigramsadar.kurigram.gov.bd
==================================================
[+] Domain exhausted. Finishing up: https://dss.kurigramsadar.kurigram.gov.bd
==================================================
[*] STARTING NEW DOMAIN: https://deb109349.dhakaeducationboard.gov.bd
==================================================
[+] Domain exhausted. Finishing up: https://deb109349.dhakaeducationboard.gov.bd
==================================================
[*] STARTING NEW DOMAIN: https://asmasarwarsecondarygirlsschool.jessoreboard.gov.bd
==================================================
[+] Domain exhausted. Finishing up: https://asmasarwarsecondarygirlsschool.jessoreboard.gov.bd
==================================================
[*] STARTING NEW DOMAIN: https://darikandiup.brahmanbaria.gov.bd
==================================================
[+] Domain exhausted. Finishing up: https://darikandiup.brahmanbaria.gov.bd
==================================================
[*] STARTING NEW DOMAIN: https://malonchijuniorhighschol.jessoreboard.gov.bd
==================================================
[+] Domain exhausted. Finishing up: https://malonchijuniorhighschol.jessoreboard.gov.bd
==================================================
[*] STARTING NEW DOMAIN: https://ankara.mofa.gov.bd
==================================================
[+] Domain exhausted. Finishing up: https://ankara.mofa.gov.bd
==================================================
[*] STARTING NEW DOMAIN: https://barisalsadar.barisal.gov.bd
==================================================
[+] Domain exhausted. Finishing up: https://barisalsadar.barisal.gov.bd
==================================================
[*] STARTING NEW DOMAIN: https://anandabasgirlssecondaryschool.jessoreboard.gov.bd
==================================================
[+] Domain exhausted. Finishing up: https://anandabasgirlssecondaryschool.jessoreboard.gov.bd
==================================================
[*] STARTING NEW DOMAIN: https://cooparative.tangail.gov.bd
==================================================
[+] Domain exhausted. Finishing up: https://cooparative.tangail.gov.bd
==================================================
[*] STARTING NEW DOMAIN: https://sfdf.mithapukur.rangpur.gov.bd
==================================================
[+] Domain exhausted. Finishing up: https://sfdf.mithapukur.rangpur.gov.bd
==================================================
[*] STARTING NEW DOMAIN: https://atiarrahmansecondarygirlsschool.jessoreboard.gov.bd
==================================================
[+] Domain exhausted. Finishing up: https://atiarrahmansecondarygirlsschool.jessoreboard.gov.bd
==================================================
[*] STARTING NEW DOMAIN: https://brdb.khulna.gov.bd
==================================================
[+] Domain exhausted. Finishing up: https://brdb.khulna.gov.bd
==================================================
[*] STARTING NEW DOMAIN: https://dao.kalai.joypurhat.gov.bd
==================================================
[+] Domain exhausted. Finishing up: https://dao.kalai.joypurhat.gov.bd
==================================================
[*] STARTING NEW DOMAIN: https://raobhola.krishibank.gov.bd
==================================================
[+] Domain exhausted. Finishing up: https://raobhola.krishibank.gov.bd
==================================================
[*] STARTING NEW DOMAIN: https://kabakhaliup.khagrachhari.gov.bd
==================================================
[+] Domain exhausted. Finishing up: https://kabakhaliup.khagrachhari.gov.bd
==================================================
[*] STARTING NEW DOMAIN: http://slp.blpa.gov.bd
==================================================
[+] Domain exhausted. Finishing up: http://slp.blpa.gov.bd
==================================================
[*] STARTING NEW DOMAIN: https://bbs.sadar.jhenaidah.gov.bd
==================================================
[+] Domain exhausted. Finishing up: https://bbs.sadar.jhenaidah.gov.bd
==================================================
[*] STARTING NEW DOMAIN: https://fireservice.sirajganjsadar.sirajganj.gov.bd
==================================================
[+] Domain exhausted. Finishing up: https://fireservice.sirajganjsadar.sirajganj.gov.bd
==================================================
[*] STARTING NEW DOMAIN: https://binapanigovtprimaryschool.jessoreboard.gov.bd
==================================================
[+] Domain exhausted. Finishing up: https://binapanigovtprimaryschool.jessoreboard.gov.bd
==================================================
[*] STARTING NEW DOMAIN: https://bbs.derai.sunamganj.gov.bd
==================================================
[+] Domain exhausted. Finishing up: https://bbs.derai.sunamganj.gov.bd
==================================================
[*] STARTING NEW DOMAIN: https://chinishpurup.narsingdi.gov.bd
==================================================
[+] Domain exhausted. Finishing up: https://chinishpurup.narsingdi.gov.bd
==================================================
[*] STARTING NEW DOMAIN: http://urc.rajapur.jhalakathi.gov.bd
==================================================
[+] Domain exhausted. Finishing up: http://urc.rajapur.jhalakathi.gov.bd
==================================================
[*] STARTING NEW DOMAIN: https://btcl.naogaon.gov.bd
==================================================
[+] Domain exhausted. Finishing up: https://btcl.naogaon.gov.bd
==================================================
[*] STARTING NEW DOMAIN: https://brdb.boalmari.faridpur.gov.bd
==================================================
[+] Domain exhausted. Finishing up: https://brdb.boalmari.faridpur.gov.bd
==================================================
[*] STARTING NEW DOMAIN: http://saherkhaliup.chittagong.gov.bd
==================================================
[+] Domain exhausted. Finishing up: http://saherkhaliup.chittagong.gov.bd
==================================================
[*] STARTING NEW DOMAIN: https://nabiganj.habiganj.gov.bd
==================================================
[+] Domain exhausted. Finishing up: https://nabiganj.habiganj.gov.bd
==================================================
[*] STARTING NEW DOMAIN: https://ansarvdp.barguna.gov.bd
==================================================
[+] Domain exhausted. Finishing up: https://ansarvdp.barguna.gov.bd
==================================================
[*] STARTING NEW DOMAIN: https://elangiup.jhenaidah.gov.bd
==================================================
[+] Domain exhausted. Finishing up: https://elangiup.jhenaidah.gov.bd
==================================================
[*] STARTING NEW DOMAIN: https://deb109466.dhakaeducationboard.gov.bd
==================================================
[+] Domain exhausted. Finishing up: https://deb109466.dhakaeducationboard.gov.bd
==================================================
[*] STARTING NEW DOMAIN: https://dao.sarishabari.jamalpur.gov.bd
==================================================
[+] Domain exhausted. Finishing up: https://dao.sarishabari.jamalpur.gov.bd
==================================================
[*] STARTING NEW DOMAIN: https://dwa.austagram.kishoreganj.gov.bd
==================================================
[+] Domain exhausted. Finishing up: https://dwa.austagram.kishoreganj.gov.bd
==================================================
[*] STARTING NEW DOMAIN: https://dss.durgapur.netrokona.gov.bd
==================================================
[+] Domain exhausted. Finishing up: https://dss.durgapur.netrokona.gov.bd
==================================================
[*] STARTING NEW DOMAIN: https://fpo.rajshahidiv.gov.bd
==================================================
[+] Domain exhausted. Finishing up: https://fpo.rajshahidiv.gov.bd
==================================================
[*] STARTING NEW DOMAIN: https://fertilizerbadc.rangpur.gov.bd
==================================================
[+] Domain exhausted. Finishing up: https://fertilizerbadc.rangpur.gov.bd
==================================================
[*] STARTING NEW DOMAIN: https://deb109336.dhakaeducationboard.gov.bd
==================================================
[+] Domain exhausted. Finishing up: https://deb109336.dhakaeducationboard.gov.bd
==================================================
[*] STARTING NEW DOMAIN: https://dphe.bishwanath.sylhet.gov.bd
==================================================
[+] Domain exhausted. Finishing up: https://dphe.bishwanath.sylhet.gov.bd
==================================================
[*] STARTING NEW DOMAIN: https://deb109341.dhakaeducationboard.gov.bd
==================================================
[+] Domain exhausted. Finishing up: https://deb109341.dhakaeducationboard.gov.bd
==================================================
[*] STARTING NEW DOMAIN: https://ansarvdp.mymensinghdiv.gov.bd
==================================================
[+] Domain exhausted. Finishing up: https://ansarvdp.mymensinghdiv.gov.bd
==================================================
[*] STARTING NEW DOMAIN: https://deb108002.dhakaeducationboard.gov.bd
==================================================
[+] Domain exhausted. Finishing up: https://deb108002.dhakaeducationboard.gov.bd
==================================================
[*] STARTING NEW DOMAIN: https://seo.nagarkanda.faridpur.gov.bd
==================================================
[+] Domain exhausted. Finishing up: https://seo.nagarkanda.faridpur.gov.bd
==================================================
[*] STARTING NEW DOMAIN: https://ansarvdp.khulna.gov.bd
==================================================
[+] Domain exhausted. Finishing up: https://ansarvdp.khulna.gov.bd
==================================================
[*] STARTING NEW DOMAIN: https://seo.hatia.noakhali.gov.bd
==================================================
[+] Domain exhausted. Finishing up: https://seo.hatia.noakhali.gov.bd
==================================================
[*] STARTING NEW DOMAIN: https://hartakitalaurfulsmritisecondaryschool.jessoreboard.gov.bd
==================================================
[+] Domain exhausted. Finishing up: https://hartakitalaurfulsmritisecondaryschool.jessoreboard.gov.bd
==================================================
[*] STARTING NEW DOMAIN: https://drro.netrokona.gov.bd
==================================================
[+] Domain exhausted. Finishing up: https://drro.netrokona.gov.bd
==================================================
[*] STARTING NEW DOMAIN: https://ttc.jessore.gov.bd
==================================================
[+] Domain exhausted. Finishing up: https://ttc.jessore.gov.bd
==================================================
[*] STARTING NEW DOMAIN: https://sheelaraychowdhurysecondaryschool.jessoreboard.gov.bd
==================================================
[+] Domain exhausted. Finishing up: https://sheelaraychowdhurysecondaryschool.jessoreboard.gov.bd
==================================================
[*] STARTING NEW DOMAIN: https://brdb.hajiganj.chandpur.gov.bd
==================================================
[+] Domain exhausted. Finishing up: https://brdb.hajiganj.chandpur.gov.bd
==================================================
[*] STARTING NEW DOMAIN: https://sr.kamarkhand.sirajganj.gov.bd
==================================================
[+] Domain exhausted. Finishing up: https://sr.kamarkhand.sirajganj.gov.bd
==================================================
[*] STARTING NEW DOMAIN: https://bhataraup.jamalpur.gov.bd
==================================================
[+] Domain exhausted. Finishing up: https://bhataraup.jamalpur.gov.bd
==================================================
[*] STARTING NEW DOMAIN: https://bwdb.rajshahidiv.gov.bd
==================================================
[+] Domain exhausted. Finishing up: https://bwdb.rajshahidiv.gov.bd
==================================================
[*] STARTING NEW DOMAIN: https://cooperative.rowmari.kurigram.gov.bd
==================================================
[+] Domain exhausted. Finishing up: https://cooperative.rowmari.kurigram.gov.bd
==================================================
[*] STARTING NEW DOMAIN: https://alnahyantrust.portal.gov.bd
==================================================
[+] Domain exhausted. Finishing up: https://alnahyantrust.portal.gov.bd
==================================================
[*] STARTING NEW DOMAIN: https://bfsa.dinajpur.gov.bd
==================================================
[+] Domain exhausted. Finishing up: https://bfsa.dinajpur.gov.bd
==================================================
[*] STARTING NEW DOMAIN: https://deb109444.dhakaeducationboard.gov.bd
==================================================
[+] Domain exhausted. Finishing up: https://deb109444.dhakaeducationboard.gov.bd
==================================================
[*] STARTING NEW DOMAIN: https://deo.fenchuganj.sylhet.gov.bd
==================================================
[+] Domain exhausted. Finishing up: https://deo.fenchuganj.sylhet.gov.bd
==================================================
[*] STARTING NEW DOMAIN: https://acamol.sylhetdiv.gov.bd
==================================================
[+] Domain exhausted. Finishing up: https://acamol.sylhetdiv.gov.bd
==================================================
[*] STARTING NEW DOMAIN: https://bwdb.rangpurdiv.gov.bd
==================================================
[+] Domain exhausted. Finishing up: https://bwdb.rangpurdiv.gov.bd
==================================================
[*] STARTING NEW DOMAIN: https://muktijoddhacollege.jessoreboard.gov.bd
==================================================
[+] Domain exhausted. Finishing up: https://muktijoddhacollege.jessoreboard.gov.bd
==================================================
[*] STARTING NEW DOMAIN: https://seo.companiganj.noakhali.gov.bd
==================================================
[+] Domain exhausted. Finishing up: https://seo.companiganj.noakhali.gov.bd
==================================================
[*] STARTING NEW DOMAIN: https://bsri.bandarban.gov.bd
==================================================
[+] Domain exhausted. Finishing up: https://bsri.bandarban.gov.bd
==================================================
[*] STARTING NEW DOMAIN: https://seo.tarakanda.mymensingh.gov.bd
==================================================
[+] Domain exhausted. Finishing up: https://seo.tarakanda.mymensingh.gov.bd
==================================================
[*] STARTING NEW DOMAIN: https://bhoyrabadarshamahabyddalya.jessoreboard.gov.bd
==================================================
[+] Domain exhausted. Finishing up: https://bhoyrabadarshamahabyddalya.jessoreboard.gov.bd
==================================================
[*] STARTING NEW DOMAIN: https://acl.chhagalnaiya.feni.gov.bd
==================================================
[+] Domain exhausted. Finishing up: https://acl.chhagalnaiya.feni.gov.bd
==================================================
[*] STARTING NEW DOMAIN: https://health.belabo.narsingdi.gov.bd
==================================================
[+] Domain exhausted. Finishing up: https://health.belabo.narsingdi.gov.bd
==================================================
[*] STARTING NEW DOMAIN: https://bbs.gournadi.barisal.gov.bd
==================================================
[+] Domain exhausted. Finishing up: https://bbs.gournadi.barisal.gov.bd
==================================================
[*] STARTING NEW DOMAIN: https://deb131471.dhakaeducationboard.gov.bd
==================================================
[+] Domain exhausted. Finishing up: https://deb131471.dhakaeducationboard.gov.bd
==================================================
[*] STARTING NEW DOMAIN: https://kulbariasecondaryschool.jessoreboard.gov.bd
==================================================
[+] Domain exhausted. Finishing up: https://kulbariasecondaryschool.jessoreboard.gov.bd
==================================================
[*] STARTING NEW DOMAIN: https://dls.mujibnagar.meherpur.gov.bd
==================================================
[+] Domain exhausted. Finishing up: https://dls.mujibnagar.meherpur.gov.bd
==================================================
[*] STARTING NEW DOMAIN: https://sfdf.kapasia.gazipur.gov.bd
==================================================
[+] Domain exhausted. Finishing up: https://sfdf.kapasia.gazipur.gov.bd
==================================================
[*] STARTING NEW DOMAIN: https://bbs.ruma.bandarban.gov.bd
==================================================
[+] Domain exhausted. Finishing up: https://bbs.ruma.bandarban.gov.bd
==================================================
[*] STARTING NEW DOMAIN: https://brwt.portal.gov.bd
==================================================
[+] Domain exhausted. Finishing up: https://brwt.portal.gov.bd
==================================================
[*] STARTING NEW DOMAIN: https://brdb.tarash.sirajganj.gov.bd
==================================================
[+] Domain exhausted. Finishing up: https://brdb.tarash.sirajganj.gov.bd
==================================================
[*] STARTING NEW DOMAIN: https://hpt3.betar.gov.bd
==================================================
[+] Domain exhausted. Finishing up: https://hpt3.betar.gov.bd
==================================================
[*] STARTING NEW DOMAIN: https://naldangaibrahimsecondaryschool.jessoreboard.gov.bd
==================================================
[+] Domain exhausted. Finishing up: https://naldangaibrahimsecondaryschool.jessoreboard.gov.bd
==================================================
[*] STARTING NEW DOMAIN: https://acl.gafargaon.mymensingh.gov.bd
==================================================
[+] Domain exhausted. Finishing up: https://acl.gafargaon.mymensingh.gov.bd
==================================================
[*] STARTING NEW DOMAIN: https://deb109902.dhakaeducationboard.gov.bd
==================================================
[+] Domain exhausted. Finishing up: https://deb109902.dhakaeducationboard.gov.bd
==================================================
[*] STARTING NEW DOMAIN: https://cooparative.patiya.chittagong.gov.bd
==================================================
[+] Domain exhausted. Finishing up: https://cooparative.patiya.chittagong.gov.bd
==================================================
[*] STARTING NEW DOMAIN: https://doict.kaliganj.satkhira.gov.bd
==================================================
[+] Domain exhausted. Finishing up: https://doict.kaliganj.satkhira.gov.bd
==================================================
[*] STARTING NEW DOMAIN: https://dwa.kalmakanda.netrokona.gov.bd
==================================================
[+] Domain exhausted. Finishing up: https://dwa.kalmakanda.netrokona.gov.bd
==================================================
[*] STARTING NEW DOMAIN: https://ansarvdp.dinajpursadar.dinajpur.gov.bd
==================================================
[+] Domain exhausted. Finishing up: https://ansarvdp.dinajpursadar.dinajpur.gov.bd
==================================================
[*] STARTING NEW DOMAIN: https://dae.guimara.khagrachhari.gov.bd
==================================================
[+] Domain exhausted. Finishing up: https://dae.guimara.khagrachhari.gov.bd
==================================================
[*] STARTING NEW DOMAIN: https://bbs.sitakunda.chittagong.gov.bd
==================================================
[+] Domain exhausted. Finishing up: https://bbs.sitakunda.chittagong.gov.bd
==================================================
[*] STARTING NEW DOMAIN: https://dpggirlssecondaryschool.jessoreboard.gov.bd
==================================================
[+] Domain exhausted. Finishing up: https://dpggirlssecondaryschool.jessoreboard.gov.bd
==================================================
[*] STARTING NEW DOMAIN: https://nssbsg.dhaka.gov.bd
==================================================
[+] Domain exhausted. Finishing up: https://nssbsg.dhaka.gov.bd
==================================================
[*] STARTING NEW DOMAIN: https://acl.chauddagram.comilla.gov.bd
==================================================
[+] Domain exhausted. Finishing up: https://acl.chauddagram.comilla.gov.bd
==================================================
[*] STARTING NEW DOMAIN: https://dae.shalikha.magura.gov.bd
==================================================
[+] Domain exhausted. Finishing up: https://dae.shalikha.magura.gov.bd
==================================================
[*] STARTING NEW DOMAIN: https://cooparative.shalla.sunamganj.gov.bd
==================================================
[+] Domain exhausted. Finishing up: https://cooparative.shalla.sunamganj.gov.bd
==================================================
[*] STARTING NEW DOMAIN: https://cooparative.derai.sunamganj.gov.bd
==================================================
[+] Domain exhausted. Finishing up: https://cooparative.derai.sunamganj.gov.bd
==================================================
[*] STARTING NEW DOMAIN: https://shahjahanpurup.chapainawabganj.gov.bd
==================================================
[+] Domain exhausted. Finishing up: https://shahjahanpurup.chapainawabganj.gov.bd
==================================================
[*] STARTING NEW DOMAIN: https://emc.zakiganj.sylhet.gov.bd
==================================================
[+] Domain exhausted. Finishing up: https://emc.zakiganj.sylhet.gov.bd
==================================================
[*] STARTING NEW DOMAIN: https://cooperative.kushtia.gov.bd
==================================================
[+] Domain exhausted. Finishing up: https://cooperative.kushtia.gov.bd
==================================================
[*] STARTING NEW DOMAIN: https://dwa.kaliganj.jhenaidah.gov.bd
==================================================
[+] Domain exhausted. Finishing up: https://dwa.kaliganj.jhenaidah.gov.bd
==================================================
[*] STARTING NEW DOMAIN: https://cs.madaripur.gov.bd
==================================================
[+] Domain exhausted. Finishing up: https://cs.madaripur.gov.bd
==================================================
[*] STARTING NEW DOMAIN: https://cooperative.gangachara.rangpur.gov.bd
==================================================
[+] Domain exhausted. Finishing up: https://cooperative.gangachara.rangpur.gov.bd
==================================================
[*] STARTING NEW DOMAIN: https://dwa.naniarchar.rangamati.gov.bd
==================================================
[+] Domain exhausted. Finishing up: https://dwa.naniarchar.rangamati.gov.bd
==================================================
[*] STARTING NEW DOMAIN: https://acl.mathbaria.pirojpur.gov.bd
==================================================
[+] Domain exhausted. Finishing up: https://acl.mathbaria.pirojpur.gov.bd
==================================================
[*] STARTING NEW DOMAIN: https://ekeb.narsingdisadar.narsingdi.gov.bd
==================================================
[+] Domain exhausted. Finishing up: https://ekeb.narsingdisadar.narsingdi.gov.bd
==================================================
[*] STARTING NEW DOMAIN: https://dae.rajapur.jhalakathi.gov.bd
==================================================
[+] Domain exhausted. Finishing up: https://dae.rajapur.jhalakathi.gov.bd
==================================================
[*] STARTING NEW DOMAIN: https://csd.mymensingh.gov.bd
==================================================
[+] Domain exhausted. Finishing up: https://csd.mymensingh.gov.bd
==================================================
[*] STARTING NEW DOMAIN: https://ansarvdp.ulipur.kurigram.gov.bd
==================================================
[+] Domain exhausted. Finishing up: https://ansarvdp.ulipur.kurigram.gov.bd
==================================================
[*] STARTING NEW DOMAIN: https://ansarvdp.narayanganj.gov.bd
==================================================
[+] Domain exhausted. Finishing up: https://ansarvdp.narayanganj.gov.bd
==================================================
[*] STARTING NEW DOMAIN: https://avsec.caab.gov.bd
==================================================
[+] Domain exhausted. Finishing up: https://avsec.caab.gov.bd
==================================================
[*] STARTING NEW DOMAIN: https://shilpakala.gazipur.gov.bd
==================================================
[+] Domain exhausted. Finishing up: https://shilpakala.gazipur.gov.bd
==================================================
[*] STARTING NEW DOMAIN: https://dwa.natore.gov.bd
==================================================
[+] Domain exhausted. Finishing up: https://dwa.natore.gov.bd
==================================================
[*] STARTING NEW DOMAIN: https://deb109522.dhakaeducationboard.gov.bd
==================================================
[+] Domain exhausted. Finishing up: https://deb109522.dhakaeducationboard.gov.bd
==================================================
[*] STARTING NEW DOMAIN: https://ec.morrelganj.bagerhat.gov.bd
==================================================
[+] Domain exhausted. Finishing up: https://ec.morrelganj.bagerhat.gov.bd
==================================================
[*] STARTING NEW DOMAIN: https://dae.mujibnagar.meherpur.gov.bd
==================================================
[+] Domain exhausted. Finishing up: https://dae.mujibnagar.meherpur.gov.bd
==================================================
[*] STARTING NEW DOMAIN: https://dyd.rajbari.gov.bd
==================================================
[+] Domain exhausted. Finishing up: https://dyd.rajbari.gov.bd
==================================================
[*] STARTING NEW DOMAIN: https://bgdcl.lakshmipur.gov.bd
==================================================
[+] Domain exhausted. Finishing up: https://bgdcl.lakshmipur.gov.bd
==================================================
[*] STARTING NEW DOMAIN: https://coop.mymensinghsadar.mymensingh.gov.bd
==================================================
[+] Domain exhausted. Finishing up: https://coop.mymensinghsadar.mymensingh.gov.bd
==================================================
[*] STARTING NEW DOMAIN: https://acl.bagherpara.jessore.gov.bd
==================================================
[+] Domain exhausted. Finishing up: https://acl.bagherpara.jessore.gov.bd
==================================================
[*] STARTING NEW DOMAIN: https://acl.balaganj.sylhet.gov.bd
==================================================
[+] Domain exhausted. Finishing up: https://acl.balaganj.sylhet.gov.bd
==================================================
[*] STARTING NEW DOMAIN: https://bangraup.tangail.gov.bd
==================================================
[+] Domain exhausted. Finishing up: https://bangraup.tangail.gov.bd
==================================================
[*] STARTING NEW DOMAIN: https://crl.cca.gov.bd
==================================================
[+] Domain exhausted. Finishing up: https://crl.cca.gov.bd
==================================================
[*] STARTING NEW DOMAIN: https://coop.comilla.gov.bd
==================================================
[+] Domain exhausted. Finishing up: https://coop.comilla.gov.bd
==================================================
[*] STARTING NEW DOMAIN: https://dae.jaintiapur.sylhet.gov.bd
==================================================
[+] Domain exhausted. Finishing up: https://dae.jaintiapur.sylhet.gov.bd
==================================================
[*] STARTING NEW DOMAIN: https://bashgramalauddinahmedcollege.jessoreboard.gov.bd
==================================================
[+] Domain exhausted. Finishing up: https://bashgramalauddinahmedcollege.jessoreboard.gov.bd
==================================================
[*] STARTING NEW DOMAIN: https://deb109878.dhakaeducationboard.gov.bd
==================================================
[+] Domain exhausted. Finishing up: https://deb109878.dhakaeducationboard.gov.bd
==================================================
[*] STARTING NEW DOMAIN: https://dae.khansama.dinajpur.gov.bd
==================================================
[+] Domain exhausted. Finishing up: https://dae.khansama.dinajpur.gov.bd
==================================================
[*] STARTING NEW DOMAIN: https://cs.faridpur.gov.bd
==================================================
[+] Domain exhausted. Finishing up: https://cs.faridpur.gov.bd
==================================================
[*] STARTING NEW DOMAIN: https://sfdf.kaunia.rangpur.gov.bd
==================================================
[+] Domain exhausted. Finishing up: https://sfdf.kaunia.rangpur.gov.bd
==================================================
[*] STARTING NEW DOMAIN: http://nabapalliidealsecondaryschool.jessoreboard.gov.bd
==================================================
[+] Domain exhausted. Finishing up: http://nabapalliidealsecondaryschool.jessoreboard.gov.bd
==================================================
[*] STARTING NEW DOMAIN: https://ofrd.rajshahi.gov.bd
==================================================
[+] Domain exhausted. Finishing up: https://ofrd.rajshahi.gov.bd
==================================================
[*] STARTING NEW DOMAIN: https://coop.gov.bd
==================================================
[+] Domain exhausted. Finishing up: https://coop.gov.bd
==================================================
[*] STARTING NEW DOMAIN: https://sharushunasecondaryschool.jessoreboard.gov.bd
==================================================
[+] Domain exhausted. Finishing up: https://sharushunasecondaryschool.jessoreboard.gov.bd
==================================================
[*] STARTING NEW DOMAIN: https://deb109904.dhakaeducationboard.gov.bd
==================================================
[+] Domain exhausted. Finishing up: https://deb109904.dhakaeducationboard.gov.bd
==================================================
[*] STARTING NEW DOMAIN: https://acl.phulchari.gaibandha.gov.bd
==================================================
[+] Domain exhausted. Finishing up: https://acl.phulchari.gaibandha.gov.bd
==================================================
[*] STARTING NEW DOMAIN: https://dae.laxmichhari.khagrachhari.gov.bd
==================================================
[+] Domain exhausted. Finishing up: https://dae.laxmichhari.khagrachhari.gov.bd
==================================================
[*] STARTING NEW DOMAIN: https://baramasuaup.pirojpur.gov.bd
==================================================
[+] Domain exhausted. Finishing up: https://baramasuaup.pirojpur.gov.bd
==================================================
[*] STARTING NEW DOMAIN: https://idp-slsd.mohpw.gov.bd
==================================================
[+] Domain exhausted. Finishing up: https://idp-slsd.mohpw.gov.bd
==================================================
[*] STARTING NEW DOMAIN: https://accounts.most.gov.bd
==================================================
[+] Domain exhausted. Finishing up: https://accounts.most.gov.bd
==================================================
[*] STARTING NEW DOMAIN: https://dae.nagarpur.tangail.gov.bd
==================================================
[+] Domain exhausted. Finishing up: https://dae.nagarpur.tangail.gov.bd
==================================================
[*] STARTING NEW DOMAIN: https://dwa.sadar.lalmonirhat.gov.bd
==================================================
[+] Domain exhausted. Finishing up: https://dwa.sadar.lalmonirhat.gov.bd
==================================================
[*] STARTING NEW DOMAIN: https://deb109880.dhakaeducationboard.gov.bd
==================================================
[+] Domain exhausted. Finishing up: https://deb109880.dhakaeducationboard.gov.bd
==================================================
[*] STARTING NEW DOMAIN: https://seo.nageshwari.kurigram.gov.bd
==================================================
[+] Domain exhausted. Finishing up: https://seo.nageshwari.kurigram.gov.bd
==================================================
[*] STARTING NEW DOMAIN: https://dwa.kutubdia.coxsbazar.gov.bd
==================================================
[+] Domain exhausted. Finishing up: https://dwa.kutubdia.coxsbazar.gov.bd
==================================================
[*] STARTING NEW DOMAIN: https://deb109861.dhakaeducationboard.gov.bd
==================================================
[+] Domain exhausted. Finishing up: https://deb109861.dhakaeducationboard.gov.bd
==================================================
[*] STARTING NEW DOMAIN: https://dae.jagannathpur.sunamganj.gov.bd
==================================================
[+] Domain exhausted. Finishing up: https://dae.jagannathpur.sunamganj.gov.bd
==================================================
[*] STARTING NEW DOMAIN: https://dao.magura.gov.bd
==================================================
[+] Domain exhausted. Finishing up: https://dao.magura.gov.bd
==================================================
[*] STARTING NEW DOMAIN: https://deb109601.dhakaeducationboard.gov.bd
==================================================
[+] Domain exhausted. Finishing up: https://deb109601.dhakaeducationboard.gov.bd
==================================================
[*] STARTING NEW DOMAIN: https://bbs.atghoria.pabna.gov.bd
==================================================
[+] Domain exhausted. Finishing up: https://bbs.atghoria.pabna.gov.bd
==================================================
[*] STARTING NEW DOMAIN: https://dae.patgram.lalmonirhat.gov.bd
==================================================
[+] Domain exhausted. Finishing up: https://dae.patgram.lalmonirhat.gov.bd
==================================================
[*] STARTING NEW DOMAIN: https://dadashpallisecondarygirlsschool.jessoreboard.gov.bd
==================================================
[+] Domain exhausted. Finishing up: https://dadashpallisecondarygirlsschool.jessoreboard.gov.bd
==================================================
[*] STARTING NEW DOMAIN: https://bbs.osmaninagar.sylhet.gov.bd
==================================================
[+] Domain exhausted. Finishing up: https://bbs.osmaninagar.sylhet.gov.bd
==================================================
[*] STARTING NEW DOMAIN: https://deb110652.dhakaeducationboard.gov.bd
==================================================
[+] Domain exhausted. Finishing up: https://deb110652.dhakaeducationboard.gov.bd
==================================================
[*] STARTING NEW DOMAIN: https://dae.narayanganjsadar.narayanganj.gov.bd
==================================================
[+] Domain exhausted. Finishing up: https://dae.narayanganjsadar.narayanganj.gov.bd
==================================================
[*] STARTING NEW DOMAIN: https://bsfic.gov.bd
==================================================
[+] Domain exhausted. Finishing up: https://bsfic.gov.bd
==================================================
[*] STARTING NEW DOMAIN: https://dae.dupchanchia.bogra.gov.bd
==================================================
[+] Domain exhausted. Finishing up: https://dae.dupchanchia.bogra.gov.bd
==================================================
[*] STARTING NEW DOMAIN: https://ansarvdp.gobindaganj.gaibandha.gov.bd
==================================================
[+] Domain exhausted. Finishing up: https://ansarvdp.gobindaganj.gaibandha.gov.bd
==================================================
[*] STARTING NEW DOMAIN: https://deb109901.dhakaeducationboard.gov.bd
==================================================
[+] Domain exhausted. Finishing up: https://deb109901.dhakaeducationboard.gov.bd
==================================================
[*] STARTING NEW DOMAIN: https://eed.pathorghata.barguna.gov.bd
==================================================
[+] Domain exhausted. Finishing up: https://eed.pathorghata.barguna.gov.bd
==================================================
[*] STARTING NEW DOMAIN: https://acl.akhaura.brahmanbaria.gov.bd
==================================================
[+] Domain exhausted. Finishing up: https://acl.akhaura.brahmanbaria.gov.bd
==================================================
[*] STARTING NEW DOMAIN: https://paranpurshaheedsheikhabunaserhighschool.jessoreboard.gov.bd
==================================================
[+] Domain exhausted. Finishing up: https://paranpurshaheedsheikhabunaserhighschool.jessoreboard.gov.bd
==================================================
[*] STARTING NEW DOMAIN: https://ebek.porsha.naogaon.gov.bd
==================================================
[+] Domain exhausted. Finishing up: https://ebek.porsha.naogaon.gov.bd
==================================================
[*] STARTING NEW DOMAIN: https://eed.sadar.manikganj.gov.bd
==================================================
[+] Domain exhausted. Finishing up: https://eed.sadar.manikganj.gov.bd
==================================================
[*] STARTING NEW DOMAIN: https://deb110623.dhakaeducationboard.gov.bd
==================================================
[+] Domain exhausted. Finishing up: https://deb110623.dhakaeducationboard.gov.bd
==================================================
[*] STARTING NEW DOMAIN: https://deb110364.dhakaeducationboard.gov.bd
==================================================
[+] Domain exhausted. Finishing up: https://deb110364.dhakaeducationboard.gov.bd
==================================================
[*] STARTING NEW DOMAIN: https://boaliadivision.rmp.gov.bd
==================================================
[+] Domain exhausted. Finishing up: https://boaliadivision.rmp.gov.bd
==================================================
[*] STARTING NEW DOMAIN: https://deb108191.dhakaeducationboard.gov.bd
==================================================
[+] Domain exhausted. Finishing up: https://deb108191.dhakaeducationboard.gov.bd
==================================================
[*] STARTING NEW DOMAIN: https://deb110496.dhakaeducationboard.gov.bd
==================================================
[+] Domain exhausted. Finishing up: https://deb110496.dhakaeducationboard.gov.bd
==================================================
[*] STARTING NEW DOMAIN: https://dao.naria.shariatpur.gov.bd
==================================================
[+] Domain exhausted. Finishing up: https://dao.naria.shariatpur.gov.bd
==================================================
[*] STARTING NEW DOMAIN: https://deb108298.dhakaeducationboard.gov.bd
==================================================
[+] Domain exhausted. Finishing up: https://deb108298.dhakaeducationboard.gov.bd
==================================================
[*] STARTING NEW DOMAIN: https://awrabuniaup.jhalakathi.gov.bd
==================================================
[+] Domain exhausted. Finishing up: https://awrabuniaup.jhalakathi.gov.bd
==================================================
[*] STARTING NEW DOMAIN: https://dao.osmaninagar.sylhet.gov.bd
==================================================
[+] Domain exhausted. Finishing up: https://dao.osmaninagar.sylhet.gov.bd
==================================================
[*] STARTING NEW DOMAIN: https://deb108240.dhakaeducationboard.gov.bd
==================================================
[+] Domain exhausted. Finishing up: https://deb108240.dhakaeducationboard.gov.bd
==================================================
[*] STARTING NEW DOMAIN: https://deb109149.dhakaeducationboard.gov.bd
==================================================
[+] Domain exhausted. Finishing up: https://deb109149.dhakaeducationboard.gov.bd
==================================================
[*] STARTING NEW DOMAIN: https://ebek.panchbibi.joypurhat.gov.bd
==================================================
[+] Domain exhausted. Finishing up: https://ebek.panchbibi.joypurhat.gov.bd
==================================================
[*] STARTING NEW DOMAIN: https://amdabadcollege.jessoreboard.gov.bd
==================================================
[+] Domain exhausted. Finishing up: https://amdabadcollege.jessoreboard.gov.bd
==================================================
[*] STARTING NEW DOMAIN: https://deb108463.dhakaeducationboard.gov.bd
==================================================
[+] Domain exhausted. Finishing up: https://deb108463.dhakaeducationboard.gov.bd
==================================================
[*] STARTING NEW DOMAIN: https://deb110856.dhakaeducationboard.gov.bd
==================================================
[+] Domain exhausted. Finishing up: https://deb110856.dhakaeducationboard.gov.bd
==================================================
[*] STARTING NEW DOMAIN: https://deb111744.dhakaeducationboard.gov.bd
==================================================
[+] Domain exhausted. Finishing up: https://deb111744.dhakaeducationboard.gov.bd
==================================================
[*] STARTING NEW DOMAIN: https://deb111701.dhakaeducationboard.gov.bd
==================================================
[+] Domain exhausted. Finishing up: https://deb111701.dhakaeducationboard.gov.bd
==================================================
[*] STARTING NEW DOMAIN: https://beta.corona.gov.bd
==================================================
[+] Domain exhausted. Finishing up: https://beta.corona.gov.bd
==================================================
[*] STARTING NEW DOMAIN: https://food.sadar.manikganj.gov.bd
==================================================
[+] Domain exhausted. Finishing up: https://food.sadar.manikganj.gov.bd
==================================================
[*] STARTING NEW DOMAIN: https://daulatpurup.dinajpur.gov.bd
==================================================
[+] Domain exhausted. Finishing up: https://daulatpurup.dinajpur.gov.bd
==================================================
[*] STARTING NEW DOMAIN: https://deb110855.dhakaeducationboard.gov.bd
==================================================
[+] Domain exhausted. Finishing up: https://deb110855.dhakaeducationboard.gov.bd
==================================================
[*] STARTING NEW DOMAIN: https://food.bhuapur.tangail.gov.bd
==================================================
[+] Domain exhausted. Finishing up: https://food.bhuapur.tangail.gov.bd
==================================================
[*] STARTING NEW DOMAIN: https://deb108466.dhakaeducationboard.gov.bd
==================================================
[+] Domain exhausted. Finishing up: https://deb108466.dhakaeducationboard.gov.bd
==================================================
[*] STARTING NEW DOMAIN: https://ea.kaptai.rangamati.gov.bd
==================================================
[+] Domain exhausted. Finishing up: https://ea.kaptai.rangamati.gov.bd
==================================================
[*] STARTING NEW DOMAIN: https://dao.madaripur.gov.bd
==================================================
[+] Domain exhausted. Finishing up: https://dao.madaripur.gov.bd
==================================================
[*] STARTING NEW DOMAIN: https://deb108991.dhakaeducationboard.gov.bd
==================================================
[+] Domain exhausted. Finishing up: https://deb108991.dhakaeducationboard.gov.bd
==================================================
[*] STARTING NEW DOMAIN: https://dao.raipura.narsingdi.gov.bd
==================================================
[+] Domain exhausted. Finishing up: https://dao.raipura.narsingdi.gov.bd
==================================================
[*] STARTING NEW DOMAIN: https://deb110676.dhakaeducationboard.gov.bd
==================================================
[+] Domain exhausted. Finishing up: https://deb110676.dhakaeducationboard.gov.bd
==================================================
[*] STARTING NEW DOMAIN: https://deb108709.dhakaeducationboard.gov.bd
==================================================
[+] Domain exhausted. Finishing up: https://deb108709.dhakaeducationboard.gov.bd
==================================================
[*] STARTING NEW DOMAIN: https://deb110834.dhakaeducationboard.gov.bd
==================================================
[+] Domain exhausted. Finishing up: https://deb110834.dhakaeducationboard.gov.bd
==================================================
[*] STARTING NEW DOMAIN: https://deb108378.dhakaeducationboard.gov.bd
==================================================
[+] Domain exhausted. Finishing up: https://deb108378.dhakaeducationboard.gov.bd
==================================================
[*] STARTING NEW DOMAIN: https://dam.khulnadiv.gov.bd
==================================================
[+] Domain exhausted. Finishing up: https://dam.khulnadiv.gov.bd
==================================================
[*] STARTING NEW DOMAIN: https://basail.tangail.gov.bd
==================================================
[+] Domain exhausted. Finishing up: https://basail.tangail.gov.bd
==================================================
[*] STARTING NEW DOMAIN: https://bastuharasecondaryschool.jessoreboard.gov.bd
==================================================
[+] Domain exhausted. Finishing up: https://bastuharasecondaryschool.jessoreboard.gov.bd
==================================================
[*] STARTING NEW DOMAIN: http://learndhis2.dghs.gov.bd
==================================================
[+] Domain exhausted. Finishing up: http://learndhis2.dghs.gov.bd
==================================================
[*] STARTING NEW DOMAIN: https://deb110718.dhakaeducationboard.gov.bd
==================================================
[+] Domain exhausted. Finishing up: https://deb110718.dhakaeducationboard.gov.bd
==================================================
[*] STARTING NEW DOMAIN: https://azampursecondaryschool.jessoreboard.gov.bd
==================================================
[+] Domain exhausted. Finishing up: https://azampursecondaryschool.jessoreboard.gov.bd
==================================================
[*] STARTING NEW DOMAIN: https://banghabandhusecondaryschool.jessoreboard.gov.bd
==================================================
[+] Domain exhausted. Finishing up: https://banghabandhusecondaryschool.jessoreboard.gov.bd
==================================================
[*] STARTING NEW DOMAIN: https://seo.sadar.bhola.gov.bd
==================================================
[+] Domain exhausted. Finishing up: https://seo.sadar.bhola.gov.bd
==================================================
[*] STARTING NEW DOMAIN: https://deb112068.dhakaeducationboard.gov.bd
==================================================
[+] Domain exhausted. Finishing up: https://deb112068.dhakaeducationboard.gov.bd
==================================================
[*] STARTING NEW DOMAIN: https://deb111691.dhakaeducationboard.gov.bd
==================================================
[+] Domain exhausted. Finishing up: https://deb111691.dhakaeducationboard.gov.bd
==================================================
[*] STARTING NEW DOMAIN: https://deb110986.dhakaeducationboard.gov.bd
==================================================
[+] Domain exhausted. Finishing up: https://deb110986.dhakaeducationboard.gov.bd
==================================================
[*] STARTING NEW DOMAIN: http://pdbf.bokshiganj.jamalpur.gov.bd
==================================================
[+] Domain exhausted. Finishing up: http://pdbf.bokshiganj.jamalpur.gov.bd
==================================================
[*] STARTING NEW DOMAIN: https://deb108412.dhakaeducationboard.gov.bd
==================================================
[+] Domain exhausted. Finishing up: https://deb108412.dhakaeducationboard.gov.bd
==================================================
[*] STARTING NEW DOMAIN: https://deb109126.dhakaeducationboard.gov.bd
==================================================
[+] Domain exhausted. Finishing up: https://deb109126.dhakaeducationboard.gov.bd
==================================================
[*] STARTING NEW DOMAIN: https://deb112195.dhakaeducationboard.gov.bd
==================================================
[+] Domain exhausted. Finishing up: https://deb112195.dhakaeducationboard.gov.bd
==================================================
[*] STARTING NEW DOMAIN: https://deb111863.dhakaeducationboard.gov.bd
==================================================
[+] Domain exhausted. Finishing up: https://deb111863.dhakaeducationboard.gov.bd
==================================================
[*] STARTING NEW DOMAIN: https://dao.phulpur.mymensingh.gov.bd
==================================================
[+] Domain exhausted. Finishing up: https://dao.phulpur.mymensingh.gov.bd
==================================================
[*] STARTING NEW DOMAIN: https://deb111030.dhakaeducationboard.gov.bd
==================================================
[+] Domain exhausted. Finishing up: https://deb111030.dhakaeducationboard.gov.bd
==================================================
[*] STARTING NEW DOMAIN: https://deb108856.dhakaeducationboard.gov.bd
==================================================
[+] Domain exhausted. Finishing up: https://deb108856.dhakaeducationboard.gov.bd
==================================================
[*] STARTING NEW DOMAIN: https://deb112201.dhakaeducationboard.gov.bd
==================================================
[+] Domain exhausted. Finishing up: https://deb112201.dhakaeducationboard.gov.bd
==================================================
[*] STARTING NEW DOMAIN: https://deb111072.dhakaeducationboard.gov.bd
==================================================
[+] Domain exhausted. Finishing up: https://deb111072.dhakaeducationboard.gov.bd
==================================================
[*] STARTING NEW DOMAIN: https://deb108878.dhakaeducationboard.gov.bd
==================================================
[+] Domain exhausted. Finishing up: https://deb108878.dhakaeducationboard.gov.bd
==================================================
[*] STARTING NEW DOMAIN: https://deb111970.dhakaeducationboard.gov.bd
==================================================
[+] Domain exhausted. Finishing up: https://deb111970.dhakaeducationboard.gov.bd
==================================================
[*] STARTING NEW DOMAIN: https://sharutiahighschool.jessoreboard.gov.bd
==================================================
[+] Domain exhausted. Finishing up: https://sharutiahighschool.jessoreboard.gov.bd
==================================================
[*] STARTING NEW DOMAIN: https://acl.kawkhali.pirojpur.gov.bd
==================================================
[+] Domain exhausted. Finishing up: https://acl.kawkhali.pirojpur.gov.bd
==================================================
[*] STARTING NEW DOMAIN: https://deb109232.dhakaeducationboard.gov.bd
==================================================
[+] Domain exhausted. Finishing up: https://deb109232.dhakaeducationboard.gov.bd
==================================================
[*] STARTING NEW DOMAIN: https://seo.nondigram.bogra.gov.bd
==================================================
[+] Domain exhausted. Finishing up: https://seo.nondigram.bogra.gov.bd
==================================================
[*] STARTING NEW DOMAIN: https://dapfcl.gov.bd
==================================================
[+] Domain exhausted. Finishing up: https://dapfcl.gov.bd
==================================================
[*] STARTING NEW DOMAIN: https://dam.sunamganj.gov.bd
==================================================
[+] Domain exhausted. Finishing up: https://dam.sunamganj.gov.bd
==================================================
[*] STARTING NEW DOMAIN: https://ec.dumki.patuakhali.gov.bd
==================================================
[+] Domain exhausted. Finishing up: https://ec.dumki.patuakhali.gov.bd
==================================================
[*] STARTING NEW DOMAIN: https://ebek.jibannagar.chuadanga.gov.bd
==================================================
[+] Domain exhausted. Finishing up: https://ebek.jibannagar.chuadanga.gov.bd
==================================================
[*] STARTING NEW DOMAIN: https://deb138809.dhakaeducationboard.gov.bd
==================================================
[+] Domain exhausted. Finishing up: https://deb138809.dhakaeducationboard.gov.bd
==================================================
[*] STARTING NEW DOMAIN: https://dariapurup.tangail.gov.bd
==================================================
[+] Domain exhausted. Finishing up: https://dariapurup.tangail.gov.bd
==================================================
[*] STARTING NEW DOMAIN: https://deb108295.dhakaeducationboard.gov.bd
==================================================
[+] Domain exhausted. Finishing up: https://deb108295.dhakaeducationboard.gov.bd
==================================================
[*] STARTING NEW DOMAIN: https://bbs.debhata.satkhira.gov.bd
==================================================
[+] Domain exhausted. Finishing up: https://bbs.debhata.satkhira.gov.bd
==================================================
[*] STARTING NEW DOMAIN: https://badc.chittagong.gov.bd
==================================================
[+] Domain exhausted. Finishing up: https://badc.chittagong.gov.bd
==================================================
[*] STARTING NEW DOMAIN: https://deb108512.dhakaeducationboard.gov.bd
==================================================
[+] Domain exhausted. Finishing up: https://deb108512.dhakaeducationboard.gov.bd
==================================================
[*] STARTING NEW DOMAIN: https://deb110941.dhakaeducationboard.gov.bd
==================================================
[+] Domain exhausted. Finishing up: https://deb110941.dhakaeducationboard.gov.bd
==================================================
[*] STARTING NEW DOMAIN: https://deb108814.dhakaeducationboard.gov.bd
==================================================
[+] Domain exhausted. Finishing up: https://deb108814.dhakaeducationboard.gov.bd
==================================================
[*] STARTING NEW DOMAIN: https://bwdb.chittagongdiv.gov.bd
==================================================
[+] Domain exhausted. Finishing up: https://bwdb.chittagongdiv.gov.bd
==================================================
[*] STARTING NEW DOMAIN: https://bsl.gov.bd
==================================================
[+] Domain exhausted. Finishing up: https://bsl.gov.bd
==================================================
[*] STARTING NEW DOMAIN: https://balidahapachakarisecondaryschool.jessoreboard.gov.bd
==================================================
[+] Domain exhausted. Finishing up: https://balidahapachakarisecondaryschool.jessoreboard.gov.bd
==================================================
[*] STARTING NEW DOMAIN: https://deb112391.dhakaeducationboard.gov.bd
==================================================
[+] Domain exhausted. Finishing up: https://deb112391.dhakaeducationboard.gov.bd
==================================================
[*] STARTING NEW DOMAIN: https://deb111457.dhakaeducationboard.gov.bd
==================================================
[+] Domain exhausted. Finishing up: https://deb111457.dhakaeducationboard.gov.bd
==================================================
[*] STARTING NEW DOMAIN: https://deb113682.dhakaeducationboard.gov.bd
==================================================
[+] Domain exhausted. Finishing up: https://deb113682.dhakaeducationboard.gov.bd
==================================================
[*] STARTING NEW DOMAIN: https://cooparative.sadar.chandpur.gov.bd
==================================================
[+] Domain exhausted. Finishing up: https://cooparative.sadar.chandpur.gov.bd
==================================================
[*] STARTING NEW DOMAIN: https://pakshiaidealcollege.jessoreboard.gov.bd
==================================================
[+] Domain exhausted. Finishing up: https://pakshiaidealcollege.jessoreboard.gov.bd
==================================================
[*] STARTING NEW DOMAIN: https://deb113916.dhakaeducationboard.gov.bd
==================================================
[+] Domain exhausted. Finishing up: https://deb113916.dhakaeducationboard.gov.bd
==================================================
[*] STARTING NEW DOMAIN: https://dshe.barisalsadar.barisal.gov.bd
==================================================
[+] Domain exhausted. Finishing up: https://dshe.barisalsadar.barisal.gov.bd
==================================================
[*] STARTING NEW DOMAIN: https://deb114070.dhakaeducationboard.gov.bd
==================================================
[+] Domain exhausted. Finishing up: https://deb114070.dhakaeducationboard.gov.bd
==================================================
[*] STARTING NEW DOMAIN: https://ec.shayestaganj.habiganj.gov.bd
==================================================
[+] Domain exhausted. Finishing up: https://ec.shayestaganj.habiganj.gov.bd
==================================================
[*] STARTING NEW DOMAIN: https://deb113253.dhakaeducationboard.gov.bd
==================================================
[+] Domain exhausted. Finishing up: https://deb113253.dhakaeducationboard.gov.bd
==================================================
[*] STARTING NEW DOMAIN: https://shambhupura.narayanganj.gov.bd
==================================================
[+] Domain exhausted. Finishing up: https://shambhupura.narayanganj.gov.bd
==================================================
[*] STARTING NEW DOMAIN: https://ec.sonargaon.narayanganj.gov.bd
==================================================
[+] Domain exhausted. Finishing up: https://ec.sonargaon.narayanganj.gov.bd
==================================================
[*] STARTING NEW DOMAIN: https://passport.rangamati.gov.bd
==================================================
[+] Domain exhausted. Finishing up: https://passport.rangamati.gov.bd
==================================================
[*] STARTING NEW DOMAIN: https://deb113028.dhakaeducationboard.gov.bd
==================================================
[+] Domain exhausted. Finishing up: https://deb113028.dhakaeducationboard.gov.bd
==================================================
[*] STARTING NEW DOMAIN: https://deb112997.dhakaeducationboard.gov.bd
==================================================
[+] Domain exhausted. Finishing up: https://deb112997.dhakaeducationboard.gov.bd
==================================================
[*] STARTING NEW DOMAIN: https://ersm.nbr.gov.bd
==================================================
[+] Domain exhausted. Finishing up: https://ersm.nbr.gov.bd
==================================================
[*] STARTING NEW DOMAIN: https://pachuriasecondaryschool.jessoreboard.gov.bd
==================================================
[+] Domain exhausted. Finishing up: https://pachuriasecondaryschool.jessoreboard.gov.bd
==================================================
[*] STARTING NEW DOMAIN: https://explosives.gov.bd
==================================================
[+] Domain exhausted. Finishing up: https://explosives.gov.bd
==================================================
[*] STARTING NEW DOMAIN: https://deb113538.dhakaeducationboard.gov.bd
==================================================
[+] Domain exhausted. Finishing up: https://deb113538.dhakaeducationboard.gov.bd
==================================================
[*] STARTING NEW DOMAIN: https://osmanpursecondaryschool.jessoreboard.gov.bd
==================================================
[+] Domain exhausted. Finishing up: https://osmanpursecondaryschool.jessoreboard.gov.bd
==================================================
[*] STARTING NEW DOMAIN: https://eed.gosairhat.shariatpur.gov.bd
==================================================
[+] Domain exhausted. Finishing up: https://eed.gosairhat.shariatpur.gov.bd
==================================================
[*] STARTING NEW DOMAIN: https://acl.muradnagar.comilla.gov.bd
==================================================
[+] Domain exhausted. Finishing up: https://acl.muradnagar.comilla.gov.bd
==================================================
[*] STARTING NEW DOMAIN: https://bhbfc.khulna.gov.bd
==================================================
[+] Domain exhausted. Finishing up: https://bhbfc.khulna.gov.bd
==================================================
[*] STARTING NEW DOMAIN: https://pbs.feni.gov.bd
==================================================
[+] Domain exhausted. Finishing up: https://pbs.feni.gov.bd
==================================================
[*] STARTING NEW DOMAIN: https://dao.sreemangal.moulvibazar.gov.bd
==================================================
[+] Domain exhausted. Finishing up: https://dao.sreemangal.moulvibazar.gov.bd
==================================================
[*] STARTING NEW DOMAIN: https://pbs.titas.comilla.gov.bd
==================================================
[+] Domain exhausted. Finishing up: https://pbs.titas.comilla.gov.bd
==================================================
[*] STARTING NEW DOMAIN: https://deb109746.dhakaeducationboard.gov.bd
==================================================
[+] Domain exhausted. Finishing up: https://deb109746.dhakaeducationboard.gov.bd
==================================================
[*] STARTING NEW DOMAIN: https://pattashiup.pirojpur.gov.bd
==================================================
[+] Domain exhausted. Finishing up: https://pattashiup.pirojpur.gov.bd
==================================================
[*] STARTING NEW DOMAIN: https://phultalagovtsecondarygirlsschool.jessoreboard.gov.bd
==================================================
[+] Domain exhausted. Finishing up: https://phultalagovtsecondarygirlsschool.jessoreboard.gov.bd
==================================================
[*] STARTING NEW DOMAIN: https://deb112120.dhakaeducationboard.gov.bd
==================================================
[+] Domain exhausted. Finishing up: https://deb112120.dhakaeducationboard.gov.bd
==================================================
[*] STARTING NEW DOMAIN: http://deb109131.dhakaeducationboard.gov.bd
==================================================
[+] Domain exhausted. Finishing up: http://deb109131.dhakaeducationboard.gov.bd
==================================================
[*] STARTING NEW DOMAIN: https://eff-hsc.dinajpurboard.gov.bd
==================================================
[+] Domain exhausted. Finishing up: https://eff-hsc.dinajpurboard.gov.bd
==================================================
[*] STARTING NEW DOMAIN: https://pio.saturia.manikganj.gov.bd
==================================================
[+] Domain exhausted. Finishing up: https://pio.saturia.manikganj.gov.bd
==================================================
[*] STARTING NEW DOMAIN: https://soamol.lalmonirhat.gov.bd
==================================================
[+] Domain exhausted. Finishing up: https://soamol.lalmonirhat.gov.bd
==================================================
[*] STARTING NEW DOMAIN: https://doict.raipur.lakshmipur.gov.bd
==================================================
[+] Domain exhausted. Finishing up: https://doict.raipur.lakshmipur.gov.bd
==================================================
[*] STARTING NEW DOMAIN: https://pio.gopalpur.tangail.gov.bd
==================================================
[+] Domain exhausted. Finishing up: https://pio.gopalpur.tangail.gov.bd
==================================================
[*] STARTING NEW DOMAIN: http://zso.pirgonj.rangpur.gov.bd
==================================================
[+] Domain exhausted. Finishing up: http://zso.pirgonj.rangpur.gov.bd
==================================================
[*] STARTING NEW DOMAIN: https://alokdiasecondaryschool.jessoreboard.gov.bd
==================================================
[+] Domain exhausted. Finishing up: https://alokdiasecondaryschool.jessoreboard.gov.bd
==================================================
[*] STARTING NEW DOMAIN: https://fisheries.amtali.barguna.gov.bd
==================================================
[+] Domain exhausted. Finishing up: https://fisheries.amtali.barguna.gov.bd
==================================================
[*] STARTING NEW DOMAIN: https://deb134573.dhakaeducationboard.gov.bd
==================================================
[+] Domain exhausted. Finishing up: https://deb134573.dhakaeducationboard.gov.bd
==================================================
[*] STARTING NEW DOMAIN: https://deb131340.dhakaeducationboard.gov.bd
==================================================
[+] Domain exhausted. Finishing up: https://deb131340.dhakaeducationboard.gov.bd
==================================================
[*] STARTING NEW DOMAIN: https://police.sadar.rangamati.gov.bd
==================================================
[+] Domain exhausted. Finishing up: https://police.sadar.rangamati.gov.bd
==================================================
[*] STARTING NEW DOMAIN: https://delduar.tangail.gov.bd
==================================================
[+] Domain exhausted. Finishing up: https://delduar.tangail.gov.bd
==================================================
[*] STARTING NEW DOMAIN: https://deb134255.dhakaeducationboard.gov.bd
==================================================
[+] Domain exhausted. Finishing up: https://deb134255.dhakaeducationboard.gov.bd
==================================================
[*] STARTING NEW DOMAIN: https://deb130794.dhakaeducationboard.gov.bd
==================================================
[+] Domain exhausted. Finishing up: https://deb130794.dhakaeducationboard.gov.bd
==================================================
[*] STARTING NEW DOMAIN: https://deb134268.dhakaeducationboard.gov.bd
==================================================
[+] Domain exhausted. Finishing up: https://deb134268.dhakaeducationboard.gov.bd
==================================================
[*] STARTING NEW DOMAIN: https://dls.sylhetsadar.sylhet.gov.bd
==================================================
[+] Domain exhausted. Finishing up: https://dls.sylhetsadar.sylhet.gov.bd
==================================================
[*] STARTING NEW DOMAIN: https://rtcsitakund.niport.gov.bd
==================================================
[+] Domain exhausted. Finishing up: https://rtcsitakund.niport.gov.bd
==================================================
[*] STARTING NEW DOMAIN: https://deb134735.dhakaeducationboard.gov.bd
==================================================
[+] Domain exhausted. Finishing up: https://deb134735.dhakaeducationboard.gov.bd
==================================================
[*] STARTING NEW DOMAIN: https://dls.basail.tangail.gov.bd
==================================================
[+] Domain exhausted. Finishing up: https://dls.basail.tangail.gov.bd
==================================================
[*] STARTING NEW DOMAIN: https://deb135486.dhakaeducationboard.gov.bd
==================================================
[+] Domain exhausted. Finishing up: https://deb135486.dhakaeducationboard.gov.bd
==================================================
[*] STARTING NEW DOMAIN: https://acl.mymensinghsadar.mymensingh.gov.bd
==================================================
[+] Domain exhausted. Finishing up: https://acl.mymensinghsadar.mymensingh.gov.bd
==================================================
[*] STARTING NEW DOMAIN: https://dncrp.rangpur.gov.bd
==================================================
[+] Domain exhausted. Finishing up: https://dncrp.rangpur.gov.bd
==================================================
[*] STARTING NEW DOMAIN: https://deb138564.dhakaeducationboard.gov.bd
==================================================
[+] Domain exhausted. Finishing up: https://deb138564.dhakaeducationboard.gov.bd
==================================================
[*] STARTING NEW DOMAIN: https://dncrp.panchagarh.gov.bd
==================================================
[+] Domain exhausted. Finishing up: https://dncrp.panchagarh.gov.bd
==================================================
[*] STARTING NEW DOMAIN: https://deb114610.dhakaeducationboard.gov.bd
==================================================
[+] Domain exhausted. Finishing up: https://deb114610.dhakaeducationboard.gov.bd
==================================================
[*] STARTING NEW DOMAIN: https://doe.narayanganj.gov.bd
==================================================
[+] Domain exhausted. Finishing up: https://doe.narayanganj.gov.bd
==================================================
[*] STARTING NEW DOMAIN: https://deb137178.dhakaeducationboard.gov.bd
==================================================
[+] Domain exhausted. Finishing up: https://deb137178.dhakaeducationboard.gov.bd
==================================================
[*] STARTING NEW DOMAIN: https://debhatacollege.jessoreboard.gov.bd
==================================================
[+] Domain exhausted. Finishing up: https://debhatacollege.jessoreboard.gov.bd
==================================================
[*] STARTING NEW DOMAIN: https://doict.ruma.bandarban.gov.bd
==================================================
[+] Domain exhausted. Finishing up: https://doict.ruma.bandarban.gov.bd
==================================================
[*] STARTING NEW DOMAIN: https://dos.portal.gov.bd
==================================================
[+] Domain exhausted. Finishing up: https://dos.portal.gov.bd
==================================================
[*] STARTING NEW DOMAIN: https://deb137916.dhakaeducationboard.gov.bd
==================================================
[+] Domain exhausted. Finishing up: https://deb137916.dhakaeducationboard.gov.bd
==================================================
[*] STARTING NEW DOMAIN: https://deb133938.dhakaeducationboard.gov.bd
==================================================
[+] Domain exhausted. Finishing up: https://deb133938.dhakaeducationboard.gov.bd
==================================================
[*] STARTING NEW DOMAIN: https://deo.bhairab.kishoreganj.gov.bd
==================================================
[+] Domain exhausted. Finishing up: https://deo.bhairab.kishoreganj.gov.bd
==================================================
[*] STARTING NEW DOMAIN: https://deb134605.dhakaeducationboard.gov.bd
==================================================
[+] Domain exhausted. Finishing up: https://deb134605.dhakaeducationboard.gov.bd
==================================================
[*] STARTING NEW DOMAIN: https://deb138666.dhakaeducationboard.gov.bd
==================================================
[+] Domain exhausted. Finishing up: https://deb138666.dhakaeducationboard.gov.bd
==================================================
[*] STARTING NEW DOMAIN: https://deb131347.dhakaeducationboard.gov.bd
==================================================
[+] Domain exhausted. Finishing up: https://deb131347.dhakaeducationboard.gov.bd
==================================================
[*] STARTING NEW DOMAIN: https://bjri.kalapara.patuakhali.gov.bd
==================================================
[+] Domain exhausted. Finishing up: https://bjri.kalapara.patuakhali.gov.bd
==================================================
[*] STARTING NEW DOMAIN: https://boromanikaup.bhola.gov.bd
==================================================
[+] Domain exhausted. Finishing up: https://boromanikaup.bhola.gov.bd
==================================================
[*] STARTING NEW DOMAIN: https://acl.tahirpur.sunamganj.gov.bd
==================================================
[+] Domain exhausted. Finishing up: https://acl.tahirpur.sunamganj.gov.bd
==================================================
[*] STARTING NEW DOMAIN: https://chhatiantalagirlsschoolandunitedcollege.jessoreboard.gov.bd
==================================================
[+] Domain exhausted. Finishing up: https://chhatiantalagirlsschoolandunitedcollege.jessoreboard.gov.bd
==================================================
[*] STARTING NEW DOMAIN: https://deb136864.dhakaeducationboard.gov.bd
==================================================
[+] Domain exhausted. Finishing up: https://deb136864.dhakaeducationboard.gov.bd
==================================================
[*] STARTING NEW DOMAIN: https://barakatalisecondaryschool.jessoreboard.gov.bd
==================================================
[+] Domain exhausted. Finishing up: https://barakatalisecondaryschool.jessoreboard.gov.bd
==================================================
[*] STARTING NEW DOMAIN: https://dls.saltha.faridpur.gov.bd
==================================================
[+] Domain exhausted. Finishing up: https://dls.saltha.faridpur.gov.bd
==================================================
[*] STARTING NEW DOMAIN: https://doj.mymensingh.gov.bd
==================================================
[+] Domain exhausted. Finishing up: https://doj.mymensingh.gov.bd
==================================================
[*] STARTING NEW DOMAIN: https://doict.barisalsadar.barisal.gov.bd
==================================================
[+] Domain exhausted. Finishing up: https://doict.barisalsadar.barisal.gov.bd
==================================================
[*] STARTING NEW DOMAIN: https://doe.rajbari.gov.bd
==================================================
[+] Domain exhausted. Finishing up: https://doe.rajbari.gov.bd
==================================================
[*] STARTING NEW DOMAIN: https://dpe.sadar.munshiganj.gov.bd
==================================================
[+] Domain exhausted. Finishing up: https://dpe.sadar.munshiganj.gov.bd
==================================================
[*] STARTING NEW DOMAIN: https://doict.sadar.barguna.gov.bd
==================================================
[+] Domain exhausted. Finishing up: https://doict.sadar.barguna.gov.bd
==================================================
[*] STARTING NEW DOMAIN: https://fpo.syedpur.nilphamari.gov.bd
==================================================
[+] Domain exhausted. Finishing up: https://fpo.syedpur.nilphamari.gov.bd
==================================================
[*] STARTING NEW DOMAIN: https://dos.gov.bd
==================================================
[+] Domain exhausted. Finishing up: https://dos.gov.bd
==================================================
[*] STARTING NEW DOMAIN: https://ansarvdp.gov.bd
==================================================
[+] Domain exhausted. Finishing up: https://ansarvdp.gov.bd
==================================================
[*] STARTING NEW DOMAIN: https://dr.lakshmipur.gov.bd
==================================================
[+] Domain exhausted. Finishing up: https://dr.lakshmipur.gov.bd
==================================================
[*] STARTING NEW DOMAIN: https://dphe.sadar.madaripur.gov.bd
==================================================
[+] Domain exhausted. Finishing up: https://dphe.sadar.madaripur.gov.bd
==================================================
[*] STARTING NEW DOMAIN: https://ec.kutubdia.coxsbazar.gov.bd
==================================================
[+] Domain exhausted. Finishing up: https://ec.kutubdia.coxsbazar.gov.bd
==================================================
[*] STARTING NEW DOMAIN: https://dshe.iswarganj.mymensingh.gov.bd
==================================================
[+] Domain exhausted. Finishing up: https://dshe.iswarganj.mymensingh.gov.bd
==================================================
[*] STARTING NEW DOMAIN: http://service.moa.gov.bd
==================================================
[+] Domain exhausted. Finishing up: http://service.moa.gov.bd
==================================================
[*] STARTING NEW DOMAIN: https://bhathuliagirlsschool.jessoreboard.gov.bd
==================================================
[+] Domain exhausted. Finishing up: https://bhathuliagirlsschool.jessoreboard.gov.bd
==================================================
[*] STARTING NEW DOMAIN: https://dr.habiganj.gov.bd
==================================================
[+] Domain exhausted. Finishing up: https://dr.habiganj.gov.bd
==================================================
[*] STARTING NEW DOMAIN: https://2novalainup.naogaon.gov.bd
==================================================
[+] Domain exhausted. Finishing up: https://2novalainup.naogaon.gov.bd
==================================================
[*] STARTING NEW DOMAIN: https://food.sadar.faridpur.gov.bd
==================================================
[+] Domain exhausted. Finishing up: https://food.sadar.faridpur.gov.bd
==================================================
[*] STARTING NEW DOMAIN: https://fisheries.sreemangal.moulvibazar.gov.bd
==================================================
[+] Domain exhausted. Finishing up: https://fisheries.sreemangal.moulvibazar.gov.bd
==================================================
[*] STARTING NEW DOMAIN: https://bsti.kushtia.gov.bd
==================================================
[+] Domain exhausted. Finishing up: https://bsti.kushtia.gov.bd
==================================================
[*] STARTING NEW DOMAIN: https://bnfe.naogaon.gov.bd
==================================================
[+] Domain exhausted. Finishing up: https://bnfe.naogaon.gov.bd
==================================================
[*] STARTING NEW DOMAIN: https://dphe.chuadanga.gov.bd
==================================================
[+] Domain exhausted. Finishing up: https://dphe.chuadanga.gov.bd
==================================================
[*] STARTING NEW DOMAIN: https://bmet.kurigram.gov.bd
==================================================
[+] Domain exhausted. Finishing up: https://bmet.kurigram.gov.bd
==================================================
[*] STARTING NEW DOMAIN: https://fisheries.sadar.noakhali.gov.bd
==================================================
[+] Domain exhausted. Finishing up: https://fisheries.sadar.noakhali.gov.bd
==================================================
[*] STARTING NEW DOMAIN: https://charwapdaup.noakhali.gov.bd
==================================================
[+] Domain exhausted. Finishing up: https://charwapdaup.noakhali.gov.bd
==================================================
[*] STARTING NEW DOMAIN: https://kharianabarunsecondaryschool.jessoreboard.gov.bd
==================================================
[+] Domain exhausted. Finishing up: https://kharianabarunsecondaryschool.jessoreboard.gov.bd
==================================================
[*] STARTING NEW DOMAIN: https://bbs.taltali.barguna.gov.bd
==================================================
[+] Domain exhausted. Finishing up: https://bbs.taltali.barguna.gov.bd
==================================================
[*] STARTING NEW DOMAIN: https://brdb.jhenaigati.sherpur.gov.bd
==================================================
[+] Domain exhausted. Finishing up: https://brdb.jhenaigati.sherpur.gov.bd
==================================================
[*] STARTING NEW DOMAIN: https://bsti.chittagong.gov.bd
==================================================
[+] Domain exhausted. Finishing up: https://bsti.chittagong.gov.bd
==================================================
[*] STARTING NEW DOMAIN: https://drro.khulnadiv.gov.bd
==================================================
[+] Domain exhausted. Finishing up: https://drro.khulnadiv.gov.bd
==================================================
[*] STARTING NEW DOMAIN: https://chiefchemlab.portal.gov.bd
==================================================
[+] Domain exhausted. Finishing up: https://chiefchemlab.portal.gov.bd
==================================================
[*] STARTING NEW DOMAIN: https://fisheries.jaldhaka.nilphamari.gov.bd
==================================================
[+] Domain exhausted. Finishing up: https://fisheries.jaldhaka.nilphamari.gov.bd
==================================================
[*] STARTING NEW DOMAIN: https://mail.brta.gov.bd
==================================================
[+] Domain exhausted. Finishing up: https://mail.brta.gov.bd
==================================================
[*] STARTING NEW DOMAIN: https://alokjhariup.dinajpur.gov.bd
==================================================
[+] Domain exhausted. Finishing up: https://alokjhariup.dinajpur.gov.bd
==================================================
[*] STARTING NEW DOMAIN: https://dpost.faridpur.gov.bd
==================================================
[+] Domain exhausted. Finishing up: https://dpost.faridpur.gov.bd
==================================================
[*] STARTING NEW DOMAIN: https://ansarvdp.kishorganj.nilphamari.gov.bd
==================================================
[+] Domain exhausted. Finishing up: https://ansarvdp.kishorganj.nilphamari.gov.bd
==================================================
[*] STARTING NEW DOMAIN: https://food.manda.naogaon.gov.bd
==================================================
[+] Domain exhausted. Finishing up: https://food.manda.naogaon.gov.bd
==================================================
[*] STARTING NEW DOMAIN: https://sfdf.gangachara.rangpur.gov.bd
==================================================
[+] Domain exhausted. Finishing up: https://sfdf.gangachara.rangpur.gov.bd
==================================================
[*] STARTING NEW DOMAIN: https://fpo.meherpursadar.meherpur.gov.bd
==================================================
[+] Domain exhausted. Finishing up: https://fpo.meherpursadar.meherpur.gov.bd
==================================================
[*] STARTING NEW DOMAIN: https://police.atrai.naogaon.gov.bd
==================================================
[+] Domain exhausted. Finishing up: https://police.atrai.naogaon.gov.bd
==================================================
[*] STARTING NEW DOMAIN: https://forest.anwara.chittagong.gov.bd
==================================================
[+] Domain exhausted. Finishing up: https://forest.anwara.chittagong.gov.bd
==================================================
[*] STARTING NEW DOMAIN: https://durgapur.rajshahi.gov.bd
==================================================
[+] Domain exhausted. Finishing up: https://durgapur.rajshahi.gov.bd
==================================================
[*] STARTING NEW DOMAIN: https://dwa.debidwar.comilla.gov.bd
==================================================
[+] Domain exhausted. Finishing up: https://dwa.debidwar.comilla.gov.bd
==================================================
[*] STARTING NEW DOMAIN: https://fpo.kamolganj.moulvibazar.gov.bd
==================================================
[+] Domain exhausted. Finishing up: https://fpo.kamolganj.moulvibazar.gov.bd
==================================================
[*] STARTING NEW DOMAIN: https://durgapurup.pirojpur.gov.bd
==================================================
[+] Domain exhausted. Finishing up: https://durgapurup.pirojpur.gov.bd
==================================================
[*] STARTING NEW DOMAIN: https://deb130587.dhakaeducationboard.gov.bd
==================================================
[+] Domain exhausted. Finishing up: https://deb130587.dhakaeducationboard.gov.bd
==================================================
[*] STARTING NEW DOMAIN: https://bakrisecondarygirlsschool.jessoreboard.gov.bd
==================================================
[+] Domain exhausted. Finishing up: https://bakrisecondarygirlsschool.jessoreboard.gov.bd
==================================================
[*] STARTING NEW DOMAIN: https://pio.saghata.gaibandha.gov.bd
==================================================
[+] Domain exhausted. Finishing up: https://pio.saghata.gaibandha.gov.bd
==================================================
[*] STARTING NEW DOMAIN: https://fpo.atghoria.pabna.gov.bd
==================================================
[+] Domain exhausted. Finishing up: https://fpo.atghoria.pabna.gov.bd
==================================================
[*] STARTING NEW DOMAIN: https://fpo.kulaura.moulvibazar.gov.bd
==================================================
[+] Domain exhausted. Finishing up: https://fpo.kulaura.moulvibazar.gov.bd
==================================================
[*] STARTING NEW DOMAIN: https://dshe.tarash.sirajganj.gov.bd
==================================================
[+] Domain exhausted. Finishing up: https://dshe.tarash.sirajganj.gov.bd
==================================================
[*] STARTING NEW DOMAIN: https://fisheries.sadar.feni.gov.bd
==================================================
[+] Domain exhausted. Finishing up: https://fisheries.sadar.feni.gov.bd
==================================================
[*] STARTING NEW DOMAIN: https://so.brahmanpara.comilla.gov.bd
==================================================
[+] Domain exhausted. Finishing up: https://so.brahmanpara.comilla.gov.bd
==================================================
[*] STARTING NEW DOMAIN: https://acl.sreemangal.moulvibazar.gov.bd
==================================================
[+] Domain exhausted. Finishing up: https://acl.sreemangal.moulvibazar.gov.bd
==================================================
[*] STARTING NEW DOMAIN: https://dwa.adamdighi.bogra.gov.bd
==================================================
[+] Domain exhausted. Finishing up: https://dwa.adamdighi.bogra.gov.bd
==================================================
[*] STARTING NEW DOMAIN: https://bahalbariaup.kushtia.gov.bd
==================================================
[+] Domain exhausted. Finishing up: https://bahalbariaup.kushtia.gov.bd
==================================================
[*] STARTING NEW DOMAIN: https://dss.nondigram.bogra.gov.bd
==================================================
[+] Domain exhausted. Finishing up: https://dss.nondigram.bogra.gov.bd
==================================================
[*] STARTING NEW DOMAIN: https://chandanpurup.comilla.gov.bd
==================================================
[+] Domain exhausted. Finishing up: https://chandanpurup.comilla.gov.bd
==================================================
[*] STARTING NEW DOMAIN: https://dss.kalkini.madaripur.gov.bd
==================================================
[+] Domain exhausted. Finishing up: https://dss.kalkini.madaripur.gov.bd
==================================================
[*] STARTING NEW DOMAIN: https://acl.natoresadar.natore.gov.bd
==================================================
[+] Domain exhausted. Finishing up: https://acl.natoresadar.natore.gov.bd
==================================================
[*] STARTING NEW DOMAIN: https://post.natore.gov.bd
==================================================
[+] Domain exhausted. Finishing up: https://post.natore.gov.bd
==================================================
[*] STARTING NEW DOMAIN: https://dss.chatkhil.noakhali.gov.bd
==================================================
[+] Domain exhausted. Finishing up: https://dss.chatkhil.noakhali.gov.bd
==================================================
[*] STARTING NEW DOMAIN: https://proshikkhonbatayon.gov.bd
==================================================
[+] Domain exhausted. Finishing up: https://proshikkhonbatayon.gov.bd
==================================================
[*] STARTING NEW DOMAIN: https://coop.sadar.lalmonirhat.gov.bd
==================================================
[+] Domain exhausted. Finishing up: https://coop.sadar.lalmonirhat.gov.bd
==================================================
[*] STARTING NEW DOMAIN: https://dss.jhalakathi.gov.bd
==================================================
[+] Domain exhausted. Finishing up: https://dss.jhalakathi.gov.bd
==================================================
[*] STARTING NEW DOMAIN: https://fpo.shibchar.madaripur.gov.bd
==================================================
[+] Domain exhausted. Finishing up: https://fpo.shibchar.madaripur.gov.bd
==================================================
[*] STARTING NEW DOMAIN: https://cooparative.moheshkhali.coxsbazar.gov.bd
==================================================
[+] Domain exhausted. Finishing up: https://cooparative.moheshkhali.coxsbazar.gov.bd
==================================================
[*] STARTING NEW DOMAIN: https://health.sadar.shariatpur.gov.bd
==================================================
[+] Domain exhausted. Finishing up: https://health.sadar.shariatpur.gov.bd
==================================================
[*] STARTING NEW DOMAIN: https://fpo.sapahar.naogaon.gov.bd
==================================================
[+] Domain exhausted. Finishing up: https://fpo.sapahar.naogaon.gov.bd
==================================================
[*] STARTING NEW DOMAIN: https://health.saturia.manikganj.gov.bd
==================================================
[+] Domain exhausted. Finishing up: https://health.saturia.manikganj.gov.bd
==================================================
[*] STARTING NEW DOMAIN: https://fsmf.chandina.comilla.gov.bd
==================================================
[+] Domain exhausted. Finishing up: https://fsmf.chandina.comilla.gov.bd
==================================================
[*] STARTING NEW DOMAIN: https://czi.faridpur.gov.bd
==================================================
[+] Domain exhausted. Finishing up: https://czi.faridpur.gov.bd
==================================================
[*] STARTING NEW DOMAIN: https://customs.rajshahidiv.gov.bd
==================================================
[+] Domain exhausted. Finishing up: https://customs.rajshahidiv.gov.bd
==================================================
[*] STARTING NEW DOMAIN: https://katakhalips.rmp.gov.bd
==================================================
[+] Domain exhausted. Finishing up: https://katakhalips.rmp.gov.bd
==================================================
[*] STARTING NEW DOMAIN: https://health.santhia.pabna.gov.bd
==================================================
[+] Domain exhausted. Finishing up: https://health.santhia.pabna.gov.bd
==================================================
[*] STARTING NEW DOMAIN: https://info.comilla.gov.bd
==================================================
[+] Domain exhausted. Finishing up: https://info.comilla.gov.bd
==================================================
[*] STARTING NEW DOMAIN: https://fscd.dhamoirhat.naogaon.gov.bd
==================================================
[+] Domain exhausted. Finishing up: https://fscd.dhamoirhat.naogaon.gov.bd
==================================================
[*] STARTING NEW DOMAIN: https://jhaudangaup.satkhira.gov.bd
==================================================
[+] Domain exhausted. Finishing up: https://jhaudangaup.satkhira.gov.bd
==================================================
[*] STARTING NEW DOMAIN: https://dam.rangpur.gov.bd
==================================================
[+] Domain exhausted. Finishing up: https://dam.rangpur.gov.bd
==================================================
[*] STARTING NEW DOMAIN: https://hazisayemudddinsecondaryschool.jessoreboard.gov.bd
==================================================
[+] Domain exhausted. Finishing up: https://hazisayemudddinsecondaryschool.jessoreboard.gov.bd
==================================================
[*] STARTING NEW DOMAIN: https://damudya.shariatpur.gov.bd
==================================================
[+] Domain exhausted. Finishing up: https://damudya.shariatpur.gov.bd
==================================================
[*] STARTING NEW DOMAIN: https://hospital.kishoreganj.gov.bd
==================================================
[+] Domain exhausted. Finishing up: https://hospital.kishoreganj.gov.bd
==================================================
[*] STARTING NEW DOMAIN: https://health.araihazar.narayanganj.gov.bd
==================================================
[+] Domain exhausted. Finishing up: https://health.araihazar.narayanganj.gov.bd
==================================================
[*] STARTING NEW DOMAIN: https://dao.madarganj.jamalpur.gov.bd
==================================================
[+] Domain exhausted. Finishing up: https://dao.madarganj.jamalpur.gov.bd
==================================================
[*] STARTING NEW DOMAIN: https://dao.lalmai.comilla.gov.bd
==================================================
[+] Domain exhausted. Finishing up: https://dao.lalmai.comilla.gov.bd
==================================================
[*] STARTING NEW DOMAIN: https://iceeca2019.sreda.gov.bd
==================================================
[+] Domain exhausted. Finishing up: https://iceeca2019.sreda.gov.bd
==================================================
[*] STARTING NEW DOMAIN: https://halsasecondaryschool.jessoreboard.gov.bd
==================================================
[+] Domain exhausted. Finishing up: https://halsasecondaryschool.jessoreboard.gov.bd
==================================================
[*] STARTING NEW DOMAIN: https://deb108179.dhakaeducationboard.gov.bd
==================================================
[+] Domain exhausted. Finishing up: https://deb108179.dhakaeducationboard.gov.bd
==================================================
[*] STARTING NEW DOMAIN: https://deb108317.dhakaeducationboard.gov.bd
==================================================
[+] Domain exhausted. Finishing up: https://deb108317.dhakaeducationboard.gov.bd
==================================================
[*] STARTING NEW DOMAIN: https://deb108339.dhakaeducationboard.gov.bd
==================================================
[+] Domain exhausted. Finishing up: https://deb108339.dhakaeducationboard.gov.bd
==================================================
[*] STARTING NEW DOMAIN: https://hospitallist.kulaura.moulvibazar.gov.bd
==================================================
[+] Domain exhausted. Finishing up: https://hospitallist.kulaura.moulvibazar.gov.bd
==================================================
[*] STARTING NEW DOMAIN: https://hlp.portal.gov.bd
==================================================
[+] Domain exhausted. Finishing up: https://hlp.portal.gov.bd
==================================================
[*] STARTING NEW DOMAIN: https://deb108729.dhakaeducationboard.gov.bd
==================================================
[+] Domain exhausted. Finishing up: https://deb108729.dhakaeducationboard.gov.bd
==================================================
[*] STARTING NEW DOMAIN: https://deb108715.dhakaeducationboard.gov.bd
==================================================
[+] Domain exhausted. Finishing up: https://deb108715.dhakaeducationboard.gov.bd
==================================================
[*] STARTING NEW DOMAIN: https://jagatisecondaryschool.jessoreboard.gov.bd
==================================================
[+] Domain exhausted. Finishing up: https://jagatisecondaryschool.jessoreboard.gov.bd
==================================================
[*] STARTING NEW DOMAIN: https://istc.sirajganj.gov.bd
==================================================
[+] Domain exhausted. Finishing up: https://istc.sirajganj.gov.bd
==================================================
[*] STARTING NEW DOMAIN: https://hospital.khagrachhari.gov.bd
==================================================
[+] Domain exhausted. Finishing up: https://hospital.khagrachhari.gov.bd
==================================================
[*] STARTING NEW DOMAIN: https://deb109339.dhakaeducationboard.gov.bd
==================================================
[+] Domain exhausted. Finishing up: https://deb109339.dhakaeducationboard.gov.bd
==================================================
[*] STARTING NEW DOMAIN: https://deb109471.dhakaeducationboard.gov.bd
==================================================
[+] Domain exhausted. Finishing up: https://deb109471.dhakaeducationboard.gov.bd
==================================================
[*] STARTING NEW DOMAIN: https://deb109610.dhakaeducationboard.gov.bd
==================================================
[+] Domain exhausted. Finishing up: https://deb109610.dhakaeducationboard.gov.bd
==================================================
[*] STARTING NEW DOMAIN: https://pozip.companiganj.sylhet.gov.bd
==================================================
[+] Domain exhausted. Finishing up: https://pozip.companiganj.sylhet.gov.bd
==================================================
[*] STARTING NEW DOMAIN: https://deb109757.dhakaeducationboard.gov.bd
==================================================
[+] Domain exhausted. Finishing up: https://deb109757.dhakaeducationboard.gov.bd
==================================================
[*] STARTING NEW DOMAIN: https://sr.rajarhat.kurigram.gov.bd
==================================================
[+] Domain exhausted. Finishing up: https://sr.rajarhat.kurigram.gov.bd
==================================================
[*] STARTING NEW DOMAIN: https://pouromodelschoolandcollege.jessoreboard.gov.bd
==================================================
[+] Domain exhausted. Finishing up: https://pouromodelschoolandcollege.jessoreboard.gov.bd
==================================================
[*] STARTING NEW DOMAIN: https://sspb.joypurhat.gov.bd
==================================================
[+] Domain exhausted. Finishing up: https://sspb.joypurhat.gov.bd
==================================================
[*] STARTING NEW DOMAIN: https://deb110306.dhakaeducationboard.gov.bd
==================================================
[+] Domain exhausted. Finishing up: https://deb110306.dhakaeducationboard.gov.bd
==================================================
[*] STARTING NEW DOMAIN: https://publiclibrary.satkhira.gov.bd
==================================================
[+] Domain exhausted. Finishing up: https://publiclibrary.satkhira.gov.bd
==================================================
[*] STARTING NEW DOMAIN: https://deb110625.dhakaeducationboard.gov.bd
==================================================
[+] Domain exhausted. Finishing up: https://deb110625.dhakaeducationboard.gov.bd
==================================================
[*] STARTING NEW DOMAIN: https://sreemangalup.moulvibazar.gov.bd
==================================================
[+] Domain exhausted. Finishing up: https://sreemangalup.moulvibazar.gov.bd
==================================================
[*] STARTING NEW DOMAIN: https://deb110826.dhakaeducationboard.gov.bd
==================================================
[+] Domain exhausted. Finishing up: https://deb110826.dhakaeducationboard.gov.bd
==================================================
[*] STARTING NEW DOMAIN: https://deb111020.dhakaeducationboard.gov.bd
==================================================
[+] Domain exhausted. Finishing up: https://deb111020.dhakaeducationboard.gov.bd
==================================================
[*] STARTING NEW DOMAIN: https://lged.saltha.faridpur.gov.bd
==================================================
[+] Domain exhausted. Finishing up: https://lged.saltha.faridpur.gov.bd
==================================================
[*] STARTING NEW DOMAIN: https://police.manirampur.jessore.gov.bd
==================================================
[+] Domain exhausted. Finishing up: https://police.manirampur.jessore.gov.bd
==================================================
[*] STARTING NEW DOMAIN: https://lged.banshkhali.chittagong.gov.bd
==================================================
[+] Domain exhausted. Finishing up: https://lged.banshkhali.chittagong.gov.bd
==================================================
[*] STARTING NEW DOMAIN: https://publiclibrary.rangamati.gov.bd
==================================================
[+] Domain exhausted. Finishing up: https://publiclibrary.rangamati.gov.bd
==================================================
[*] STARTING NEW DOMAIN: https://deb111821.dhakaeducationboard.gov.bd
==================================================
[+] Domain exhausted. Finishing up: https://deb111821.dhakaeducationboard.gov.bd
==================================================
[*] STARTING NEW DOMAIN: https://acl.mirzapur.tangail.gov.bd
==================================================
[+] Domain exhausted. Finishing up: https://acl.mirzapur.tangail.gov.bd
==================================================
[*] STARTING NEW DOMAIN: https://ponchocroshiup.sirajganj.gov.bd
==================================================
[+] Domain exhausted. Finishing up: https://ponchocroshiup.sirajganj.gov.bd
==================================================
[*] STARTING NEW DOMAIN: https://deb112135.dhakaeducationboard.gov.bd
==================================================
[+] Domain exhausted. Finishing up: https://deb112135.dhakaeducationboard.gov.bd
==================================================
[*] STARTING NEW DOMAIN: https://meeting-docs.bcc.gov.bd
==================================================
[+] Domain exhausted. Finishing up: https://meeting-docs.bcc.gov.bd
==================================================
[*] STARTING NEW DOMAIN: https://lged.jhenaidah.gov.bd
==================================================
[+] Domain exhausted. Finishing up: https://lged.jhenaidah.gov.bd
==================================================
[*] STARTING NEW DOMAIN: https://lddp.portal.gov.bd
==================================================
[+] Domain exhausted. Finishing up: https://lddp.portal.gov.bd
==================================================
[*] STARTING NEW DOMAIN: https://deb112674.dhakaeducationboard.gov.bd
==================================================
[+] Domain exhausted. Finishing up: https://deb112674.dhakaeducationboard.gov.bd
==================================================
[*] STARTING NEW DOMAIN: https://deb112686.dhakaeducationboard.gov.bd
==================================================
[+] Domain exhausted. Finishing up: https://deb112686.dhakaeducationboard.gov.bd
==================================================
[*] STARTING NEW DOMAIN: https://lged.chunarughat.habiganj.gov.bd
==================================================
[+] Domain exhausted. Finishing up: https://lged.chunarughat.habiganj.gov.bd
==================================================
[*] STARTING NEW DOMAIN: https://deb113008.dhakaeducationboard.gov.bd
==================================================
[+] Domain exhausted. Finishing up: https://deb113008.dhakaeducationboard.gov.bd
==================================================
[*] STARTING NEW DOMAIN: https://deb112962.dhakaeducationboard.gov.bd
==================================================
[+] Domain exhausted. Finishing up: https://deb112962.dhakaeducationboard.gov.bd
==================================================
[*] STARTING NEW DOMAIN: https://mail.betar.gov.bd
==================================================
[+] Domain exhausted. Finishing up: https://mail.betar.gov.bd
==================================================
[*] STARTING NEW DOMAIN: https://deb113150.dhakaeducationboard.gov.bd
==================================================
[+] Domain exhausted. Finishing up: https://deb113150.dhakaeducationboard.gov.bd
==================================================
[*] STARTING NEW DOMAIN: https://mail.brpowergen.gov.bd
==================================================
[+] Domain exhausted. Finishing up: https://mail.brpowergen.gov.bd
==================================================
[*] STARTING NEW DOMAIN: https://lged.lohagara.narail.gov.bd
==================================================
[+] Domain exhausted. Finishing up: https://lged.lohagara.narail.gov.bd
==================================================
[*] STARTING NEW DOMAIN: https://mail.bangabhaban.gov.bd
==================================================
[+] Domain exhausted. Finishing up: https://mail.bangabhaban.gov.bd
==================================================
[*] STARTING NEW DOMAIN: https://deb113556.dhakaeducationboard.gov.bd
==================================================
[+] Domain exhausted. Finishing up: https://deb113556.dhakaeducationboard.gov.bd
==================================================
[*] STARTING NEW DOMAIN: https://deb113776.dhakaeducationboard.gov.bd
==================================================
[+] Domain exhausted. Finishing up: https://deb113776.dhakaeducationboard.gov.bd
==================================================
[*] STARTING NEW DOMAIN: https://pozip.kaliganj.jhenaidah.gov.bd
==================================================
[+] Domain exhausted. Finishing up: https://pozip.kaliganj.jhenaidah.gov.bd
==================================================
[*] STARTING NEW DOMAIN: https://lged.ramu.coxsbazar.gov.bd
==================================================
[+] Domain exhausted. Finishing up: https://lged.ramu.coxsbazar.gov.bd
==================================================
[*] STARTING NEW DOMAIN: https://deb114041.dhakaeducationboard.gov.bd
==================================================
[+] Domain exhausted. Finishing up: https://deb114041.dhakaeducationboard.gov.bd
==================================================
[*] STARTING NEW DOMAIN: https://modnadangagirlshighschool.jessoreboard.gov.bd
==================================================
[+] Domain exhausted. Finishing up: https://modnadangagirlshighschool.jessoreboard.gov.bd
==================================================
[*] STARTING NEW DOMAIN: https://deb114289.dhakaeducationboard.gov.bd
==================================================
[+] Domain exhausted. Finishing up: https://deb114289.dhakaeducationboard.gov.bd
==================================================
[*] STARTING NEW DOMAIN: https://bbs.matiranga.khagrachhari.gov.bd
==================================================
[+] Domain exhausted. Finishing up: https://bbs.matiranga.khagrachhari.gov.bd
==================================================
[*] STARTING NEW DOMAIN: https://pbs.koyra.khulna.gov.bd
==================================================
[+] Domain exhausted. Finishing up: https://pbs.koyra.khulna.gov.bd
==================================================
[*] STARTING NEW DOMAIN: https://pozip.kotchandpur.jhenaidah.gov.bd
==================================================
[+] Domain exhausted. Finishing up: https://pozip.kotchandpur.jhenaidah.gov.bd
==================================================
[*] STARTING NEW DOMAIN: https://sajekup.rangamati.gov.bd
==================================================
[+] Domain exhausted. Finishing up: https://sajekup.rangamati.gov.bd
==================================================
[*] STARTING NEW DOMAIN: https://deb114402.dhakaeducationboard.gov.bd
==================================================
[+] Domain exhausted. Finishing up: https://deb114402.dhakaeducationboard.gov.bd
==================================================
[*] STARTING NEW DOMAIN: https://bfsa.chittagong.gov.bd
==================================================
[+] Domain exhausted. Finishing up: https://bfsa.chittagong.gov.bd
==================================================
[*] STARTING NEW DOMAIN: https://mail.sfdf.gov.bd
==================================================
[+] Domain exhausted. Finishing up: https://mail.sfdf.gov.bd
==================================================
[*] STARTING NEW DOMAIN: https://bmda.manda.naogaon.gov.bd
==================================================
[+] Domain exhausted. Finishing up: https://bmda.manda.naogaon.gov.bd
==================================================
[*] STARTING NEW DOMAIN: https://blri.jessore.gov.bd
==================================================
[+] Domain exhausted. Finishing up: https://blri.jessore.gov.bd
==================================================
[*] STARTING NEW DOMAIN: https://acl.chitalmari.bagerhat.gov.bd
==================================================
[+] Domain exhausted. Finishing up: https://acl.chitalmari.bagerhat.gov.bd
==================================================
[*] STARTING NEW DOMAIN: https://boilerdata.boiler.gov.bd
==================================================
[+] Domain exhausted. Finishing up: https://boilerdata.boiler.gov.bd
==================================================
[*] STARTING NEW DOMAIN: https://deb130724.dhakaeducationboard.gov.bd
==================================================
[+] Domain exhausted. Finishing up: https://deb130724.dhakaeducationboard.gov.bd
==================================================
[*] STARTING NEW DOMAIN: https://btv.portal.gov.bd
==================================================
[+] Domain exhausted. Finishing up: https://btv.portal.gov.bd
==================================================
[*] STARTING NEW DOMAIN: https://publiclibrary.meherpur.gov.bd
==================================================
[+] Domain exhausted. Finishing up: https://publiclibrary.meherpur.gov.bd
==================================================
[*] STARTING NEW DOMAIN: https://brdb.gafargaon.mymensingh.gov.bd
==================================================
[+] Domain exhausted. Finishing up: https://brdb.gafargaon.mymensingh.gov.bd
==================================================
[*] STARTING NEW DOMAIN: https://brdb.narail.gov.bd
==================================================
[+] Domain exhausted. Finishing up: https://brdb.narail.gov.bd
==================================================
[*] STARTING NEW DOMAIN: https://dao.betagi.barguna.gov.bd
==================================================
[+] Domain exhausted. Finishing up: https://dao.betagi.barguna.gov.bd
==================================================
[*] STARTING NEW DOMAIN: https://deb109361.dhakaeducationboard.gov.bd
==================================================
[+] Domain exhausted. Finishing up: https://deb109361.dhakaeducationboard.gov.bd
==================================================
[*] STARTING NEW DOMAIN: https://mauliup.narail.gov.bd
==================================================
[+] Domain exhausted. Finishing up: https://mauliup.narail.gov.bd
==================================================
[*] STARTING NEW DOMAIN: https://deb113728.dhakaeducationboard.gov.bd
==================================================
[+] Domain exhausted. Finishing up: https://deb113728.dhakaeducationboard.gov.bd
==================================================
[*] STARTING NEW DOMAIN: https://deb112311.dhakaeducationboard.gov.bd
==================================================
[+] Domain exhausted. Finishing up: https://deb112311.dhakaeducationboard.gov.bd
==================================================
[*] STARTING NEW DOMAIN: https://dhksouth.pmgmetro.bdpost.gov.bd
==================================================
[+] Domain exhausted. Finishing up: https://dhksouth.pmgmetro.bdpost.gov.bd
==================================================
[*] STARTING NEW DOMAIN: https://dpe.parbatipur.dinajpur.gov.bd
==================================================
[+] Domain exhausted. Finishing up: https://dpe.parbatipur.dinajpur.gov.bd
==================================================
[*] STARTING NEW DOMAIN: https://deb133980.dhakaeducationboard.gov.bd
==================================================
[+] Domain exhausted. Finishing up: https://deb133980.dhakaeducationboard.gov.bd
==================================================
[*] STARTING NEW DOMAIN: https://ec.sapahar.naogaon.gov.bd
==================================================
[+] Domain exhausted. Finishing up: https://ec.sapahar.naogaon.gov.bd
==================================================
[*] STARTING NEW DOMAIN: https://dwa.taltali.barguna.gov.bd
==================================================
[+] Domain exhausted. Finishing up: https://dwa.taltali.barguna.gov.bd
==================================================
[*] STARTING NEW DOMAIN: https://fpo.khulnadiv.gov.bd
==================================================
[+] Domain exhausted. Finishing up: https://fpo.khulnadiv.gov.bd
==================================================
[*] STARTING NEW DOMAIN: https://food.dhunot.bogra.gov.bd
==================================================
[+] Domain exhausted. Finishing up: https://food.dhunot.bogra.gov.bd
==================================================
[*] STARTING NEW DOMAIN: https://trimohonisecondaryschooldakop.jessoreboard.gov.bd
==================================================
[+] Domain exhausted. Finishing up: https://trimohonisecondaryschooldakop.jessoreboard.gov.bd
==================================================
[*] STARTING NEW DOMAIN: https://tiarbilasecondaryschool.jessoreboard.gov.bd
==================================================
[+] Domain exhausted. Finishing up: https://tiarbilasecondaryschool.jessoreboard.gov.bd
==================================================
[*] STARTING NEW DOMAIN: https://trafficdivision.rmp.gov.bd
==================================================
[+] Domain exhausted. Finishing up: https://trafficdivision.rmp.gov.bd
==================================================
[*] STARTING NEW DOMAIN: https://pio.muksudpur.gopalganj.gov.bd
==================================================
[+] Domain exhausted. Finishing up: https://pio.muksudpur.gopalganj.gov.bd
==================================================
[*] STARTING NEW DOMAIN: https://passport.pabna.gov.bd
==================================================
[+] Domain exhausted. Finishing up: https://passport.pabna.gov.bd
==================================================
[*] STARTING NEW DOMAIN: https://tax.mymensinghdiv.gov.bd
==================================================
[+] Domain exhausted. Finishing up: https://tax.mymensinghdiv.gov.bd
==================================================
[*] STARTING NEW DOMAIN: https://tazumuddin.bhola.gov.bd
==================================================
[+] Domain exhausted. Finishing up: https://tazumuddin.bhola.gov.bd
==================================================
[*] STARTING NEW DOMAIN: https://uitrce.moheshpur.jhenaidah.gov.bd
==================================================
[+] Domain exhausted. Finishing up: https://uitrce.moheshpur.jhenaidah.gov.bd
==================================================
[*] STARTING NEW DOMAIN: https://urc.bamna.barguna.gov.bd
==================================================
[+] Domain exhausted. Finishing up: https://urc.bamna.barguna.gov.bd
==================================================
[*] STARTING NEW DOMAIN: https://deb137160.dhakaeducationboard.gov.bd
==================================================
[+] Domain exhausted. Finishing up: https://deb137160.dhakaeducationboard.gov.bd
==================================================
[*] STARTING NEW DOMAIN: https://urc.dhamoirhat.naogaon.gov.bd
==================================================
[+] Domain exhausted. Finishing up: https://urc.dhamoirhat.naogaon.gov.bd
==================================================
[*] STARTING NEW DOMAIN: https://deb137621.dhakaeducationboard.gov.bd
==================================================
[+] Domain exhausted. Finishing up: https://deb137621.dhakaeducationboard.gov.bd
==================================================
[*] STARTING NEW DOMAIN: https://urc.madarganj.jamalpur.gov.bd
==================================================
[+] Domain exhausted. Finishing up: https://urc.madarganj.jamalpur.gov.bd
==================================================
[*] STARTING NEW DOMAIN: https://mohammadpurup.noakhali.gov.bd
==================================================
[+] Domain exhausted. Finishing up: https://mohammadpurup.noakhali.gov.bd
==================================================
[*] STARTING NEW DOMAIN: https://urc.nawabganj.dinajpur.gov.bd
==================================================
[+] Domain exhausted. Finishing up: https://urc.nawabganj.dinajpur.gov.bd
==================================================
[*] STARTING NEW DOMAIN: https://deb137969.dhakaeducationboard.gov.bd
==================================================
[+] Domain exhausted. Finishing up: https://deb137969.dhakaeducationboard.gov.bd
==================================================
[*] STARTING NEW DOMAIN: https://urc.sonargaon.narayanganj.gov.bd
==================================================
[+] Domain exhausted. Finishing up: https://urc.sonargaon.narayanganj.gov.bd
==================================================
[*] STARTING NEW DOMAIN: https://urc.tangailsadar.tangail.gov.bd
==================================================
[+] Domain exhausted. Finishing up: https://urc.tangailsadar.tangail.gov.bd
==================================================
[*] STARTING NEW DOMAIN: https://vpolice.dhanbari.tangail.gov.bd
==================================================
[+] Domain exhausted. Finishing up: https://vpolice.dhanbari.tangail.gov.bd
==================================================
[*] STARTING NEW DOMAIN: https://vhelumiaup.bhola.gov.bd
==================================================
[+] Domain exhausted. Finishing up: https://vhelumiaup.bhola.gov.bd
==================================================
[*] STARTING NEW DOMAIN: https://wmo.bwdb.gov.bd
==================================================
[+] Domain exhausted. Finishing up: https://wmo.bwdb.gov.bd
==================================================
[*] STARTING NEW DOMAIN: https://youth.chilmari.kurigram.gov.bd
==================================================
[+] Domain exhausted. Finishing up: https://youth.chilmari.kurigram.gov.bd
==================================================
[*] STARTING NEW DOMAIN: https://tscdupchanchia.bogra.gov.bd
==================================================
[+] Domain exhausted. Finishing up: https://tscdupchanchia.bogra.gov.bd
==================================================
[*] STARTING NEW DOMAIN: https://youth.kaliganj.jhenaidah.gov.bd
==================================================
[+] Domain exhausted. Finishing up: https://youth.kaliganj.jhenaidah.gov.bd
==================================================
[*] STARTING NEW DOMAIN: https://sr.kalkini.madaripur.gov.bd
==================================================
[+] Domain exhausted. Finishing up: https://sr.kalkini.madaripur.gov.bd
==================================================
[*] STARTING NEW DOMAIN: https://deb139502.dhakaeducationboard.gov.bd
==================================================
[+] Domain exhausted. Finishing up: https://deb139502.dhakaeducationboard.gov.bd
==================================================
[*] STARTING NEW DOMAIN: https://sr.pakundia.kishoreganj.gov.bd
==================================================
[+] Domain exhausted. Finishing up: https://sr.pakundia.kishoreganj.gov.bd
==================================================
[*] STARTING NEW DOMAIN: https://deb139495.dhakaeducationboard.gov.bd
==================================================
[+] Domain exhausted. Finishing up: https://deb139495.dhakaeducationboard.gov.bd
==================================================
[*] STARTING NEW DOMAIN: https://zaguaup.barisal.gov.bd
==================================================
[+] Domain exhausted. Finishing up: https://zaguaup.barisal.gov.bd
==================================================
[*] STARTING NEW DOMAIN: https://deb190159.dhakaeducationboard.gov.bd
==================================================
[+] Domain exhausted. Finishing up: https://deb190159.dhakaeducationboard.gov.bd
==================================================
[*] STARTING NEW DOMAIN: https://zso.kaliganj.lalmonirhat.gov.bd
==================================================
[+] Domain exhausted. Finishing up: https://zso.kaliganj.lalmonirhat.gov.bd
==================================================
[*] STARTING NEW DOMAIN: https://deo.barlekha.moulvibazar.gov.bd
==================================================
[+] Domain exhausted. Finishing up: https://deo.barlekha.moulvibazar.gov.bd
==================================================
[*] STARTING NEW DOMAIN: http://bakchualakhipursecondaryschool.jessoreboard.gov.bd
==================================================
[+] Domain exhausted. Finishing up: http://bakchualakhipursecondaryschool.jessoreboard.gov.bd
==================================================
[*] STARTING NEW DOMAIN: https://land.gov.bd/
==================================================
[+] Domain exhausted. Finishing up: https://land.gov.bd/
==================================================
[*] STARTING NEW DOMAIN: https://rfofisheries.satkhira.gov.bd
==================================================
[+] Domain exhausted. Finishing up: https://rfofisheries.satkhira.gov.bd
==================================================
[*] STARTING NEW DOMAIN: https://deo.puthia.rajshahi.gov.bd
==================================================
[+] Domain exhausted. Finishing up: https://deo.puthia.rajshahi.gov.bd
==================================================
[*] STARTING NEW DOMAIN: http://deb108132.dhakaeducationboard.gov.bd
==================================================
[+] Domain exhausted. Finishing up: http://deb108132.dhakaeducationboard.gov.bd
==================================================
[*] STARTING NEW DOMAIN: http://deb107936.dhakaeducationboard.gov.bd
==================================================
[+] Domain exhausted. Finishing up: http://deb107936.dhakaeducationboard.gov.bd
==================================================
[*] STARTING NEW DOMAIN: http://deb134173.dhakaeducationboard.gov.bd
==================================================
[+] Domain exhausted. Finishing up: http://deb134173.dhakaeducationboard.gov.bd
==================================================
[*] STARTING NEW DOMAIN: http://dldd.gov.bd
==================================================
[+] Domain exhausted. Finishing up: http://dldd.gov.bd
==================================================
[*] STARTING NEW DOMAIN: https://dfisc.chittagong.gov.bd
==================================================
[+] Domain exhausted. Finishing up: https://dfisc.chittagong.gov.bd
==================================================
[*] STARTING NEW DOMAIN: https://shsmc.gov.bd
==================================================
[+] Domain exhausted. Finishing up: https://shsmc.gov.bd
==================================================
[*] STARTING NEW DOMAIN: https://baliadighiup.bogra.gov.bd
==================================================
[+] Domain exhausted. Finishing up: https://baliadighiup.bogra.gov.bd
==================================================
[*] STARTING NEW DOMAIN: https://sktec.jhenaidah.gov.bd
==================================================
[+] Domain exhausted. Finishing up: https://sktec.jhenaidah.gov.bd
==================================================
[*] STARTING NEW DOMAIN: https://ansarvdp.sadar.gopalganj.gov.bd
==================================================
[+] Domain exhausted. Finishing up: https://ansarvdp.sadar.gopalganj.gov.bd
==================================================
[*] STARTING NEW DOMAIN: https://sonagazi.feni.gov.bd
==================================================
[+] Domain exhausted. Finishing up: https://sonagazi.feni.gov.bd
==================================================
[*] STARTING NEW DOMAIN: https://sports.gopalganj.gov.bd
==================================================
[+] Domain exhausted. Finishing up: https://sports.gopalganj.gov.bd
==================================================
[*] STARTING NEW DOMAIN: https://sarishabaripourashava.gov.bd
==================================================
[+] Domain exhausted. Finishing up: https://sarishabaripourashava.gov.bd
==================================================
[*] STARTING NEW DOMAIN: https://sr.lakhai.habiganj.gov.bd
==================================================
[+] Domain exhausted. Finishing up: https://sr.lakhai.habiganj.gov.bd
==================================================
[*] STARTING NEW DOMAIN: https://bbs.jaldhaka.nilphamari.gov.bd
==================================================
[+] Domain exhausted. Finishing up: https://bbs.jaldhaka.nilphamari.gov.bd
==================================================
[*] STARTING NEW DOMAIN: https://uitrce.gafargaon.mymensingh.gov.bd
==================================================
[+] Domain exhausted. Finishing up: https://uitrce.gafargaon.mymensingh.gov.bd
==================================================
[*] STARTING NEW DOMAIN: https://uitrce.kazipur.sirajganj.gov.bd
==================================================
[+] Domain exhausted. Finishing up: https://uitrce.kazipur.sirajganj.gov.bd
==================================================
[*] STARTING NEW DOMAIN: https://bbs.meherpur.gov.bd
==================================================
[+] Domain exhausted. Finishing up: https://bbs.meherpur.gov.bd
==================================================
[*] STARTING NEW DOMAIN: https://post.jamalpur.gov.bd
==================================================
[+] Domain exhausted. Finishing up: https://post.jamalpur.gov.bd
==================================================
[*] STARTING NEW DOMAIN: https://dls.purbadhala.netrokona.gov.bd
==================================================
[+] Domain exhausted. Finishing up: https://dls.purbadhala.netrokona.gov.bd
==================================================
[*] STARTING NEW DOMAIN: https://sr.sirajdikhan.munshiganj.gov.bd
==================================================
[+] Domain exhausted. Finishing up: https://sr.sirajdikhan.munshiganj.gov.bd
==================================================
[*] STARTING NEW DOMAIN: https://dnc.bhola.gov.bd
==================================================
[+] Domain exhausted. Finishing up: https://dnc.bhola.gov.bd
==================================================
[*] STARTING NEW DOMAIN: https://mor.portal.gov.bd
==================================================
[+] Domain exhausted. Finishing up: https://mor.portal.gov.bd
==================================================
[*] STARTING NEW DOMAIN: https://srdiro.gopalganj.gov.bd
==================================================
[+] Domain exhausted. Finishing up: https://srdiro.gopalganj.gov.bd
==================================================
[*] STARTING NEW DOMAIN: https://dnc.moulvibazar.gov.bd
==================================================
[+] Domain exhausted. Finishing up: https://dnc.moulvibazar.gov.bd
==================================================
[*] STARTING NEW DOMAIN: https://doict.atrai.naogaon.gov.bd
==================================================
[+] Domain exhausted. Finishing up: https://doict.atrai.naogaon.gov.bd
==================================================
[*] STARTING NEW DOMAIN: https://muradiaup.patuakhali.gov.bd
==================================================
[+] Domain exhausted. Finishing up: https://muradiaup.patuakhali.gov.bd
==================================================
[*] STARTING NEW DOMAIN: https://bbs.lalmonirhat.gov.bd
==================================================
[+] Domain exhausted. Finishing up: https://bbs.lalmonirhat.gov.bd
==================================================
[*] STARTING NEW DOMAIN: https://bgb.coxsbazar.gov.bd
==================================================
[+] Domain exhausted. Finishing up: https://bgb.coxsbazar.gov.bd
==================================================
[*] STARTING NEW DOMAIN: https://doict.kaliganj.lalmonirhat.gov.bd
==================================================
[+] Domain exhausted. Finishing up: https://doict.kaliganj.lalmonirhat.gov.bd
==================================================
[*] STARTING NEW DOMAIN: https://batajoreup.barisal.gov.bd
==================================================
[+] Domain exhausted. Finishing up: https://batajoreup.barisal.gov.bd
==================================================
[*] STARTING NEW DOMAIN: https://doict.sharsha.jessore.gov.bd
==================================================
[+] Domain exhausted. Finishing up: https://doict.sharsha.jessore.gov.bd
==================================================
[*] STARTING NEW DOMAIN: https://doict.sadar.faridpur.gov.bd
==================================================
[+] Domain exhausted. Finishing up: https://doict.sadar.faridpur.gov.bd
==================================================
[*] STARTING NEW DOMAIN: https://doj.saturia.manikganj.gov.bd
==================================================
[+] Domain exhausted. Finishing up: https://doj.saturia.manikganj.gov.bd
==================================================
[*] STARTING NEW DOMAIN: https://doj.katiadi.kishoreganj.gov.bd
==================================================
[+] Domain exhausted. Finishing up: https://doj.katiadi.kishoreganj.gov.bd
==================================================
[*] STARTING NEW DOMAIN: https://dpe.kalukhali.rajbari.gov.bd
==================================================
[+] Domain exhausted. Finishing up: https://dpe.kalukhali.rajbari.gov.bd
==================================================
[*] STARTING NEW DOMAIN: https://bnfe.chandpur.gov.bd
==================================================
[+] Domain exhausted. Finishing up: https://bnfe.chandpur.gov.bd
==================================================
[*] STARTING NEW DOMAIN: https://sankrakomarpuragsecondaryschool.jessoreboard.gov.bd
==================================================
[+] Domain exhausted. Finishing up: https://sankrakomarpuragsecondaryschool.jessoreboard.gov.bd
==================================================
[*] STARTING NEW DOMAIN: https://brdb.companiganj.noakhali.gov.bd
==================================================
[+] Domain exhausted. Finishing up: https://brdb.companiganj.noakhali.gov.bd
==================================================
[*] STARTING NEW DOMAIN: https://mangalkandiup.feni.gov.bd
==================================================
[+] Domain exhausted. Finishing up: https://mangalkandiup.feni.gov.bd
==================================================
[*] STARTING NEW DOMAIN: https://borbhagsecondaryschool.jessoreboard.gov.bd
==================================================
[+] Domain exhausted. Finishing up: https://borbhagsecondaryschool.jessoreboard.gov.bd
==================================================
[*] STARTING NEW DOMAIN: https://dphe.munshiganj.gov.bd
==================================================
[+] Domain exhausted. Finishing up: https://dphe.munshiganj.gov.bd
==================================================
[*] STARTING NEW DOMAIN: https://bnfe.lalmonirhat.gov.bd
==================================================
[+] Domain exhausted. Finishing up: https://bnfe.lalmonirhat.gov.bd
==================================================
[*] STARTING NEW DOMAIN: https://dphe.natoresadar.natore.gov.bd
==================================================
[+] Domain exhausted. Finishing up: https://dphe.natoresadar.natore.gov.bd
==================================================
[*] STARTING NEW DOMAIN: https://bbs.gouripur.mymensingh.gov.bd
==================================================
[+] Domain exhausted. Finishing up: https://bbs.gouripur.mymensingh.gov.bd
==================================================
[*] STARTING NEW DOMAIN: https://chandanbariup.narsingdi.gov.bd
==================================================
[+] Domain exhausted. Finishing up: https://chandanbariup.narsingdi.gov.bd
==================================================
[*] STARTING NEW DOMAIN: https://bksp.portal.gov.bd
==================================================
[+] Domain exhausted. Finishing up: https://bksp.portal.gov.bd
==================================================
[*] STARTING NEW DOMAIN: https://sreekundisecondaryschool.jessoreboard.gov.bd
==================================================
[+] Domain exhausted. Finishing up: https://sreekundisecondaryschool.jessoreboard.gov.bd
==================================================
[*] STARTING NEW DOMAIN: https://dshe.manikchari.khagrachhari.gov.bd
==================================================
[+] Domain exhausted. Finishing up: https://dshe.manikchari.khagrachhari.gov.bd
==================================================
[*] STARTING NEW DOMAIN: https://dshe.manirampur.jessore.gov.bd
==================================================
[+] Domain exhausted. Finishing up: https://dshe.manirampur.jessore.gov.bd
==================================================
[*] STARTING NEW DOMAIN: https://chakirpasharup.kurigram.gov.bd
==================================================
[+] Domain exhausted. Finishing up: https://chakirpasharup.kurigram.gov.bd
==================================================
[*] STARTING NEW DOMAIN: https://dss.dohar.dhaka.gov.bd
==================================================
[+] Domain exhausted. Finishing up: https://dss.dohar.dhaka.gov.bd
==================================================
[*] STARTING NEW DOMAIN: https://dss.nawabganj.dinajpur.gov.bd
==================================================
[+] Domain exhausted. Finishing up: https://dss.nawabganj.dinajpur.gov.bd
==================================================
[*] STARTING NEW DOMAIN: https://dss.patuakhali.gov.bd
==================================================
[+] Domain exhausted. Finishing up: https://dss.patuakhali.gov.bd
==================================================
[*] STARTING NEW DOMAIN: https://dssucd.tangail.gov.bd
==================================================
[+] Domain exhausted. Finishing up: https://dssucd.tangail.gov.bd
==================================================
[*] STARTING NEW DOMAIN: https://iviei.barguna.gov.bd
==================================================
[+] Domain exhausted. Finishing up: https://iviei.barguna.gov.bd
==================================================
[*] STARTING NEW DOMAIN: https://dwa.dhobaura.mymensingh.gov.bd
==================================================
[+] Domain exhausted. Finishing up: https://dwa.dhobaura.mymensingh.gov.bd
==================================================
[*] STARTING NEW DOMAIN: https://dwa.matiranga.khagrachhari.gov.bd
==================================================
[+] Domain exhausted. Finishing up: https://dwa.matiranga.khagrachhari.gov.bd
==================================================
[*] STARTING NEW DOMAIN: https://bsppress.dpp.gov.bd
==================================================
[+] Domain exhausted. Finishing up: https://bsppress.dpp.gov.bd
==================================================
[*] STARTING NEW DOMAIN: https://ebek.damurhuda.chuadanga.gov.bd
==================================================
[+] Domain exhausted. Finishing up: https://ebek.damurhuda.chuadanga.gov.bd
==================================================
[*] STARTING NEW DOMAIN: https://dyd.portal.gov.bd
==================================================
[+] Domain exhausted. Finishing up: https://dyd.portal.gov.bd
==================================================
[*] STARTING NEW DOMAIN: https://ebek.kumarkhali.kushtia.gov.bd
==================================================
[+] Domain exhausted. Finishing up: https://ebek.kumarkhali.kushtia.gov.bd
==================================================
[*] STARTING NEW DOMAIN: https://ec.charbhadrasan.faridpur.gov.bd
==================================================
[+] Domain exhausted. Finishing up: https://ec.charbhadrasan.faridpur.gov.bd
==================================================
[*] STARTING NEW DOMAIN: https://ec.naniarchar.rangamati.gov.bd
==================================================
[+] Domain exhausted. Finishing up: https://ec.naniarchar.rangamati.gov.bd
==================================================
[*] STARTING NEW DOMAIN: https://ec.lama.bandarban.gov.bd
==================================================
[+] Domain exhausted. Finishing up: https://ec.lama.bandarban.gov.bd
==================================================
[*] STARTING NEW DOMAIN: https://ec.sadar.lalmonirhat.gov.bd
==================================================
[+] Domain exhausted. Finishing up: https://ec.sadar.lalmonirhat.gov.bd
==================================================
[*] STARTING NEW DOMAIN: https://eed.jhenaidah.gov.bd
==================================================
[+] Domain exhausted. Finishing up: https://eed.jhenaidah.gov.bd
==================================================
[*] STARTING NEW DOMAIN: https://eed.jessore.gov.bd
==================================================
[+] Domain exhausted. Finishing up: https://eed.jessore.gov.bd
==================================================
[*] STARTING NEW DOMAIN: https://eo.daulatpur.kushtia.gov.bd
==================================================
[+] Domain exhausted. Finishing up: https://eo.daulatpur.kushtia.gov.bd
==================================================
[*] STARTING NEW DOMAIN: https://ekeb.gangni.meherpur.gov.bd
==================================================
[+] Domain exhausted. Finishing up: https://ekeb.gangni.meherpur.gov.bd
==================================================
[*] STARTING NEW DOMAIN: https://urc.madhupur.tangail.gov.bd
==================================================
[+] Domain exhausted. Finishing up: https://urc.madhupur.tangail.gov.bd
==================================================
[*] STARTING NEW DOMAIN: https://fazlupurup.gaibandha.gov.bd
==================================================
[+] Domain exhausted. Finishing up: https://fazlupurup.gaibandha.gov.bd
==================================================
[*] STARTING NEW DOMAIN: https://urc.sarankhola.bagerhat.gov.bd
==================================================
[+] Domain exhausted. Finishing up: https://urc.sarankhola.bagerhat.gov.bd
==================================================
[*] STARTING NEW DOMAIN: http://adarshamadhyamicvidyalay.jessoreboard.gov.bd
==================================================
[+] Domain exhausted. Finishing up: http://adarshamadhyamicvidyalay.jessoreboard.gov.bd
==================================================
[*] STARTING NEW DOMAIN: https://fireservice.naogaon.gov.bd
==================================================
[+] Domain exhausted. Finishing up: https://fireservice.naogaon.gov.bd
==================================================
[*] STARTING NEW DOMAIN: https://fireservice.sakhipur.tangail.gov.bd
==================================================
[+] Domain exhausted. Finishing up: https://fireservice.sakhipur.tangail.gov.bd
==================================================
[*] STARTING NEW DOMAIN: https://youth.bajitpur.kishoreganj.gov.bd
==================================================
[+] Domain exhausted. Finishing up: https://youth.bajitpur.kishoreganj.gov.bd
==================================================
[*] STARTING NEW DOMAIN: https://fisheries.charrajibpur.kurigram.gov.bd
==================================================
[+] Domain exhausted. Finishing up: https://fisheries.charrajibpur.kurigram.gov.bd
==================================================
[*] STARTING NEW DOMAIN: https://fisheries.rangpur.gov.bd
==================================================
[+] Domain exhausted. Finishing up: https://fisheries.rangpur.gov.bd
==================================================
[*] STARTING NEW DOMAIN: http://deb107961.dhakaeducationboard.gov.bd
==================================================
[+] Domain exhausted. Finishing up: http://deb107961.dhakaeducationboard.gov.bd
==================================================
[*] STARTING NEW DOMAIN: https://food.baniachong.habiganj.gov.bd
==================================================
[+] Domain exhausted. Finishing up: https://food.baniachong.habiganj.gov.bd
==================================================
[*] STARTING NEW DOMAIN: https://flid.comilla.gov.bd
==================================================
[+] Domain exhausted. Finishing up: https://flid.comilla.gov.bd
==================================================
[*] STARTING NEW DOMAIN: http://deb109187.dhakaeducationboard.gov.bd
==================================================
[+] Domain exhausted. Finishing up: http://deb109187.dhakaeducationboard.gov.bd
==================================================
[*] STARTING NEW DOMAIN: https://zso.kalaroa.satkhira.gov.bd
==================================================
[+] Domain exhausted. Finishing up: https://zso.kalaroa.satkhira.gov.bd
==================================================
[*] STARTING NEW DOMAIN: https://food.shibganj.chapainawabganj.gov.bd
==================================================
[+] Domain exhausted. Finishing up: https://food.shibganj.chapainawabganj.gov.bd
==================================================
[*] STARTING NEW DOMAIN: https://food.paba.rajshahi.gov.bd
==================================================
[+] Domain exhausted. Finishing up: https://food.paba.rajshahi.gov.bd
==================================================
[*] STARTING NEW DOMAIN: https://forest.domar.nilphamari.gov.bd
==================================================
[+] Domain exhausted. Finishing up: https://forest.domar.nilphamari.gov.bd
==================================================
[*] STARTING NEW DOMAIN: https://forest.fakirhat.bagerhat.gov.bd
==================================================
[+] Domain exhausted. Finishing up: https://forest.fakirhat.bagerhat.gov.bd
==================================================
[*] STARTING NEW DOMAIN: https://fpo.bhandaria.pirojpur.gov.bd
==================================================
[+] Domain exhausted. Finishing up: https://fpo.bhandaria.pirojpur.gov.bd
==================================================
[*] STARTING NEW DOMAIN: https://fpo.gaibandha.gov.bd
==================================================
[+] Domain exhausted. Finishing up: https://fpo.gaibandha.gov.bd
==================================================
[*] STARTING NEW DOMAIN: https://fpo.narailsadar.narail.gov.bd
==================================================
[+] Domain exhausted. Finishing up: https://fpo.narailsadar.narail.gov.bd
==================================================
[*] STARTING NEW DOMAIN: https://fpo.kahaloo.bogra.gov.bd
==================================================
[+] Domain exhausted. Finishing up: https://fpo.kahaloo.bogra.gov.bd
==================================================
[*] STARTING NEW DOMAIN: https://fpo.tangailsadar.tangail.gov.bd
==================================================
[+] Domain exhausted. Finishing up: https://fpo.tangailsadar.tangail.gov.bd
==================================================
[*] STARTING NEW DOMAIN: https://fpo.satkhira.gov.bd
==================================================
[+] Domain exhausted. Finishing up: https://fpo.satkhira.gov.bd
==================================================
[*] STARTING NEW DOMAIN: https://ghoragachhalalmohammadhighschool.jessoreboard.gov.bd
==================================================
[+] Domain exhausted. Finishing up: https://ghoragachhalalmohammadhighschool.jessoreboard.gov.bd
==================================================
[*] STARTING NEW DOMAIN: https://gskjuniorsecondaryschool.jessoreboard.gov.bd
==================================================
[+] Domain exhausted. Finishing up: https://gskjuniorsecondaryschool.jessoreboard.gov.bd
==================================================
[*] STARTING NEW DOMAIN: https://so.fatikchhari.chittagong.gov.bd
==================================================
[+] Domain exhausted. Finishing up: https://so.fatikchhari.chittagong.gov.bd
==================================================
[*] STARTING NEW DOMAIN: https://halsa.natore.gov.bd
==================================================
[+] Domain exhausted. Finishing up: https://halsa.natore.gov.bd
==================================================
[*] STARTING NEW DOMAIN: https://hc.badalgachi.naogaon.gov.bd
==================================================
[+] Domain exhausted. Finishing up: https://hc.badalgachi.naogaon.gov.bd
==================================================
[*] STARTING NEW DOMAIN: https://health.kasba.brahmanbaria.gov.bd
==================================================
[+] Domain exhausted. Finishing up: https://health.kasba.brahmanbaria.gov.bd
==================================================
[*] STARTING NEW DOMAIN: https://health.baliakandi.rajbari.gov.bd
==================================================
[+] Domain exhausted. Finishing up: https://health.baliakandi.rajbari.gov.bd
==================================================
[*] STARTING NEW DOMAIN: https://hed.gopalganj.gov.bd
==================================================
[+] Domain exhausted. Finishing up: https://hed.gopalganj.gov.bd
==================================================
[*] STARTING NEW DOMAIN: https://health.raipur.lakshmipur.gov.bd
==================================================
[+] Domain exhausted. Finishing up: https://health.raipur.lakshmipur.gov.bd
==================================================
[*] STARTING NEW DOMAIN: https://hrwt.habiganj.gov.bd
==================================================
[+] Domain exhausted. Finishing up: https://hrwt.habiganj.gov.bd
==================================================
[*] STARTING NEW DOMAIN: https://hospital.kurigram.gov.bd
==================================================
[+] Domain exhausted. Finishing up: https://hospital.kurigram.gov.bd
==================================================
[*] STARTING NEW DOMAIN: https://irbadc.barisal.gov.bd
==================================================
[+] Domain exhausted. Finishing up: https://irbadc.barisal.gov.bd
==================================================
[*] STARTING NEW DOMAIN: https://irbadc.sreepur.gazipur.gov.bd
==================================================
[+] Domain exhausted. Finishing up: https://irbadc.sreepur.gazipur.gov.bd
==================================================
[*] STARTING NEW DOMAIN: https://sr.kaliganj.gazipur.gov.bd
==================================================
[+] Domain exhausted. Finishing up: https://sr.kaliganj.gazipur.gov.bd
==================================================
[*] STARTING NEW DOMAIN: https://itailup.jamalpur.gov.bd
==================================================
[+] Domain exhausted. Finishing up: https://itailup.jamalpur.gov.bd
==================================================
[*] STARTING NEW DOMAIN: https://joariup.natore.gov.bd
==================================================
[+] Domain exhausted. Finishing up: https://joariup.natore.gov.bd
==================================================
[*] STARTING NEW DOMAIN: https://sr.pirgacha.rangpur.gov.bd
==================================================
[+] Domain exhausted. Finishing up: https://sr.pirgacha.rangpur.gov.bd
==================================================
[*] STARTING NEW DOMAIN: https://kakchiraup.barguna.gov.bd
==================================================
[+] Domain exhausted. Finishing up: https://kakchiraup.barguna.gov.bd
==================================================
[*] STARTING NEW DOMAIN: https://kacchapiaup.coxsbazar.gov.bd
==================================================
[+] Domain exhausted. Finishing up: https://kacchapiaup.coxsbazar.gov.bd
==================================================
[*] STARTING NEW DOMAIN: https://sr.sandwip.chittagong.gov.bd
==================================================
[+] Domain exhausted. Finishing up: https://sr.sandwip.chittagong.gov.bd
==================================================
[*] STARTING NEW DOMAIN: https://kashipurup.narayanganj.gov.bd
==================================================
[+] Domain exhausted. Finishing up: https://kashipurup.narayanganj.gov.bd
==================================================
[*] STARTING NEW DOMAIN: https://kawriabcjuniorschool.jessoreboard.gov.bd
==================================================
[+] Domain exhausted. Finishing up: https://kawriabcjuniorschool.jessoreboard.gov.bd
==================================================
[*] STARTING NEW DOMAIN: https://knsi.rangamati.gov.bd
==================================================
[+] Domain exhausted. Finishing up: https://knsi.rangamati.gov.bd
==================================================
[*] STARTING NEW DOMAIN: https://laxshmipurup.pabna.gov.bd
==================================================
[+] Domain exhausted. Finishing up: https://laxshmipurup.pabna.gov.bd
==================================================
[*] STARTING NEW DOMAIN: https://kumrulsecondaryschool.jessoreboard.gov.bd
==================================================
[+] Domain exhausted. Finishing up: https://kumrulsecondaryschool.jessoreboard.gov.bd
==================================================
[*] STARTING NEW DOMAIN: https://lged.dewangonj.jamalpur.gov.bd
==================================================
[+] Domain exhausted. Finishing up: https://lged.dewangonj.jamalpur.gov.bd
==================================================
[*] STARTING NEW DOMAIN: https://lged.kaptai.rangamati.gov.bd
==================================================
[+] Domain exhausted. Finishing up: https://lged.kaptai.rangamati.gov.bd
==================================================
[*] STARTING NEW DOMAIN: https://lged.mymensinghdiv.gov.bd
==================================================
[+] Domain exhausted. Finishing up: https://lged.mymensinghdiv.gov.bd
==================================================
[*] STARTING NEW DOMAIN: https://lged.naogaon.gov.bd
==================================================
[+] Domain exhausted. Finishing up: https://lged.naogaon.gov.bd
==================================================
[*] STARTING NEW DOMAIN: https://tax.sunamganj.gov.bd
==================================================
[+] Domain exhausted. Finishing up: https://tax.sunamganj.gov.bd
==================================================
[*] STARTING NEW DOMAIN: https://lgedreg.dinajpur.gov.bd
==================================================
[+] Domain exhausted. Finishing up: https://lgedreg.dinajpur.gov.bd
==================================================
[*] STARTING NEW DOMAIN: https://mail.biwta.gov.bd
==================================================
[+] Domain exhausted. Finishing up: https://mail.biwta.gov.bd
==================================================
[*] STARTING NEW DOMAIN: https://ti.tangail.gov.bd
==================================================
[+] Domain exhausted. Finishing up: https://ti.tangail.gov.bd
==================================================
[*] STARTING NEW DOMAIN: https://mail.shed.gov.bd
==================================================
[+] Domain exhausted. Finishing up: https://mail.shed.gov.bd
==================================================
[*] STARTING NEW DOMAIN: https://mail.mochta.gov.bd
==================================================
[+] Domain exhausted. Finishing up: https://mail.mochta.gov.bd
==================================================
[*] STARTING NEW DOMAIN: https://mail.rri.gov.bd
==================================================
[+] Domain exhausted. Finishing up: https://mail.rri.gov.bd
==================================================
[*] STARTING NEW DOMAIN: https://mibadc.haluaghat.mymensingh.gov.bd
==================================================
[+] Domain exhausted. Finishing up: https://mibadc.haluaghat.mymensingh.gov.bd
==================================================
[*] STARTING NEW DOMAIN: https://misebadc.rangpur.gov.bd
==================================================
[+] Domain exhausted. Finishing up: https://misebadc.rangpur.gov.bd
==================================================
[*] STARTING NEW DOMAIN: https://monglabandarsecondaryschool.jessoreboard.gov.bd
==================================================
[+] Domain exhausted. Finishing up: https://monglabandarsecondaryschool.jessoreboard.gov.bd
==================================================
[*] STARTING NEW DOMAIN: https://nacholup.chapainawabganj.gov.bd
==================================================
[+] Domain exhausted. Finishing up: https://nacholup.chapainawabganj.gov.bd
==================================================
[*] STARTING NEW DOMAIN: https://mushroomproject.gov.bd
==================================================
[+] Domain exhausted. Finishing up: https://mushroomproject.gov.bd
==================================================
[*] STARTING NEW DOMAIN: https://munshirhatup.feni.gov.bd
==================================================
[+] Domain exhausted. Finishing up: https://munshirhatup.feni.gov.bd
==================================================
[*] STARTING NEW DOMAIN: https://nayarhatup.kurigram.gov.bd
==================================================
[+] Domain exhausted. Finishing up: https://nayarhatup.kurigram.gov.bd
==================================================
[*] STARTING NEW DOMAIN: https://tscsaghata.gaibandha.gov.bd
==================================================
[+] Domain exhausted. Finishing up: https://tscsaghata.gaibandha.gov.bd
==================================================
[*] STARTING NEW DOMAIN: https://noakhalizo.pkb.gov.bd
==================================================
[+] Domain exhausted. Finishing up: https://noakhalizo.pkb.gov.bd
==================================================
[*] STARTING NEW DOMAIN: https://nycg.mofa.gov.bd
==================================================
[+] Domain exhausted. Finishing up: https://nycg.mofa.gov.bd
==================================================
[*] STARTING NEW DOMAIN: https://sr.wazirpur.barisal.gov.bd
==================================================
[+] Domain exhausted. Finishing up: https://sr.wazirpur.barisal.gov.bd
==================================================
[*] STARTING NEW DOMAIN: https://pairahatunitedcollege.jessoreboard.gov.bd
==================================================
[+] Domain exhausted. Finishing up: https://pairahatunitedcollege.jessoreboard.gov.bd
==================================================
[*] STARTING NEW DOMAIN: https://swregion.bgb.portal.gov.bd
==================================================
[+] Domain exhausted. Finishing up: https://swregion.bgb.portal.gov.bd
==================================================
[*] STARTING NEW DOMAIN: https://totthoapa.kamarkhand.sirajganj.gov.bd
==================================================
[+] Domain exhausted. Finishing up: https://totthoapa.kamarkhand.sirajganj.gov.bd
==================================================
[*] STARTING NEW DOMAIN: https://tsc.chapainawabganj.gov.bd
==================================================
[+] Domain exhausted. Finishing up: https://tsc.chapainawabganj.gov.bd
==================================================
[*] STARTING NEW DOMAIN: https://pio.rowmari.kurigram.gov.bd
==================================================
[+] Domain exhausted. Finishing up: https://pio.rowmari.kurigram.gov.bd
==================================================
[*] STARTING NEW DOMAIN: https://pio.taltali.barguna.gov.bd
==================================================
[+] Domain exhausted. Finishing up: https://pio.taltali.barguna.gov.bd
==================================================
[*] STARTING NEW DOMAIN: https://pocl.portal.gov.bd
==================================================
[+] Domain exhausted. Finishing up: https://pocl.portal.gov.bd
==================================================
[*] STARTING NEW DOMAIN: https://police.chuadanga.gov.bd
==================================================
[+] Domain exhausted. Finishing up: https://police.chuadanga.gov.bd
==================================================
[*] STARTING NEW DOMAIN: https://police.kishoreganj.gov.bd
==================================================
[+] Domain exhausted. Finishing up: https://police.kishoreganj.gov.bd
==================================================
[*] STARTING NEW DOMAIN: https://police.rajshahidiv.gov.bd
==================================================
[+] Domain exhausted. Finishing up: https://police.rajshahidiv.gov.bd
==================================================
[*] STARTING NEW DOMAIN: https://police.sadar.pirojpur.gov.bd
==================================================
[+] Domain exhausted. Finishing up: https://police.sadar.pirojpur.gov.bd
==================================================
[*] STARTING NEW DOMAIN: https://post.habiganjsadar.habiganj.gov.bd
==================================================
[+] Domain exhausted. Finishing up: https://post.habiganjsadar.habiganj.gov.bd
==================================================
[*] STARTING NEW DOMAIN: https://post.muksudpur.gopalganj.gov.bd
==================================================
[+] Domain exhausted. Finishing up: https://post.muksudpur.gopalganj.gov.bd
==================================================
[*] STARTING NEW DOMAIN: https://pourashava.rajbari.gov.bd
==================================================
[+] Domain exhausted. Finishing up: https://pourashava.rajbari.gov.bd
==================================================
[*] STARTING NEW DOMAIN: https://pozip.bishwanath.sylhet.gov.bd
==================================================
[+] Domain exhausted. Finishing up: https://pozip.bishwanath.sylhet.gov.bd
==================================================
[*] STARTING NEW DOMAIN: https://pqo.zakiganj.sylhet.gov.bd
==================================================
[+] Domain exhausted. Finishing up: https://pqo.zakiganj.sylhet.gov.bd
==================================================
[*] STARTING NEW DOMAIN: https://prison.sylhet.gov.bd
==================================================
[+] Domain exhausted. Finishing up: https://prison.sylhet.gov.bd
==================================================
[*] STARTING NEW DOMAIN: https://psb.dhaka.gov.bd
==================================================
[+] Domain exhausted. Finishing up: https://psb.dhaka.gov.bd
==================================================
[*] STARTING NEW DOMAIN: https://pwd.coxsbazar.gov.bd
==================================================
[+] Domain exhausted. Finishing up: https://pwd.coxsbazar.gov.bd
==================================================
[*] STARTING NEW DOMAIN: https://putimaraup.dinajpur.gov.bd
==================================================
[+] Domain exhausted. Finishing up: https://putimaraup.dinajpur.gov.bd
==================================================
[*] STARTING NEW DOMAIN: https://rajshahi.bcc.gov.bd
==================================================
[+] Domain exhausted. Finishing up: https://rajshahi.bcc.gov.bd
==================================================
[*] STARTING NEW DOMAIN: https://rajaharup.gaibandha.gov.bd
==================================================
[+] Domain exhausted. Finishing up: https://rajaharup.gaibandha.gov.bd
==================================================
[*] STARTING NEW DOMAIN: https://rangarcharup.sunamganj.gov.bd
==================================================
[+] Domain exhausted. Finishing up: https://rangarcharup.sunamganj.gov.bd
==================================================
[*] STARTING NEW DOMAIN: https://rdo.mymensinghdiv.gov.bd
==================================================
[+] Domain exhausted. Finishing up: https://rdo.mymensinghdiv.gov.bd
==================================================
[*] STARTING NEW DOMAIN: https://rhd.barguna.gov.bd
==================================================
[+] Domain exhausted. Finishing up: https://rhd.barguna.gov.bd
==================================================
[*] STARTING NEW DOMAIN: https://roypuraup.narsingdi.gov.bd
==================================================
[+] Domain exhausted. Finishing up: https://roypuraup.narsingdi.gov.bd
==================================================
[*] STARTING NEW DOMAIN: https://rttc.rajshahi.gov.bd
==================================================
[+] Domain exhausted. Finishing up: https://rttc.rajshahi.gov.bd
==================================================
[*] STARTING NEW DOMAIN: https://lged.matlabsouth.chandpur.gov.bd
==================================================
[+] Domain exhausted. Finishing up: https://lged.matlabsouth.chandpur.gov.bd
==================================================
[*] STARTING NEW DOMAIN: https://acl.sadar.coxsbazar.gov.bd
==================================================
[+] Domain exhausted. Finishing up: https://acl.sadar.coxsbazar.gov.bd
==================================================
[*] STARTING NEW DOMAIN: https://shilokup.chittagong.gov.bd
==================================================
[+] Domain exhausted. Finishing up: https://shilokup.chittagong.gov.bd
==================================================
[*] STARTING NEW DOMAIN: https://bfsa.sylhetdiv.gov.bd
==================================================
[+] Domain exhausted. Finishing up: https://bfsa.sylhetdiv.gov.bd
==================================================
[*] STARTING NEW DOMAIN: https://bmet.bagerhat.gov.bd
==================================================
[+] Domain exhausted. Finishing up: https://bmet.bagerhat.gov.bd
==================================================
[*] STARTING NEW DOMAIN: https://cdb.jhenaidah.gov.bd
==================================================
[+] Domain exhausted. Finishing up: https://cdb.jhenaidah.gov.bd
==================================================
[*] STARTING NEW DOMAIN: https://cooparative.bhola.gov.bd
==================================================
[+] Domain exhausted. Finishing up: https://cooparative.bhola.gov.bd
==================================================
[*] STARTING NEW DOMAIN: https://deb137087.dhakaeducationboard.gov.bd
==================================================
[+] Domain exhausted. Finishing up: https://deb137087.dhakaeducationboard.gov.bd
==================================================
[*] STARTING NEW DOMAIN: https://dpe.lohagara.narail.gov.bd
==================================================
[+] Domain exhausted. Finishing up: https://dpe.lohagara.narail.gov.bd
==================================================
[*] STARTING NEW DOMAIN: https://hedcircle6.sylhet.gov.bd
==================================================
[+] Domain exhausted. Finishing up: https://hedcircle6.sylhet.gov.bd
==================================================
[*] STARTING NEW DOMAIN: https://lged.hathazari.chittagong.gov.bd
==================================================
[+] Domain exhausted. Finishing up: https://lged.hathazari.chittagong.gov.bd
==================================================
[*] STARTING NEW DOMAIN: https://pozip.shalla.sunamganj.gov.bd
==================================================
[+] Domain exhausted. Finishing up: https://pozip.shalla.sunamganj.gov.bd
==================================================
[*] STARTING NEW DOMAIN: https://uitrce.nawabganj.dinajpur.gov.bd
==================================================
[+] Domain exhausted. Finishing up: https://uitrce.nawabganj.dinajpur.gov.bd
==================================================
[*] STARTING NEW DOMAIN: https://uno.sundarganj.gaibandha.gov.bd
==================================================
[+] Domain exhausted. Finishing up: https://uno.sundarganj.gaibandha.gov.bd
==================================================
[*] STARTING NEW DOMAIN: https://urc.durgapur.rajshahi.gov.bd
==================================================
[+] Domain exhausted. Finishing up: https://urc.durgapur.rajshahi.gov.bd
==================================================
[*] STARTING NEW DOMAIN: https://urc.sadar.lalmonirhat.gov.bd
==================================================
[+] Domain exhausted. Finishing up: https://urc.sadar.lalmonirhat.gov.bd
==================================================
[*] STARTING NEW DOMAIN: https://wzpdcl.meherpur.gov.bd
==================================================
[+] Domain exhausted. Finishing up: https://wzpdcl.meherpur.gov.bd
==================================================
[*] STARTING NEW DOMAIN: https://youth.cao.gov.bd
==================================================
[+] Domain exhausted. Finishing up: https://youth.cao.gov.bd
==================================================
[*] STARTING NEW DOMAIN: https://youth.hathazari.chittagong.gov.bd
==================================================
[+] Domain exhausted. Finishing up: https://youth.hathazari.chittagong.gov.bd
==================================================
[*] STARTING NEW DOMAIN: https://youth.sreepur.gazipur.gov.bd
==================================================
[+] Domain exhausted. Finishing up: https://youth.sreepur.gazipur.gov.bd
==================================================
[*] STARTING NEW DOMAIN: https://ytc.rajbari.gov.bd
==================================================
[+] Domain exhausted. Finishing up: https://ytc.rajbari.gov.bd
==================================================
[*] STARTING NEW DOMAIN: https://zso.chittagong.gov.bd
==================================================
[+] Domain exhausted. Finishing up: https://zso.chittagong.gov.bd
==================================================
[*] STARTING NEW DOMAIN: http://bcvashahighschool.jessoreboard.gov.bd
==================================================
[+] Domain exhausted. Finishing up: http://bcvashahighschool.jessoreboard.gov.bd
==================================================
[*] STARTING NEW DOMAIN: http://deb107975.dhakaeducationboard.gov.bd
==================================================
[+] Domain exhausted. Finishing up: http://deb107975.dhakaeducationboard.gov.bd
==================================================
[*] STARTING NEW DOMAIN: http://deb113047.dhakaeducationboard.gov.bd
==================================================
[+] Domain exhausted. Finishing up: http://deb113047.dhakaeducationboard.gov.bd
==================================================
[*] STARTING NEW DOMAIN: https://sarpukurup.lalmonirhat.gov.bd
==================================================
[+] Domain exhausted. Finishing up: https://sarpukurup.lalmonirhat.gov.bd
==================================================
[*] STARTING NEW DOMAIN: https://shorupkathiup.pirojpur.gov.bd
==================================================
[+] Domain exhausted. Finishing up: https://shorupkathiup.pirojpur.gov.bd
==================================================
[*] STARTING NEW DOMAIN: https://smartoms.mofood.gov.bd
==================================================
[+] Domain exhausted. Finishing up: https://smartoms.mofood.gov.bd
==================================================
[*] STARTING NEW DOMAIN: https://sonarampurup.brahmanbaria.gov.bd
==================================================
[+] Domain exhausted. Finishing up: https://sonarampurup.brahmanbaria.gov.bd
==================================================
[*] STARTING NEW DOMAIN: https://sr.atrai.naogaon.gov.bd
==================================================
[+] Domain exhausted. Finishing up: https://sr.atrai.naogaon.gov.bd
==================================================
[*] STARTING NEW DOMAIN: https://sr.kumarkhali.kushtia.gov.bd
==================================================
[+] Domain exhausted. Finishing up: https://sr.kumarkhali.kushtia.gov.bd
==================================================
[*] STARTING NEW DOMAIN: https://sr.nagarpur.tangail.gov.bd
==================================================
[+] Domain exhausted. Finishing up: https://sr.nagarpur.tangail.gov.bd
==================================================
[*] STARTING NEW DOMAIN: https://ssc-reg-card.dinajpurboard.gov.bd
==================================================
[+] Domain exhausted. Finishing up: https://ssc-reg-card.dinajpurboard.gov.bd
==================================================
[*] STARTING NEW DOMAIN: https://tahirpur.sunamganj.gov.bd
==================================================
[+] Domain exhausted. Finishing up: https://tahirpur.sunamganj.gov.bd
==================================================
[*] STARTING NEW DOMAIN: https://sylreg.touristpolice.gov.bd
==================================================
[+] Domain exhausted. Finishing up: https://sylreg.touristpolice.gov.bd
==================================================
[*] STARTING NEW DOMAIN: https://taxeszoneonedhaka.gov.bd
==================================================
[+] Domain exhausted. Finishing up: https://taxeszoneonedhaka.gov.bd
==================================================
[*] STARTING NEW DOMAIN: https://tirnaihat.uniontax.gov.bd
==================================================
[+] Domain exhausted. Finishing up: https://tirnaihat.uniontax.gov.bd
==================================================
[*] STARTING NEW DOMAIN: https://totthoapa.haluaghat.mymensingh.gov.bd
==================================================
[+] Domain exhausted. Finishing up: https://totthoapa.haluaghat.mymensingh.gov.bd
==================================================
[*] STARTING NEW DOMAIN: https://tscshibalaya.manikganj.gov.bd
==================================================
[+] Domain exhausted. Finishing up: https://tscshibalaya.manikganj.gov.bd
==================================================
[*] STARTING NEW DOMAIN: https://ttcsujanagar.pabna.gov.bd
==================================================
[+] Domain exhausted. Finishing up: https://ttcsujanagar.pabna.gov.bd
==================================================
[*] STARTING NEW DOMAIN: https://uitrce.amtali.barguna.gov.bd
==================================================
[+] Domain exhausted. Finishing up: https://uitrce.amtali.barguna.gov.bd
[*] All websites in the text file have been fully crawled! Shutting down.
