[*] Seeds loaded from data/crawled_alive_gov_bd_sites.txt.

🚀 Starting Domain-by-Domain Spider...

==================================================
[*] STARTING NEW DOMAIN: https://doe.lalmonirhat.gov.bd
==================================================
[+] Domain exhausted. Finishing up: https://doe.lalmonirhat.gov.bd
==================================================
[*] STARTING NEW DOMAIN: https://brdb.bagerhat.gov.bd
==================================================
[+] Domain exhausted. Finishing up: https://brdb.bagerhat.gov.bd
==================================================
[*] STARTING NEW DOMAIN: https://gutudiaacgbsecondaryschool.jessoreboard.gov.bd
==================================================
[+] Domain exhausted. Finishing up: https://gutudiaacgbsecondaryschool.jessoreboard.gov.bd
==================================================
[*] STARTING NEW DOMAIN: https://dao.durgapur.netrokona.gov.bd
==================================================
[+] Domain exhausted. Finishing up: https://dao.durgapur.netrokona.gov.bd
==================================================
[*] STARTING NEW DOMAIN: https://bcsir.gov.bd
==================================================
[+] Domain exhausted. Finishing up: https://bcsir.gov.bd
==================================================
[*] STARTING NEW DOMAIN: https://police.kaliganj.jhenaidah.gov.bd
==================================================
[+] Domain exhausted. Finishing up: https://police.kaliganj.jhenaidah.gov.bd
==================================================
[*] STARTING NEW DOMAIN: https://bangabariup.chapainawabganj.gov.bd
==================================================
[+] Domain exhausted. Finishing up: https://bangabariup.chapainawabganj.gov.bd
==================================================
[*] STARTING NEW DOMAIN: https://doj.sadar.jhenaidah.gov.bd
==================================================
[+] Domain exhausted. Finishing up: https://doj.sadar.jhenaidah.gov.bd
==================================================
[*] STARTING NEW DOMAIN: https://haragachup.rangpur.gov.bd
==================================================
[+] Domain exhausted. Finishing up: https://haragachup.rangpur.gov.bd
==================================================
[*] STARTING NEW DOMAIN: https://drro.gaibandha.gov.bd
==================================================
[+] Domain exhausted. Finishing up: https://drro.gaibandha.gov.bd
==================================================
[*] STARTING NEW DOMAIN: https://deb114629.dhakaeducationboard.gov.bd
==================================================
[+] Domain exhausted. Finishing up: https://deb114629.dhakaeducationboard.gov.bd
==================================================
[*] STARTING NEW DOMAIN: https://deb138923.dhakaeducationboard.gov.bd
==================================================
[+] Domain exhausted. Finishing up: https://deb138923.dhakaeducationboard.gov.bd
==================================================
[*] STARTING NEW DOMAIN: https://news.portal.gov.bd
==================================================
[+] Domain exhausted. Finishing up: https://news.portal.gov.bd
==================================================
[*] STARTING NEW DOMAIN: https://totthoapa.haripur.thakurgaon.gov.bd
==================================================
[+] Domain exhausted. Finishing up: https://totthoapa.haripur.thakurgaon.gov.bd
==================================================
[*] STARTING NEW DOMAIN: https://ec.chatmohar.pabna.gov.bd
==================================================
[+] Domain exhausted. Finishing up: https://ec.chatmohar.pabna.gov.bd
==================================================
[*] STARTING NEW DOMAIN: https://passport.dinajpur.gov.bd
==================================================
[+] Domain exhausted. Finishing up: https://passport.dinajpur.gov.bd
==================================================
[*] STARTING NEW DOMAIN: https://charhoglabuniamominsmritisecondaryschool.jessoreboard.gov.bd
==================================================
[+] Domain exhausted. Finishing up: https://charhoglabuniamominsmritisecondaryschool.jessoreboard.gov.bd
==================================================
[*] STARTING NEW DOMAIN: https://passport.coxsbazar.gov.bd
==================================================
[+] Domain exhausted. Finishing up: https://passport.coxsbazar.gov.bd
==================================================
[*] STARTING NEW DOMAIN: https://dwa1.rajshahi.gov.bd
==================================================
[+] Domain exhausted. Finishing up: https://dwa1.rajshahi.gov.bd
==================================================
[*] STARTING NEW DOMAIN: https://pbs.puthia.rajshahi.gov.bd
==================================================
[+] Domain exhausted. Finishing up: https://pbs.puthia.rajshahi.gov.bd
==================================================
[*] STARTING NEW DOMAIN: https://pbs.noakhali.gov.bd
==================================================
[+] Domain exhausted. Finishing up: https://pbs.noakhali.gov.bd
==================================================
[*] STARTING NEW DOMAIN: https://pbs.thakurgaon.gov.bd
==================================================
[+] Domain exhausted. Finishing up: https://pbs.thakurgaon.gov.bd
==================================================
[*] STARTING NEW DOMAIN: https://pbs2.natore.gov.bd
==================================================
[+] Domain exhausted. Finishing up: https://pbs2.natore.gov.bd
==================================================
[*] STARTING NEW DOMAIN: https://deb138631.dhakaeducationboard.gov.bd
==================================================
[+] Domain exhausted. Finishing up: https://deb138631.dhakaeducationboard.gov.bd
==================================================
[*] STARTING NEW DOMAIN: https://deb138662.dhakaeducationboard.gov.bd
==================================================
[+] Domain exhausted. Finishing up: https://deb138662.dhakaeducationboard.gov.bd
==================================================
[*] STARTING NEW DOMAIN: https://pdbf.thakurgaonsadar.thakurgaon.gov.bd
==================================================
[+] Domain exhausted. Finishing up: https://pdbf.thakurgaonsadar.thakurgaon.gov.bd
==================================================
[*] STARTING NEW DOMAIN: https://pid.sylhetdiv.gov.bd
==================================================
[+] Domain exhausted. Finishing up: https://pid.sylhetdiv.gov.bd
==================================================
[*] STARTING NEW DOMAIN: https://pio.bagatipara.natore.gov.bd
==================================================
[+] Domain exhausted. Finishing up: https://pio.bagatipara.natore.gov.bd
==================================================
[*] STARTING NEW DOMAIN: https://lakshmanpurschoolandcollege.jessoreboard.gov.bd
==================================================
[+] Domain exhausted. Finishing up: https://lakshmanpurschoolandcollege.jessoreboard.gov.bd
==================================================
[*] STARTING NEW DOMAIN: https://fisharies.kumarkhali.kushtia.gov.bd
==================================================
[+] Domain exhausted. Finishing up: https://fisharies.kumarkhali.kushtia.gov.bd
==================================================
[*] STARTING NEW DOMAIN: https://fireservice.sitakunda.chittagong.gov.bd
==================================================
[+] Domain exhausted. Finishing up: https://fireservice.sitakunda.chittagong.gov.bd
==================================================
[*] STARTING NEW DOMAIN: https://fpo.sadar.lalmonirhat.gov.bd
==================================================
[+] Domain exhausted. Finishing up: https://fpo.sadar.lalmonirhat.gov.bd
==================================================
[*] STARTING NEW DOMAIN: https://youth.birganj.dinajpur.gov.bd
==================================================
[+] Domain exhausted. Finishing up: https://youth.birganj.dinajpur.gov.bd
==================================================
[*] STARTING NEW DOMAIN: https://pbs.kawkhali.pirojpur.gov.bd
==================================================
[+] Domain exhausted. Finishing up: https://pbs.kawkhali.pirojpur.gov.bd
==================================================
[*] STARTING NEW DOMAIN: https://fisheries.jibannagar.chuadanga.gov.bd
==================================================
[+] Domain exhausted. Finishing up: https://fisheries.jibannagar.chuadanga.gov.bd
==================================================
[*] STARTING NEW DOMAIN: https://youth.bhanga.faridpur.gov.bd
==================================================
[+] Domain exhausted. Finishing up: https://youth.bhanga.faridpur.gov.bd
==================================================
[*] STARTING NEW DOMAIN: https://zpnatore.gov.bd
==================================================
[+] Domain exhausted. Finishing up: https://zpnatore.gov.bd
==================================================
[*] STARTING NEW DOMAIN: https://eed.kalkini.madaripur.gov.bd
==================================================
[+] Domain exhausted. Finishing up: https://eed.kalkini.madaripur.gov.bd
==================================================
[*] STARTING NEW DOMAIN: https://urc.gournadi.barisal.gov.bd
==================================================
[+] Domain exhausted. Finishing up: https://urc.gournadi.barisal.gov.bd
==================================================
[*] STARTING NEW DOMAIN: https://hsd.gov.bd
==================================================
[+] Domain exhausted. Finishing up: https://hsd.gov.bd
==================================================
[*] STARTING NEW DOMAIN: https://kanchanpurup.manikganj.gov.bd
==================================================
[+] Domain exhausted. Finishing up: https://kanchanpurup.manikganj.gov.bd
==================================================
[*] STARTING NEW DOMAIN: https://post.dhakadiv.gov.bd
==================================================
[+] Domain exhausted. Finishing up: https://post.dhakadiv.gov.bd
==================================================
[*] STARTING NEW DOMAIN: https://prison.gaibandha.gov.bd
==================================================
[+] Domain exhausted. Finishing up: https://prison.gaibandha.gov.bd
==================================================
[*] STARTING NEW DOMAIN: https://youth.faridpur.gov.bd
==================================================
[+] Domain exhausted. Finishing up: https://youth.faridpur.gov.bd
==================================================
[*] STARTING NEW DOMAIN: https://housingestategirlssecondaryschool.jessoreboard.gov.bd
==================================================
[+] Domain exhausted. Finishing up: https://housingestategirlssecondaryschool.jessoreboard.gov.bd
==================================================
[*] STARTING NEW DOMAIN: https://fpo.singiar.manikganj.gov.bd
==================================================
[+] Domain exhausted. Finishing up: https://fpo.singiar.manikganj.gov.bd
==================================================
[*] STARTING NEW DOMAIN: https://so.bamna.barguna.gov.bd
==================================================
[+] Domain exhausted. Finishing up: https://so.bamna.barguna.gov.bd
==================================================
[*] STARTING NEW DOMAIN: https://upal.parjatan.portal.gov.bd
==================================================
[+] Domain exhausted. Finishing up: https://upal.parjatan.portal.gov.bd
==================================================
[*] STARTING NEW DOMAIN: https://upms.ugc.gov.bd
==================================================
[+] Domain exhausted. Finishing up: https://upms.ugc.gov.bd
==================================================
[*] STARTING NEW DOMAIN: https://pio.belabo.narsingdi.gov.bd
==================================================
[+] Domain exhausted. Finishing up: https://pio.belabo.narsingdi.gov.bd
==================================================
[*] STARTING NEW DOMAIN: https://ebek.hakimpur.dinajpur.gov.bd
==================================================
[+] Domain exhausted. Finishing up: https://ebek.hakimpur.dinajpur.gov.bd
==================================================
[*] STARTING NEW DOMAIN: https://pio.phulpur.mymensingh.gov.bd
==================================================
[+] Domain exhausted. Finishing up: https://pio.phulpur.mymensingh.gov.bd
==================================================
[*] STARTING NEW DOMAIN: https://bbs.narsingdi.gov.bd
==================================================
[+] Domain exhausted. Finishing up: https://bbs.narsingdi.gov.bd
==================================================
[*] STARTING NEW DOMAIN: https://sr.mohammadpur.magura.gov.bd
==================================================
[+] Domain exhausted. Finishing up: https://sr.mohammadpur.magura.gov.bd
==================================================
[*] STARTING NEW DOMAIN: https://deb109447.dhakaeducationboard.gov.bd
==================================================
[+] Domain exhausted. Finishing up: https://deb109447.dhakaeducationboard.gov.bd
==================================================
[*] STARTING NEW DOMAIN: https://sca.kurigram.gov.bd
==================================================
[+] Domain exhausted. Finishing up: https://sca.kurigram.gov.bd
==================================================
[*] STARTING NEW DOMAIN: https://fpo.digholia.khulna.gov.bd
==================================================
[+] Domain exhausted. Finishing up: https://fpo.digholia.khulna.gov.bd
==================================================
[*] STARTING NEW DOMAIN: https://madlasecondaryschool.jessoreboard.gov.bd
==================================================
[+] Domain exhausted. Finishing up: https://madlasecondaryschool.jessoreboard.gov.bd
==================================================
[*] STARTING NEW DOMAIN: https://deo.nandail.mymensingh.gov.bd
==================================================
[+] Domain exhausted. Finishing up: https://deo.nandail.mymensingh.gov.bd
==================================================
[*] STARTING NEW DOMAIN: http://deb108162.dhakaeducationboard.gov.bd
==================================================
[+] Domain exhausted. Finishing up: http://deb108162.dhakaeducationboard.gov.bd
==================================================
[*] STARTING NEW DOMAIN: https://deb111774.dhakaeducationboard.gov.bd
==================================================
[+] Domain exhausted. Finishing up: https://deb111774.dhakaeducationboard.gov.bd
==================================================
[*] STARTING NEW DOMAIN: https://rrrc.portal.gov.bd
==================================================
[+] Domain exhausted. Finishing up: https://rrrc.portal.gov.bd
==================================================
[*] STARTING NEW DOMAIN: https://bnswc.portal.gov.bd
==================================================
[+] Domain exhausted. Finishing up: https://bnswc.portal.gov.bd
==================================================
[*] STARTING NEW DOMAIN: https://baruiparapcsecondaryschool.jessoreboard.gov.bd
==================================================
[+] Domain exhausted. Finishing up: https://baruiparapcsecondaryschool.jessoreboard.gov.bd
==================================================
[*] STARTING NEW DOMAIN: https://deb108833.dhakaeducationboard.gov.bd
==================================================
[+] Domain exhausted. Finishing up: https://deb108833.dhakaeducationboard.gov.bd
==================================================
[*] STARTING NEW DOMAIN: https://deb112983.dhakaeducationboard.gov.bd
==================================================
[+] Domain exhausted. Finishing up: https://deb112983.dhakaeducationboard.gov.bd
==================================================
[*] STARTING NEW DOMAIN: https://rptirangamati.niport.gov.bd
==================================================
[+] Domain exhausted. Finishing up: https://rptirangamati.niport.gov.bd
==================================================
[*] STARTING NEW DOMAIN: https://deb110171.dhakaeducationboard.gov.bd
==================================================
[+] Domain exhausted. Finishing up: https://deb110171.dhakaeducationboard.gov.bd
==================================================
[*] STARTING NEW DOMAIN: http://deb107928.dhakaeducationboard.gov.bd
==================================================
[+] Domain exhausted. Finishing up: http://deb107928.dhakaeducationboard.gov.bd
==================================================
[*] STARTING NEW DOMAIN: https://pdbf.shariatpur.gov.bd
==================================================
[+] Domain exhausted. Finishing up: https://pdbf.shariatpur.gov.bd
==================================================
[*] STARTING NEW DOMAIN: http://dls.sadar.jhalakathi.gov.bd
==================================================
[+] Domain exhausted. Finishing up: http://dls.sadar.jhalakathi.gov.bd
==================================================
[*] STARTING NEW DOMAIN: https://psosk.rajoir.madaripur.gov.bd
==================================================
[+] Domain exhausted. Finishing up: https://psosk.rajoir.madaripur.gov.bd
==================================================
[*] STARTING NEW DOMAIN: https://shyamnagar.satkhira.gov.bd
==================================================
[+] Domain exhausted. Finishing up: https://shyamnagar.satkhira.gov.bd
==================================================
[*] STARTING NEW DOMAIN: https://joyeeta.portal.gov.bd
==================================================
[+] Domain exhausted. Finishing up: https://joyeeta.portal.gov.bd
==================================================
[*] STARTING NEW DOMAIN: https://savings.madaripur.gov.bd
==================================================
[+] Domain exhausted. Finishing up: https://savings.madaripur.gov.bd
==================================================
[*] STARTING NEW DOMAIN: https://pallimangalsecondaryschool.jessoreboard.gov.bd
==================================================
[+] Domain exhausted. Finishing up: https://pallimangalsecondaryschool.jessoreboard.gov.bd
==================================================
[*] STARTING NEW DOMAIN: https://pgcb.gov.bd
==================================================
[+] Domain exhausted. Finishing up: https://pgcb.gov.bd
==================================================
[*] STARTING NEW DOMAIN: https://rhd.meherpur.gov.bd
==================================================
[+] Domain exhausted. Finishing up: https://rhd.meherpur.gov.bd
==================================================
[*] STARTING NEW DOMAIN: https://acl.ghatail.tangail.gov.bd
==================================================
[+] Domain exhausted. Finishing up: https://acl.ghatail.tangail.gov.bd
==================================================
[*] STARTING NEW DOMAIN: https://satmaraup.panchagarh.gov.bd
==================================================
[+] Domain exhausted. Finishing up: https://satmaraup.panchagarh.gov.bd
==================================================
[*] STARTING NEW DOMAIN: https://psosk.ghoraghat.dinajpur.gov.bd
==================================================
[+] Domain exhausted. Finishing up: https://psosk.ghoraghat.dinajpur.gov.bd
==================================================
[*] STARTING NEW DOMAIN: https://cafomolwa.portal.gov.bd
==================================================
[+] Domain exhausted. Finishing up: https://cafomolwa.portal.gov.bd
==================================================
[*] STARTING NEW DOMAIN: https://taxeszone2.gov.bd
==================================================
[+] Domain exhausted. Finishing up: https://taxeszone2.gov.bd
==================================================
[*] STARTING NEW DOMAIN: https://dwa.bandar.narayanganj.gov.bd
==================================================
[+] Domain exhausted. Finishing up: https://dwa.bandar.narayanganj.gov.bd
==================================================
[*] STARTING NEW DOMAIN: https://savings.comilla.gov.bd
==================================================
[+] Domain exhausted. Finishing up: https://savings.comilla.gov.bd
==================================================
[*] STARTING NEW DOMAIN: https://info.gopalganj.gov.bd
==================================================
[+] Domain exhausted. Finishing up: https://info.gopalganj.gov.bd
==================================================
[*] STARTING NEW DOMAIN: https://lged.phulchari.gaibandha.gov.bd
==================================================
[+] Domain exhausted. Finishing up: https://lged.phulchari.gaibandha.gov.bd
==================================================
[*] STARTING NEW DOMAIN: https://kachuaup.gaibandha.gov.bd
==================================================
[+] Domain exhausted. Finishing up: https://kachuaup.gaibandha.gov.bd
==================================================
[*] STARTING NEW DOMAIN: https://deb113443.dhakaeducationboard.gov.bd
==================================================
[+] Domain exhausted. Finishing up: https://deb113443.dhakaeducationboard.gov.bd
==================================================
[*] STARTING NEW DOMAIN: https://soladanasecondaryschool.jessoreboard.gov.bd
==================================================
[+] Domain exhausted. Finishing up: https://soladanasecondaryschool.jessoreboard.gov.bd
==================================================
[*] STARTING NEW DOMAIN: https://ps.bancharampur.brahmanbaria.gov.bd
==================================================
[+] Domain exhausted. Finishing up: https://ps.bancharampur.brahmanbaria.gov.bd
==================================================
[*] STARTING NEW DOMAIN: https://rabat.mofa.gov.bd
==================================================
[+] Domain exhausted. Finishing up: https://rabat.mofa.gov.bd
==================================================
[*] STARTING NEW DOMAIN: https://police.satkania.chittagong.gov.bd
==================================================
[+] Domain exhausted. Finishing up: https://police.satkania.chittagong.gov.bd
==================================================
[*] STARTING NEW DOMAIN: https://result.dinajpurboard.gov.bd
==================================================
[+] Domain exhausted. Finishing up: https://result.dinajpurboard.gov.bd
==================================================
[*] STARTING NEW DOMAIN: https://deb113195.dhakaeducationboard.gov.bd
==================================================
[+] Domain exhausted. Finishing up: https://deb113195.dhakaeducationboard.gov.bd
==================================================
[*] STARTING NEW DOMAIN: https://garabariajuniorhighschool.jessoreboard.gov.bd
==================================================
[+] Domain exhausted. Finishing up: https://garabariajuniorhighschool.jessoreboard.gov.bd
==================================================
[*] STARTING NEW DOMAIN: https://rtcshahrasti.niport.gov.bd
==================================================
[+] Domain exhausted. Finishing up: https://rtcshahrasti.niport.gov.bd
==================================================
[*] STARTING NEW DOMAIN: https://acl.mirzaganj.patuakhali.gov.bd
==================================================
[+] Domain exhausted. Finishing up: https://acl.mirzaganj.patuakhali.gov.bd
==================================================
[*] STARTING NEW DOMAIN: https://forest.mirzaganj.patuakhali.gov.bd
==================================================
[+] Domain exhausted. Finishing up: https://forest.mirzaganj.patuakhali.gov.bd
==================================================
[*] STARTING NEW DOMAIN: https://info.patuakhali.gov.bd
==================================================
[+] Domain exhausted. Finishing up: https://info.patuakhali.gov.bd
==================================================
[*] STARTING NEW DOMAIN: https://deb111041.dhakaeducationboard.gov.bd
==================================================
[+] Domain exhausted. Finishing up: https://deb111041.dhakaeducationboard.gov.bd
==================================================
[*] STARTING NEW DOMAIN: https://pio.madhabpur.habiganj.gov.bd
==================================================
[+] Domain exhausted. Finishing up: https://pio.madhabpur.habiganj.gov.bd
==================================================
[*] STARTING NEW DOMAIN: https://goalanda.rajbari.gov.bd
==================================================
[+] Domain exhausted. Finishing up: https://goalanda.rajbari.gov.bd
==================================================
[*] STARTING NEW DOMAIN: https://seo.chhagalnaiya.feni.gov.bd
==================================================
[+] Domain exhausted. Finishing up: https://seo.chhagalnaiya.feni.gov.bd
==================================================
[*] STARTING NEW DOMAIN: https://deb134764.dhakaeducationboard.gov.bd
==================================================
[+] Domain exhausted. Finishing up: https://deb134764.dhakaeducationboard.gov.bd
==================================================
[*] STARTING NEW DOMAIN: https://cooparative.alikadam.bandarban.gov.bd
==================================================
[+] Domain exhausted. Finishing up: https://cooparative.alikadam.bandarban.gov.bd
==================================================
[*] STARTING NEW DOMAIN: https://dwa.narayanganjsadar.narayanganj.gov.bd
==================================================
[+] Domain exhausted. Finishing up: https://dwa.narayanganjsadar.narayanganj.gov.bd
==================================================
[*] STARTING NEW DOMAIN: https://pdbf.kishoreganj.gov.bd
==================================================
[+] Domain exhausted. Finishing up: https://pdbf.kishoreganj.gov.bd
==================================================
[*] STARTING NEW DOMAIN: https://fpo.sadar.patuakhali.gov.bd
==================================================
[+] Domain exhausted. Finishing up: https://fpo.sadar.patuakhali.gov.bd
==================================================
[*] STARTING NEW DOMAIN: https://cumillazo.pkb.gov.bd
==================================================
[+] Domain exhausted. Finishing up: https://cumillazo.pkb.gov.bd
==================================================
[*] STARTING NEW DOMAIN: https://dae.muktagacha.mymensingh.gov.bd
==================================================
[+] Domain exhausted. Finishing up: https://dae.muktagacha.mymensingh.gov.bd
==================================================
[*] STARTING NEW DOMAIN: https://pbs.jhalakathi.gov.bd
==================================================
[+] Domain exhausted. Finishing up: https://pbs.jhalakathi.gov.bd
==================================================
[*] STARTING NEW DOMAIN: https://coop.sherpur.gov.bd
==================================================
[+] Domain exhausted. Finishing up: https://coop.sherpur.gov.bd
==================================================
[*] STARTING NEW DOMAIN: https://dam.bijoynagar.brahmanbaria.gov.bd
==================================================
[+] Domain exhausted. Finishing up: https://dam.bijoynagar.brahmanbaria.gov.bd
==================================================
[*] STARTING NEW DOMAIN: https://shibpurunionhighschool.jessoreboard.gov.bd
==================================================
[+] Domain exhausted. Finishing up: https://shibpurunionhighschool.jessoreboard.gov.bd
==================================================
[*] STARTING NEW DOMAIN: https://cooparative.homna.comilla.gov.bd
==================================================
[+] Domain exhausted. Finishing up: https://cooparative.homna.comilla.gov.bd
==================================================
[*] STARTING NEW DOMAIN: https://acl.senbug.noakhali.gov.bd
==================================================
[+] Domain exhausted. Finishing up: https://acl.senbug.noakhali.gov.bd
==================================================
[*] STARTING NEW DOMAIN: https://fpo.karnafuli.chittagong.gov.bd
==================================================
[+] Domain exhausted. Finishing up: https://fpo.karnafuli.chittagong.gov.bd
==================================================
[*] STARTING NEW DOMAIN: https://gaogharasecondaryschool.jessoreboard.gov.bd
==================================================
[+] Domain exhausted. Finishing up: https://gaogharasecondaryschool.jessoreboard.gov.bd
==================================================
[*] STARTING NEW DOMAIN: https://bishwanath.sylhet.gov.bd
==================================================
[+] Domain exhausted. Finishing up: https://bishwanath.sylhet.gov.bd
==================================================
[*] STARTING NEW DOMAIN: https://shulparaup.shariatpur.gov.bd
==================================================
[+] Domain exhausted. Finishing up: https://shulparaup.shariatpur.gov.bd
==================================================
[*] STARTING NEW DOMAIN: https://hajiamalekgirlssecondaryschool.jessoreboard.gov.bd
==================================================
[+] Domain exhausted. Finishing up: https://hajiamalekgirlssecondaryschool.jessoreboard.gov.bd
==================================================
[*] STARTING NEW DOMAIN: https://dashagirlshighschool.jessoreboard.gov.bd
==================================================
[+] Domain exhausted. Finishing up: https://dashagirlshighschool.jessoreboard.gov.bd
==================================================
[*] STARTING NEW DOMAIN: https://eed.panchari.khagrachhari.gov.bd
==================================================
[+] Domain exhausted. Finishing up: https://eed.panchari.khagrachhari.gov.bd
==================================================
[*] STARTING NEW DOMAIN: https://cooparative.narail.gov.bd
==================================================
[+] Domain exhausted. Finishing up: https://cooparative.narail.gov.bd
==================================================
[*] STARTING NEW DOMAIN: https://nandirgaonup.sylhet.gov.bd
==================================================
[+] Domain exhausted. Finishing up: https://nandirgaonup.sylhet.gov.bd
==================================================
[*] STARTING NEW DOMAIN: https://ec.jagannathpur.sunamganj.gov.bd
==================================================
[+] Domain exhausted. Finishing up: https://ec.jagannathpur.sunamganj.gov.bd
==================================================
[*] STARTING NEW DOMAIN: https://durgapurhighschoolkumarkhali.jessoreboard.gov.bd
==================================================
[+] Domain exhausted. Finishing up: https://durgapurhighschoolkumarkhali.jessoreboard.gov.bd
==================================================
[*] STARTING NEW DOMAIN: https://brdb.kalia.narail.gov.bd
==================================================
[+] Domain exhausted. Finishing up: https://brdb.kalia.narail.gov.bd
==================================================
[*] STARTING NEW DOMAIN: https://sheikhatitapanbhagsecondaryschool.jessoreboard.gov.bd
==================================================
[+] Domain exhausted. Finishing up: https://sheikhatitapanbhagsecondaryschool.jessoreboard.gov.bd
==================================================
[*] STARTING NEW DOMAIN: https://ghoraghatup.dinajpur.gov.bd
==================================================
[+] Domain exhausted. Finishing up: https://ghoraghatup.dinajpur.gov.bd
==================================================
[*] STARTING NEW DOMAIN: https://dls.juri.moulvibazar.gov.bd
==================================================
[+] Domain exhausted. Finishing up: https://dls.juri.moulvibazar.gov.bd
==================================================
[*] STARTING NEW DOMAIN: https://bbs.raninagar.naogaon.gov.bd
==================================================
[+] Domain exhausted. Finishing up: https://bbs.raninagar.naogaon.gov.bd
==================================================
[*] STARTING NEW DOMAIN: https://cooperative.chirirbandar.dinajpur.gov.bd
==================================================
[+] Domain exhausted. Finishing up: https://cooperative.chirirbandar.dinajpur.gov.bd
==================================================
[*] STARTING NEW DOMAIN: https://mgz.touristpolice.gov.bd
==================================================
[+] Domain exhausted. Finishing up: https://mgz.touristpolice.gov.bd
==================================================
[*] STARTING NEW DOMAIN: https://deb112820.dhakaeducationboard.gov.bd
==================================================
[+] Domain exhausted. Finishing up: https://deb112820.dhakaeducationboard.gov.bd
==================================================
[*] STARTING NEW DOMAIN: https://dss.hathazari.chittagong.gov.bd
==================================================
[+] Domain exhausted. Finishing up: https://dss.hathazari.chittagong.gov.bd
==================================================
[*] STARTING NEW DOMAIN: https://dam.syedpur.nilphamari.gov.bd
==================================================
[+] Domain exhausted. Finishing up: https://dam.syedpur.nilphamari.gov.bd
==================================================
[*] STARTING NEW DOMAIN: https://deb113657.dhakaeducationboard.gov.bd
==================================================
[+] Domain exhausted. Finishing up: https://deb113657.dhakaeducationboard.gov.bd
==================================================
[*] STARTING NEW DOMAIN: https://health.phulbari.kurigram.gov.bd
==================================================
[+] Domain exhausted. Finishing up: https://health.phulbari.kurigram.gov.bd
==================================================
[*] STARTING NEW DOMAIN: https://doict.sirajganj.gov.bd
==================================================
[+] Domain exhausted. Finishing up: https://doict.sirajganj.gov.bd
==================================================
[*] STARTING NEW DOMAIN: https://ec.kaliganj.jhenaidah.gov.bd
==================================================
[+] Domain exhausted. Finishing up: https://ec.kaliganj.jhenaidah.gov.bd
==================================================
[*] STARTING NEW DOMAIN: https://rashidabegumsecondaryschool.jessoreboard.gov.bd
==================================================
[+] Domain exhausted. Finishing up: https://rashidabegumsecondaryschool.jessoreboard.gov.bd
==================================================
[*] STARTING NEW DOMAIN: https://ucdo.rajbari.gov.bd
==================================================
[+] Domain exhausted. Finishing up: https://ucdo.rajbari.gov.bd
==================================================
[*] STARTING NEW DOMAIN: https://deb113857.dhakaeducationboard.gov.bd
==================================================
[+] Domain exhausted. Finishing up: https://deb113857.dhakaeducationboard.gov.bd
==================================================
[*] STARTING NEW DOMAIN: https://admin.ldtax.gov.bd
==================================================
[+] Domain exhausted. Finishing up: https://admin.ldtax.gov.bd
==================================================
[*] STARTING NEW DOMAIN: https://gdshamsuddinahmedcollegiateschool.jessoreboard.gov.bd
==================================================
[+] Domain exhausted. Finishing up: https://gdshamsuddinahmedcollegiateschool.jessoreboard.gov.bd
==================================================
[*] STARTING NEW DOMAIN: https://deb108285.dhakaeducationboard.gov.bd
==================================================
[+] Domain exhausted. Finishing up: https://deb108285.dhakaeducationboard.gov.bd
==================================================
[*] STARTING NEW DOMAIN: https://silumpursecondarygirlsschool.jessoreboard.gov.bd
==================================================
[+] Domain exhausted. Finishing up: https://silumpursecondarygirlsschool.jessoreboard.gov.bd
==================================================
[*] STARTING NEW DOMAIN: https://hcporabari.gazipur.gov.bd
==================================================
[+] Domain exhausted. Finishing up: https://hcporabari.gazipur.gov.bd
==================================================
[*] STARTING NEW DOMAIN: https://shishuacademy.sirajganj.gov.bd
==================================================
[+] Domain exhausted. Finishing up: https://shishuacademy.sirajganj.gov.bd
==================================================
[*] STARTING NEW DOMAIN: https://lged.sylhetsadar.sylhet.gov.bd
==================================================
[+] Domain exhausted. Finishing up: https://lged.sylhetsadar.sylhet.gov.bd
==================================================
[*] STARTING NEW DOMAIN: https://cooperative.khetlal.joypurhat.gov.bd
==================================================
[+] Domain exhausted. Finishing up: https://cooperative.khetlal.joypurhat.gov.bd
==================================================
[*] STARTING NEW DOMAIN: https://police.gaibandhasadar.gaibandha.gov.bd
==================================================
[+] Domain exhausted. Finishing up: https://police.gaibandhasadar.gaibandha.gov.bd
==================================================
[*] STARTING NEW DOMAIN: https://ebek.sylhetsadar.sylhet.gov.bd
==================================================
[+] Domain exhausted. Finishing up: https://ebek.sylhetsadar.sylhet.gov.bd
==================================================
[*] STARTING NEW DOMAIN: https://forest.joypurhatsadar.joypurhat.gov.bd
==================================================
[+] Domain exhausted. Finishing up: https://forest.joypurhatsadar.joypurhat.gov.bd
==================================================
[*] STARTING NEW DOMAIN: https://doict.bandar.narayanganj.gov.bd
==================================================
[+] Domain exhausted. Finishing up: https://doict.bandar.narayanganj.gov.bd
==================================================
[*] STARTING NEW DOMAIN: https://dao.akkelpur.joypurhat.gov.bd
==================================================
[+] Domain exhausted. Finishing up: https://dao.akkelpur.joypurhat.gov.bd
==================================================
[*] STARTING NEW DOMAIN: https://deb113217.dhakaeducationboard.gov.bd
==================================================
[+] Domain exhausted. Finishing up: https://deb113217.dhakaeducationboard.gov.bd
==================================================
[*] STARTING NEW DOMAIN: https://czi.feni.gov.bd
==================================================
[+] Domain exhausted. Finishing up: https://czi.feni.gov.bd
==================================================
[*] STARTING NEW DOMAIN: https://asu.baniachong.habiganj.gov.bd
==================================================
[+] Domain exhausted. Finishing up: https://asu.baniachong.habiganj.gov.bd
==================================================
[*] STARTING NEW DOMAIN: https://so.alfadanga.faridpur.gov.bd
==================================================
[+] Domain exhausted. Finishing up: https://so.alfadanga.faridpur.gov.bd
==================================================
[*] STARTING NEW DOMAIN: https://cooperative.badalgachi.naogaon.gov.bd
==================================================
[+] Domain exhausted. Finishing up: https://cooperative.badalgachi.naogaon.gov.bd
==================================================
[*] STARTING NEW DOMAIN: https://deb112834.dhakaeducationboard.gov.bd
==================================================
[+] Domain exhausted. Finishing up: https://deb112834.dhakaeducationboard.gov.bd
==================================================
[*] STARTING NEW DOMAIN: https://dss.sreenagar.munshiganj.gov.bd
==================================================
[+] Domain exhausted. Finishing up: https://dss.sreenagar.munshiganj.gov.bd
==================================================
[*] STARTING NEW DOMAIN: https://dae.dhamrai.dhaka.gov.bd
==================================================
[+] Domain exhausted. Finishing up: https://dae.dhamrai.dhaka.gov.bd
==================================================
[*] STARTING NEW DOMAIN: https://deb112653.dhakaeducationboard.gov.bd
==================================================
[+] Domain exhausted. Finishing up: https://deb112653.dhakaeducationboard.gov.bd
==================================================
[*] STARTING NEW DOMAIN: https://hed.pirojpur.gov.bd
==================================================
[+] Domain exhausted. Finishing up: https://hed.pirojpur.gov.bd
==================================================
[*] STARTING NEW DOMAIN: https://acl.laksam.comilla.gov.bd
==================================================
[+] Domain exhausted. Finishing up: https://acl.laksam.comilla.gov.bd
==================================================
[*] STARTING NEW DOMAIN: https://deb110896.dhakaeducationboard.gov.bd
==================================================
[+] Domain exhausted. Finishing up: https://deb110896.dhakaeducationboard.gov.bd
==================================================
[*] STARTING NEW DOMAIN: https://chitoddaup.comilla.gov.bd
==================================================
[+] Domain exhausted. Finishing up: https://chitoddaup.comilla.gov.bd
==================================================
[*] STARTING NEW DOMAIN: https://doict.kachua.bagerhat.gov.bd
==================================================
[+] Domain exhausted. Finishing up: https://doict.kachua.bagerhat.gov.bd
==================================================
[*] STARTING NEW DOMAIN: https://chakaria.coxsbazar.gov.bd
==================================================
[+] Domain exhausted. Finishing up: https://chakaria.coxsbazar.gov.bd
==================================================
[*] STARTING NEW DOMAIN: https://pbs.sarishabari.jamalpur.gov.bd
==================================================
[+] Domain exhausted. Finishing up: https://pbs.sarishabari.jamalpur.gov.bd
==================================================
[*] STARTING NEW DOMAIN: https://dls.barisalsadar.barisal.gov.bd
==================================================
[+] Domain exhausted. Finishing up: https://dls.barisalsadar.barisal.gov.bd
==================================================
[*] STARTING NEW DOMAIN: https://dls.nokla.sherpur.gov.bd
==================================================
[+] Domain exhausted. Finishing up: https://dls.nokla.sherpur.gov.bd
==================================================
[*] STARTING NEW DOMAIN: https://pbs.dhunot.bogra.gov.bd
==================================================
[+] Domain exhausted. Finishing up: https://pbs.dhunot.bogra.gov.bd
==================================================
[*] STARTING NEW DOMAIN: https://shilpakala.dhaka.gov.bd
==================================================
[+] Domain exhausted. Finishing up: https://shilpakala.dhaka.gov.bd
==================================================
[*] STARTING NEW DOMAIN: https://bnfe.comilla.gov.bd
==================================================
[+] Domain exhausted. Finishing up: https://bnfe.comilla.gov.bd
==================================================
[*] STARTING NEW DOMAIN: https://pbs.gopalpur.tangail.gov.bd
==================================================
[+] Domain exhausted. Finishing up: https://pbs.gopalpur.tangail.gov.bd
==================================================
[*] STARTING NEW DOMAIN: https://doict.kamalnagar.lakshmipur.gov.bd
==================================================
[+] Domain exhausted. Finishing up: https://doict.kamalnagar.lakshmipur.gov.bd
==================================================
[*] STARTING NEW DOMAIN: https://fisheries.gowainghat.sylhet.gov.bd
==================================================
[+] Domain exhausted. Finishing up: https://fisheries.gowainghat.sylhet.gov.bd
==================================================
[*] STARTING NEW DOMAIN: https://bbs.ghatail.tangail.gov.bd
==================================================
[+] Domain exhausted. Finishing up: https://bbs.ghatail.tangail.gov.bd
==================================================
[*] STARTING NEW DOMAIN: https://deo.sherpursadar.sherpur.gov.bd
==================================================
[+] Domain exhausted. Finishing up: https://deo.sherpursadar.sherpur.gov.bd
==================================================
[*] STARTING NEW DOMAIN: https://deb137187.dhakaeducationboard.gov.bd
==================================================
[+] Domain exhausted. Finishing up: https://deb137187.dhakaeducationboard.gov.bd
==================================================
[*] STARTING NEW DOMAIN: https://bscic.sherpur.gov.bd
==================================================
[+] Domain exhausted. Finishing up: https://bscic.sherpur.gov.bd
==================================================
[*] STARTING NEW DOMAIN: https://deb137707.dhakaeducationboard.gov.bd
==================================================
[+] Domain exhausted. Finishing up: https://deb137707.dhakaeducationboard.gov.bd
==================================================
[*] STARTING NEW DOMAIN: https://deb138011.dhakaeducationboard.gov.bd
==================================================
[+] Domain exhausted. Finishing up: https://deb138011.dhakaeducationboard.gov.bd
==================================================
[*] STARTING NEW DOMAIN: https://dphe.gafargaon.mymensingh.gov.bd
==================================================
[+] Domain exhausted. Finishing up: https://dphe.gafargaon.mymensingh.gov.bd
==================================================
[*] STARTING NEW DOMAIN: https://sr.derai.sunamganj.gov.bd
==================================================
[+] Domain exhausted. Finishing up: https://sr.derai.sunamganj.gov.bd
==================================================
[*] STARTING NEW DOMAIN: https://deb135242.dhakaeducationboard.gov.bd
==================================================
[+] Domain exhausted. Finishing up: https://deb135242.dhakaeducationboard.gov.bd
==================================================
[*] STARTING NEW DOMAIN: https://dphe.galachipa.patuakhali.gov.bd
==================================================
[+] Domain exhausted. Finishing up: https://dphe.galachipa.patuakhali.gov.bd
==================================================
[*] STARTING NEW DOMAIN: https://shishuacademy.coxsbazar.gov.bd
==================================================
[+] Domain exhausted. Finishing up: https://shishuacademy.coxsbazar.gov.bd
==================================================
[*] STARTING NEW DOMAIN: https://deb136319.dhakaeducationboard.gov.bd
==================================================
[+] Domain exhausted. Finishing up: https://deb136319.dhakaeducationboard.gov.bd
==================================================
[*] STARTING NEW DOMAIN: https://doict.mirsharai.chittagong.gov.bd
==================================================
[+] Domain exhausted. Finishing up: https://doict.mirsharai.chittagong.gov.bd
==================================================
[*] STARTING NEW DOMAIN: https://ebek.tarash.sirajganj.gov.bd
==================================================
[+] Domain exhausted. Finishing up: https://ebek.tarash.sirajganj.gov.bd
==================================================
[*] STARTING NEW DOMAIN: https://dls.baliakandi.rajbari.gov.bd
==================================================
[+] Domain exhausted. Finishing up: https://dls.baliakandi.rajbari.gov.bd
==================================================
[*] STARTING NEW DOMAIN: https://fpo.comillasadar.comilla.gov.bd
==================================================
[+] Domain exhausted. Finishing up: https://fpo.comillasadar.comilla.gov.bd
==================================================
[*] STARTING NEW DOMAIN: https://fireservice.rajbari.gov.bd
==================================================
[+] Domain exhausted. Finishing up: https://fireservice.rajbari.gov.bd
==================================================
[*] STARTING NEW DOMAIN: https://deb130673.dhakaeducationboard.gov.bd
==================================================
[+] Domain exhausted. Finishing up: https://deb130673.dhakaeducationboard.gov.bd
==================================================
[*] STARTING NEW DOMAIN: https://deb109369.dhakaeducationboard.gov.bd
==================================================
[+] Domain exhausted. Finishing up: https://deb109369.dhakaeducationboard.gov.bd
==================================================
[*] STARTING NEW DOMAIN: https://acc.rangpur.gov.bd
==================================================
[+] Domain exhausted. Finishing up: https://acc.rangpur.gov.bd
==================================================
[*] STARTING NEW DOMAIN: https://police.chakaria.coxsbazar.gov.bd
==================================================
[+] Domain exhausted. Finishing up: https://police.chakaria.coxsbazar.gov.bd
==================================================
[*] STARTING NEW DOMAIN: https://deb133984.dhakaeducationboard.gov.bd
==================================================
[+] Domain exhausted. Finishing up: https://deb133984.dhakaeducationboard.gov.bd
==================================================
[*] STARTING NEW DOMAIN: https://dncrp.sirajganj.gov.bd
==================================================
[+] Domain exhausted. Finishing up: https://dncrp.sirajganj.gov.bd
==================================================
[*] STARTING NEW DOMAIN: https://dhobaura.mymensingh.gov.bd
==================================================
[+] Domain exhausted. Finishing up: https://dhobaura.mymensingh.gov.bd
==================================================
[*] STARTING NEW DOMAIN: https://fpo.moulvibazarsadar.moulvibazar.gov.bd
==================================================
[+] Domain exhausted. Finishing up: https://fpo.moulvibazarsadar.moulvibazar.gov.bd
==================================================
[*] STARTING NEW DOMAIN: https://brdb.moheshkhali.coxsbazar.gov.bd
==================================================
[+] Domain exhausted. Finishing up: https://brdb.moheshkhali.coxsbazar.gov.bd
==================================================
[*] STARTING NEW DOMAIN: https://deb130756.dhakaeducationboard.gov.bd
==================================================
[+] Domain exhausted. Finishing up: https://deb130756.dhakaeducationboard.gov.bd
==================================================
[*] STARTING NEW DOMAIN: https://deo.sreepur.gazipur.gov.bd
==================================================
[+] Domain exhausted. Finishing up: https://deo.sreepur.gazipur.gov.bd
==================================================
[*] STARTING NEW DOMAIN: https://pio.gouripur.mymensingh.gov.bd
==================================================
[+] Domain exhausted. Finishing up: https://pio.gouripur.mymensingh.gov.bd
==================================================
[*] STARTING NEW DOMAIN: https://pdbf.golapganj.sylhet.gov.bd
==================================================
[+] Domain exhausted. Finishing up: https://pdbf.golapganj.sylhet.gov.bd
==================================================
[*] STARTING NEW DOMAIN: https://sfdf.muladi.barisal.gov.bd
==================================================
[+] Domain exhausted. Finishing up: https://sfdf.muladi.barisal.gov.bd
==================================================
[*] STARTING NEW DOMAIN: https://brdb.rowmari.kurigram.gov.bd
==================================================
[+] Domain exhausted. Finishing up: https://brdb.rowmari.kurigram.gov.bd
==================================================
[*] STARTING NEW DOMAIN: https://sports-jessore-d.nothi.gov.bd
==================================================
[+] Domain exhausted. Finishing up: https://sports-jessore-d.nothi.gov.bd
==================================================
[*] STARTING NEW DOMAIN: https://deb135632.dhakaeducationboard.gov.bd
==================================================
[+] Domain exhausted. Finishing up: https://deb135632.dhakaeducationboard.gov.bd
==================================================
[*] STARTING NEW DOMAIN: https://deb139700.dhakaeducationboard.gov.bd
==================================================
[+] Domain exhausted. Finishing up: https://deb139700.dhakaeducationboard.gov.bd
==================================================
[*] STARTING NEW DOMAIN: https://eed.manda.naogaon.gov.bd
==================================================
[+] Domain exhausted. Finishing up: https://eed.manda.naogaon.gov.bd
==================================================
[*] STARTING NEW DOMAIN: https://deb137642.dhakaeducationboard.gov.bd
==================================================
[+] Domain exhausted. Finishing up: https://deb137642.dhakaeducationboard.gov.bd
==================================================
[*] STARTING NEW DOMAIN: https://deo.savar.dhaka.gov.bd
==================================================
[+] Domain exhausted. Finishing up: https://deo.savar.dhaka.gov.bd
==================================================
[*] STARTING NEW DOMAIN: https://dls.durgapur.netrokona.gov.bd
==================================================
[+] Domain exhausted. Finishing up: https://dls.durgapur.netrokona.gov.bd
==================================================
[*] STARTING NEW DOMAIN: https://deb113533.dhakaeducationboard.gov.bd
==================================================
[+] Domain exhausted. Finishing up: https://deb113533.dhakaeducationboard.gov.bd
==================================================
[*] STARTING NEW DOMAIN: https://dnc.pirojpur.gov.bd
==================================================
[+] Domain exhausted. Finishing up: https://dnc.pirojpur.gov.bd
==================================================
[*] STARTING NEW DOMAIN: https://dphe.tejgaoncircle.dhaka.gov.bd
==================================================
[+] Domain exhausted. Finishing up: https://dphe.tejgaoncircle.dhaka.gov.bd
==================================================
[*] STARTING NEW DOMAIN: https://bbs.amtali.barguna.gov.bd
==================================================
[+] Domain exhausted. Finishing up: https://bbs.amtali.barguna.gov.bd
==================================================
[*] STARTING NEW DOMAIN: https://deb131971.dhakaeducationboard.gov.bd
==================================================
[+] Domain exhausted. Finishing up: https://deb131971.dhakaeducationboard.gov.bd
==================================================
[*] STARTING NEW DOMAIN: https://dphe.doulatkhan.bhola.gov.bd
==================================================
[+] Domain exhausted. Finishing up: https://dphe.doulatkhan.bhola.gov.bd
==================================================
[*] STARTING NEW DOMAIN: https://7noisabpurup.naogaon.gov.bd
==================================================
[+] Domain exhausted. Finishing up: https://7noisabpurup.naogaon.gov.bd
==================================================
[*] STARTING NEW DOMAIN: https://acl.keshabpur.jessore.gov.bd
==================================================
[+] Domain exhausted. Finishing up: https://acl.keshabpur.jessore.gov.bd
==================================================
[*] STARTING NEW DOMAIN: https://deb139130.dhakaeducationboard.gov.bd
==================================================
[+] Domain exhausted. Finishing up: https://deb139130.dhakaeducationboard.gov.bd
==================================================
[*] STARTING NEW DOMAIN: https://dphe.bhangura.pabna.gov.bd
==================================================
[+] Domain exhausted. Finishing up: https://dphe.bhangura.pabna.gov.bd
==================================================
[*] STARTING NEW DOMAIN: https://deb114625.dhakaeducationboard.gov.bd
==================================================
[+] Domain exhausted. Finishing up: https://deb114625.dhakaeducationboard.gov.bd
==================================================
[*] STARTING NEW DOMAIN: https://doj.sadullapur.gaibandha.gov.bd
==================================================
[+] Domain exhausted. Finishing up: https://doj.sadullapur.gaibandha.gov.bd
==================================================
[*] STARTING NEW DOMAIN: https://doict.dimla.nilphamari.gov.bd
==================================================
[+] Domain exhausted. Finishing up: https://doict.dimla.nilphamari.gov.bd
==================================================
[*] STARTING NEW DOMAIN: https://deb113922.dhakaeducationboard.gov.bd
==================================================
[+] Domain exhausted. Finishing up: https://deb113922.dhakaeducationboard.gov.bd
==================================================
[*] STARTING NEW DOMAIN: https://dpe.tarash.sirajganj.gov.bd
==================================================
[+] Domain exhausted. Finishing up: https://dpe.tarash.sirajganj.gov.bd
==================================================
[*] STARTING NEW DOMAIN: https://dls.faridpur.gov.bd
==================================================
[+] Domain exhausted. Finishing up: https://dls.faridpur.gov.bd
==================================================
[*] STARTING NEW DOMAIN: https://deb113629.dhakaeducationboard.gov.bd
==================================================
[+] Domain exhausted. Finishing up: https://deb113629.dhakaeducationboard.gov.bd
==================================================
[*] STARTING NEW DOMAIN: https://acl.kuliarchar.kishoreganj.gov.bd
==================================================
[+] Domain exhausted. Finishing up: https://acl.kuliarchar.kishoreganj.gov.bd
==================================================
[*] STARTING NEW DOMAIN: https://pio.dohar.dhaka.gov.bd
==================================================
[+] Domain exhausted. Finishing up: https://pio.dohar.dhaka.gov.bd
==================================================
[*] STARTING NEW DOMAIN: https://dncrp.chuadanga.gov.bd
==================================================
[+] Domain exhausted. Finishing up: https://dncrp.chuadanga.gov.bd
==================================================
[*] STARTING NEW DOMAIN: https://doict.sonagazi.feni.gov.bd
==================================================
[+] Domain exhausted. Finishing up: https://doict.sonagazi.feni.gov.bd
==================================================
[*] STARTING NEW DOMAIN: https://deo.narayanganj.gov.bd
==================================================
[+] Domain exhausted. Finishing up: https://deo.narayanganj.gov.bd
==================================================
[*] STARTING NEW DOMAIN: https://deb110228.dhakaeducationboard.gov.bd
==================================================
[+] Domain exhausted. Finishing up: https://deb110228.dhakaeducationboard.gov.bd
==================================================
[*] STARTING NEW DOMAIN: https://deb137192.dhakaeducationboard.gov.bd
==================================================
[+] Domain exhausted. Finishing up: https://deb137192.dhakaeducationboard.gov.bd
==================================================
[*] STARTING NEW DOMAIN: https://chadpaimesershahsecondaryschool.jessoreboard.gov.bd
==================================================
[+] Domain exhausted. Finishing up: https://chadpaimesershahsecondaryschool.jessoreboard.gov.bd
==================================================
[*] STARTING NEW DOMAIN: https://lged.purbadhala.netrokona.gov.bd
==================================================
[+] Domain exhausted. Finishing up: https://lged.purbadhala.netrokona.gov.bd
==================================================
[*] STARTING NEW DOMAIN: https://doict.noakhali.gov.bd
==================================================
[+] Domain exhausted. Finishing up: https://doict.noakhali.gov.bd
==================================================
[*] STARTING NEW DOMAIN: https://dls.osmaninagar.sylhet.gov.bd
==================================================
[+] Domain exhausted. Finishing up: https://dls.osmaninagar.sylhet.gov.bd
==================================================
[*] STARTING NEW DOMAIN: https://shilpakala.jamalpur.gov.bd
==================================================
[+] Domain exhausted. Finishing up: https://shilpakala.jamalpur.gov.bd
==================================================
[*] STARTING NEW DOMAIN: https://moulanabhashanimemorialcollegesharafpur.jessoreboard.gov.bd
==================================================
[+] Domain exhausted. Finishing up: https://moulanabhashanimemorialcollegesharafpur.jessoreboard.gov.bd
==================================================
[*] STARTING NEW DOMAIN: https://deo.tala.satkhira.gov.bd
==================================================
[+] Domain exhausted. Finishing up: https://deo.tala.satkhira.gov.bd
==================================================
[*] STARTING NEW DOMAIN: https://dpec.college.gov.bd
==================================================
[+] Domain exhausted. Finishing up: https://dpec.college.gov.bd
==================================================
[*] STARTING NEW DOMAIN: https://accounts.bise-ctg.gov.bd
==================================================
[+] Domain exhausted. Finishing up: https://accounts.bise-ctg.gov.bd
==================================================
[*] STARTING NEW DOMAIN: https://deb134389.dhakaeducationboard.gov.bd
==================================================
[+] Domain exhausted. Finishing up: https://deb134389.dhakaeducationboard.gov.bd
==================================================
[*] STARTING NEW DOMAIN: https://deo.mohadevpur.naogaon.gov.bd
==================================================
[+] Domain exhausted. Finishing up: https://deo.mohadevpur.naogaon.gov.bd
==================================================
[*] STARTING NEW DOMAIN: https://kolmakandaup.netrokona.gov.bd
==================================================
[+] Domain exhausted. Finishing up: https://kolmakandaup.netrokona.gov.bd
==================================================
[*] STARTING NEW DOMAIN: https://dls.ishurdi.pabna.gov.bd
==================================================
[+] Domain exhausted. Finishing up: https://dls.ishurdi.pabna.gov.bd
==================================================
[*] STARTING NEW DOMAIN: https://dls.kaptai.rangamati.gov.bd
==================================================
[+] Domain exhausted. Finishing up: https://dls.kaptai.rangamati.gov.bd
==================================================
[*] STARTING NEW DOMAIN: https://pdbf.rajarhat.kurigram.gov.bd
==================================================
[+] Domain exhausted. Finishing up: https://pdbf.rajarhat.kurigram.gov.bd
==================================================
[*] STARTING NEW DOMAIN: https://dlrs.gov.bd
==================================================
[+] Domain exhausted. Finishing up: https://dlrs.gov.bd
==================================================
[*] STARTING NEW DOMAIN: https://cooparative.gurudaspur.natore.gov.bd
==================================================
[+] Domain exhausted. Finishing up: https://cooparative.gurudaspur.natore.gov.bd
==================================================
[*] STARTING NEW DOMAIN: https://police.panchari.khagrachhari.gov.bd
==================================================
[+] Domain exhausted. Finishing up: https://police.panchari.khagrachhari.gov.bd
==================================================
[*] STARTING NEW DOMAIN: https://barobazarsecondarygirlsschool.jessoreboard.gov.bd
==================================================
[+] Domain exhausted. Finishing up: https://barobazarsecondarygirlsschool.jessoreboard.gov.bd
==================================================
[*] STARTING NEW DOMAIN: https://cooparative.jhalakathi.gov.bd
==================================================
[+] Domain exhausted. Finishing up: https://cooparative.jhalakathi.gov.bd
==================================================
[*] STARTING NEW DOMAIN: https://dao.gopalpur.tangail.gov.bd
==================================================
[+] Domain exhausted. Finishing up: https://dao.gopalpur.tangail.gov.bd
==================================================
[*] STARTING NEW DOMAIN: https://doga.gov.bd
==================================================
[+] Domain exhausted. Finishing up: https://doga.gov.bd
==================================================
[*] STARTING NEW DOMAIN: https://cooparative.kathalia.jhalakathi.gov.bd
==================================================
[+] Domain exhausted. Finishing up: https://cooparative.kathalia.jhalakathi.gov.bd
==================================================
[*] STARTING NEW DOMAIN: https://dol.finance.gov.bd
==================================================
[+] Domain exhausted. Finishing up: https://dol.finance.gov.bd
==================================================
[*] STARTING NEW DOMAIN: https://deb111244.dhakaeducationboard.gov.bd
==================================================
[+] Domain exhausted. Finishing up: https://deb111244.dhakaeducationboard.gov.bd
==================================================
[*] STARTING NEW DOMAIN: https://sadaracl.hathazari.chittagong.gov.bd
==================================================
[+] Domain exhausted. Finishing up: https://sadaracl.hathazari.chittagong.gov.bd
==================================================
[*] STARTING NEW DOMAIN: https://doict.sreebordi.sherpur.gov.bd
==================================================
[+] Domain exhausted. Finishing up: https://doict.sreebordi.sherpur.gov.bd
==================================================
[*] STARTING NEW DOMAIN: https://bmda.sirajganj.gov.bd
==================================================
[+] Domain exhausted. Finishing up: https://bmda.sirajganj.gov.bd
==================================================
[*] STARTING NEW DOMAIN: https://ccbl.gov.bd
==================================================
[+] Domain exhausted. Finishing up: https://ccbl.gov.bd
==================================================
[*] STARTING NEW DOMAIN: https://btcl.manda.naogaon.gov.bd
==================================================
[+] Domain exhausted. Finishing up: https://btcl.manda.naogaon.gov.bd
==================================================
[*] STARTING NEW DOMAIN: https://dao.kulaura.moulvibazar.gov.bd
==================================================
[+] Domain exhausted. Finishing up: https://dao.kulaura.moulvibazar.gov.bd
==================================================
[*] STARTING NEW DOMAIN: https://cevccomilla.gov.bd
==================================================
[+] Domain exhausted. Finishing up: https://cevccomilla.gov.bd
==================================================
[*] STARTING NEW DOMAIN: https://chandanaish.chittagong.gov.bd
==================================================
[+] Domain exhausted. Finishing up: https://chandanaish.chittagong.gov.bd
==================================================
[*] STARTING NEW DOMAIN: https://pwd.habiganj.gov.bd
==================================================
[+] Domain exhausted. Finishing up: https://pwd.habiganj.gov.bd
==================================================
[*] STARTING NEW DOMAIN: https://bbs.bhuapur.tangail.gov.bd
==================================================
[+] Domain exhausted. Finishing up: https://bbs.bhuapur.tangail.gov.bd
==================================================
[*] STARTING NEW DOMAIN: https://dshe.begumganj.noakhali.gov.bd
==================================================
[+] Domain exhausted. Finishing up: https://dshe.begumganj.noakhali.gov.bd
==================================================
[*] STARTING NEW DOMAIN: https://hotathganjsecondarygirlsschool.jessoreboard.gov.bd
==================================================
[+] Domain exhausted. Finishing up: https://hotathganjsecondarygirlsschool.jessoreboard.gov.bd
==================================================
[*] STARTING NEW DOMAIN: https://ttc.munshiganj.gov.bd
==================================================
[+] Domain exhausted. Finishing up: https://ttc.munshiganj.gov.bd
==================================================
[*] STARTING NEW DOMAIN: https://jms.gaibandha.gov.bd
==================================================
[+] Domain exhausted. Finishing up: https://jms.gaibandha.gov.bd
==================================================
[*] STARTING NEW DOMAIN: https://post.mohalchari.khagrachhari.gov.bd
==================================================
[+] Domain exhausted. Finishing up: https://post.mohalchari.khagrachhari.gov.bd
==================================================
[*] STARTING NEW DOMAIN: https://deo.sandwip.chittagong.gov.bd
==================================================
[+] Domain exhausted. Finishing up: https://deo.sandwip.chittagong.gov.bd
==================================================
[*] STARTING NEW DOMAIN: https://garbhangasecondaryschool.jessoreboard.gov.bd
==================================================
[+] Domain exhausted. Finishing up: https://garbhangasecondaryschool.jessoreboard.gov.bd
==================================================
[*] STARTING NEW DOMAIN: https://sfdf.indurkani.pirojpur.gov.bd
==================================================
[+] Domain exhausted. Finishing up: https://sfdf.indurkani.pirojpur.gov.bd
==================================================
[*] STARTING NEW DOMAIN: https://deb107867.dhakaeducationboard.gov.bd
==================================================
[+] Domain exhausted. Finishing up: https://deb107867.dhakaeducationboard.gov.bd
==================================================
[*] STARTING NEW DOMAIN: https://police.khulna.gov.bd
==================================================
[+] Domain exhausted. Finishing up: https://police.khulna.gov.bd
==================================================
[*] STARTING NEW DOMAIN: https://dpe.gopalganj.gov.bd
==================================================
[+] Domain exhausted. Finishing up: https://dpe.gopalganj.gov.bd
==================================================
[*] STARTING NEW DOMAIN: https://deb112881.dhakaeducationboard.gov.bd
==================================================
[+] Domain exhausted. Finishing up: https://deb112881.dhakaeducationboard.gov.bd
==================================================
[*] STARTING NEW DOMAIN: https://deb110214.dhakaeducationboard.gov.bd
==================================================
[+] Domain exhausted. Finishing up: https://deb110214.dhakaeducationboard.gov.bd
==================================================
[*] STARTING NEW DOMAIN: https://bonarparaup.gaibandha.gov.bd
==================================================
[+] Domain exhausted. Finishing up: https://bonarparaup.gaibandha.gov.bd
==================================================
[*] STARTING NEW DOMAIN: https://post.bhandaria.pirojpur.gov.bd
==================================================
[+] Domain exhausted. Finishing up: https://post.bhandaria.pirojpur.gov.bd
==================================================
[*] STARTING NEW DOMAIN: https://ssoh.jhenaidah.gov.bd
==================================================
[+] Domain exhausted. Finishing up: https://ssoh.jhenaidah.gov.bd
==================================================
[*] STARTING NEW DOMAIN: https://health.manda.naogaon.gov.bd
==================================================
[+] Domain exhausted. Finishing up: https://health.manda.naogaon.gov.bd
==================================================
[*] STARTING NEW DOMAIN: https://dpe.akkelpur.joypurhat.gov.bd
==================================================
[+] Domain exhausted. Finishing up: https://dpe.akkelpur.joypurhat.gov.bd
==================================================
[*] STARTING NEW DOMAIN: https://ddm.gov.bd
==================================================
[+] Domain exhausted. Finishing up: https://ddm.gov.bd
==================================================
[*] STARTING NEW DOMAIN: https://deb110859.dhakaeducationboard.gov.bd
==================================================
[+] Domain exhausted. Finishing up: https://deb110859.dhakaeducationboard.gov.bd
==================================================
[*] STARTING NEW DOMAIN: https://bsb.rangamati.gov.bd
==================================================
[+] Domain exhausted. Finishing up: https://bsb.rangamati.gov.bd
==================================================
[*] STARTING NEW DOMAIN: https://fireservice.boalkhali.chittagong.gov.bd
==================================================
[+] Domain exhausted. Finishing up: https://fireservice.boalkhali.chittagong.gov.bd
==================================================
[*] STARTING NEW DOMAIN: https://pozip.beanibazar.sylhet.gov.bd
==================================================
[+] Domain exhausted. Finishing up: https://pozip.beanibazar.sylhet.gov.bd
==================================================
[*] STARTING NEW DOMAIN: https://dss.haripur.thakurgaon.gov.bd
==================================================
[+] Domain exhausted. Finishing up: https://dss.haripur.thakurgaon.gov.bd
==================================================
[*] STARTING NEW DOMAIN: https://fireservice.rowmari.kurigram.gov.bd
==================================================
[+] Domain exhausted. Finishing up: https://fireservice.rowmari.kurigram.gov.bd
==================================================
[*] STARTING NEW DOMAIN: https://deb109047.dhakaeducationboard.gov.bd
==================================================
[+] Domain exhausted. Finishing up: https://deb109047.dhakaeducationboard.gov.bd
==================================================
[*] STARTING NEW DOMAIN: https://barashalaypanchapallisecondaryschool.jessoreboard.gov.bd
==================================================
[+] Domain exhausted. Finishing up: https://barashalaypanchapallisecondaryschool.jessoreboard.gov.bd
==================================================
[*] STARTING NEW DOMAIN: https://eed.amtali.barguna.gov.bd
==================================================
[+] Domain exhausted. Finishing up: https://eed.amtali.barguna.gov.bd
==================================================
[*] STARTING NEW DOMAIN: https://gopalpurschoolandcollege.jessoreboard.gov.bd
==================================================
[+] Domain exhausted. Finishing up: https://gopalpurschoolandcollege.jessoreboard.gov.bd
==================================================
[*] STARTING NEW DOMAIN: https://brdb.bagherpara.jessore.gov.bd
==================================================
[+] Domain exhausted. Finishing up: https://brdb.bagherpara.jessore.gov.bd
==================================================
[*] STARTING NEW DOMAIN: https://ebek.tanore.rajshahi.gov.bd
==================================================
[+] Domain exhausted. Finishing up: https://ebek.tanore.rajshahi.gov.bd
==================================================
[*] STARTING NEW DOMAIN: https://deb108334.dhakaeducationboard.gov.bd
==================================================
[+] Domain exhausted. Finishing up: https://deb108334.dhakaeducationboard.gov.bd
==================================================
[*] STARTING NEW DOMAIN: https://deb110907.dhakaeducationboard.gov.bd
==================================================
[+] Domain exhausted. Finishing up: https://deb110907.dhakaeducationboard.gov.bd
==================================================
[*] STARTING NEW DOMAIN: https://dshe.rangpurdiv.gov.bd
==================================================
[+] Domain exhausted. Finishing up: https://dshe.rangpurdiv.gov.bd
==================================================
[*] STARTING NEW DOMAIN: http://bahis.dls.gov.bd
==================================================
[+] Domain exhausted. Finishing up: http://bahis.dls.gov.bd
==================================================
[*] STARTING NEW DOMAIN: https://deb110014.dhakaeducationboard.gov.bd
==================================================
[+] Domain exhausted. Finishing up: https://deb110014.dhakaeducationboard.gov.bd
==================================================
[*] STARTING NEW DOMAIN: https://dphe.jamalganj.sunamganj.gov.bd
==================================================
[+] Domain exhausted. Finishing up: https://dphe.jamalganj.sunamganj.gov.bd
==================================================
[*] STARTING NEW DOMAIN: https://ec.meghna.comilla.gov.bd
==================================================
[+] Domain exhausted. Finishing up: https://ec.meghna.comilla.gov.bd
==================================================
[*] STARTING NEW DOMAIN: https://dr.tangail.gov.bd
==================================================
[+] Domain exhausted. Finishing up: https://dr.tangail.gov.bd
==================================================
[*] STARTING NEW DOMAIN: https://seo.gosairhat.shariatpur.gov.bd
==================================================
[+] Domain exhausted. Finishing up: https://seo.gosairhat.shariatpur.gov.bd
==================================================
[*] STARTING NEW DOMAIN: https://bbs.debidwar.comilla.gov.bd
==================================================
[+] Domain exhausted. Finishing up: https://bbs.debidwar.comilla.gov.bd
==================================================
[*] STARTING NEW DOMAIN: https://drro.rangpur.gov.bd
==================================================
[+] Domain exhausted. Finishing up: https://drro.rangpur.gov.bd
==================================================
[*] STARTING NEW DOMAIN: https://dao.subarnachar.noakhali.gov.bd
==================================================
[+] Domain exhausted. Finishing up: https://dao.subarnachar.noakhali.gov.bd
==================================================
[*] STARTING NEW DOMAIN: https://deb110893.dhakaeducationboard.gov.bd
==================================================
[+] Domain exhausted. Finishing up: https://deb110893.dhakaeducationboard.gov.bd
==================================================
[*] STARTING NEW DOMAIN: https://fireservice.chittagong.gov.bd
==================================================
[+] Domain exhausted. Finishing up: https://fireservice.chittagong.gov.bd
==================================================
[*] STARTING NEW DOMAIN: https://fpo.narsingdisadar.narsingdi.gov.bd
==================================================
[+] Domain exhausted. Finishing up: https://fpo.narsingdisadar.narsingdi.gov.bd
==================================================
[*] STARTING NEW DOMAIN: https://hakimpursamsulhudasecondaryschool.jessoreboard.gov.bd
==================================================
[+] Domain exhausted. Finishing up: https://hakimpursamsulhudasecondaryschool.jessoreboard.gov.bd
==================================================
[*] STARTING NEW DOMAIN: https://bsti.bogra.gov.bd
==================================================
[+] Domain exhausted. Finishing up: https://bsti.bogra.gov.bd
==================================================
[*] STARTING NEW DOMAIN: https://dao.nabiganj.habiganj.gov.bd
==================================================
[+] Domain exhausted. Finishing up: https://dao.nabiganj.habiganj.gov.bd
==================================================
[*] STARTING NEW DOMAIN: https://deb109623.dhakaeducationboard.gov.bd
==================================================
[+] Domain exhausted. Finishing up: https://deb109623.dhakaeducationboard.gov.bd
==================================================
[*] STARTING NEW DOMAIN: https://bncfrd.portal.gov.bd
==================================================
[+] Domain exhausted. Finishing up: https://bncfrd.portal.gov.bd
==================================================
[*] STARTING NEW DOMAIN: https://ambarnagorup.noakhali.gov.bd
==================================================
[+] Domain exhausted. Finishing up: https://ambarnagorup.noakhali.gov.bd
==================================================
[*] STARTING NEW DOMAIN: https://health.hatibandha.lalmonirhat.gov.bd
==================================================
[+] Domain exhausted. Finishing up: https://health.hatibandha.lalmonirhat.gov.bd
==================================================
[*] STARTING NEW DOMAIN: https://deb110818.dhakaeducationboard.gov.bd
==================================================
[+] Domain exhausted. Finishing up: https://deb110818.dhakaeducationboard.gov.bd
==================================================
[*] STARTING NEW DOMAIN: https://bamondhisecondarygirlsschool.jessoreboard.gov.bd
==================================================
[+] Domain exhausted. Finishing up: https://bamondhisecondarygirlsschool.jessoreboard.gov.bd
==================================================
[*] STARTING NEW DOMAIN: https://gharjanup.sirajganj.gov.bd
==================================================
[+] Domain exhausted. Finishing up: https://gharjanup.sirajganj.gov.bd
==================================================
[*] STARTING NEW DOMAIN: https://deb110449.dhakaeducationboard.gov.bd
==================================================
[+] Domain exhausted. Finishing up: https://deb110449.dhakaeducationboard.gov.bd
==================================================
[*] STARTING NEW DOMAIN: https://cgdf.gov.bd
==================================================
[+] Domain exhausted. Finishing up: https://cgdf.gov.bd
==================================================
[*] STARTING NEW DOMAIN: https://aichgatiup.khulna.gov.bd
==================================================
[+] Domain exhausted. Finishing up: https://aichgatiup.khulna.gov.bd
==================================================
[*] STARTING NEW DOMAIN: https://gopinathpurup.brahmanbaria.gov.bd
==================================================
[+] Domain exhausted. Finishing up: https://gopinathpurup.brahmanbaria.gov.bd
==================================================
[*] STARTING NEW DOMAIN: https://bondabilgovtprimaryschool.jessoreboard.gov.bd
==================================================
[+] Domain exhausted. Finishing up: https://bondabilgovtprimaryschool.jessoreboard.gov.bd
==================================================
[*] STARTING NEW DOMAIN: https://forest.tanore.rajshahi.gov.bd
==================================================
[+] Domain exhausted. Finishing up: https://forest.tanore.rajshahi.gov.bd
==================================================
[*] STARTING NEW DOMAIN: https://portal-citizen-stage.land.gov.bd
==================================================
[+] Domain exhausted. Finishing up: https://portal-citizen-stage.land.gov.bd
==================================================
[*] STARTING NEW DOMAIN: https://fisheries.birganj.dinajpur.gov.bd
==================================================
[+] Domain exhausted. Finishing up: https://fisheries.birganj.dinajpur.gov.bd
==================================================
[*] STARTING NEW DOMAIN: https://bagoansecondaryschool.jessoreboard.gov.bd
==================================================
[+] Domain exhausted. Finishing up: https://bagoansecondaryschool.jessoreboard.gov.bd
==================================================
[*] STARTING NEW DOMAIN: https://fpo.sitakunda.chittagong.gov.bd
==================================================
[+] Domain exhausted. Finishing up: https://fpo.sitakunda.chittagong.gov.bd
==================================================
[*] STARTING NEW DOMAIN: https://kodandasecondaryschool.jessoreboard.gov.bd
==================================================
[+] Domain exhausted. Finishing up: https://kodandasecondaryschool.jessoreboard.gov.bd
==================================================
[*] STARTING NEW DOMAIN: https://ansarvdp.naogaonsadar.naogaon.gov.bd
==================================================
[+] Domain exhausted. Finishing up: https://ansarvdp.naogaonsadar.naogaon.gov.bd
==================================================
[*] STARTING NEW DOMAIN: https://dathvangamohabiddaloy.jessoreboard.gov.bd
==================================================
[+] Domain exhausted. Finishing up: https://dathvangamohabiddaloy.jessoreboard.gov.bd
==================================================
[*] STARTING NEW DOMAIN: https://postoffice.rajasthali.rangamati.gov.bd
==================================================
[+] Domain exhausted. Finishing up: https://postoffice.rajasthali.rangamati.gov.bd
==================================================
[*] STARTING NEW DOMAIN: https://ahammadpurup.pabna.gov.bd
==================================================
[+] Domain exhausted. Finishing up: https://ahammadpurup.pabna.gov.bd
==================================================
[*] STARTING NEW DOMAIN: https://deb108407.dhakaeducationboard.gov.bd
==================================================
[+] Domain exhausted. Finishing up: https://deb108407.dhakaeducationboard.gov.bd
==================================================
[*] STARTING NEW DOMAIN: https://deb111138.dhakaeducationboard.gov.bd
==================================================
[+] Domain exhausted. Finishing up: https://deb111138.dhakaeducationboard.gov.bd
==================================================
[*] STARTING NEW DOMAIN: https://ansarvdp.dupchanchia.bogra.gov.bd
==================================================
[+] Domain exhausted. Finishing up: https://ansarvdp.dupchanchia.bogra.gov.bd
==================================================
[*] STARTING NEW DOMAIN: https://po.brahmanbaria.gov.bd
==================================================
[+] Domain exhausted. Finishing up: https://po.brahmanbaria.gov.bd
==================================================
[*] STARTING NEW DOMAIN: https://deb110273.dhakaeducationboard.gov.bd
==================================================
[+] Domain exhausted. Finishing up: https://deb110273.dhakaeducationboard.gov.bd
==================================================
[*] STARTING NEW DOMAIN: https://accounts.khoksa.kushtia.gov.bd
==================================================
[+] Domain exhausted. Finishing up: https://accounts.khoksa.kushtia.gov.bd
==================================================
[*] STARTING NEW DOMAIN: https://dls.kapasia.gazipur.gov.bd
==================================================
[+] Domain exhausted. Finishing up: https://dls.kapasia.gazipur.gov.bd
==================================================
[*] STARTING NEW DOMAIN: https://deb109951.dhakaeducationboard.gov.bd
==================================================
[+] Domain exhausted. Finishing up: https://deb109951.dhakaeducationboard.gov.bd
==================================================
[*] STARTING NEW DOMAIN: https://fireservice.jhenaidah.gov.bd
==================================================
[+] Domain exhausted. Finishing up: https://fireservice.jhenaidah.gov.bd
==================================================
[*] STARTING NEW DOMAIN: https://forest.chittagong.gov.bd
==================================================
[+] Domain exhausted. Finishing up: https://forest.chittagong.gov.bd
==================================================
[*] STARTING NEW DOMAIN: https://deb107868.dhakaeducationboard.gov.bd
==================================================
[+] Domain exhausted. Finishing up: https://deb107868.dhakaeducationboard.gov.bd
==================================================
[*] STARTING NEW DOMAIN: https://deb111224.dhakaeducationboard.gov.bd
==================================================
[+] Domain exhausted. Finishing up: https://deb111224.dhakaeducationboard.gov.bd
==================================================
[*] STARTING NEW DOMAIN: https://bainbariajuniorgirlsschool.jessoreboard.gov.bd
==================================================
[+] Domain exhausted. Finishing up: https://bainbariajuniorgirlsschool.jessoreboard.gov.bd
==================================================
[*] STARTING NEW DOMAIN: https://deb109451.dhakaeducationboard.gov.bd
==================================================
[+] Domain exhausted. Finishing up: https://deb109451.dhakaeducationboard.gov.bd
==================================================
[*] STARTING NEW DOMAIN: https://kalia.narail.gov.bd
==================================================
[+] Domain exhausted. Finishing up: https://kalia.narail.gov.bd
==================================================
[*] STARTING NEW DOMAIN: https://fisheries.dewangonj.jamalpur.gov.bd
==================================================
[+] Domain exhausted. Finishing up: https://fisheries.dewangonj.jamalpur.gov.bd
==================================================
[*] STARTING NEW DOMAIN: https://halidhanisecondaryschool.jessoreboard.gov.bd
==================================================
[+] Domain exhausted. Finishing up: https://halidhanisecondaryschool.jessoreboard.gov.bd
==================================================
[*] STARTING NEW DOMAIN: https://deb110509.dhakaeducationboard.gov.bd
==================================================
[+] Domain exhausted. Finishing up: https://deb110509.dhakaeducationboard.gov.bd
==================================================
[*] STARTING NEW DOMAIN: https://dphe.basail.tangail.gov.bd
==================================================
[+] Domain exhausted. Finishing up: https://dphe.basail.tangail.gov.bd
==================================================
[*] STARTING NEW DOMAIN: https://cooparative.akhaura.brahmanbaria.gov.bd
==================================================
[+] Domain exhausted. Finishing up: https://cooparative.akhaura.brahmanbaria.gov.bd
==================================================
[*] STARTING NEW DOMAIN: https://deb109578.dhakaeducationboard.gov.bd
==================================================
[+] Domain exhausted. Finishing up: https://deb109578.dhakaeducationboard.gov.bd
==================================================
[*] STARTING NEW DOMAIN: https://dphe.mithapukur.rangpur.gov.bd
==================================================
[+] Domain exhausted. Finishing up: https://dphe.mithapukur.rangpur.gov.bd
==================================================
[*] STARTING NEW DOMAIN: https://food.mirsharai.chittagong.gov.bd
==================================================
[+] Domain exhausted. Finishing up: https://food.mirsharai.chittagong.gov.bd
==================================================
[*] STARTING NEW DOMAIN: https://deb111222.dhakaeducationboard.gov.bd
==================================================
[+] Domain exhausted. Finishing up: https://deb111222.dhakaeducationboard.gov.bd
==================================================
[*] STARTING NEW DOMAIN: https://dwa.monpura.bhola.gov.bd
==================================================
[+] Domain exhausted. Finishing up: https://dwa.monpura.bhola.gov.bd
==================================================
[*] STARTING NEW DOMAIN: https://chandipursecondaryschool.jessoreboard.gov.bd
==================================================
[+] Domain exhausted. Finishing up: https://chandipursecondaryschool.jessoreboard.gov.bd
==================================================
[*] STARTING NEW DOMAIN: https://deb111066.dhakaeducationboard.gov.bd
==================================================
[+] Domain exhausted. Finishing up: https://deb111066.dhakaeducationboard.gov.bd
==================================================
[*] STARTING NEW DOMAIN: https://dwa.bajitpur.kishoreganj.gov.bd
==================================================
[+] Domain exhausted. Finishing up: https://dwa.bajitpur.kishoreganj.gov.bd
==================================================
[*] STARTING NEW DOMAIN: https://krishnapurup.netrokona.gov.bd
==================================================
[+] Domain exhausted. Finishing up: https://krishnapurup.netrokona.gov.bd
==================================================
[*] STARTING NEW DOMAIN: https://badc.lalmonirhat.gov.bd
==================================================
[+] Domain exhausted. Finishing up: https://badc.lalmonirhat.gov.bd
==================================================
[*] STARTING NEW DOMAIN: https://shishuacademy.keshabpur.jessore.gov.bd
==================================================
[+] Domain exhausted. Finishing up: https://shishuacademy.keshabpur.jessore.gov.bd
==================================================
[*] STARTING NEW DOMAIN: https://fireservice.charbhadrasan.faridpur.gov.bd
==================================================
[+] Domain exhausted. Finishing up: https://fireservice.charbhadrasan.faridpur.gov.bd
==================================================
[*] STARTING NEW DOMAIN: https://dao.nokla.sherpur.gov.bd
==================================================
[+] Domain exhausted. Finishing up: https://dao.nokla.sherpur.gov.bd
==================================================
[*] STARTING NEW DOMAIN: https://dwa.gopalpur.tangail.gov.bd
==================================================
[+] Domain exhausted. Finishing up: https://dwa.gopalpur.tangail.gov.bd
==================================================
[*] STARTING NEW DOMAIN: https://fisheries.matlabnorth.chandpur.gov.bd
==================================================
[+] Domain exhausted. Finishing up: https://fisheries.matlabnorth.chandpur.gov.bd
==================================================
[*] STARTING NEW DOMAIN: https://dwa.mohadevpur.naogaon.gov.bd
==================================================
[+] Domain exhausted. Finishing up: https://dwa.mohadevpur.naogaon.gov.bd
==================================================
[*] STARTING NEW DOMAIN: https://dphe.barisalsadar.barisal.gov.bd
==================================================
[+] Domain exhausted. Finishing up: https://dphe.barisalsadar.barisal.gov.bd
==================================================
[*] STARTING NEW DOMAIN: https://ec.tazumuddin.bhola.gov.bd
==================================================
[+] Domain exhausted. Finishing up: https://ec.tazumuddin.bhola.gov.bd
==================================================
[*] STARTING NEW DOMAIN: https://fireservice.gournadi.barisal.gov.bd
==================================================
[+] Domain exhausted. Finishing up: https://fireservice.gournadi.barisal.gov.bd
==================================================
[*] STARTING NEW DOMAIN: https://deb111452.dhakaeducationboard.gov.bd
==================================================
[+] Domain exhausted. Finishing up: https://deb111452.dhakaeducationboard.gov.bd
==================================================
[*] STARTING NEW DOMAIN: https://ec.kapasia.gazipur.gov.bd
==================================================
[+] Domain exhausted. Finishing up: https://ec.kapasia.gazipur.gov.bd
==================================================
[*] STARTING NEW DOMAIN: https://abak-rdcd.khulna.gov.bd
==================================================
[+] Domain exhausted. Finishing up: https://abak-rdcd.khulna.gov.bd
==================================================
[*] STARTING NEW DOMAIN: https://mail.architecture.gov.bd
==================================================
[+] Domain exhausted. Finishing up: https://mail.architecture.gov.bd
==================================================
[*] STARTING NEW DOMAIN: https://ebek.sarankhola.bagerhat.gov.bd
==================================================
[+] Domain exhausted. Finishing up: https://ebek.sarankhola.bagerhat.gov.bd
==================================================
[*] STARTING NEW DOMAIN: https://fisheries.faridpur.pabna.gov.bd
==================================================
[+] Domain exhausted. Finishing up: https://fisheries.faridpur.pabna.gov.bd
==================================================
[*] STARTING NEW DOMAIN: https://pio.tungipara.gopalganj.gov.bd
==================================================
[+] Domain exhausted. Finishing up: https://pio.tungipara.gopalganj.gov.bd
==================================================
[*] STARTING NEW DOMAIN: https://dwa.tanore.rajshahi.gov.bd
==================================================
[+] Domain exhausted. Finishing up: https://dwa.tanore.rajshahi.gov.bd
==================================================
[*] STARTING NEW DOMAIN: https://food.sylhet.gov.bd
==================================================
[+] Domain exhausted. Finishing up: https://food.sylhet.gov.bd
==================================================
[*] STARTING NEW DOMAIN: https://dpe.tetulia.panchagarh.gov.bd
==================================================
[+] Domain exhausted. Finishing up: https://dpe.tetulia.panchagarh.gov.bd
==================================================
[*] STARTING NEW DOMAIN: https://ec.itna.kishoreganj.gov.bd
==================================================
[+] Domain exhausted. Finishing up: https://ec.itna.kishoreganj.gov.bd
==================================================
[*] STARTING NEW DOMAIN: https://fireservice.kawkhali.pirojpur.gov.bd
==================================================
[+] Domain exhausted. Finishing up: https://fireservice.kawkhali.pirojpur.gov.bd
==================================================
[*] STARTING NEW DOMAIN: https://deb111789.dhakaeducationboard.gov.bd
==================================================
[+] Domain exhausted. Finishing up: https://deb111789.dhakaeducationboard.gov.bd
==================================================
[*] STARTING NEW DOMAIN: https://dwa.sarankhola.bagerhat.gov.bd
==================================================
[+] Domain exhausted. Finishing up: https://dwa.sarankhola.bagerhat.gov.bd
==================================================
[*] STARTING NEW DOMAIN: https://boaliaunitedsecondaryschool.jessoreboard.gov.bd
==================================================
[+] Domain exhausted. Finishing up: https://boaliaunitedsecondaryschool.jessoreboard.gov.bd
==================================================
[*] STARTING NEW DOMAIN: https://dwa.bheramara.kushtia.gov.bd
==================================================
[+] Domain exhausted. Finishing up: https://dwa.bheramara.kushtia.gov.bd
==================================================
[*] STARTING NEW DOMAIN: https://deb112497.dhakaeducationboard.gov.bd
==================================================
[+] Domain exhausted. Finishing up: https://deb112497.dhakaeducationboard.gov.bd
==================================================
[*] STARTING NEW DOMAIN: https://knsikhagrachari.portal.gov.bd
==================================================
[+] Domain exhausted. Finishing up: https://knsikhagrachari.portal.gov.bd
==================================================
[*] STARTING NEW DOMAIN: https://baec.portal.gov.bd
==================================================
[+] Domain exhausted. Finishing up: https://baec.portal.gov.bd
==================================================
[*] STARTING NEW DOMAIN: https://deb112817.dhakaeducationboard.gov.bd
==================================================
[+] Domain exhausted. Finishing up: https://deb112817.dhakaeducationboard.gov.bd
==================================================
[*] STARTING NEW DOMAIN: https://khadimpurup.chuadanga.gov.bd
==================================================
[+] Domain exhausted. Finishing up: https://khadimpurup.chuadanga.gov.bd
==================================================
[*] STARTING NEW DOMAIN: https://kanyadahmoniruddinbiswassecondaryschool.jessoreboard.gov.bd
==================================================
[+] Domain exhausted. Finishing up: https://kanyadahmoniruddinbiswassecondaryschool.jessoreboard.gov.bd
==================================================
[*] STARTING NEW DOMAIN: https://psb.mehendiganj.barisal.gov.bd
==================================================
[+] Domain exhausted. Finishing up: https://psb.mehendiganj.barisal.gov.bd
==================================================
[*] STARTING NEW DOMAIN: https://dshe.bogra.gov.bd
==================================================
[+] Domain exhausted. Finishing up: https://dshe.bogra.gov.bd
==================================================
[*] STARTING NEW DOMAIN: https://deb113423.dhakaeducationboard.gov.bd
==================================================
[+] Domain exhausted. Finishing up: https://deb113423.dhakaeducationboard.gov.bd
==================================================
[*] STARTING NEW DOMAIN: https://mail.bfri.gov.bd
==================================================
[+] Domain exhausted. Finishing up: https://mail.bfri.gov.bd
==================================================
[*] STARTING NEW DOMAIN: https://mail.elbl.gov.bd
==================================================
[+] Domain exhausted. Finishing up: https://mail.elbl.gov.bd
==================================================
[*] STARTING NEW DOMAIN: https://deb113628.dhakaeducationboard.gov.bd
==================================================
[+] Domain exhausted. Finishing up: https://deb113628.dhakaeducationboard.gov.bd
==================================================
[*] STARTING NEW DOMAIN: https://kashimpurup.mymensingh.gov.bd
==================================================
[+] Domain exhausted. Finishing up: https://kashimpurup.mymensingh.gov.bd
==================================================
[*] STARTING NEW DOMAIN: https://post.coxsbazar.gov.bd
==================================================
[+] Domain exhausted. Finishing up: https://post.coxsbazar.gov.bd
==================================================
[*] STARTING NEW DOMAIN: https://deb112848.dhakaeducationboard.gov.bd
==================================================
[+] Domain exhausted. Finishing up: https://deb112848.dhakaeducationboard.gov.bd
==================================================
[*] STARTING NEW DOMAIN: https://lged.madhabpur.habiganj.gov.bd
==================================================
[+] Domain exhausted. Finishing up: https://lged.madhabpur.habiganj.gov.bd
==================================================
[*] STARTING NEW DOMAIN: https://dss.rajarhat.kurigram.gov.bd
==================================================
[+] Domain exhausted. Finishing up: https://dss.rajarhat.kurigram.gov.bd
==================================================
[*] STARTING NEW DOMAIN: https://deb113347.dhakaeducationboard.gov.bd
==================================================
[+] Domain exhausted. Finishing up: https://deb113347.dhakaeducationboard.gov.bd
==================================================
[*] STARTING NEW DOMAIN: https://nememw.gov.bd
==================================================
[+] Domain exhausted. Finishing up: https://nememw.gov.bd
==================================================
[*] STARTING NEW DOMAIN: https://urc.gafargaon.mymensingh.gov.bd
==================================================
[+] Domain exhausted. Finishing up: https://urc.gafargaon.mymensingh.gov.bd
==================================================
[*] STARTING NEW DOMAIN: https://deb113213.dhakaeducationboard.gov.bd
==================================================
[+] Domain exhausted. Finishing up: https://deb113213.dhakaeducationboard.gov.bd
==================================================
[*] STARTING NEW DOMAIN: https://tafaruqueschoolandcollege.jessoreboard.gov.bd
==================================================
[+] Domain exhausted. Finishing up: https://tafaruqueschoolandcollege.jessoreboard.gov.bd
==================================================
[*] STARTING NEW DOMAIN: https://lged.sirajganjsadar.sirajganj.gov.bd
==================================================
[+] Domain exhausted. Finishing up: https://lged.sirajganjsadar.sirajganj.gov.bd
==================================================
[*] STARTING NEW DOMAIN: https://mail.btri.gov.bd
==================================================
[+] Domain exhausted. Finishing up: https://mail.btri.gov.bd
==================================================
[*] STARTING NEW DOMAIN: https://lged.kabirhat.noakhali.gov.bd
==================================================
[+] Domain exhausted. Finishing up: https://lged.kabirhat.noakhali.gov.bd
==================================================
[*] STARTING NEW DOMAIN: https://deb138814.dhakaeducationboard.gov.bd
==================================================
[+] Domain exhausted. Finishing up: https://deb138814.dhakaeducationboard.gov.bd
==================================================
[*] STARTING NEW DOMAIN: https://deb114615.dhakaeducationboard.gov.bd
==================================================
[+] Domain exhausted. Finishing up: https://deb114615.dhakaeducationboard.gov.bd
==================================================
[*] STARTING NEW DOMAIN: https://mail.dot.gov.bd
==================================================
[+] Domain exhausted. Finishing up: https://mail.dot.gov.bd
==================================================
[*] STARTING NEW DOMAIN: https://rangamati.gov.bd
==================================================
[+] Domain exhausted. Finishing up: https://rangamati.gov.bd
==================================================
[*] STARTING NEW DOMAIN: https://acl.ramganj.lakshmipur.gov.bd
==================================================
[+] Domain exhausted. Finishing up: https://acl.ramganj.lakshmipur.gov.bd
==================================================
[*] STARTING NEW DOMAIN: https://deb114145.dhakaeducationboard.gov.bd
==================================================
[+] Domain exhausted. Finishing up: https://deb114145.dhakaeducationboard.gov.bd
==================================================
[*] STARTING NEW DOMAIN: https://talsarkazilutforrahmansecondaryschool.jessoreboard.gov.bd
==================================================
[+] Domain exhausted. Finishing up: https://talsarkazilutforrahmansecondaryschool.jessoreboard.gov.bd
==================================================
[*] STARTING NEW DOMAIN: https://noagaonup.brahmanbaria.gov.bd
==================================================
[+] Domain exhausted. Finishing up: https://noagaonup.brahmanbaria.gov.bd
==================================================
[*] STARTING NEW DOMAIN: https://lged.joypurhat.gov.bd
==================================================
[+] Domain exhausted. Finishing up: https://lged.joypurhat.gov.bd
==================================================
[*] STARTING NEW DOMAIN: https://talsahar.brahmanbaria.gov.bd
==================================================
[+] Domain exhausted. Finishing up: https://talsahar.brahmanbaria.gov.bd
==================================================
[*] STARTING NEW DOMAIN: https://dphe.shalla.sunamganj.gov.bd
==================================================
[+] Domain exhausted. Finishing up: https://dphe.shalla.sunamganj.gov.bd
==================================================
[*] STARTING NEW DOMAIN: https://gokulup.bogra.gov.bd
==================================================
[+] Domain exhausted. Finishing up: https://gokulup.bogra.gov.bd
==================================================
[*] STARTING NEW DOMAIN: https://khedarmaraup.rangamati.gov.bd
==================================================
[+] Domain exhausted. Finishing up: https://khedarmaraup.rangamati.gov.bd
==================================================
[*] STARTING NEW DOMAIN: https://dhakuriapratapkathisecondaryschool.jessoreboard.gov.bd
==================================================
[+] Domain exhausted. Finishing up: https://dhakuriapratapkathisecondaryschool.jessoreboard.gov.bd
==================================================
[*] STARTING NEW DOMAIN: https://dss.doulatkhan.bhola.gov.bd
==================================================
[+] Domain exhausted. Finishing up: https://dss.doulatkhan.bhola.gov.bd
==================================================
[*] STARTING NEW DOMAIN: https://mahmudpurup.dhaka.gov.bd
==================================================
[+] Domain exhausted. Finishing up: https://mahmudpurup.dhaka.gov.bd
==================================================
[*] STARTING NEW DOMAIN: https://deb139446.dhakaeducationboard.gov.bd
==================================================
[+] Domain exhausted. Finishing up: https://deb139446.dhakaeducationboard.gov.bd
==================================================
[*] STARTING NEW DOMAIN: https://dls.southsunamganj.sunamganj.gov.bd
==================================================
[+] Domain exhausted. Finishing up: https://dls.southsunamganj.sunamganj.gov.bd
==================================================
[*] STARTING NEW DOMAIN: https://kulkandiup.jamalpur.gov.bd
==================================================
[+] Domain exhausted. Finishing up: https://kulkandiup.jamalpur.gov.bd
==================================================
[*] STARTING NEW DOMAIN: https://tax.nilphamari.gov.bd
==================================================
[+] Domain exhausted. Finishing up: https://tax.nilphamari.gov.bd
==================================================
[*] STARTING NEW DOMAIN: https://sr.tarakanda.mymensingh.gov.bd
==================================================
[+] Domain exhausted. Finishing up: https://sr.tarakanda.mymensingh.gov.bd
==================================================
[*] STARTING NEW DOMAIN: https://deb113053.dhakaeducationboard.gov.bd
==================================================
[+] Domain exhausted. Finishing up: https://deb113053.dhakaeducationboard.gov.bd
==================================================
[*] STARTING NEW DOMAIN: https://mariumnagarup.chittagong.gov.bd
==================================================
[+] Domain exhausted. Finishing up: https://mariumnagarup.chittagong.gov.bd
==================================================
[*] STARTING NEW DOMAIN: https://dgjute.jessore.gov.bd
==================================================
[+] Domain exhausted. Finishing up: https://dgjute.jessore.gov.bd
==================================================
[*] STARTING NEW DOMAIN: https://deb113220.dhakaeducationboard.gov.bd
==================================================
[+] Domain exhausted. Finishing up: https://deb113220.dhakaeducationboard.gov.bd
==================================================
[*] STARTING NEW DOMAIN: https://deb135414.dhakaeducationboard.gov.bd
==================================================
[+] Domain exhausted. Finishing up: https://deb135414.dhakaeducationboard.gov.bd
==================================================
[*] STARTING NEW DOMAIN: https://naruamalaup.bogra.gov.bd
==================================================
[+] Domain exhausted. Finishing up: https://naruamalaup.bogra.gov.bd
==================================================
[*] STARTING NEW DOMAIN: https://deb112694.dhakaeducationboard.gov.bd
==================================================
[+] Domain exhausted. Finishing up: https://deb112694.dhakaeducationboard.gov.bd
==================================================
[*] STARTING NEW DOMAIN: https://deb131762.dhakaeducationboard.gov.bd
==================================================
[+] Domain exhausted. Finishing up: https://deb131762.dhakaeducationboard.gov.bd
==================================================
[*] STARTING NEW DOMAIN: https://barashimlakarbalasecondaryschool.jessoreboard.gov.bd
==================================================
[+] Domain exhausted. Finishing up: https://barashimlakarbalasecondaryschool.jessoreboard.gov.bd
==================================================
[*] STARTING NEW DOMAIN: https://prison.chuadanga.gov.bd
==================================================
[+] Domain exhausted. Finishing up: https://prison.chuadanga.gov.bd
==================================================
[*] STARTING NEW DOMAIN: https://deb134619.dhakaeducationboard.gov.bd
==================================================
[+] Domain exhausted. Finishing up: https://deb134619.dhakaeducationboard.gov.bd
==================================================
[*] STARTING NEW DOMAIN: https://dls.parbatipur.dinajpur.gov.bd
==================================================
[+] Domain exhausted. Finishing up: https://dls.parbatipur.dinajpur.gov.bd
==================================================
[*] STARTING NEW DOMAIN: https://portlouis.mofa.gov.bd
==================================================
[+] Domain exhausted. Finishing up: https://portlouis.mofa.gov.bd
==================================================
[*] STARTING NEW DOMAIN: https://deb135950.dhakaeducationboard.gov.bd
==================================================
[+] Domain exhausted. Finishing up: https://deb135950.dhakaeducationboard.gov.bd
==================================================
[*] STARTING NEW DOMAIN: https://sahidasultanagirlshighschool.jessoreboard.gov.bd
==================================================
[+] Domain exhausted. Finishing up: https://sahidasultanagirlshighschool.jessoreboard.gov.bd
==================================================
[*] STARTING NEW DOMAIN: https://lged.tetulia.panchagarh.gov.bd
==================================================
[+] Domain exhausted. Finishing up: https://lged.tetulia.panchagarh.gov.bd
==================================================
[*] STARTING NEW DOMAIN: https://deb132085.dhakaeducationboard.gov.bd
==================================================
[+] Domain exhausted. Finishing up: https://deb132085.dhakaeducationboard.gov.bd
==================================================
[*] STARTING NEW DOMAIN: https://deb190017.dhakaeducationboard.gov.bd
==================================================
[+] Domain exhausted. Finishing up: https://deb190017.dhakaeducationboard.gov.bd
==================================================
[*] STARTING NEW DOMAIN: https://dshe.sadar.jessore.gov.bd
==================================================
[+] Domain exhausted. Finishing up: https://dshe.sadar.jessore.gov.bd
==================================================
[*] STARTING NEW DOMAIN: https://post.khetlal.joypurhat.gov.bd
==================================================
[+] Domain exhausted. Finishing up: https://post.khetlal.joypurhat.gov.bd
==================================================
[*] STARTING NEW DOMAIN: https://deb138831.dhakaeducationboard.gov.bd
==================================================
[+] Domain exhausted. Finishing up: https://deb138831.dhakaeducationboard.gov.bd
==================================================
[*] STARTING NEW DOMAIN: https://kashipursecondaryschooljhikorgacha.jessoreboard.gov.bd
==================================================
[+] Domain exhausted. Finishing up: https://kashipursecondaryschooljhikorgacha.jessoreboard.gov.bd
==================================================
[*] STARTING NEW DOMAIN: https://deb112995.dhakaeducationboard.gov.bd
==================================================
[+] Domain exhausted. Finishing up: https://deb112995.dhakaeducationboard.gov.bd
==================================================
[*] STARTING NEW DOMAIN: https://rajapurup.sirajganj.gov.bd
==================================================
[+] Domain exhausted. Finishing up: https://rajapurup.sirajganj.gov.bd
==================================================
[*] STARTING NEW DOMAIN: https://acl.kotalipara.gopalganj.gov.bd
==================================================
[+] Domain exhausted. Finishing up: https://acl.kotalipara.gopalganj.gov.bd
==================================================
[*] STARTING NEW DOMAIN: https://koyrashakbariasecondaryschool.jessoreboard.gov.bd
==================================================
[+] Domain exhausted. Finishing up: https://koyrashakbariasecondaryschool.jessoreboard.gov.bd
==================================================
[*] STARTING NEW DOMAIN: https://dls.bagerhat.gov.bd
==================================================
[+] Domain exhausted. Finishing up: https://dls.bagerhat.gov.bd
==================================================
[*] STARTING NEW DOMAIN: https://ec.shibchar.madaripur.gov.bd
==================================================
[+] Domain exhausted. Finishing up: https://ec.shibchar.madaripur.gov.bd
==================================================
[*] STARTING NEW DOMAIN: https://deb140084.dhakaeducationboard.gov.bd
==================================================
[+] Domain exhausted. Finishing up: https://deb140084.dhakaeducationboard.gov.bd
==================================================
[*] STARTING NEW DOMAIN: https://post.kathalia.jhalakathi.gov.bd
==================================================
[+] Domain exhausted. Finishing up: https://post.kathalia.jhalakathi.gov.bd
==================================================
[*] STARTING NEW DOMAIN: https://moishatuaup.comilla.gov.bd
==================================================
[+] Domain exhausted. Finishing up: https://moishatuaup.comilla.gov.bd
==================================================
[*] STARTING NEW DOMAIN: https://dnc.bandarban.gov.bd
==================================================
[+] Domain exhausted. Finishing up: https://dnc.bandarban.gov.bd
==================================================
[*] STARTING NEW DOMAIN: https://deb113590.dhakaeducationboard.gov.bd
==================================================
[+] Domain exhausted. Finishing up: https://deb113590.dhakaeducationboard.gov.bd
==================================================
[*] STARTING NEW DOMAIN: https://deb137154.dhakaeducationboard.gov.bd
==================================================
[+] Domain exhausted. Finishing up: https://deb137154.dhakaeducationboard.gov.bd
==================================================
[*] STARTING NEW DOMAIN: https://dss.portal.gov.bd
==================================================
[+] Domain exhausted. Finishing up: https://dss.portal.gov.bd
==================================================
[*] STARTING NEW DOMAIN: https://kamarpukurup.nilphamari.gov.bd
==================================================
[+] Domain exhausted. Finishing up: https://kamarpukurup.nilphamari.gov.bd
==================================================
[*] STARTING NEW DOMAIN: https://deb137635.dhakaeducationboard.gov.bd
==================================================
[+] Domain exhausted. Finishing up: https://deb137635.dhakaeducationboard.gov.bd
==================================================
[*] STARTING NEW DOMAIN: https://dss.moheshkhali.coxsbazar.gov.bd
==================================================
[+] Domain exhausted. Finishing up: https://dss.moheshkhali.coxsbazar.gov.bd
==================================================
[*] STARTING NEW DOMAIN: https://khariakazircharup.sherpur.gov.bd
==================================================
[+] Domain exhausted. Finishing up: https://khariakazircharup.sherpur.gov.bd
==================================================
[*] STARTING NEW DOMAIN: https://deb131901.dhakaeducationboard.gov.bd
==================================================
[+] Domain exhausted. Finishing up: https://deb131901.dhakaeducationboard.gov.bd
==================================================
[*] STARTING NEW DOMAIN: https://dls.tarakanda.mymensingh.gov.bd
==================================================
[+] Domain exhausted. Finishing up: https://dls.tarakanda.mymensingh.gov.bd
==================================================
[*] STARTING NEW DOMAIN: https://kashkoraraup.chuadanga.gov.bd
==================================================
[+] Domain exhausted. Finishing up: https://kashkoraraup.chuadanga.gov.bd
==================================================
[*] STARTING NEW DOMAIN: https://file-rajshahi.portal.gov.bd
==================================================
[+] Domain exhausted. Finishing up: https://file-rajshahi.portal.gov.bd
==================================================
[*] STARTING NEW DOMAIN: https://dwa.boalkhali.chittagong.gov.bd
==================================================
[+] Domain exhausted. Finishing up: https://dwa.boalkhali.chittagong.gov.bd
==================================================
[*] STARTING NEW DOMAIN: https://dpe.barisalsadar.barisal.gov.bd
==================================================
[+] Domain exhausted. Finishing up: https://dpe.barisalsadar.barisal.gov.bd
==================================================
[*] STARTING NEW DOMAIN: https://dwa.aditmari.lalmonirhat.gov.bd
==================================================
[+] Domain exhausted. Finishing up: https://dwa.aditmari.lalmonirhat.gov.bd
==================================================
[*] STARTING NEW DOMAIN: https://uitrce.godagari.rajshahi.gov.bd
==================================================
[+] Domain exhausted. Finishing up: https://uitrce.godagari.rajshahi.gov.bd
==================================================
[*] STARTING NEW DOMAIN: https://fireservice.madhukhali.faridpur.gov.bd
==================================================
[+] Domain exhausted. Finishing up: https://fireservice.madhukhali.faridpur.gov.bd
==================================================
[*] STARTING NEW DOMAIN: https://police.khagrachhari.gov.bd
==================================================
[+] Domain exhausted. Finishing up: https://police.khagrachhari.gov.bd
==================================================
[*] STARTING NEW DOMAIN: https://fireservice.rowangchhari.bandarban.gov.bd
==================================================
[+] Domain exhausted. Finishing up: https://fireservice.rowangchhari.bandarban.gov.bd
==================================================
[*] STARTING NEW DOMAIN: https://youth.taltali.barguna.gov.bd
==================================================
[+] Domain exhausted. Finishing up: https://youth.taltali.barguna.gov.bd
==================================================
[*] STARTING NEW DOMAIN: https://youth.chapainawabganj.gov.bd
==================================================
[+] Domain exhausted. Finishing up: https://youth.chapainawabganj.gov.bd
==================================================
[*] STARTING NEW DOMAIN: https://youth.ghatail.tangail.gov.bd
==================================================
[+] Domain exhausted. Finishing up: https://youth.ghatail.tangail.gov.bd
==================================================
[*] STARTING NEW DOMAIN: https://so.beanibazar.sylhet.gov.bd
==================================================
[+] Domain exhausted. Finishing up: https://so.beanibazar.sylhet.gov.bd
==================================================
[*] STARTING NEW DOMAIN: https://urc.kachua.chandpur.gov.bd
==================================================
[+] Domain exhausted. Finishing up: https://urc.kachua.chandpur.gov.bd
==================================================
[*] STARTING NEW DOMAIN: https://youth.bandarban.gov.bd
==================================================
[+] Domain exhausted. Finishing up: https://youth.bandarban.gov.bd
==================================================
[*] STARTING NEW DOMAIN: https://ghogadahaup.kurigram.gov.bd
==================================================
[+] Domain exhausted. Finishing up: https://ghogadahaup.kurigram.gov.bd
==================================================
[*] STARTING NEW DOMAIN: https://youth.sadar.manikganj.gov.bd
==================================================
[+] Domain exhausted. Finishing up: https://youth.sadar.manikganj.gov.bd
==================================================
[*] STARTING NEW DOMAIN: https://wzpdcl.magura.gov.bd
==================================================
[+] Domain exhausted. Finishing up: https://wzpdcl.magura.gov.bd
==================================================
[*] STARTING NEW DOMAIN: https://zso.faridpur.gov.bd
==================================================
[+] Domain exhausted. Finishing up: https://zso.faridpur.gov.bd
==================================================
[*] STARTING NEW DOMAIN: https://youth.sadar.chandpur.gov.bd
==================================================
[+] Domain exhausted. Finishing up: https://youth.sadar.chandpur.gov.bd
==================================================
[*] STARTING NEW DOMAIN: https://food.nageshwari.kurigram.gov.bd
==================================================
[+] Domain exhausted. Finishing up: https://food.nageshwari.kurigram.gov.bd
==================================================
[*] STARTING NEW DOMAIN: https://kakoirgoraup.netrokona.gov.bd
==================================================
[+] Domain exhausted. Finishing up: https://kakoirgoraup.netrokona.gov.bd
==================================================
[*] STARTING NEW DOMAIN: https://msw.portal.gov.bd
==================================================
[+] Domain exhausted. Finishing up: https://msw.portal.gov.bd
==================================================
[*] STARTING NEW DOMAIN: https://food.laksam.comilla.gov.bd
==================================================
[+] Domain exhausted. Finishing up: https://food.laksam.comilla.gov.bd
==================================================
[*] STARTING NEW DOMAIN: https://kkepsammelitosecondaryschool.jessoreboard.gov.bd
==================================================
[+] Domain exhausted. Finishing up: https://kkepsammelitosecondaryschool.jessoreboard.gov.bd
==================================================
[*] STARTING NEW DOMAIN: https://pbs.ajmiriganj.habiganj.gov.bd
==================================================
[+] Domain exhausted. Finishing up: https://pbs.ajmiriganj.habiganj.gov.bd
==================================================
[*] STARTING NEW DOMAIN: https://youth.paikgasa.khulna.gov.bd
==================================================
[+] Domain exhausted. Finishing up: https://youth.paikgasa.khulna.gov.bd
==================================================
[*] STARTING NEW DOMAIN: https://hortex.gov.bd
==================================================
[+] Domain exhausted. Finishing up: https://hortex.gov.bd
==================================================
[*] STARTING NEW DOMAIN: https://nagdahsecondaryschool.jessoreboard.gov.bd
==================================================
[+] Domain exhausted. Finishing up: https://nagdahsecondaryschool.jessoreboard.gov.bd
==================================================
[*] STARTING NEW DOMAIN: https://pio.hossainpur.kishoreganj.gov.bd
==================================================
[+] Domain exhausted. Finishing up: https://pio.hossainpur.kishoreganj.gov.bd
==================================================
[*] STARTING NEW DOMAIN: https://fpo.langadu.rangamati.gov.bd
==================================================
[+] Domain exhausted. Finishing up: https://fpo.langadu.rangamati.gov.bd
==================================================
[*] STARTING NEW DOMAIN: https://mabarisecondaryschool.jessoreboard.gov.bd
==================================================
[+] Domain exhausted. Finishing up: https://mabarisecondaryschool.jessoreboard.gov.bd
==================================================
[*] STARTING NEW DOMAIN: https://pio.badalgachi.naogaon.gov.bd
==================================================
[+] Domain exhausted. Finishing up: https://pio.badalgachi.naogaon.gov.bd
==================================================
[*] STARTING NEW DOMAIN: https://health.chapainawabganjsadar.chapainawabganj.gov.bd
==================================================
[+] Domain exhausted. Finishing up: https://health.chapainawabganjsadar.chapainawabganj.gov.bd
==================================================
[*] STARTING NEW DOMAIN: https://mail.heu.gov.bd
==================================================
[+] Domain exhausted. Finishing up: https://mail.heu.gov.bd
==================================================
[*] STARTING NEW DOMAIN: https://pobnapurup.gaibandha.gov.bd
==================================================
[+] Domain exhausted. Finishing up: https://pobnapurup.gaibandha.gov.bd
==================================================
[*] STARTING NEW DOMAIN: https://fpo.chougachha.jessore.gov.bd
==================================================
[+] Domain exhausted. Finishing up: https://fpo.chougachha.jessore.gov.bd
==================================================
[*] STARTING NEW DOMAIN: https://lged.islampur.jamalpur.gov.bd
==================================================
[+] Domain exhausted. Finishing up: https://lged.islampur.jamalpur.gov.bd
==================================================
[*] STARTING NEW DOMAIN: https://pdbf.trishal.mymensingh.gov.bd
==================================================
[+] Domain exhausted. Finishing up: https://pdbf.trishal.mymensingh.gov.bd
==================================================
[*] STARTING NEW DOMAIN: https://dss.chhagalnaiya.feni.gov.bd
==================================================
[+] Domain exhausted. Finishing up: https://dss.chhagalnaiya.feni.gov.bd
==================================================
[*] STARTING NEW DOMAIN: https://irbadc.sarankhola.bagerhat.gov.bd
==================================================
[+] Domain exhausted. Finishing up: https://irbadc.sarankhola.bagerhat.gov.bd
==================================================
[*] STARTING NEW DOMAIN: https://mirsharai.chittagong.gov.bd
==================================================
[+] Domain exhausted. Finishing up: https://mirsharai.chittagong.gov.bd
==================================================
[*] STARTING NEW DOMAIN: https://food.nokla.sherpur.gov.bd
==================================================
[+] Domain exhausted. Finishing up: https://food.nokla.sherpur.gov.bd
==================================================
[*] STARTING NEW DOMAIN: https://kbmsecondarygirlsschool.jessoreboard.gov.bd
==================================================
[+] Domain exhausted. Finishing up: https://kbmsecondarygirlsschool.jessoreboard.gov.bd
==================================================
[*] STARTING NEW DOMAIN: https://panchliasecondaryschool.jessoreboard.gov.bd
==================================================
[+] Domain exhausted. Finishing up: https://panchliasecondaryschool.jessoreboard.gov.bd
==================================================
[*] STARTING NEW DOMAIN: https://gohaliabariup.tangail.gov.bd
==================================================
[+] Domain exhausted. Finishing up: https://gohaliabariup.tangail.gov.bd
==================================================
[*] STARTING NEW DOMAIN: https://imtchandpur.gov.bd
==================================================
[+] Domain exhausted. Finishing up: https://imtchandpur.gov.bd
==================================================
[*] STARTING NEW DOMAIN: https://nameletter.comillaboard.gov.bd
==================================================
[+] Domain exhausted. Finishing up: https://nameletter.comillaboard.gov.bd
==================================================
[*] STARTING NEW DOMAIN: https://police.shahrasti.chandpur.gov.bd
==================================================
[+] Domain exhausted. Finishing up: https://police.shahrasti.chandpur.gov.bd
==================================================
[*] STARTING NEW DOMAIN: https://kalmaup.rajshahi.gov.bd
==================================================
[+] Domain exhausted. Finishing up: https://kalmaup.rajshahi.gov.bd
==================================================
[*] STARTING NEW DOMAIN: https://nlaso.portal.gov.bd
==================================================
[+] Domain exhausted. Finishing up: https://nlaso.portal.gov.bd
==================================================
[*] STARTING NEW DOMAIN: https://post.kabirhat.noakhali.gov.bd
==================================================
[+] Domain exhausted. Finishing up: https://post.kabirhat.noakhali.gov.bd
==================================================
[*] STARTING NEW DOMAIN: https://fsmf.jhikargacha.jessore.gov.bd
==================================================
[+] Domain exhausted. Finishing up: https://fsmf.jhikargacha.jessore.gov.bd
==================================================
[*] STARTING NEW DOMAIN: https://kutubdia.coxsbazar.gov.bd
==================================================
[+] Domain exhausted. Finishing up: https://kutubdia.coxsbazar.gov.bd
==================================================
[*] STARTING NEW DOMAIN: https://pdb.pabna.gov.bd
==================================================
[+] Domain exhausted. Finishing up: https://pdb.pabna.gov.bd
==================================================
[*] STARTING NEW DOMAIN: https://forest.kalia.narail.gov.bd
==================================================
[+] Domain exhausted. Finishing up: https://forest.kalia.narail.gov.bd
==================================================
[*] STARTING NEW DOMAIN: https://kalkaliagcsecondaryschool.jessoreboard.gov.bd
==================================================
[+] Domain exhausted. Finishing up: https://kalkaliagcsecondaryschool.jessoreboard.gov.bd
==================================================
[*] STARTING NEW DOMAIN: https://nssbs.dhaka.gov.bd
==================================================
[+] Domain exhausted. Finishing up: https://nssbs.dhaka.gov.bd
==================================================
[*] STARTING NEW DOMAIN: https://food.bhurungamari.kurigram.gov.bd
==================================================
[+] Domain exhausted. Finishing up: https://food.bhurungamari.kurigram.gov.bd
==================================================
[*] STARTING NEW DOMAIN: https://idrakpurjatiyoadarshasecondaryschool.jessoreboard.gov.bd
==================================================
[+] Domain exhausted. Finishing up: https://idrakpurjatiyoadarshasecondaryschool.jessoreboard.gov.bd
==================================================
[*] STARTING NEW DOMAIN: https://nursuryso.kaptai.rangamati.gov.bd
==================================================
[+] Domain exhausted. Finishing up: https://nursuryso.kaptai.rangamati.gov.bd
==================================================
[*] STARTING NEW DOMAIN: https://pio.narsingdisadar.narsingdi.gov.bd
==================================================
[+] Domain exhausted. Finishing up: https://pio.narsingdisadar.narsingdi.gov.bd
==================================================
[*] STARTING NEW DOMAIN: https://forest.betagi.barguna.gov.bd
==================================================
[+] Domain exhausted. Finishing up: https://forest.betagi.barguna.gov.bd
==================================================
[*] STARTING NEW DOMAIN: https://kargoanup.habiganj.gov.bd
==================================================
[+] Domain exhausted. Finishing up: https://kargoanup.habiganj.gov.bd
==================================================
[*] STARTING NEW DOMAIN: https://nurssecondaryschool.jessoreboard.gov.bd
==================================================
[+] Domain exhausted. Finishing up: https://nurssecondaryschool.jessoreboard.gov.bd
==================================================
[*] STARTING NEW DOMAIN: https://cooparative.alamdanga.chuadanga.gov.bd
==================================================
[+] Domain exhausted. Finishing up: https://cooparative.alamdanga.chuadanga.gov.bd
==================================================
[*] STARTING NEW DOMAIN: https://jms.kapasia.gazipur.gov.bd
==================================================
[+] Domain exhausted. Finishing up: https://jms.kapasia.gazipur.gov.bd
==================================================
[*] STARTING NEW DOMAIN: https://pathariaup.sunamganj.gov.bd
==================================================
[+] Domain exhausted. Finishing up: https://pathariaup.sunamganj.gov.bd
==================================================
[*] STARTING NEW DOMAIN: https://dam.brahmanbaria.gov.bd
==================================================
[+] Domain exhausted. Finishing up: https://dam.brahmanbaria.gov.bd
==================================================
[*] STARTING NEW DOMAIN: https://hmhvgirlshighschool.jessoreboard.gov.bd
==================================================
[+] Domain exhausted. Finishing up: https://hmhvgirlshighschool.jessoreboard.gov.bd
==================================================
[*] STARTING NEW DOMAIN: https://nib.portal.gov.bd
==================================================
[+] Domain exhausted. Finishing up: https://nib.portal.gov.bd
==================================================
[*] STARTING NEW DOMAIN: https://fisheries.narsingdi.gov.bd
==================================================
[+] Domain exhausted. Finishing up: https://fisheries.narsingdi.gov.bd
==================================================
[*] STARTING NEW DOMAIN: https://info.satkhira.gov.bd
==================================================
[+] Domain exhausted. Finishing up: https://info.satkhira.gov.bd
==================================================
[*] STARTING NEW DOMAIN: https://nobipureastup.comilla.gov.bd
==================================================
[+] Domain exhausted. Finishing up: https://nobipureastup.comilla.gov.bd
==================================================
[*] STARTING NEW DOMAIN: https://policelinesecondaryschoolmagurasadar.jessoreboard.gov.bd
==================================================
[+] Domain exhausted. Finishing up: https://policelinesecondaryschoolmagurasadar.jessoreboard.gov.bd
==================================================
[*] STARTING NEW DOMAIN: https://health.nagarpur.tangail.gov.bd
==================================================
[+] Domain exhausted. Finishing up: https://health.nagarpur.tangail.gov.bd
==================================================
[*] STARTING NEW DOMAIN: https://nawabsirajuddoulacollege.jessoreboard.gov.bd
==================================================
[+] Domain exhausted. Finishing up: https://nawabsirajuddoulacollege.jessoreboard.gov.bd
==================================================
[*] STARTING NEW DOMAIN: https://post.kazipur.sirajganj.gov.bd
==================================================
[+] Domain exhausted. Finishing up: https://post.kazipur.sirajganj.gov.bd
==================================================
[*] STARTING NEW DOMAIN: https://ghatvogup.khulna.gov.bd
==================================================
[+] Domain exhausted. Finishing up: https://ghatvogup.khulna.gov.bd
==================================================
[*] STARTING NEW DOMAIN: https://lged.kalaroa.satkhira.gov.bd
==================================================
[+] Domain exhausted. Finishing up: https://lged.kalaroa.satkhira.gov.bd
==================================================
[*] STARTING NEW DOMAIN: https://pdbf.mymensinghsadar.mymensingh.gov.bd
==================================================
[+] Domain exhausted. Finishing up: https://pdbf.mymensinghsadar.mymensingh.gov.bd
==================================================
[*] STARTING NEW DOMAIN: https://forest.bagmara.rajshahi.gov.bd
==================================================
[+] Domain exhausted. Finishing up: https://forest.bagmara.rajshahi.gov.bd
==================================================
[*] STARTING NEW DOMAIN: https://kualalumpur.mofa.gov.bd
==================================================
[+] Domain exhausted. Finishing up: https://kualalumpur.mofa.gov.bd
==================================================
[*] STARTING NEW DOMAIN: https://pio.kabirhat.noakhali.gov.bd
==================================================
[+] Domain exhausted. Finishing up: https://pio.kabirhat.noakhali.gov.bd
==================================================
[*] STARTING NEW DOMAIN: https://food.magura.gov.bd
==================================================
[+] Domain exhausted. Finishing up: https://food.magura.gov.bd
==================================================
[*] STARTING NEW DOMAIN: https://jms.noakhali.gov.bd
==================================================
[+] Domain exhausted. Finishing up: https://jms.noakhali.gov.bd
==================================================
[*] STARTING NEW DOMAIN: https://pbs.bagatipara.natore.gov.bd
==================================================
[+] Domain exhausted. Finishing up: https://pbs.bagatipara.natore.gov.bd
==================================================
[*] STARTING NEW DOMAIN: https://youth.shibaloy.manikganj.gov.bd
==================================================
[+] Domain exhausted. Finishing up: https://youth.shibaloy.manikganj.gov.bd
==================================================
[*] STARTING NEW DOMAIN: https://khalishkhalisecondaryschool.jessoreboard.gov.bd
==================================================
[+] Domain exhausted. Finishing up: https://khalishkhalisecondaryschool.jessoreboard.gov.bd
==================================================
[*] STARTING NEW DOMAIN: https://pbs.porsha.naogaon.gov.bd
==================================================
[+] Domain exhausted. Finishing up: https://pbs.porsha.naogaon.gov.bd
==================================================
[*] STARTING NEW DOMAIN: https://fpo.barhatta.netrokona.gov.bd
==================================================
[+] Domain exhausted. Finishing up: https://fpo.barhatta.netrokona.gov.bd
==================================================
[*] STARTING NEW DOMAIN: https://hrwt.sherpur.gov.bd
==================================================
[+] Domain exhausted. Finishing up: https://hrwt.sherpur.gov.bd
==================================================
[*] STARTING NEW DOMAIN: https://m.baliataliup.barguna.gov.bd
==================================================
[+] Domain exhausted. Finishing up: https://m.baliataliup.barguna.gov.bd
==================================================
[*] STARTING NEW DOMAIN: https://pontoon.biwta.gov.bd
==================================================
[+] Domain exhausted. Finishing up: https://pontoon.biwta.gov.bd
==================================================
[*] STARTING NEW DOMAIN: https://kamarkharaup.munshiganj.gov.bd
==================================================
[+] Domain exhausted. Finishing up: https://kamarkharaup.munshiganj.gov.bd
==================================================
[*] STARTING NEW DOMAIN: https://fpo.dhobaura.mymensingh.gov.bd
==================================================
[+] Domain exhausted. Finishing up: https://fpo.dhobaura.mymensingh.gov.bd
==================================================
[*] STARTING NEW DOMAIN: https://harinathpurup.barisal.gov.bd
==================================================
[+] Domain exhausted. Finishing up: https://harinathpurup.barisal.gov.bd
==================================================
[*] STARTING NEW DOMAIN: https://mail.bcsl.gov.bd
==================================================
[+] Domain exhausted. Finishing up: https://mail.bcsl.gov.bd
==================================================
[*] STARTING NEW DOMAIN: https://pdbf.moulvibazarsadar.moulvibazar.gov.bd
==================================================
[+] Domain exhausted. Finishing up: https://pdbf.moulvibazarsadar.moulvibazar.gov.bd
==================================================
[*] STARTING NEW DOMAIN: https://food.sadar.bogra.gov.bd
==================================================
[+] Domain exhausted. Finishing up: https://food.sadar.bogra.gov.bd
==================================================
[*] STARTING NEW DOMAIN: https://kachuasouthup.chandpur.gov.bd
==================================================
[+] Domain exhausted. Finishing up: https://kachuasouthup.chandpur.gov.bd
==================================================
[*] STARTING NEW DOMAIN: https://panchkholaup.madaripur.gov.bd
==================================================
[+] Domain exhausted. Finishing up: https://panchkholaup.madaripur.gov.bd
==================================================
[*] STARTING NEW DOMAIN: https://post.naniarchar.rangamati.gov.bd
==================================================
[+] Domain exhausted. Finishing up: https://post.naniarchar.rangamati.gov.bd
==================================================
[*] STARTING NEW DOMAIN: https://ird.portal.gov.bd
==================================================
[+] Domain exhausted. Finishing up: https://ird.portal.gov.bd
==================================================
[*] STARTING NEW DOMAIN: https://morichaup.kushtia.gov.bd
==================================================
[+] Domain exhausted. Finishing up: https://morichaup.kushtia.gov.bd
==================================================
[*] STARTING NEW DOMAIN: https://police.pangsa.rajbari.gov.bd
==================================================
[+] Domain exhausted. Finishing up: https://police.pangsa.rajbari.gov.bd
==================================================
[*] STARTING NEW DOMAIN: https://fpo.wazirpur.barisal.gov.bd
==================================================
[+] Domain exhausted. Finishing up: https://fpo.wazirpur.barisal.gov.bd
==================================================
[*] STARTING NEW DOMAIN: https://kheruajaniup.mymensingh.gov.bd
==================================================
[+] Domain exhausted. Finishing up: https://kheruajaniup.mymensingh.gov.bd
==================================================
[*] STARTING NEW DOMAIN: https://uitrce.raipur.lakshmipur.gov.bd
==================================================
[+] Domain exhausted. Finishing up: https://uitrce.raipur.lakshmipur.gov.bd
==================================================
[*] STARTING NEW DOMAIN: https://sports.noakhali.gov.bd
==================================================
[+] Domain exhausted. Finishing up: https://sports.noakhali.gov.bd
==================================================
[*] STARTING NEW DOMAIN: https://wzpdcl1.khulna.gov.bd
==================================================
[+] Domain exhausted. Finishing up: https://wzpdcl1.khulna.gov.bd
==================================================
[*] STARTING NEW DOMAIN: https://wccu.bforest.gov.bd
==================================================
[+] Domain exhausted. Finishing up: https://wccu.bforest.gov.bd
==================================================
[*] STARTING NEW DOMAIN: https://youth.singra.natore.gov.bd
==================================================
[+] Domain exhausted. Finishing up: https://youth.singra.natore.gov.bd
==================================================
[*] STARTING NEW DOMAIN: https://youth.sadar.bhola.gov.bd
==================================================
[+] Domain exhausted. Finishing up: https://youth.sadar.bhola.gov.bd
==================================================
[*] STARTING NEW DOMAIN: https://youth.chitalmari.bagerhat.gov.bd
==================================================
[+] Domain exhausted. Finishing up: https://youth.chitalmari.bagerhat.gov.bd
==================================================
[*] STARTING NEW DOMAIN: https://youth.bamna.barguna.gov.bd
==================================================
[+] Domain exhausted. Finishing up: https://youth.bamna.barguna.gov.bd
==================================================
[*] STARTING NEW DOMAIN: https://youth.gangachara.rangpur.gov.bd
==================================================
[+] Domain exhausted. Finishing up: https://youth.gangachara.rangpur.gov.bd
==================================================
[*] STARTING NEW DOMAIN: https://urc.nachol.chapainawabganj.gov.bd
==================================================
[+] Domain exhausted. Finishing up: https://urc.nachol.chapainawabganj.gov.bd
==================================================
[*] STARTING NEW DOMAIN: https://totthoapa.kaliganj.lalmonirhat.gov.bd
==================================================
[+] Domain exhausted. Finishing up: https://totthoapa.kaliganj.lalmonirhat.gov.bd
==================================================
[*] STARTING NEW DOMAIN: https://src.bagerhat.gov.bd
==================================================
[+] Domain exhausted. Finishing up: https://src.bagerhat.gov.bd
==================================================
[*] STARTING NEW DOMAIN: https://totthoapa.gafargaon.mymensingh.gov.bd
==================================================
[+] Domain exhausted. Finishing up: https://totthoapa.gafargaon.mymensingh.gov.bd
==================================================
[*] STARTING NEW DOMAIN: https://joypurup.dinajpur.gov.bd
==================================================
[+] Domain exhausted. Finishing up: https://joypurup.dinajpur.gov.bd
==================================================
[*] STARTING NEW DOMAIN: https://shyamkursecondaryschool.jessoreboard.gov.bd
==================================================
[+] Domain exhausted. Finishing up: https://shyamkursecondaryschool.jessoreboard.gov.bd
==================================================
[*] STARTING NEW DOMAIN: https://solicitor.lawjusticediv.gov.bd
==================================================
[+] Domain exhausted. Finishing up: https://solicitor.lawjusticediv.gov.bd
==================================================
[*] STARTING NEW DOMAIN: https://suratalisecondaryschool.jessoreboard.gov.bd
==================================================
[+] Domain exhausted. Finishing up: https://suratalisecondaryschool.jessoreboard.gov.bd
==================================================
[*] STARTING NEW DOMAIN: https://ueco.dimla.nilphamari.gov.bd
==================================================
[+] Domain exhausted. Finishing up: https://ueco.dimla.nilphamari.gov.bd
==================================================
[*] STARTING NEW DOMAIN: https://srdi.mymensingh.gov.bd
==================================================
[+] Domain exhausted. Finishing up: https://srdi.mymensingh.gov.bd
==================================================
[*] STARTING NEW DOMAIN: https://srsc.faridpur.gov.bd
==================================================
[+] Domain exhausted. Finishing up: https://srsc.faridpur.gov.bd
==================================================
[*] STARTING NEW DOMAIN: https://ssc-dbtp-2025.dinajpurboard.gov.bd
==================================================
[+] Domain exhausted. Finishing up: https://ssc-dbtp-2025.dinajpurboard.gov.bd
==================================================
[*] STARTING NEW DOMAIN: https://totthoapa.sadar.bandarban.gov.bd
==================================================
[+] Domain exhausted. Finishing up: https://totthoapa.sadar.bandarban.gov.bd
==================================================
[*] STARTING NEW DOMAIN: https://sholmarysecondaryschool.jessoreboard.gov.bd
==================================================
[+] Domain exhausted. Finishing up: https://sholmarysecondaryschool.jessoreboard.gov.bd
==================================================
[*] STARTING NEW DOMAIN: https://sr.ghoraghat.dinajpur.gov.bd
==================================================
[+] Domain exhausted. Finishing up: https://sr.ghoraghat.dinajpur.gov.bd
==================================================
[*] STARTING NEW DOMAIN: https://sugandhisecondarygirlsschool.jessoreboard.gov.bd
==================================================
[+] Domain exhausted. Finishing up: https://sugandhisecondarygirlsschool.jessoreboard.gov.bd
==================================================
[*] STARTING NEW DOMAIN: https://srdi.portal.gov.bd
==================================================
[+] Domain exhausted. Finishing up: https://srdi.portal.gov.bd
==================================================
[*] STARTING NEW DOMAIN: https://totthoapa.chatkhil.noakhali.gov.bd
==================================================
[+] Domain exhausted. Finishing up: https://totthoapa.chatkhil.noakhali.gov.bd
==================================================
[*] STARTING NEW DOMAIN: https://sr.meghna.comilla.gov.bd
==================================================
[+] Domain exhausted. Finishing up: https://sr.meghna.comilla.gov.bd
==================================================
[*] STARTING NEW DOMAIN: https://tax.gazipur.gov.bd
==================================================
[+] Domain exhausted. Finishing up: https://tax.gazipur.gov.bd
==================================================
[*] STARTING NEW DOMAIN: https://saebwdb.badargonj.rangpur.gov.bd
==================================================
[+] Domain exhausted. Finishing up: https://saebwdb.badargonj.rangpur.gov.bd
==================================================
[*] STARTING NEW DOMAIN: https://rtcghatail.niport.gov.bd
==================================================
[+] Domain exhausted. Finishing up: https://rtcghatail.niport.gov.bd
==================================================
[*] STARTING NEW DOMAIN: https://publiclibrary.pabna.gov.bd
==================================================
[+] Domain exhausted. Finishing up: https://publiclibrary.pabna.gov.bd
==================================================
[*] STARTING NEW DOMAIN: https://najirpurup.patuakhali.gov.bd
==================================================
[+] Domain exhausted. Finishing up: https://najirpurup.patuakhali.gov.bd
==================================================
[*] STARTING NEW DOMAIN: https://deb111204.dhakaeducationboard.gov.bd
==================================================
[+] Domain exhausted. Finishing up: https://deb111204.dhakaeducationboard.gov.bd
==================================================
[*] STARTING NEW DOMAIN: https://sabre.finance.gov.bd
==================================================
[+] Domain exhausted. Finishing up: https://sabre.finance.gov.bd
==================================================
[*] STARTING NEW DOMAIN: https://nohatagirlsschoolandidealcollege.jessoreboard.gov.bd
==================================================
[+] Domain exhausted. Finishing up: https://nohatagirlsschoolandidealcollege.jessoreboard.gov.bd
==================================================
[*] STARTING NEW DOMAIN: https://dharabarishaup.natore.gov.bd
==================================================
[+] Domain exhausted. Finishing up: https://dharabarishaup.natore.gov.bd
==================================================
[*] STARTING NEW DOMAIN: https://deb134138.dhakaeducationboard.gov.bd
==================================================
[+] Domain exhausted. Finishing up: https://deb134138.dhakaeducationboard.gov.bd
==================================================
[*] STARTING NEW DOMAIN: https://seo.ramu.coxsbazar.gov.bd
==================================================
[+] Domain exhausted. Finishing up: https://seo.ramu.coxsbazar.gov.bd
==================================================
[*] STARTING NEW DOMAIN: https://boragariup.nilphamari.gov.bd
==================================================
[+] Domain exhausted. Finishing up: https://boragariup.nilphamari.gov.bd
==================================================
[*] STARTING NEW DOMAIN: http://shikarpurup.chittagong.gov.bd
==================================================
[+] Domain exhausted. Finishing up: http://shikarpurup.chittagong.gov.bd
==================================================
[*] STARTING NEW DOMAIN: https://acl.boda.panchagarh.gov.bd
==================================================
[+] Domain exhausted. Finishing up: https://acl.boda.panchagarh.gov.bd
==================================================
[*] STARTING NEW DOMAIN: https://acl.sundarganj.gaibandha.gov.bd
==================================================
[+] Domain exhausted. Finishing up: https://acl.sundarganj.gaibandha.gov.bd
==================================================
[*] STARTING NEW DOMAIN: https://deb108370.dhakaeducationboard.gov.bd
==================================================
[+] Domain exhausted. Finishing up: https://deb108370.dhakaeducationboard.gov.bd
==================================================
[*] STARTING NEW DOMAIN: https://brdb.chuadanga.gov.bd
==================================================
[+] Domain exhausted. Finishing up: https://brdb.chuadanga.gov.bd
==================================================
[*] STARTING NEW DOMAIN: https://adraup.jamalpur.gov.bd
==================================================
[+] Domain exhausted. Finishing up: https://adraup.jamalpur.gov.bd
==================================================
[*] STARTING NEW DOMAIN: https://acl.bagmara.rajshahi.gov.bd
==================================================
[+] Domain exhausted. Finishing up: https://acl.bagmara.rajshahi.gov.bd
==================================================
[*] STARTING NEW DOMAIN: https://dphe.mirzapur.tangail.gov.bd
==================================================
[+] Domain exhausted. Finishing up: https://dphe.mirzapur.tangail.gov.bd
==================================================
[*] STARTING NEW DOMAIN: https://police.bagherpara.jessore.gov.bd
==================================================
[+] Domain exhausted. Finishing up: https://police.bagherpara.jessore.gov.bd
==================================================
[*] STARTING NEW DOMAIN: https://deb109687.dhakaeducationboard.gov.bd
==================================================
[+] Domain exhausted. Finishing up: https://deb109687.dhakaeducationboard.gov.bd
==================================================
[*] STARTING NEW DOMAIN: https://kachuaiup.chittagong.gov.bd
==================================================
[+] Domain exhausted. Finishing up: https://kachuaiup.chittagong.gov.bd
==================================================
[*] STARTING NEW DOMAIN: https://birol.dinajpur.gov.bd
==================================================
[+] Domain exhausted. Finishing up: https://birol.dinajpur.gov.bd
==================================================
[*] STARTING NEW DOMAIN: https://deb112771.dhakaeducationboard.gov.bd
==================================================
[+] Domain exhausted. Finishing up: https://deb112771.dhakaeducationboard.gov.bd
==================================================
[*] STARTING NEW DOMAIN: https://babukhalijuniorgirlsschool.jessoreboard.gov.bd
==================================================
[+] Domain exhausted. Finishing up: https://babukhalijuniorgirlsschool.jessoreboard.gov.bd
==================================================
[*] STARTING NEW DOMAIN: https://aic.bagerhat.gov.bd
==================================================
[+] Domain exhausted. Finishing up: https://aic.bagerhat.gov.bd
==================================================
[*] STARTING NEW DOMAIN: https://seo.islampur.jamalpur.gov.bd
==================================================
[+] Domain exhausted. Finishing up: https://seo.islampur.jamalpur.gov.bd
==================================================
[*] STARTING NEW DOMAIN: https://brdb.comilla.gov.bd
==================================================
[+] Domain exhausted. Finishing up: https://brdb.comilla.gov.bd
==================================================
[*] STARTING NEW DOMAIN: https://ekeb.dhanbari.tangail.gov.bd
==================================================
[+] Domain exhausted. Finishing up: https://ekeb.dhanbari.tangail.gov.bd
==================================================
[*] STARTING NEW DOMAIN: https://adabariaup.kushtia.gov.bd
==================================================
[+] Domain exhausted. Finishing up: https://adabariaup.kushtia.gov.bd
==================================================
[*] STARTING NEW DOMAIN: https://barura.comillalg.gov.bd
==================================================
[+] Domain exhausted. Finishing up: https://barura.comillalg.gov.bd
==================================================
[*] STARTING NEW DOMAIN: https://shahpurnagarbornisecondaryschool.jessoreboard.gov.bd
==================================================
[+] Domain exhausted. Finishing up: https://shahpurnagarbornisecondaryschool.jessoreboard.gov.bd
==================================================
[*] STARTING NEW DOMAIN: https://seo.bijoynagar.brahmanbaria.gov.bd
==================================================
[+] Domain exhausted. Finishing up: https://seo.bijoynagar.brahmanbaria.gov.bd
==================================================
[*] STARTING NEW DOMAIN: https://ais.comilla.gov.bd
==================================================
[+] Domain exhausted. Finishing up: https://ais.comilla.gov.bd
==================================================
[*] STARTING NEW DOMAIN: https://58nosiddhipashazealtalagovtprimaryschool.jessoreboard.gov.bd
==================================================
[+] Domain exhausted. Finishing up: https://58nosiddhipashazealtalagovtprimaryschool.jessoreboard.gov.bd
==================================================
[*] STARTING NEW DOMAIN: https://buramajumderup.barguna.gov.bd
==================================================
[+] Domain exhausted. Finishing up: https://buramajumderup.barguna.gov.bd
==================================================
[*] STARTING NEW DOMAIN: https://bmda.domar.nilphamari.gov.bd
==================================================
[+] Domain exhausted. Finishing up: https://bmda.domar.nilphamari.gov.bd
==================================================
[*] STARTING NEW DOMAIN: https://deb109353.dhakaeducationboard.gov.bd
==================================================
[+] Domain exhausted. Finishing up: https://deb109353.dhakaeducationboard.gov.bd
==================================================
[*] STARTING NEW DOMAIN: https://doj.nilphamarisadar.nilphamari.gov.bd
==================================================
[+] Domain exhausted. Finishing up: https://doj.nilphamarisadar.nilphamari.gov.bd
==================================================
[*] STARTING NEW DOMAIN: http://totthoapa.dewangonj.jamalpur.gov.bd
==================================================
[+] Domain exhausted. Finishing up: http://totthoapa.dewangonj.jamalpur.gov.bd
==================================================
[*] STARTING NEW DOMAIN: https://deb109371.dhakaeducationboard.gov.bd
==================================================
[+] Domain exhausted. Finishing up: https://deb109371.dhakaeducationboard.gov.bd
==================================================
[*] STARTING NEW DOMAIN: https://dgda.dinajpur.gov.bd
==================================================
[+] Domain exhausted. Finishing up: https://dgda.dinajpur.gov.bd
==================================================
[*] STARTING NEW DOMAIN: https://deb109583.dhakaeducationboard.gov.bd
==================================================
[+] Domain exhausted. Finishing up: https://deb109583.dhakaeducationboard.gov.bd
==================================================
[*] STARTING NEW DOMAIN: https://soamol.habiganj.gov.bd
==================================================
[+] Domain exhausted. Finishing up: https://soamol.habiganj.gov.bd
==================================================
[*] STARTING NEW DOMAIN: https://police.thakurgaon.gov.bd
==================================================
[+] Domain exhausted. Finishing up: https://police.thakurgaon.gov.bd
==================================================
[*] STARTING NEW DOMAIN: https://dae.shajahanpur.bogra.gov.bd
==================================================
[+] Domain exhausted. Finishing up: https://dae.shajahanpur.bogra.gov.bd
==================================================
[*] STARTING NEW DOMAIN: https://bhadrabilaup.narail.gov.bd
==================================================
[+] Domain exhausted. Finishing up: https://bhadrabilaup.narail.gov.bd
==================================================
[*] STARTING NEW DOMAIN: https://deb109330.dhakaeducationboard.gov.bd
==================================================
[+] Domain exhausted. Finishing up: https://deb109330.dhakaeducationboard.gov.bd
==================================================
[*] STARTING NEW DOMAIN: https://acl.daulatpur.kushtia.gov.bd
==================================================
[+] Domain exhausted. Finishing up: https://acl.daulatpur.kushtia.gov.bd
==================================================
[*] STARTING NEW DOMAIN: https://ansarvdp.hatia.noakhali.gov.bd
==================================================
[+] Domain exhausted. Finishing up: https://ansarvdp.hatia.noakhali.gov.bd
==================================================
[*] STARTING NEW DOMAIN: https://badc.muksudpur.gopalganj.gov.bd
==================================================
[+] Domain exhausted. Finishing up: https://badc.muksudpur.gopalganj.gov.bd
==================================================
[*] STARTING NEW DOMAIN: http://betagaunitedsecondaryschool.jessoreboard.gov.bd
==================================================
[+] Domain exhausted. Finishing up: http://betagaunitedsecondaryschool.jessoreboard.gov.bd
==================================================
[*] STARTING NEW DOMAIN: https://dss.netrokonasadar.netrokona.gov.bd
==================================================
[+] Domain exhausted. Finishing up: https://dss.netrokonasadar.netrokona.gov.bd
==================================================
[*] STARTING NEW DOMAIN: https://cooparative.kamolganj.moulvibazar.gov.bd
==================================================
[+] Domain exhausted. Finishing up: https://cooparative.kamolganj.moulvibazar.gov.bd
==================================================
[*] STARTING NEW DOMAIN: https://sfdf.kahaloo.bogra.gov.bd
==================================================
[+] Domain exhausted. Finishing up: https://sfdf.kahaloo.bogra.gov.bd
==================================================
[*] STARTING NEW DOMAIN: https://bulakipurup.dinajpur.gov.bd
==================================================
[+] Domain exhausted. Finishing up: https://bulakipurup.dinajpur.gov.bd
==================================================
[*] STARTING NEW DOMAIN: https://deb109741.dhakaeducationboard.gov.bd
==================================================
[+] Domain exhausted. Finishing up: https://deb109741.dhakaeducationboard.gov.bd
==================================================
[*] STARTING NEW DOMAIN: https://chalnacollege.jessoreboard.gov.bd
==================================================
[+] Domain exhausted. Finishing up: https://chalnacollege.jessoreboard.gov.bd
==================================================
[*] STARTING NEW DOMAIN: https://bmda.mithapukur.rangpur.gov.bd
==================================================
[+] Domain exhausted. Finishing up: https://bmda.mithapukur.rangpur.gov.bd
==================================================
[*] STARTING NEW DOMAIN: https://bpmi.portal.gov.bd
==================================================
[+] Domain exhausted. Finishing up: https://bpmi.portal.gov.bd
==================================================
[*] STARTING NEW DOMAIN: https://ansarvdp.kaliganj.lalmonirhat.gov.bd
==================================================
[+] Domain exhausted. Finishing up: https://ansarvdp.kaliganj.lalmonirhat.gov.bd
==================================================
[*] STARTING NEW DOMAIN: https://dss.ramu.coxsbazar.gov.bd
==================================================
[+] Domain exhausted. Finishing up: https://dss.ramu.coxsbazar.gov.bd
==================================================
[*] STARTING NEW DOMAIN: https://ansarvdp.munshiganj.gov.bd
==================================================
[+] Domain exhausted. Finishing up: https://ansarvdp.munshiganj.gov.bd
==================================================
[*] STARTING NEW DOMAIN: https://moheshpurpauromohilacollege.jessoreboard.gov.bd
==================================================
[+] Domain exhausted. Finishing up: https://moheshpurpauromohilacollege.jessoreboard.gov.bd
==================================================
[*] STARTING NEW DOMAIN: https://ansarvdp.southsunamganj.sunamganj.gov.bd
==================================================
[+] Domain exhausted. Finishing up: https://ansarvdp.southsunamganj.sunamganj.gov.bd
==================================================
[*] STARTING NEW DOMAIN: http://pbs.bokshiganj.jamalpur.gov.bd
==================================================
[+] Domain exhausted. Finishing up: http://pbs.bokshiganj.jamalpur.gov.bd
==================================================
[*] STARTING NEW DOMAIN: https://cooparative.ramgarh.khagrachhari.gov.bd
==================================================
[+] Domain exhausted. Finishing up: https://cooparative.ramgarh.khagrachhari.gov.bd
==================================================
[*] STARTING NEW DOMAIN: https://totthoapa.sadar.jhenaidah.gov.bd
==================================================
[+] Domain exhausted. Finishing up: https://totthoapa.sadar.jhenaidah.gov.bd
==================================================
[*] STARTING NEW DOMAIN: https://doict.amtali.barguna.gov.bd
==================================================
[+] Domain exhausted. Finishing up: https://doict.amtali.barguna.gov.bd
==================================================
[*] STARTING NEW DOMAIN: https://latibanup.khagrachhari.gov.bd
==================================================
[+] Domain exhausted. Finishing up: https://latibanup.khagrachhari.gov.bd
==================================================
[*] STARTING NEW DOMAIN: https://taxeszonekushtia.gov.bd
==================================================
[+] Domain exhausted. Finishing up: https://taxeszonekushtia.gov.bd
==================================================
[*] STARTING NEW DOMAIN: https://btcl.mymensinghdiv.gov.bd
==================================================
[+] Domain exhausted. Finishing up: https://btcl.mymensinghdiv.gov.bd
==================================================
[*] STARTING NEW DOMAIN: https://barahatiaup.chittagong.gov.bd
==================================================
[+] Domain exhausted. Finishing up: https://barahatiaup.chittagong.gov.bd
==================================================
[*] STARTING NEW DOMAIN: https://asu.kalukhali.rajbari.gov.bd
==================================================
[+] Domain exhausted. Finishing up: https://asu.kalukhali.rajbari.gov.bd
==================================================
[*] STARTING NEW DOMAIN: https://seo.sadar.bandarban.gov.bd
==================================================
[+] Domain exhausted. Finishing up: https://seo.sadar.bandarban.gov.bd
==================================================
[*] STARTING NEW DOMAIN: https://bbs.araihazar.narayanganj.gov.bd
==================================================
[+] Domain exhausted. Finishing up: https://bbs.araihazar.narayanganj.gov.bd
==================================================
[*] STARTING NEW DOMAIN: https://belaboup.narsingdi.gov.bd
==================================================
[+] Domain exhausted. Finishing up: https://belaboup.narsingdi.gov.bd
==================================================
[*] STARTING NEW DOMAIN: https://ansarvdp.bancharampur.brahmanbaria.gov.bd
==================================================
[+] Domain exhausted. Finishing up: https://ansarvdp.bancharampur.brahmanbaria.gov.bd
==================================================
[*] STARTING NEW DOMAIN: https://seo.sirajganjsadar.sirajganj.gov.bd
==================================================
[+] Domain exhausted. Finishing up: https://seo.sirajganjsadar.sirajganj.gov.bd
==================================================
[*] STARTING NEW DOMAIN: https://ansarvdp.jhenaigati.sherpur.gov.bd
==================================================
[+] Domain exhausted. Finishing up: https://ansarvdp.jhenaigati.sherpur.gov.bd
==================================================
[*] STARTING NEW DOMAIN: https://food.companiganj.noakhali.gov.bd
==================================================
[+] Domain exhausted. Finishing up: https://food.companiganj.noakhali.gov.bd
==================================================
[*] STARTING NEW DOMAIN: https://deb112404.dhakaeducationboard.gov.bd
==================================================
[+] Domain exhausted. Finishing up: https://deb112404.dhakaeducationboard.gov.bd
==================================================
[*] STARTING NEW DOMAIN: https://ansarvdp.nawabganj.dhaka.gov.bd
==================================================
[+] Domain exhausted. Finishing up: https://ansarvdp.nawabganj.dhaka.gov.bd
==================================================
[*] STARTING NEW DOMAIN: https://bastalipallyunnyanjuniorhighschool.jessoreboard.gov.bd
==================================================
[+] Domain exhausted. Finishing up: https://bastalipallyunnyanjuniorhighschool.jessoreboard.gov.bd
==================================================
[*] STARTING NEW DOMAIN: https://bmet.mymensinghdiv.gov.bd
==================================================
[+] Domain exhausted. Finishing up: https://bmet.mymensinghdiv.gov.bd
==================================================
[*] STARTING NEW DOMAIN: https://acl.debiganj.panchagarh.gov.bd
==================================================
[+] Domain exhausted. Finishing up: https://acl.debiganj.panchagarh.gov.bd
==================================================
[*] STARTING NEW DOMAIN: https://deb114113.dhakaeducationboard.gov.bd
==================================================
[+] Domain exhausted. Finishing up: https://deb114113.dhakaeducationboard.gov.bd
==================================================
[*] STARTING NEW DOMAIN: https://seo.adamdighi.bogra.gov.bd
==================================================
[+] Domain exhausted. Finishing up: https://seo.adamdighi.bogra.gov.bd
==================================================
[*] STARTING NEW DOMAIN: https://dpe.ruma.bandarban.gov.bd
==================================================
[+] Domain exhausted. Finishing up: https://dpe.ruma.bandarban.gov.bd
==================================================
[*] STARTING NEW DOMAIN: https://acl.ghoraghat.dinajpur.gov.bd
==================================================
[+] Domain exhausted. Finishing up: https://acl.ghoraghat.dinajpur.gov.bd
==================================================
[*] STARTING NEW DOMAIN: https://bbs.godagari.rajshahi.gov.bd
==================================================
[+] Domain exhausted. Finishing up: https://bbs.godagari.rajshahi.gov.bd
==================================================
[*] STARTING NEW DOMAIN: https://totthoapa.companiganj.noakhali.gov.bd
==================================================
[+] Domain exhausted. Finishing up: https://totthoapa.companiganj.noakhali.gov.bd
==================================================
[*] STARTING NEW DOMAIN: https://chandipurup.gaibandha.gov.bd
==================================================
[+] Domain exhausted. Finishing up: https://chandipurup.gaibandha.gov.bd
==================================================
[*] STARTING NEW DOMAIN: http://dwa.pirgonj.rangpur.gov.bd
==================================================
[+] Domain exhausted. Finishing up: http://dwa.pirgonj.rangpur.gov.bd
==================================================
[*] STARTING NEW DOMAIN: https://acl.raipura.narsingdi.gov.bd
==================================================
[+] Domain exhausted. Finishing up: https://acl.raipura.narsingdi.gov.bd
==================================================
[*] STARTING NEW DOMAIN: https://deb111571.dhakaeducationboard.gov.bd
==================================================
[+] Domain exhausted. Finishing up: https://deb111571.dhakaeducationboard.gov.bd
==================================================
[*] STARTING NEW DOMAIN: https://chitlasecondaryschool.jessoreboard.gov.bd
==================================================
[+] Domain exhausted. Finishing up: https://chitlasecondaryschool.jessoreboard.gov.bd
==================================================
[*] STARTING NEW DOMAIN: https://dss.gangachara.rangpur.gov.bd
==================================================
[+] Domain exhausted. Finishing up: https://dss.gangachara.rangpur.gov.bd
==================================================
[*] STARTING NEW DOMAIN: https://seo.debidwar.comilla.gov.bd
==================================================
[+] Domain exhausted. Finishing up: https://seo.debidwar.comilla.gov.bd
==================================================
[*] STARTING NEW DOMAIN: https://chotobogiup.barguna.gov.bd
==================================================
[+] Domain exhausted. Finishing up: https://chotobogiup.barguna.gov.bd
==================================================
[*] STARTING NEW DOMAIN: https://cooparative.borhanuddin.bhola.gov.bd
==================================================
[+] Domain exhausted. Finishing up: https://cooparative.borhanuddin.bhola.gov.bd
==================================================
[*] STARTING NEW DOMAIN: https://amdiaup.narsingdi.gov.bd
==================================================
[+] Domain exhausted. Finishing up: https://amdiaup.narsingdi.gov.bd
==================================================
[*] STARTING NEW DOMAIN: https://tcrsc.bogra.gov.bd
==================================================
[+] Domain exhausted. Finishing up: https://tcrsc.bogra.gov.bd
==================================================
[*] STARTING NEW DOMAIN: https://chittagongdiv.gov.bd
==================================================
[+] Domain exhausted. Finishing up: https://chittagongdiv.gov.bd
==================================================
[*] STARTING NEW DOMAIN: https://dae.rajarhat.kurigram.gov.bd
==================================================
[+] Domain exhausted. Finishing up: https://dae.rajarhat.kurigram.gov.bd
==================================================
[*] STARTING NEW DOMAIN: https://cs.natore.gov.bd
==================================================
[+] Domain exhausted. Finishing up: https://cs.natore.gov.bd
==================================================
[*] STARTING NEW DOMAIN: https://coastguard.gov.bd
==================================================
[+] Domain exhausted. Finishing up: https://coastguard.gov.bd
==================================================
[*] STARTING NEW DOMAIN: https://dae.mymensinghsadar.mymensingh.gov.bd
==================================================
[+] Domain exhausted. Finishing up: https://dae.mymensinghsadar.mymensingh.gov.bd
==================================================
[*] STARTING NEW DOMAIN: https://dae.barlekha.moulvibazar.gov.bd
==================================================
[+] Domain exhausted. Finishing up: https://dae.barlekha.moulvibazar.gov.bd
==================================================
[*] STARTING NEW DOMAIN: https://police.senbug.noakhali.gov.bd
==================================================
[+] Domain exhausted. Finishing up: https://police.senbug.noakhali.gov.bd
==================================================
[*] STARTING NEW DOMAIN: https://ec.palash.narsingdi.gov.bd
==================================================
[+] Domain exhausted. Finishing up: https://ec.palash.narsingdi.gov.bd
==================================================
[*] STARTING NEW DOMAIN: https://dae.dhunot.bogra.gov.bd
==================================================
[+] Domain exhausted. Finishing up: https://dae.dhunot.bogra.gov.bd
==================================================
[*] STARTING NEW DOMAIN: https://dae.raigonj.sirajganj.gov.bd
==================================================
[+] Domain exhausted. Finishing up: https://dae.raigonj.sirajganj.gov.bd
==================================================
[*] STARTING NEW DOMAIN: https://ec.jamalpursadar.jamalpur.gov.bd
==================================================
[+] Domain exhausted. Finishing up: https://ec.jamalpursadar.jamalpur.gov.bd
==================================================
[*] STARTING NEW DOMAIN: https://office.dam.gov.bd
==================================================
[+] Domain exhausted. Finishing up: https://office.dam.gov.bd
==================================================
[*] STARTING NEW DOMAIN: https://deb109792.dhakaeducationboard.gov.bd
==================================================
[+] Domain exhausted. Finishing up: https://deb109792.dhakaeducationboard.gov.bd
==================================================
[*] STARTING NEW DOMAIN: https://dae.bhairab.kishoreganj.gov.bd
==================================================
[+] Domain exhausted. Finishing up: https://dae.bhairab.kishoreganj.gov.bd
==================================================
[*] STARTING NEW DOMAIN: https://ebek.panchari.khagrachhari.gov.bd
==================================================
[+] Domain exhausted. Finishing up: https://ebek.panchari.khagrachhari.gov.bd
==================================================
[*] STARTING NEW DOMAIN: https://seo.raipura.narsingdi.gov.bd
==================================================
[+] Domain exhausted. Finishing up: https://seo.raipura.narsingdi.gov.bd
==================================================
[*] STARTING NEW DOMAIN: https://cooperative.ulipur.kurigram.gov.bd
==================================================
[+] Domain exhausted. Finishing up: https://cooperative.ulipur.kurigram.gov.bd
==================================================
[*] STARTING NEW DOMAIN: https://dae.hossainpur.kishoreganj.gov.bd
==================================================
[+] Domain exhausted. Finishing up: https://dae.hossainpur.kishoreganj.gov.bd
==================================================
[*] STARTING NEW DOMAIN: https://dpe.thakurgaon.gov.bd
==================================================
[+] Domain exhausted. Finishing up: https://dpe.thakurgaon.gov.bd
==================================================
[*] STARTING NEW DOMAIN: https://deb110216.dhakaeducationboard.gov.bd
==================================================
[+] Domain exhausted. Finishing up: https://deb110216.dhakaeducationboard.gov.bd
==================================================
[*] STARTING NEW DOMAIN: https://deb110498.dhakaeducationboard.gov.bd
==================================================
[+] Domain exhausted. Finishing up: https://deb110498.dhakaeducationboard.gov.bd
==================================================
[*] STARTING NEW DOMAIN: https://dae.sakhipur.tangail.gov.bd
==================================================
[+] Domain exhausted. Finishing up: https://dae.sakhipur.tangail.gov.bd
==================================================
[*] STARTING NEW DOMAIN: https://sfdf.melandah.jamalpur.gov.bd
==================================================
[+] Domain exhausted. Finishing up: https://sfdf.melandah.jamalpur.gov.bd
==================================================
[*] STARTING NEW DOMAIN: https://cooparative.sadar.brahmanbaria.gov.bd
==================================================
[+] Domain exhausted. Finishing up: https://cooparative.sadar.brahmanbaria.gov.bd
==================================================
[*] STARTING NEW DOMAIN: https://dae.rajnagar.moulvibazar.gov.bd
==================================================
[+] Domain exhausted. Finishing up: https://dae.rajnagar.moulvibazar.gov.bd
==================================================
[*] STARTING NEW DOMAIN: https://deb110218.dhakaeducationboard.gov.bd
==================================================
[+] Domain exhausted. Finishing up: https://deb110218.dhakaeducationboard.gov.bd
==================================================
[*] STARTING NEW DOMAIN: https://css.netrokona.gov.bd
==================================================
[+] Domain exhausted. Finishing up: https://css.netrokona.gov.bd
==================================================
[*] STARTING NEW DOMAIN: https://fireservice.companiganj.noakhali.gov.bd
==================================================
[+] Domain exhausted. Finishing up: https://fireservice.companiganj.noakhali.gov.bd
==================================================
[*] STARTING NEW DOMAIN: https://cooparative.jibannagar.chuadanga.gov.bd
==================================================
[+] Domain exhausted. Finishing up: https://cooparative.jibannagar.chuadanga.gov.bd
==================================================
[*] STARTING NEW DOMAIN: https://deb109657.dhakaeducationboard.gov.bd
==================================================
[+] Domain exhausted. Finishing up: https://deb109657.dhakaeducationboard.gov.bd
==================================================
[*] STARTING NEW DOMAIN: https://police.juri.moulvibazar.gov.bd
==================================================
[+] Domain exhausted. Finishing up: https://police.juri.moulvibazar.gov.bd
==================================================
[*] STARTING NEW DOMAIN: https://deb111844.dhakaeducationboard.gov.bd
==================================================
[+] Domain exhausted. Finishing up: https://deb111844.dhakaeducationboard.gov.bd
==================================================
[*] STARTING NEW DOMAIN: https://deb109673.dhakaeducationboard.gov.bd
==================================================
[+] Domain exhausted. Finishing up: https://deb109673.dhakaeducationboard.gov.bd
==================================================
[*] STARTING NEW DOMAIN: https://dumurkhalisammilanisecondaryschool.jessoreboard.gov.bd
==================================================
[+] Domain exhausted. Finishing up: https://dumurkhalisammilanisecondaryschool.jessoreboard.gov.bd
==================================================
[*] STARTING NEW DOMAIN: https://sbmc.gov.bd
==================================================
[+] Domain exhausted. Finishing up: https://sbmc.gov.bd
==================================================
[*] STARTING NEW DOMAIN: https://bangladeshnoubahinischoolandcollegekhulna.jessoreboard.gov.bd
==================================================
[+] Domain exhausted. Finishing up: https://bangladeshnoubahinischoolandcollegekhulna.jessoreboard.gov.bd
==================================================
[*] STARTING NEW DOMAIN: http://pbs.nilphamari.gov.bd
==================================================
[+] Domain exhausted. Finishing up: http://pbs.nilphamari.gov.bd
==================================================
[*] STARTING NEW DOMAIN: https://baneshwardiup.sherpur.gov.bd
==================================================
[+] Domain exhausted. Finishing up: https://baneshwardiup.sherpur.gov.bd
==================================================
[*] STARTING NEW DOMAIN: https://cooparative.kashiani.gopalganj.gov.bd
==================================================
[+] Domain exhausted. Finishing up: https://cooparative.kashiani.gopalganj.gov.bd
==================================================
[*] STARTING NEW DOMAIN: https://ccbc.portal.gov.bd
==================================================
[+] Domain exhausted. Finishing up: https://ccbc.portal.gov.bd
==================================================
[*] STARTING NEW DOMAIN: https://dwa.habiganj.gov.bd
==================================================
[+] Domain exhausted. Finishing up: https://dwa.habiganj.gov.bd
==================================================
[*] STARTING NEW DOMAIN: https://coop.bhaluka.mymensingh.gov.bd
==================================================
[+] Domain exhausted. Finishing up: https://coop.bhaluka.mymensingh.gov.bd
==================================================
[*] STARTING NEW DOMAIN: https://cooparative.lalmohan.bhola.gov.bd
==================================================
[+] Domain exhausted. Finishing up: https://cooparative.lalmohan.bhola.gov.bd
==================================================
[*] STARTING NEW DOMAIN: https://bab.portal.gov.bd
==================================================
[+] Domain exhausted. Finishing up: https://bab.portal.gov.bd
==================================================
[*] STARTING NEW DOMAIN: https://ec.ishurdi.pabna.gov.bd
==================================================
[+] Domain exhausted. Finishing up: https://ec.ishurdi.pabna.gov.bd
==================================================
[*] STARTING NEW DOMAIN: https://deb108009.dhakaeducationboard.gov.bd
==================================================
[+] Domain exhausted. Finishing up: https://deb108009.dhakaeducationboard.gov.bd
==================================================
[*] STARTING NEW DOMAIN: https://deb109996.dhakaeducationboard.gov.bd
==================================================
[+] Domain exhausted. Finishing up: https://deb109996.dhakaeducationboard.gov.bd
==================================================
[*] STARTING NEW DOMAIN: https://dwa.sirajganjsadar.sirajganj.gov.bd
==================================================
[+] Domain exhausted. Finishing up: https://dwa.sirajganjsadar.sirajganj.gov.bd
==================================================
[*] STARTING NEW DOMAIN: https://archaeology.bogra.gov.bd
==================================================
[+] Domain exhausted. Finishing up: https://archaeology.bogra.gov.bd
==================================================
[*] STARTING NEW DOMAIN: https://dwa.gurudaspur.natore.gov.bd
==================================================
[+] Domain exhausted. Finishing up: https://dwa.gurudaspur.natore.gov.bd
==================================================
[*] STARTING NEW DOMAIN: https://deb110356.dhakaeducationboard.gov.bd
==================================================
[+] Domain exhausted. Finishing up: https://deb110356.dhakaeducationboard.gov.bd
==================================================
[*] STARTING NEW DOMAIN: https://bmet.noakhali.gov.bd
==================================================
[+] Domain exhausted. Finishing up: https://bmet.noakhali.gov.bd
==================================================
[*] STARTING NEW DOMAIN: https://dwa.sadar.shariatpur.gov.bd
==================================================
[+] Domain exhausted. Finishing up: https://dwa.sadar.shariatpur.gov.bd
==================================================
[*] STARTING NEW DOMAIN: https://deb110564.dhakaeducationboard.gov.bd
==================================================
[+] Domain exhausted. Finishing up: https://deb110564.dhakaeducationboard.gov.bd
==================================================
[*] STARTING NEW DOMAIN: https://deb109694.dhakaeducationboard.gov.bd
==================================================
[+] Domain exhausted. Finishing up: https://deb109694.dhakaeducationboard.gov.bd
==================================================
[*] STARTING NEW DOMAIN: https://acltongi.sadar.gazipur.gov.bd
==================================================
[+] Domain exhausted. Finishing up: https://acltongi.sadar.gazipur.gov.bd
==================================================
[*] STARTING NEW DOMAIN: https://ec.kulaura.moulvibazar.gov.bd
==================================================
[+] Domain exhausted. Finishing up: https://ec.kulaura.moulvibazar.gov.bd
==================================================
[*] STARTING NEW DOMAIN: https://deb109509.dhakaeducationboard.gov.bd
==================================================
[+] Domain exhausted. Finishing up: https://deb109509.dhakaeducationboard.gov.bd
==================================================
[*] STARTING NEW DOMAIN: https://mougatiup.netrokona.gov.bd
==================================================
[+] Domain exhausted. Finishing up: https://mougatiup.netrokona.gov.bd
==================================================
[*] STARTING NEW DOMAIN: https://dwa.senbug.noakhali.gov.bd
==================================================
[+] Domain exhausted. Finishing up: https://dwa.senbug.noakhali.gov.bd
==================================================
[*] STARTING NEW DOMAIN: https://ebek.baniachong.habiganj.gov.bd
==================================================
[+] Domain exhausted. Finishing up: https://ebek.baniachong.habiganj.gov.bd
==================================================
[*] STARTING NEW DOMAIN: https://shankarhudabathangachhisecondaryschool.jessoreboard.gov.bd
==================================================
[+] Domain exhausted. Finishing up: https://shankarhudabathangachhisecondaryschool.jessoreboard.gov.bd
==================================================
[*] STARTING NEW DOMAIN: https://dae.shahrasti.chandpur.gov.bd
==================================================
[+] Domain exhausted. Finishing up: https://dae.shahrasti.chandpur.gov.bd
==================================================
[*] STARTING NEW DOMAIN: https://ec.gosairhat.shariatpur.gov.bd
==================================================
[+] Domain exhausted. Finishing up: https://ec.gosairhat.shariatpur.gov.bd
==================================================
[*] STARTING NEW DOMAIN: https://seo.parshuram.feni.gov.bd
==================================================
[+] Domain exhausted. Finishing up: https://seo.parshuram.feni.gov.bd
==================================================
[*] STARTING NEW DOMAIN: https://ec.sadar.sunamganj.gov.bd
==================================================
[+] Domain exhausted. Finishing up: https://ec.sadar.sunamganj.gov.bd
==================================================
[*] STARTING NEW DOMAIN: https://acl.dohar.dhaka.gov.bd
==================================================
[+] Domain exhausted. Finishing up: https://acl.dohar.dhaka.gov.bd
==================================================
[*] STARTING NEW DOMAIN: https://ebek.kazipur.sirajganj.gov.bd
==================================================
[+] Domain exhausted. Finishing up: https://ebek.kazipur.sirajganj.gov.bd
==================================================
[*] STARTING NEW DOMAIN: https://dwa.pirgacha.rangpur.gov.bd
==================================================
[+] Domain exhausted. Finishing up: https://dwa.pirgacha.rangpur.gov.bd
==================================================
[*] STARTING NEW DOMAIN: https://edcl.portal.gov.bd
==================================================
[+] Domain exhausted. Finishing up: https://edcl.portal.gov.bd
==================================================
[*] STARTING NEW DOMAIN: https://bbs.bajitpur.kishoreganj.gov.bd
==================================================
[+] Domain exhausted. Finishing up: https://bbs.bajitpur.kishoreganj.gov.bd
==================================================
[*] STARTING NEW DOMAIN: https://deb110147.dhakaeducationboard.gov.bd
==================================================
[+] Domain exhausted. Finishing up: https://deb110147.dhakaeducationboard.gov.bd
==================================================
[*] STARTING NEW DOMAIN: https://brdb.rajbari.gov.bd
==================================================
[+] Domain exhausted. Finishing up: https://brdb.rajbari.gov.bd
==================================================
[*] STARTING NEW DOMAIN: https://dao.bajitpur.kishoreganj.gov.bd
==================================================
[+] Domain exhausted. Finishing up: https://dao.bajitpur.kishoreganj.gov.bd
==================================================
[*] STARTING NEW DOMAIN: https://deb110220.dhakaeducationboard.gov.bd
==================================================
[+] Domain exhausted. Finishing up: https://deb110220.dhakaeducationboard.gov.bd
==================================================
[*] STARTING NEW DOMAIN: https://deb112511.dhakaeducationboard.gov.bd
==================================================
[+] Domain exhausted. Finishing up: https://deb112511.dhakaeducationboard.gov.bd
==================================================
[*] STARTING NEW DOMAIN: https://dam.meherpur.gov.bd
==================================================
[+] Domain exhausted. Finishing up: https://dam.meherpur.gov.bd
==================================================
[*] STARTING NEW DOMAIN: https://frifss.adamdighi.bogra.gov.bd
==================================================
[+] Domain exhausted. Finishing up: https://frifss.adamdighi.bogra.gov.bd
==================================================
[*] STARTING NEW DOMAIN: https://deb108387.dhakaeducationboard.gov.bd
==================================================
[+] Domain exhausted. Finishing up: https://deb108387.dhakaeducationboard.gov.bd
==================================================
[*] STARTING NEW DOMAIN: https://bmsecondaryschool.jessoreboard.gov.bd
==================================================
[+] Domain exhausted. Finishing up: https://bmsecondaryschool.jessoreboard.gov.bd
==================================================
[*] STARTING NEW DOMAIN: https://ec.belabo.narsingdi.gov.bd
==================================================
[+] Domain exhausted. Finishing up: https://ec.belabo.narsingdi.gov.bd
==================================================
[*] STARTING NEW DOMAIN: https://ec.dasar.madaripur.gov.bd
==================================================
[+] Domain exhausted. Finishing up: https://ec.dasar.madaripur.gov.bd
==================================================
[*] STARTING NEW DOMAIN: https://deb108301.dhakaeducationboard.gov.bd
==================================================
[+] Domain exhausted. Finishing up: https://deb108301.dhakaeducationboard.gov.bd
==================================================
[*] STARTING NEW DOMAIN: https://deb108834.dhakaeducationboard.gov.bd
==================================================
[+] Domain exhausted. Finishing up: https://deb108834.dhakaeducationboard.gov.bd
==================================================
[*] STARTING NEW DOMAIN: https://dwa.balaganj.sylhet.gov.bd
==================================================
[+] Domain exhausted. Finishing up: https://dwa.balaganj.sylhet.gov.bd
==================================================
[*] STARTING NEW DOMAIN: https://acl.baraigram.natore.gov.bd
==================================================
[+] Domain exhausted. Finishing up: https://acl.baraigram.natore.gov.bd
==================================================
[*] STARTING NEW DOMAIN: https://deb111538.dhakaeducationboard.gov.bd
==================================================
[+] Domain exhausted. Finishing up: https://deb111538.dhakaeducationboard.gov.bd
==================================================
[*] STARTING NEW DOMAIN: https://budhatabbmcollegiateschool.jessoreboard.gov.bd
==================================================
[+] Domain exhausted. Finishing up: https://budhatabbmcollegiateschool.jessoreboard.gov.bd
==================================================
[*] STARTING NEW DOMAIN: https://deb111189.dhakaeducationboard.gov.bd
==================================================
[+] Domain exhausted. Finishing up: https://deb111189.dhakaeducationboard.gov.bd
==================================================
[*] STARTING NEW DOMAIN: https://deb111586.dhakaeducationboard.gov.bd
==================================================
[+] Domain exhausted. Finishing up: https://deb111586.dhakaeducationboard.gov.bd
==================================================
[*] STARTING NEW DOMAIN: https://deb109235.dhakaeducationboard.gov.bd
==================================================
[+] Domain exhausted. Finishing up: https://deb109235.dhakaeducationboard.gov.bd
==================================================
[*] STARTING NEW DOMAIN: https://dao.mirzaganj.patuakhali.gov.bd
==================================================
[+] Domain exhausted. Finishing up: https://dao.mirzaganj.patuakhali.gov.bd
==================================================
[*] STARTING NEW DOMAIN: https://rajuk.gov.bd
==================================================
[+] Domain exhausted. Finishing up: https://rajuk.gov.bd
==================================================
[*] STARTING NEW DOMAIN: https://deb108541.dhakaeducationboard.gov.bd
==================================================
[+] Domain exhausted. Finishing up: https://deb108541.dhakaeducationboard.gov.bd
==================================================
[*] STARTING NEW DOMAIN: https://deb110738.dhakaeducationboard.gov.bd
==================================================
[+] Domain exhausted. Finishing up: https://deb110738.dhakaeducationboard.gov.bd
==================================================
[*] STARTING NEW DOMAIN: https://113526.ebmeb.gov.bd
==================================================
[+] Domain exhausted. Finishing up: https://113526.ebmeb.gov.bd
==================================================
[*] STARTING NEW DOMAIN: https://ec.naogaonsadar.naogaon.gov.bd
==================================================
[+] Domain exhausted. Finishing up: https://ec.naogaonsadar.naogaon.gov.bd
==================================================
[*] STARTING NEW DOMAIN: https://jugirgofasecondaryschool.jessoreboard.gov.bd
==================================================
[+] Domain exhausted. Finishing up: https://jugirgofasecondaryschool.jessoreboard.gov.bd
==================================================
[*] STARTING NEW DOMAIN: https://dae.nilphamarisadar.nilphamari.gov.bd
==================================================
[+] Domain exhausted. Finishing up: https://dae.nilphamarisadar.nilphamari.gov.bd
==================================================
[*] STARTING NEW DOMAIN: https://deb111025.dhakaeducationboard.gov.bd
==================================================
[+] Domain exhausted. Finishing up: https://deb111025.dhakaeducationboard.gov.bd
==================================================
[*] STARTING NEW DOMAIN: https://deb111429.dhakaeducationboard.gov.bd
==================================================
[+] Domain exhausted. Finishing up: https://deb111429.dhakaeducationboard.gov.bd
==================================================
[*] STARTING NEW DOMAIN: https://dam.patuakhali.gov.bd
==================================================
[+] Domain exhausted. Finishing up: https://dam.patuakhali.gov.bd
==================================================
[*] STARTING NEW DOMAIN: https://deb110508.dhakaeducationboard.gov.bd
==================================================
[+] Domain exhausted. Finishing up: https://deb110508.dhakaeducationboard.gov.bd
==================================================
[*] STARTING NEW DOMAIN: https://dao.rupsha.khulna.gov.bd
==================================================
[+] Domain exhausted. Finishing up: https://dao.rupsha.khulna.gov.bd
==================================================
[*] STARTING NEW DOMAIN: https://deb107863.dhakaeducationboard.gov.bd
==================================================
[+] Domain exhausted. Finishing up: https://deb107863.dhakaeducationboard.gov.bd
==================================================
[*] STARTING NEW DOMAIN: https://ansarvdp.mirsharai.chittagong.gov.bd
==================================================
[+] Domain exhausted. Finishing up: https://ansarvdp.mirsharai.chittagong.gov.bd
==================================================
[*] STARTING NEW DOMAIN: https://ofrd.gopalganj.gov.bd
==================================================
[+] Domain exhausted. Finishing up: https://ofrd.gopalganj.gov.bd
==================================================
[*] STARTING NEW DOMAIN: https://ansarvdp.feni.gov.bd
==================================================
[+] Domain exhausted. Finishing up: https://ansarvdp.feni.gov.bd
==================================================
[*] STARTING NEW DOMAIN: https://deb108719.dhakaeducationboard.gov.bd
==================================================
[+] Domain exhausted. Finishing up: https://deb108719.dhakaeducationboard.gov.bd
==================================================
[*] STARTING NEW DOMAIN: https://deb108670.dhakaeducationboard.gov.bd
==================================================
[+] Domain exhausted. Finishing up: https://deb108670.dhakaeducationboard.gov.bd
==================================================
[*] STARTING NEW DOMAIN: https://deb112357.dhakaeducationboard.gov.bd
==================================================
[+] Domain exhausted. Finishing up: https://deb112357.dhakaeducationboard.gov.bd
==================================================
[*] STARTING NEW DOMAIN: https://deb111778.dhakaeducationboard.gov.bd
==================================================
[+] Domain exhausted. Finishing up: https://deb111778.dhakaeducationboard.gov.bd
==================================================
[*] STARTING NEW DOMAIN: https://deb111165.dhakaeducationboard.gov.bd
==================================================
[+] Domain exhausted. Finishing up: https://deb111165.dhakaeducationboard.gov.bd
==================================================
[*] STARTING NEW DOMAIN: https://deb108868.dhakaeducationboard.gov.bd
==================================================
[+] Domain exhausted. Finishing up: https://deb108868.dhakaeducationboard.gov.bd
==================================================
[*] STARTING NEW DOMAIN: https://acl.zajira.shariatpur.gov.bd
==================================================
[+] Domain exhausted. Finishing up: https://acl.zajira.shariatpur.gov.bd
==================================================
[*] STARTING NEW DOMAIN: https://ai.dls.gov.bd
==================================================
[+] Domain exhausted. Finishing up: https://ai.dls.gov.bd
==================================================
[*] STARTING NEW DOMAIN: https://deb112654.dhakaeducationboard.gov.bd
==================================================
[+] Domain exhausted. Finishing up: https://deb112654.dhakaeducationboard.gov.bd
==================================================
[*] STARTING NEW DOMAIN: https://deb112111.dhakaeducationboard.gov.bd
==================================================
[+] Domain exhausted. Finishing up: https://deb112111.dhakaeducationboard.gov.bd
==================================================
[*] STARTING NEW DOMAIN: https://dao.shahrasti.chandpur.gov.bd
==================================================
[+] Domain exhausted. Finishing up: https://dao.shahrasti.chandpur.gov.bd
==================================================
[*] STARTING NEW DOMAIN: https://deb111747.dhakaeducationboard.gov.bd
==================================================
[+] Domain exhausted. Finishing up: https://deb111747.dhakaeducationboard.gov.bd
==================================================
[*] STARTING NEW DOMAIN: https://deb110995.dhakaeducationboard.gov.bd
==================================================
[+] Domain exhausted. Finishing up: https://deb110995.dhakaeducationboard.gov.bd
==================================================
[*] STARTING NEW DOMAIN: https://dwa.sonagazi.feni.gov.bd
==================================================
[+] Domain exhausted. Finishing up: https://dwa.sonagazi.feni.gov.bd
==================================================
[*] STARTING NEW DOMAIN: https://deb111860.dhakaeducationboard.gov.bd
==================================================
[+] Domain exhausted. Finishing up: https://deb111860.dhakaeducationboard.gov.bd
==================================================
[*] STARTING NEW DOMAIN: https://deb111212.dhakaeducationboard.gov.bd
==================================================
[+] Domain exhausted. Finishing up: https://deb111212.dhakaeducationboard.gov.bd
==================================================
[*] STARTING NEW DOMAIN: https://deb112091.dhakaeducationboard.gov.bd
==================================================
[+] Domain exhausted. Finishing up: https://deb112091.dhakaeducationboard.gov.bd
==================================================
[*] STARTING NEW DOMAIN: https://acamol.rangpurdiv.gov.bd
==================================================
[+] Domain exhausted. Finishing up: https://acamol.rangpurdiv.gov.bd
==================================================
[*] STARTING NEW DOMAIN: https://acl.dinajpursadar.dinajpur.gov.bd
==================================================
[+] Domain exhausted. Finishing up: https://acl.dinajpursadar.dinajpur.gov.bd
==================================================
[*] STARTING NEW DOMAIN: https://deb112075.dhakaeducationboard.gov.bd
==================================================
[+] Domain exhausted. Finishing up: https://deb112075.dhakaeducationboard.gov.bd
==================================================
[*] STARTING NEW DOMAIN: https://deb111936.dhakaeducationboard.gov.bd
==================================================
[+] Domain exhausted. Finishing up: https://deb111936.dhakaeducationboard.gov.bd
==================================================
[*] STARTING NEW DOMAIN: https://dao.tala.satkhira.gov.bd
==================================================
[+] Domain exhausted. Finishing up: https://dao.tala.satkhira.gov.bd
==================================================
[*] STARTING NEW DOMAIN: https://dao.keraniganj.dhaka.gov.bd
==================================================
[+] Domain exhausted. Finishing up: https://dao.keraniganj.dhaka.gov.bd
==================================================
[*] STARTING NEW DOMAIN: https://dam.jessore.gov.bd
==================================================
[+] Domain exhausted. Finishing up: https://dam.jessore.gov.bd
==================================================
[*] STARTING NEW DOMAIN: https://office.doe.gov.bd
==================================================
[+] Domain exhausted. Finishing up: https://office.doe.gov.bd
==================================================
[*] STARTING NEW DOMAIN: https://daulatpurmuhsinsecondarygirlsschool.jessoreboard.gov.bd
==================================================
[+] Domain exhausted. Finishing up: https://daulatpurmuhsinsecondarygirlsschool.jessoreboard.gov.bd
==================================================
[*] STARTING NEW DOMAIN: https://seo.dupchanchia.bogra.gov.bd
==================================================
[+] Domain exhausted. Finishing up: https://seo.dupchanchia.bogra.gov.bd
==================================================
[*] STARTING NEW DOMAIN: https://seedsbadc.moulvibazar.gov.bd
==================================================
[+] Domain exhausted. Finishing up: https://seedsbadc.moulvibazar.gov.bd
==================================================
[*] STARTING NEW DOMAIN: https://seo.araihazar.narayanganj.gov.bd
==================================================
[+] Domain exhausted. Finishing up: https://seo.araihazar.narayanganj.gov.bd
==================================================
[*] STARTING NEW DOMAIN: https://brdb.naria.shariatpur.gov.bd
==================================================
[+] Domain exhausted. Finishing up: https://brdb.naria.shariatpur.gov.bd
==================================================
[*] STARTING NEW DOMAIN: http://northmadarshaup.chittagong.gov.bd
==================================================
[+] Domain exhausted. Finishing up: http://northmadarshaup.chittagong.gov.bd
==================================================
[*] STARTING NEW DOMAIN: https://deb111968.dhakaeducationboard.gov.bd
==================================================
[+] Domain exhausted. Finishing up: https://deb111968.dhakaeducationboard.gov.bd
==================================================
[*] STARTING NEW DOMAIN: https://deb109073.dhakaeducationboard.gov.bd
==================================================
[+] Domain exhausted. Finishing up: https://deb109073.dhakaeducationboard.gov.bd
==================================================
[*] STARTING NEW DOMAIN: https://acl.badargonj.rangpur.gov.bd
==================================================
[+] Domain exhausted. Finishing up: https://acl.badargonj.rangpur.gov.bd
==================================================
[*] STARTING NEW DOMAIN: https://dashboard.gov.bd
==================================================
[+] Domain exhausted. Finishing up: https://dashboard.gov.bd
==================================================
[*] STARTING NEW DOMAIN: https://ais.rajshahi.gov.bd
==================================================
[+] Domain exhausted. Finishing up: https://ais.rajshahi.gov.bd
==================================================
[*] STARTING NEW DOMAIN: https://deb111367.dhakaeducationboard.gov.bd
==================================================
[+] Domain exhausted. Finishing up: https://deb111367.dhakaeducationboard.gov.bd
==================================================
[*] STARTING NEW DOMAIN: https://deb112551.dhakaeducationboard.gov.bd
==================================================
[+] Domain exhausted. Finishing up: https://deb112551.dhakaeducationboard.gov.bd
==================================================
[*] STARTING NEW DOMAIN: https://deb112671.dhakaeducationboard.gov.bd
==================================================
[+] Domain exhausted. Finishing up: https://deb112671.dhakaeducationboard.gov.bd
==================================================
[*] STARTING NEW DOMAIN: https://deb111071.dhakaeducationboard.gov.bd
==================================================
[+] Domain exhausted. Finishing up: https://deb111071.dhakaeducationboard.gov.bd
==================================================
[*] STARTING NEW DOMAIN: https://episurveillance.dghs.gov.bd
==================================================
[+] Domain exhausted. Finishing up: https://episurveillance.dghs.gov.bd
==================================================
[*] STARTING NEW DOMAIN: https://deb113619.dhakaeducationboard.gov.bd
==================================================
[+] Domain exhausted. Finishing up: https://deb113619.dhakaeducationboard.gov.bd
==================================================
[*] STARTING NEW DOMAIN: https://so.betagi.barguna.gov.bd
==================================================
[+] Domain exhausted. Finishing up: https://so.betagi.barguna.gov.bd
==================================================
[*] STARTING NEW DOMAIN: https://egcb.gov.bd
==================================================
[+] Domain exhausted. Finishing up: https://egcb.gov.bd
==================================================
[*] STARTING NEW DOMAIN: https://deb113795.dhakaeducationboard.gov.bd
==================================================
[+] Domain exhausted. Finishing up: https://deb113795.dhakaeducationboard.gov.bd
==================================================
[*] STARTING NEW DOMAIN: https://deb112986.dhakaeducationboard.gov.bd
==================================================
[+] Domain exhausted. Finishing up: https://deb112986.dhakaeducationboard.gov.bd
==================================================
[*] STARTING NEW DOMAIN: https://deb112917.dhakaeducationboard.gov.bd
==================================================
[+] Domain exhausted. Finishing up: https://deb112917.dhakaeducationboard.gov.bd
==================================================
[*] STARTING NEW DOMAIN: https://deb113848.dhakaeducationboard.gov.bd
==================================================
[+] Domain exhausted. Finishing up: https://deb113848.dhakaeducationboard.gov.bd
==================================================
[*] STARTING NEW DOMAIN: https://pbs.niamatpur.naogaon.gov.bd
==================================================
[+] Domain exhausted. Finishing up: https://pbs.niamatpur.naogaon.gov.bd
==================================================
[*] STARTING NEW DOMAIN: https://deb113789.dhakaeducationboard.gov.bd
==================================================
[+] Domain exhausted. Finishing up: https://deb113789.dhakaeducationboard.gov.bd
==================================================
[*] STARTING NEW DOMAIN: https://shankerpurhighschool.jessoreboard.gov.bd
==================================================
[+] Domain exhausted. Finishing up: https://shankerpurhighschool.jessoreboard.gov.bd
==================================================
[*] STARTING NEW DOMAIN: https://pbs1.debidwar.comilla.gov.bd
==================================================
[+] Domain exhausted. Finishing up: https://pbs1.debidwar.comilla.gov.bd
==================================================
[*] STARTING NEW DOMAIN: https://deb113449.dhakaeducationboard.gov.bd
==================================================
[+] Domain exhausted. Finishing up: https://deb113449.dhakaeducationboard.gov.bd
==================================================
[*] STARTING NEW DOMAIN: https://deb114474.dhakaeducationboard.gov.bd
==================================================
[+] Domain exhausted. Finishing up: https://deb114474.dhakaeducationboard.gov.bd
==================================================
[*] STARTING NEW DOMAIN: https://deb110312.dhakaeducationboard.gov.bd
==================================================
[+] Domain exhausted. Finishing up: https://deb110312.dhakaeducationboard.gov.bd
==================================================
[*] STARTING NEW DOMAIN: https://passport.chittagongdiv.gov.bd
==================================================
[+] Domain exhausted. Finishing up: https://passport.chittagongdiv.gov.bd
==================================================
[*] STARTING NEW DOMAIN: https://deb114122.dhakaeducationboard.gov.bd
==================================================
[+] Domain exhausted. Finishing up: https://deb114122.dhakaeducationboard.gov.bd
==================================================
[*] STARTING NEW DOMAIN: https://deb113321.dhakaeducationboard.gov.bd
==================================================
[+] Domain exhausted. Finishing up: https://deb113321.dhakaeducationboard.gov.bd
==================================================
[*] STARTING NEW DOMAIN: https://pdbf.pathorghata.barguna.gov.bd
==================================================
[+] Domain exhausted. Finishing up: https://pdbf.pathorghata.barguna.gov.bd
==================================================
[*] STARTING NEW DOMAIN: https://palash.narsingdi.gov.bd
==================================================
[+] Domain exhausted. Finishing up: https://palash.narsingdi.gov.bd
==================================================
[*] STARTING NEW DOMAIN: https://dls.sadarsouth.comilla.gov.bd
==================================================
[+] Domain exhausted. Finishing up: https://dls.sadarsouth.comilla.gov.bd
==================================================
[*] STARTING NEW DOMAIN: https://deb113094.dhakaeducationboard.gov.bd
==================================================
[+] Domain exhausted. Finishing up: https://deb113094.dhakaeducationboard.gov.bd
==================================================
[*] STARTING NEW DOMAIN: https://effjsc.bise-ctg.gov.bd
==================================================
[+] Domain exhausted. Finishing up: https://effjsc.bise-ctg.gov.bd
==================================================
[*] STARTING NEW DOMAIN: https://dphe.nikli.kishoreganj.gov.bd
==================================================
[+] Domain exhausted. Finishing up: https://dphe.nikli.kishoreganj.gov.bd
==================================================
[*] STARTING NEW DOMAIN: https://deb114541.dhakaeducationboard.gov.bd
==================================================
[+] Domain exhausted. Finishing up: https://deb114541.dhakaeducationboard.gov.bd
==================================================
[*] STARTING NEW DOMAIN: https://badcirri.sylhetdiv.gov.bd
==================================================
[+] Domain exhausted. Finishing up: https://badcirri.sylhetdiv.gov.bd
==================================================
[*] STARTING NEW DOMAIN: https://sr.bhandaria.pirojpur.gov.bd
==================================================
[+] Domain exhausted. Finishing up: https://sr.bhandaria.pirojpur.gov.bd
==================================================
[*] STARTING NEW DOMAIN: https://mail.nctb.gov.bd
==================================================
[+] Domain exhausted. Finishing up: https://mail.nctb.gov.bd
==================================================
[*] STARTING NEW DOMAIN: https://siddhipashaup.jessore.gov.bd
==================================================
[+] Domain exhausted. Finishing up: https://siddhipashaup.jessore.gov.bd
==================================================
[*] STARTING NEW DOMAIN: https://sca.habiganj.gov.bd
==================================================
[+] Domain exhausted. Finishing up: https://sca.habiganj.gov.bd
==================================================
[*] STARTING NEW DOMAIN: https://forest.gosairhat.shariatpur.gov.bd
==================================================
[+] Domain exhausted. Finishing up: https://forest.gosairhat.shariatpur.gov.bd
==================================================
[*] STARTING NEW DOMAIN: https://fpo.paikgasa.khulna.gov.bd
==================================================
[+] Domain exhausted. Finishing up: https://fpo.paikgasa.khulna.gov.bd
==================================================
[*] STARTING NEW DOMAIN: https://fisheries.natore.gov.bd
==================================================
[+] Domain exhausted. Finishing up: https://fisheries.natore.gov.bd
==================================================
[*] STARTING NEW DOMAIN: https://deb113803.dhakaeducationboard.gov.bd
==================================================
[+] Domain exhausted. Finishing up: https://deb113803.dhakaeducationboard.gov.bd
==================================================
[*] STARTING NEW DOMAIN: https://digholiaup.khulna.gov.bd
==================================================
[+] Domain exhausted. Finishing up: https://digholiaup.khulna.gov.bd
==================================================
[*] STARTING NEW DOMAIN: https://aehed.magura.gov.bd
==================================================
[+] Domain exhausted. Finishing up: https://aehed.magura.gov.bd
==================================================
[*] STARTING NEW DOMAIN: https://dhalgramsecondaryschool.jessoreboard.gov.bd
==================================================
[+] Domain exhausted. Finishing up: https://dhalgramsecondaryschool.jessoreboard.gov.bd
==================================================
[*] STARTING NEW DOMAIN: https://dncrp.bhola.gov.bd
==================================================
[+] Domain exhausted. Finishing up: https://dncrp.bhola.gov.bd
==================================================
[*] STARTING NEW DOMAIN: https://badc.bhola.gov.bd
==================================================
[+] Domain exhausted. Finishing up: https://badc.bhola.gov.bd
==================================================
[*] STARTING NEW DOMAIN: https://deb131476.dhakaeducationboard.gov.bd
==================================================
[+] Domain exhausted. Finishing up: https://deb131476.dhakaeducationboard.gov.bd
==================================================
[*] STARTING NEW DOMAIN: https://doict.karimgonj.kishoreganj.gov.bd
==================================================
[+] Domain exhausted. Finishing up: https://doict.karimgonj.kishoreganj.gov.bd
==================================================
[*] STARTING NEW DOMAIN: https://dnc.natore.gov.bd
==================================================
[+] Domain exhausted. Finishing up: https://dnc.natore.gov.bd
==================================================
[*] STARTING NEW DOMAIN: https://deb139020.dhakaeducationboard.gov.bd
==================================================
[+] Domain exhausted. Finishing up: https://deb139020.dhakaeducationboard.gov.bd
==================================================
[*] STARTING NEW DOMAIN: https://doict.satkania.chittagong.gov.bd
==================================================
[+] Domain exhausted. Finishing up: https://doict.satkania.chittagong.gov.bd
==================================================
[*] STARTING NEW DOMAIN: https://doict.satkhira.gov.bd
==================================================
[+] Domain exhausted. Finishing up: https://doict.satkhira.gov.bd
==================================================
[*] STARTING NEW DOMAIN: https://chalimiagirlssecondaryschool.jessoreboard.gov.bd
==================================================
[+] Domain exhausted. Finishing up: https://chalimiagirlssecondaryschool.jessoreboard.gov.bd
==================================================
[*] STARTING NEW DOMAIN: https://deb130839.dhakaeducationboard.gov.bd
==================================================
[+] Domain exhausted. Finishing up: https://deb130839.dhakaeducationboard.gov.bd
==================================================
[*] STARTING NEW DOMAIN: http://iras.bamis.gov.bd
==================================================
[+] Domain exhausted. Finishing up: http://iras.bamis.gov.bd
==================================================
[*] STARTING NEW DOMAIN: https://deb133937.dhakaeducationboard.gov.bd
==================================================
[+] Domain exhausted. Finishing up: https://deb133937.dhakaeducationboard.gov.bd
==================================================
[*] STARTING NEW DOMAIN: https://doict.dohar.dhaka.gov.bd
==================================================
[+] Domain exhausted. Finishing up: https://doict.dohar.dhaka.gov.bd
==================================================
[*] STARTING NEW DOMAIN: https://deb139171.dhakaeducationboard.gov.bd
==================================================
[+] Domain exhausted. Finishing up: https://deb139171.dhakaeducationboard.gov.bd
==================================================
[*] STARTING NEW DOMAIN: https://dls.nilphamarisadar.nilphamari.gov.bd
==================================================
[+] Domain exhausted. Finishing up: https://dls.nilphamarisadar.nilphamari.gov.bd
==================================================
[*] STARTING NEW DOMAIN: https://deb131878.dhakaeducationboard.gov.bd
==================================================
[+] Domain exhausted. Finishing up: https://deb131878.dhakaeducationboard.gov.bd
==================================================
[*] STARTING NEW DOMAIN: https://doict.barisal.gov.bd
==================================================
[+] Domain exhausted. Finishing up: https://doict.barisal.gov.bd
==================================================
[*] STARTING NEW DOMAIN: https://seo.kalapara.patuakhali.gov.bd
==================================================
[+] Domain exhausted. Finishing up: https://seo.kalapara.patuakhali.gov.bd
==================================================
[*] STARTING NEW DOMAIN: https://seo.kahaloo.bogra.gov.bd
==================================================
[+] Domain exhausted. Finishing up: https://seo.kahaloo.bogra.gov.bd
==================================================
[*] STARTING NEW DOMAIN: https://dghs.khulnadiv.gov.bd
==================================================
[+] Domain exhausted. Finishing up: https://dghs.khulnadiv.gov.bd
==================================================
[*] STARTING NEW DOMAIN: https://charpataup.lakshmipur.gov.bd
==================================================
[+] Domain exhausted. Finishing up: https://charpataup.lakshmipur.gov.bd
==================================================
[*] STARTING NEW DOMAIN: https://deb137103.dhakaeducationboard.gov.bd
==================================================
[+] Domain exhausted. Finishing up: https://deb137103.dhakaeducationboard.gov.bd
==================================================
[*] STARTING NEW DOMAIN: https://doict.chauhali.sirajganj.gov.bd
==================================================
[+] Domain exhausted. Finishing up: https://doict.chauhali.sirajganj.gov.bd
==================================================
[*] STARTING NEW DOMAIN: https://deb190127.dhakaeducationboard.gov.bd
==================================================
[+] Domain exhausted. Finishing up: https://deb190127.dhakaeducationboard.gov.bd
==================================================
[*] STARTING NEW DOMAIN: https://deb134169.dhakaeducationboard.gov.bd
==================================================
[+] Domain exhausted. Finishing up: https://deb134169.dhakaeducationboard.gov.bd
==================================================
[*] STARTING NEW DOMAIN: https://deb137452.dhakaeducationboard.gov.bd
==================================================
[+] Domain exhausted. Finishing up: https://deb137452.dhakaeducationboard.gov.bd
==================================================
[*] STARTING NEW DOMAIN: https://chc.shantiganj.sunamganj.gov.bd
==================================================
[+] Domain exhausted. Finishing up: https://chc.shantiganj.sunamganj.gov.bd
==================================================
[*] STARTING NEW DOMAIN: https://deb137365.dhakaeducationboard.gov.bd
==================================================
[+] Domain exhausted. Finishing up: https://deb137365.dhakaeducationboard.gov.bd
==================================================
[*] STARTING NEW DOMAIN: https://deb137287.dhakaeducationboard.gov.bd
==================================================
[+] Domain exhausted. Finishing up: https://deb137287.dhakaeducationboard.gov.bd
==================================================
[*] STARTING NEW DOMAIN: https://deb133258.dhakaeducationboard.gov.bd
==================================================
[+] Domain exhausted. Finishing up: https://deb133258.dhakaeducationboard.gov.bd
==================================================
[*] STARTING NEW DOMAIN: https://bhojoanpurup.panchagarh.gov.bd
==================================================
[+] Domain exhausted. Finishing up: https://bhojoanpurup.panchagarh.gov.bd
==================================================
[*] STARTING NEW DOMAIN: https://deb135949.dhakaeducationboard.gov.bd
==================================================
[+] Domain exhausted. Finishing up: https://deb135949.dhakaeducationboard.gov.bd
==================================================
[*] STARTING NEW DOMAIN: https://btcl.jhalakathi.gov.bd
==================================================
[+] Domain exhausted. Finishing up: https://btcl.jhalakathi.gov.bd
==================================================
[*] STARTING NEW DOMAIN: https://betar.rajshahi.gov.bd
==================================================
[+] Domain exhausted. Finishing up: https://betar.rajshahi.gov.bd
==================================================
[*] STARTING NEW DOMAIN: https://sayedaltafhossinjuniorboysschool.jessoreboard.gov.bd
==================================================
[+] Domain exhausted. Finishing up: https://sayedaltafhossinjuniorboysschool.jessoreboard.gov.bd
==================================================
[*] STARTING NEW DOMAIN: https://doict.fultola.khulna.gov.bd
==================================================
[+] Domain exhausted. Finishing up: https://doict.fultola.khulna.gov.bd
==================================================
[*] STARTING NEW DOMAIN: https://dao.bagmara.rajshahi.gov.bd
==================================================
[+] Domain exhausted. Finishing up: https://dao.bagmara.rajshahi.gov.bd
==================================================
[*] STARTING NEW DOMAIN: https://atlas.gov.bd
==================================================
[+] Domain exhausted. Finishing up: https://atlas.gov.bd
==================================================
[*] STARTING NEW DOMAIN: https://ec.mohonpur.rajshahi.gov.bd
==================================================
[+] Domain exhausted. Finishing up: https://ec.mohonpur.rajshahi.gov.bd
==================================================
[*] STARTING NEW DOMAIN: https://bhtpa.portal.gov.bd
==================================================
[+] Domain exhausted. Finishing up: https://bhtpa.portal.gov.bd
==================================================
[*] STARTING NEW DOMAIN: https://dls.kishorganj.nilphamari.gov.bd
==================================================
[+] Domain exhausted. Finishing up: https://dls.kishorganj.nilphamari.gov.bd
==================================================
[*] STARTING NEW DOMAIN: https://doj.manirampur.jessore.gov.bd
==================================================
[+] Domain exhausted. Finishing up: https://doj.manirampur.jessore.gov.bd
==================================================
[*] STARTING NEW DOMAIN: https://bhb.kahaloo.bogra.gov.bd
==================================================
[+] Domain exhausted. Finishing up: https://bhb.kahaloo.bogra.gov.bd
==================================================
[*] STARTING NEW DOMAIN: https://food.indurkani.pirojpur.gov.bd
==================================================
[+] Domain exhausted. Finishing up: https://food.indurkani.pirojpur.gov.bd
==================================================
[*] STARTING NEW DOMAIN: https://brtcdepot.chittagong.gov.bd
==================================================
[+] Domain exhausted. Finishing up: https://brtcdepot.chittagong.gov.bd
==================================================
[*] STARTING NEW DOMAIN: https://fireservice.sreebordi.sherpur.gov.bd
==================================================
[+] Domain exhausted. Finishing up: https://fireservice.sreebordi.sherpur.gov.bd
==================================================
[*] STARTING NEW DOMAIN: https://dshe.joypurhatsadar.joypurhat.gov.bd
==================================================
[+] Domain exhausted. Finishing up: https://dshe.joypurhatsadar.joypurhat.gov.bd
==================================================
[*] STARTING NEW DOMAIN: https://bmet.munshiganj.gov.bd
==================================================
[+] Domain exhausted. Finishing up: https://bmet.munshiganj.gov.bd
==================================================
[*] STARTING NEW DOMAIN: https://brdb.mithapukur.rangpur.gov.bd
==================================================
[+] Domain exhausted. Finishing up: https://brdb.mithapukur.rangpur.gov.bd
==================================================
[*] STARTING NEW DOMAIN: https://brdb.anwara.chittagong.gov.bd
==================================================
[+] Domain exhausted. Finishing up: https://brdb.anwara.chittagong.gov.bd
==================================================
[*] STARTING NEW DOMAIN: http://fsmf.patiya.chittagong.gov.bd
==================================================
[+] Domain exhausted. Finishing up: http://fsmf.patiya.chittagong.gov.bd
==================================================
[*] STARTING NEW DOMAIN: https://dphe.monohargonj.comilla.gov.bd
==================================================
[+] Domain exhausted. Finishing up: https://dphe.monohargonj.comilla.gov.bd
==================================================
[*] STARTING NEW DOMAIN: https://food.khagrachhari.gov.bd
==================================================
[+] Domain exhausted. Finishing up: https://food.khagrachhari.gov.bd
==================================================
[*] STARTING NEW DOMAIN: https://food.sadar.coxsbazar.gov.bd
==================================================
[+] Domain exhausted. Finishing up: https://food.sadar.coxsbazar.gov.bd
==================================================
[*] STARTING NEW DOMAIN: https://fisheries.bhaluka.mymensingh.gov.bd
==================================================
[+] Domain exhausted. Finishing up: https://fisheries.bhaluka.mymensingh.gov.bd
==================================================
[*] STARTING NEW DOMAIN: https://moc.gov.bd
==================================================
[+] Domain exhausted. Finishing up: https://moc.gov.bd
==================================================
[*] STARTING NEW DOMAIN: https://fireservice.fakirhat.bagerhat.gov.bd
==================================================
[+] Domain exhausted. Finishing up: https://fireservice.fakirhat.bagerhat.gov.bd
==================================================
[*] STARTING NEW DOMAIN: https://forest.kasba.brahmanbaria.gov.bd
==================================================
[+] Domain exhausted. Finishing up: https://forest.kasba.brahmanbaria.gov.bd
==================================================
[*] STARTING NEW DOMAIN: https://fisheries.digholia.khulna.gov.bd
==================================================
[+] Domain exhausted. Finishing up: https://fisheries.digholia.khulna.gov.bd
==================================================
[*] STARTING NEW DOMAIN: https://drro.barisaldiv.gov.bd
==================================================
[+] Domain exhausted. Finishing up: https://drro.barisaldiv.gov.bd
==================================================
[*] STARTING NEW DOMAIN: https://cooparative.sadar.bhola.gov.bd
==================================================
[+] Domain exhausted. Finishing up: https://cooparative.sadar.bhola.gov.bd
==================================================
[*] STARTING NEW DOMAIN: https://food.shibaloy.manikganj.gov.bd
==================================================
[+] Domain exhausted. Finishing up: https://food.shibaloy.manikganj.gov.bd
==================================================
[*] STARTING NEW DOMAIN: https://bbs.austagram.kishoreganj.gov.bd
==================================================
[+] Domain exhausted. Finishing up: https://bbs.austagram.kishoreganj.gov.bd
==================================================
[*] STARTING NEW DOMAIN: https://deb113770.dhakaeducationboard.gov.bd
==================================================
[+] Domain exhausted. Finishing up: https://deb113770.dhakaeducationboard.gov.bd
==================================================
[*] STARTING NEW DOMAIN: https://dphe.morrelganj.bagerhat.gov.bd
==================================================
[+] Domain exhausted. Finishing up: https://dphe.morrelganj.bagerhat.gov.bd
==================================================
[*] STARTING NEW DOMAIN: https://badsahfaisalislamiinstitutejashore.jessoreboard.gov.bd
==================================================
[+] Domain exhausted. Finishing up: https://badsahfaisalislamiinstitutejashore.jessoreboard.gov.bd
==================================================
[*] STARTING NEW DOMAIN: https://fisheries.pangsa.rajbari.gov.bd
==================================================
[+] Domain exhausted. Finishing up: https://fisheries.pangsa.rajbari.gov.bd
==================================================
[*] STARTING NEW DOMAIN: https://fireservice.baliadangi.thakurgaon.gov.bd
==================================================
[+] Domain exhausted. Finishing up: https://fireservice.baliadangi.thakurgaon.gov.bd
==================================================
[*] STARTING NEW DOMAIN: https://drro.jhenaidah.gov.bd
==================================================
[+] Domain exhausted. Finishing up: https://drro.jhenaidah.gov.bd
==================================================
[*] STARTING NEW DOMAIN: https://fisheries.monohargonj.comilla.gov.bd
==================================================
[+] Domain exhausted. Finishing up: https://fisheries.monohargonj.comilla.gov.bd
==================================================
[*] STARTING NEW DOMAIN: https://pio.zakiganj.sylhet.gov.bd
==================================================
[+] Domain exhausted. Finishing up: https://pio.zakiganj.sylhet.gov.bd
==================================================
[*] STARTING NEW DOMAIN: https://police.kotalipara.gopalganj.gov.bd
==================================================
[+] Domain exhausted. Finishing up: https://police.kotalipara.gopalganj.gov.bd
==================================================
[*] STARTING NEW DOMAIN: https://badc.khagrachhari.gov.bd
==================================================
[+] Domain exhausted. Finishing up: https://badc.khagrachhari.gov.bd
==================================================
[*] STARTING NEW DOMAIN: https://forest.sadar.bagerhat.gov.bd
==================================================
[+] Domain exhausted. Finishing up: https://forest.sadar.bagerhat.gov.bd
==================================================
[*] STARTING NEW DOMAIN: http://mail.comillaboard.gov.bd
==================================================
[+] Domain exhausted. Finishing up: http://mail.comillaboard.gov.bd
==================================================
[*] STARTING NEW DOMAIN: https://dss.saturia.manikganj.gov.bd
==================================================
[+] Domain exhausted. Finishing up: https://dss.saturia.manikganj.gov.bd
==================================================
[*] STARTING NEW DOMAIN: https://addaup.comilla.gov.bd
==================================================
[+] Domain exhausted. Finishing up: https://addaup.comilla.gov.bd
==================================================
[*] STARTING NEW DOMAIN: https://deb109545.dhakaeducationboard.gov.bd
==================================================
[+] Domain exhausted. Finishing up: https://deb109545.dhakaeducationboard.gov.bd
==================================================
[*] STARTING NEW DOMAIN: https://deb109182.dhakaeducationboard.gov.bd
==================================================
[+] Domain exhausted. Finishing up: https://deb109182.dhakaeducationboard.gov.bd
==================================================
[*] STARTING NEW DOMAIN: https://police.gouripur.mymensingh.gov.bd
==================================================
[+] Domain exhausted. Finishing up: https://police.gouripur.mymensingh.gov.bd
==================================================
[*] STARTING NEW DOMAIN: https://ec.sirajganjsadar.sirajganj.gov.bd
==================================================
[+] Domain exhausted. Finishing up: https://ec.sirajganjsadar.sirajganj.gov.bd
==================================================
[*] STARTING NEW DOMAIN: https://dwa.mehendiganj.barisal.gov.bd
==================================================
[+] Domain exhausted. Finishing up: https://dwa.mehendiganj.barisal.gov.bd
==================================================
[*] STARTING NEW DOMAIN: https://shidulkuraup.shariatpur.gov.bd
==================================================
[+] Domain exhausted. Finishing up: https://shidulkuraup.shariatpur.gov.bd
==================================================
[*] STARTING NEW DOMAIN: https://eed.pirgacha.rangpur.gov.bd
==================================================
[+] Domain exhausted. Finishing up: https://eed.pirgacha.rangpur.gov.bd
==================================================
[*] STARTING NEW DOMAIN: https://dss.kabirhat.noakhali.gov.bd
==================================================
[+] Domain exhausted. Finishing up: https://dss.kabirhat.noakhali.gov.bd
==================================================
[*] STARTING NEW DOMAIN: https://rangpur.gov.bd
==================================================
[+] Domain exhausted. Finishing up: https://rangpur.gov.bd
==================================================
[*] STARTING NEW DOMAIN: https://bbs.sadar.rangamati.gov.bd
==================================================
[+] Domain exhausted. Finishing up: https://bbs.sadar.rangamati.gov.bd
==================================================
[*] STARTING NEW DOMAIN: https://brta.rangamati.gov.bd
==================================================
[+] Domain exhausted. Finishing up: https://brta.rangamati.gov.bd
==================================================
[*] STARTING NEW DOMAIN: https://dss.paba.rajshahi.gov.bd
==================================================
[+] Domain exhausted. Finishing up: https://dss.paba.rajshahi.gov.bd
==================================================
[*] STARTING NEW DOMAIN: https://soamol2.mymensingh.gov.bd
==================================================
[+] Domain exhausted. Finishing up: https://soamol2.mymensingh.gov.bd
==================================================
[*] STARTING NEW DOMAIN: https://police.gurudaspur.natore.gov.bd
==================================================
[+] Domain exhausted. Finishing up: https://police.gurudaspur.natore.gov.bd
==================================================
[*] STARTING NEW DOMAIN: https://baghdad.mofa.gov.bd
==================================================
[+] Domain exhausted. Finishing up: https://baghdad.mofa.gov.bd
==================================================
[*] STARTING NEW DOMAIN: https://sr.keshabpur.jessore.gov.bd
==================================================
[+] Domain exhausted. Finishing up: https://sr.keshabpur.jessore.gov.bd
==================================================
[*] STARTING NEW DOMAIN: https://tax.joypurhat.gov.bd
==================================================
[+] Domain exhausted. Finishing up: https://tax.joypurhat.gov.bd
==================================================
[*] STARTING NEW DOMAIN: https://fpo.magura.gov.bd
==================================================
[+] Domain exhausted. Finishing up: https://fpo.magura.gov.bd
==================================================
[*] STARTING NEW DOMAIN: https://cmpctg.bfidc.gov.bd
==================================================
[+] Domain exhausted. Finishing up: https://cmpctg.bfidc.gov.bd
==================================================
[*] STARTING NEW DOMAIN: https://cooparative.chandina.comilla.gov.bd
==================================================
[+] Domain exhausted. Finishing up: https://cooparative.chandina.comilla.gov.bd
==================================================
[*] STARTING NEW DOMAIN: https://hsso.lakshmipur.gov.bd
==================================================
[+] Domain exhausted. Finishing up: https://hsso.lakshmipur.gov.bd
==================================================
[*] STARTING NEW DOMAIN: https://dss.raozan.chittagong.gov.bd
==================================================
[+] Domain exhausted. Finishing up: https://dss.raozan.chittagong.gov.bd
==================================================
[*] STARTING NEW DOMAIN: https://cooparative.louhajanj.munshiganj.gov.bd
==================================================
[+] Domain exhausted. Finishing up: https://cooparative.louhajanj.munshiganj.gov.bd
==================================================
[*] STARTING NEW DOMAIN: https://dwa.charrajibpur.kurigram.gov.bd
==================================================
[+] Domain exhausted. Finishing up: https://dwa.charrajibpur.kurigram.gov.bd
==================================================
[*] STARTING NEW DOMAIN: https://cooperative.taragonj.rangpur.gov.bd
==================================================
[+] Domain exhausted. Finishing up: https://cooperative.taragonj.rangpur.gov.bd
==================================================
[*] STARTING NEW DOMAIN: https://cooperative.naogaonsadar.naogaon.gov.bd
==================================================
[+] Domain exhausted. Finishing up: https://cooperative.naogaonsadar.naogaon.gov.bd
==================================================
[*] STARTING NEW DOMAIN: https://dss.raninagar.naogaon.gov.bd
==================================================
[+] Domain exhausted. Finishing up: https://dss.raninagar.naogaon.gov.bd
==================================================
[*] STARTING NEW DOMAIN: https://gobindashiup.tangail.gov.bd
==================================================
[+] Domain exhausted. Finishing up: https://gobindashiup.tangail.gov.bd
==================================================
[*] STARTING NEW DOMAIN: https://cwh.dgfp.gov.bd
==================================================
[+] Domain exhausted. Finishing up: https://cwh.dgfp.gov.bd
==================================================
[*] STARTING NEW DOMAIN: https://health.kumarkhali.kushtia.gov.bd
==================================================
[+] Domain exhausted. Finishing up: https://health.kumarkhali.kushtia.gov.bd
==================================================
[*] STARTING NEW DOMAIN: https://health.fatikchhari.chittagong.gov.bd
==================================================
[+] Domain exhausted. Finishing up: https://health.fatikchhari.chittagong.gov.bd
==================================================
[*] STARTING NEW DOMAIN: https://fsmf.sadar.barguna.gov.bd
==================================================
[+] Domain exhausted. Finishing up: https://fsmf.sadar.barguna.gov.bd
==================================================
[*] STARTING NEW DOMAIN: https://dae.nalitabari.sherpur.gov.bd
==================================================
[+] Domain exhausted. Finishing up: https://dae.nalitabari.sherpur.gov.bd
==================================================
[*] STARTING NEW DOMAIN: https://incident.ncsa.gov.bd
==================================================
[+] Domain exhausted. Finishing up: https://incident.ncsa.gov.bd
==================================================
[*] STARTING NEW DOMAIN: https://health.sadarsouth.comilla.gov.bd
==================================================
[+] Domain exhausted. Finishing up: https://health.sadarsouth.comilla.gov.bd
==================================================
[*] STARTING NEW DOMAIN: https://govtbirshresthanoormohammaddegreecollege.jessoreboard.gov.bd
==================================================
[+] Domain exhausted. Finishing up: https://govtbirshresthanoormohammaddegreecollege.jessoreboard.gov.bd
==================================================
[*] STARTING NEW DOMAIN: https://dao.atrai.naogaon.gov.bd
==================================================
[+] Domain exhausted. Finishing up: https://dao.atrai.naogaon.gov.bd
==================================================
[*] STARTING NEW DOMAIN: https://dao.derai.sunamganj.gov.bd
==================================================
[+] Domain exhausted. Finishing up: https://dao.derai.sunamganj.gov.bd
==================================================
[*] STARTING NEW DOMAIN: https://goalabazarup.sylhet.gov.bd
==================================================
[+] Domain exhausted. Finishing up: https://goalabazarup.sylhet.gov.bd
==================================================
[*] STARTING NEW DOMAIN: https://dao.kendua.netrokona.gov.bd
==================================================
[+] Domain exhausted. Finishing up: https://dao.kendua.netrokona.gov.bd
==================================================
[*] STARTING NEW DOMAIN: https://hed.thakurgaon.gov.bd
==================================================
[+] Domain exhausted. Finishing up: https://hed.thakurgaon.gov.bd
==================================================
[*] STARTING NEW DOMAIN: https://hckhokshabari.sirajganj.gov.bd
==================================================
[+] Domain exhausted. Finishing up: https://hckhokshabari.sirajganj.gov.bd
==================================================
[*] STARTING NEW DOMAIN: https://darialup.barisal.gov.bd
==================================================
[+] Domain exhausted. Finishing up: https://darialup.barisal.gov.bd
==================================================
[*] STARTING NEW DOMAIN: https://dde.dhakadiv.gov.bd
==================================================
[+] Domain exhausted. Finishing up: https://dde.dhakadiv.gov.bd
==================================================
[*] STARTING NEW DOMAIN: https://health.kalukhali.rajbari.gov.bd
==================================================
[+] Domain exhausted. Finishing up: https://health.kalukhali.rajbari.gov.bd
==================================================
[*] STARTING NEW DOMAIN: https://info.khulna.gov.bd
==================================================
[+] Domain exhausted. Finishing up: https://info.khulna.gov.bd
==================================================
[*] STARTING NEW DOMAIN: https://hospital.chandpur.gov.bd
==================================================
[+] Domain exhausted. Finishing up: https://hospital.chandpur.gov.bd
==================================================
[*] STARTING NEW DOMAIN: https://deb108631.dhakaeducationboard.gov.bd
==================================================
[+] Domain exhausted. Finishing up: https://deb108631.dhakaeducationboard.gov.bd
==================================================
[*] STARTING NEW DOMAIN: https://islamicfoundation.satkhira.gov.bd
==================================================
[+] Domain exhausted. Finishing up: https://islamicfoundation.satkhira.gov.bd
==================================================
[*] STARTING NEW DOMAIN: https://deb108764.dhakaeducationboard.gov.bd
==================================================
[+] Domain exhausted. Finishing up: https://deb108764.dhakaeducationboard.gov.bd
==================================================
[*] STARTING NEW DOMAIN: https://harinarayanpursecondarygirlsschool.jessoreboard.gov.bd
==================================================
[+] Domain exhausted. Finishing up: https://harinarayanpursecondarygirlsschool.jessoreboard.gov.bd
==================================================
[*] STARTING NEW DOMAIN: https://deb109091.dhakaeducationboard.gov.bd
==================================================
[+] Domain exhausted. Finishing up: https://deb109091.dhakaeducationboard.gov.bd
==================================================
[*] STARTING NEW DOMAIN: https://jmjuniorsecondarygirlsschool.jessoreboard.gov.bd
==================================================
[+] Domain exhausted. Finishing up: https://jmjuniorsecondarygirlsschool.jessoreboard.gov.bd
==================================================
[*] STARTING NEW DOMAIN: https://health.nawabganj.dinajpur.gov.bd
==================================================
[+] Domain exhausted. Finishing up: https://health.nawabganj.dinajpur.gov.bd
==================================================
[*] STARTING NEW DOMAIN: https://deb109450.dhakaeducationboard.gov.bd
==================================================
[+] Domain exhausted. Finishing up: https://deb109450.dhakaeducationboard.gov.bd
==================================================
[*] STARTING NEW DOMAIN: https://health.rowmari.kurigram.gov.bd
==================================================
[+] Domain exhausted. Finishing up: https://health.rowmari.kurigram.gov.bd
==================================================
[*] STARTING NEW DOMAIN: https://deb109560.dhakaeducationboard.gov.bd
==================================================
[+] Domain exhausted. Finishing up: https://deb109560.dhakaeducationboard.gov.bd
==================================================
[*] STARTING NEW DOMAIN: https://raobarguna.krishibank.gov.bd
==================================================
[+] Domain exhausted. Finishing up: https://raobarguna.krishibank.gov.bd
==================================================
[*] STARTING NEW DOMAIN: https://deb109898.dhakaeducationboard.gov.bd
==================================================
[+] Domain exhausted. Finishing up: https://deb109898.dhakaeducationboard.gov.bd
==================================================
[*] STARTING NEW DOMAIN: https://railway.barisal.gov.bd
==================================================
[+] Domain exhausted. Finishing up: https://railway.barisal.gov.bd
==================================================
[*] STARTING NEW DOMAIN: https://raihanpurup.barguna.gov.bd
==================================================
[+] Domain exhausted. Finishing up: https://raihanpurup.barguna.gov.bd
==================================================
[*] STARTING NEW DOMAIN: https://deb110462.dhakaeducationboard.gov.bd
==================================================
[+] Domain exhausted. Finishing up: https://deb110462.dhakaeducationboard.gov.bd
==================================================
[*] STARTING NEW DOMAIN: https://post.phulbari.kurigram.gov.bd
==================================================
[+] Domain exhausted. Finishing up: https://post.phulbari.kurigram.gov.bd
==================================================
[*] STARTING NEW DOMAIN: https://sr.tarash.sirajganj.gov.bd
==================================================
[+] Domain exhausted. Finishing up: https://sr.tarash.sirajganj.gov.bd
==================================================
[*] STARTING NEW DOMAIN: https://jafargonjup.comilla.gov.bd
==================================================
[+] Domain exhausted. Finishing up: https://jafargonjup.comilla.gov.bd
==================================================
[*] STARTING NEW DOMAIN: https://pozip.kendua.netrokona.gov.bd
==================================================
[+] Domain exhausted. Finishing up: https://pozip.kendua.netrokona.gov.bd
==================================================
[*] STARTING NEW DOMAIN: https://deb110999.dhakaeducationboard.gov.bd
==================================================
[+] Domain exhausted. Finishing up: https://deb110999.dhakaeducationboard.gov.bd
==================================================
[*] STARTING NEW DOMAIN: https://lahuriaazizurrahmansecondaryschool.jessoreboard.gov.bd
==================================================
[+] Domain exhausted. Finishing up: https://lahuriaazizurrahmansecondaryschool.jessoreboard.gov.bd
==================================================
[*] STARTING NEW DOMAIN: https://deb111278.dhakaeducationboard.gov.bd
==================================================
[+] Domain exhausted. Finishing up: https://deb111278.dhakaeducationboard.gov.bd
==================================================
[*] STARTING NEW DOMAIN: https://deb111441.dhakaeducationboard.gov.bd
==================================================
[+] Domain exhausted. Finishing up: https://deb111441.dhakaeducationboard.gov.bd
==================================================
[*] STARTING NEW DOMAIN: https://kmttc.khulna.gov.bd
==================================================
[+] Domain exhausted. Finishing up: https://kmttc.khulna.gov.bd
==================================================
[*] STARTING NEW DOMAIN: https://deb111682.dhakaeducationboard.gov.bd
==================================================
[+] Domain exhausted. Finishing up: https://deb111682.dhakaeducationboard.gov.bd
==================================================
[*] STARTING NEW DOMAIN: https://maguraghonasecondarygirlsschool.jessoreboard.gov.bd
==================================================
[+] Domain exhausted. Finishing up: https://maguraghonasecondarygirlsschool.jessoreboard.gov.bd
==================================================
[*] STARTING NEW DOMAIN: https://deb111874.dhakaeducationboard.gov.bd
==================================================
[+] Domain exhausted. Finishing up: https://deb111874.dhakaeducationboard.gov.bd
==================================================
[*] STARTING NEW DOMAIN: https://khelaup.comilla.gov.bd
==================================================
[+] Domain exhausted. Finishing up: https://khelaup.comilla.gov.bd
==================================================
[*] STARTING NEW DOMAIN: https://deb112097.dhakaeducationboard.gov.bd
==================================================
[+] Domain exhausted. Finishing up: https://deb112097.dhakaeducationboard.gov.bd
==================================================
[*] STARTING NEW DOMAIN: https://lwc.gaibandhasadar.gaibandha.gov.bd
==================================================
[+] Domain exhausted. Finishing up: https://lwc.gaibandhasadar.gaibandha.gov.bd
==================================================
[*] STARTING NEW DOMAIN: https://kdsahaparasecondaryschool.jessoreboard.gov.bd
==================================================
[+] Domain exhausted. Finishing up: https://kdsahaparasecondaryschool.jessoreboard.gov.bd
==================================================
[*] STARTING NEW DOMAIN: https://mail.chtrc.gov.bd
==================================================
[+] Domain exhausted. Finishing up: https://mail.chtrc.gov.bd
==================================================
[*] STARTING NEW DOMAIN: https://deb112454.dhakaeducationboard.gov.bd
==================================================
[+] Domain exhausted. Finishing up: https://deb112454.dhakaeducationboard.gov.bd
==================================================
[*] STARTING NEW DOMAIN: https://lged.fulbaria.mymensingh.gov.bd
==================================================
[+] Domain exhausted. Finishing up: https://lged.fulbaria.mymensingh.gov.bd
==================================================
[*] STARTING NEW DOMAIN: https://deb112777.dhakaeducationboard.gov.bd
==================================================
[+] Domain exhausted. Finishing up: https://deb112777.dhakaeducationboard.gov.bd
==================================================
[*] STARTING NEW DOMAIN: https://deb112799.dhakaeducationboard.gov.bd
==================================================
[+] Domain exhausted. Finishing up: https://deb112799.dhakaeducationboard.gov.bd
==================================================
[*] STARTING NEW DOMAIN: https://lged.patnitala.naogaon.gov.bd
==================================================
[+] Domain exhausted. Finishing up: https://lged.patnitala.naogaon.gov.bd
==================================================
[*] STARTING NEW DOMAIN: https://deb113086.dhakaeducationboard.gov.bd
==================================================
[+] Domain exhausted. Finishing up: https://deb113086.dhakaeducationboard.gov.bd
==================================================
[*] STARTING NEW DOMAIN: https://deb113089.dhakaeducationboard.gov.bd
==================================================
[+] Domain exhausted. Finishing up: https://deb113089.dhakaeducationboard.gov.bd
==================================================
[*] STARTING NEW DOMAIN: https://lgedreg.khulna.gov.bd
==================================================
[+] Domain exhausted. Finishing up: https://lgedreg.khulna.gov.bd
==================================================
[*] STARTING NEW DOMAIN: https://deb113356.dhakaeducationboard.gov.bd
==================================================
[+] Domain exhausted. Finishing up: https://deb113356.dhakaeducationboard.gov.bd
==================================================
[*] STARTING NEW DOMAIN: https://mahmudpursecondaryschoolsatkhirasadar.jessoreboard.gov.bd
==================================================
[+] Domain exhausted. Finishing up: https://mahmudpursecondaryschoolsatkhirasadar.jessoreboard.gov.bd
==================================================
[*] STARTING NEW DOMAIN: https://deb113699.dhakaeducationboard.gov.bd
==================================================
[+] Domain exhausted. Finishing up: https://deb113699.dhakaeducationboard.gov.bd
==================================================
[*] STARTING NEW DOMAIN: https://lged.dimla.nilphamari.gov.bd
==================================================
[+] Domain exhausted. Finishing up: https://lged.dimla.nilphamari.gov.bd
==================================================
[*] STARTING NEW DOMAIN: https://mail.udd.gov.bd
==================================================
[+] Domain exhausted. Finishing up: https://mail.udd.gov.bd
==================================================
[*] STARTING NEW DOMAIN: https://deb114013.dhakaeducationboard.gov.bd
==================================================
[+] Domain exhausted. Finishing up: https://deb114013.dhakaeducationboard.gov.bd
==================================================
[*] STARTING NEW DOMAIN: https://deb114146.dhakaeducationboard.gov.bd
==================================================
[+] Domain exhausted. Finishing up: https://deb114146.dhakaeducationboard.gov.bd
==================================================
[*] STARTING NEW DOMAIN: https://bbs.bandarban.gov.bd
==================================================
[+] Domain exhausted. Finishing up: https://bbs.bandarban.gov.bd
==================================================
[*] STARTING NEW DOMAIN: https://deb114304.dhakaeducationboard.gov.bd
==================================================
[+] Domain exhausted. Finishing up: https://deb114304.dhakaeducationboard.gov.bd
==================================================
[*] STARTING NEW DOMAIN: https://bagoanup.chittagong.gov.bd
==================================================
[+] Domain exhausted. Finishing up: https://bagoanup.chittagong.gov.bd
==================================================
[*] STARTING NEW DOMAIN: https://pdbf.jhikargacha.jessore.gov.bd
==================================================
[+] Domain exhausted. Finishing up: https://pdbf.jhikargacha.jessore.gov.bd
==================================================
[*] STARTING NEW DOMAIN: https://bb.barisaldiv.gov.bd
==================================================
[+] Domain exhausted. Finishing up: https://bb.barisaldiv.gov.bd
==================================================
[*] STARTING NEW DOMAIN: https://bbs.rangpurdiv.gov.bd
==================================================
[+] Domain exhausted. Finishing up: https://bbs.rangpurdiv.gov.bd
==================================================
[*] STARTING NEW DOMAIN: https://savings.netrokona.gov.bd
==================================================
[+] Domain exhausted. Finishing up: https://savings.netrokona.gov.bd
==================================================
[*] STARTING NEW DOMAIN: https://betessorup.comilla.gov.bd
==================================================
[+] Domain exhausted. Finishing up: https://betessorup.comilla.gov.bd
==================================================
[*] STARTING NEW DOMAIN: https://deb114673.dhakaeducationboard.gov.bd
==================================================
[+] Domain exhausted. Finishing up: https://deb114673.dhakaeducationboard.gov.bd
==================================================
[*] STARTING NEW DOMAIN: https://bnfe.sirajganj.gov.bd
==================================================
[+] Domain exhausted. Finishing up: https://bnfe.sirajganj.gov.bd
==================================================
[*] STARTING NEW DOMAIN: https://psoskdhamrai.dhaka.gov.bd
==================================================
[+] Domain exhausted. Finishing up: https://psoskdhamrai.dhaka.gov.bd
==================================================
[*] STARTING NEW DOMAIN: https://brdb.haripur.thakurgaon.gov.bd
==================================================
[+] Domain exhausted. Finishing up: https://brdb.haripur.thakurgaon.gov.bd
==================================================
[*] STARTING NEW DOMAIN: https://bnfe.rajbari.gov.bd
==================================================
[+] Domain exhausted. Finishing up: https://bnfe.rajbari.gov.bd
==================================================
[*] STARTING NEW DOMAIN: https://brta.gov.bd
==================================================
[+] Domain exhausted. Finishing up: https://brta.gov.bd
==================================================
[*] STARTING NEW DOMAIN: https://brdb.rangamati.gov.bd
==================================================
[+] Domain exhausted. Finishing up: https://brdb.rangamati.gov.bd
==================================================
[*] STARTING NEW DOMAIN: https://bwdb.tangail.gov.bd
==================================================
[+] Domain exhausted. Finishing up: https://bwdb.tangail.gov.bd
==================================================
[*] STARTING NEW DOMAIN: https://chilmari.kurigram.gov.bd
==================================================
[+] Domain exhausted. Finishing up: https://chilmari.kurigram.gov.bd
==================================================
[*] STARTING NEW DOMAIN: https://deb130893.dhakaeducationboard.gov.bd
==================================================
[+] Domain exhausted. Finishing up: https://deb130893.dhakaeducationboard.gov.bd
==================================================
[*] STARTING NEW DOMAIN: https://brta.patuakhali.gov.bd
==================================================
[+] Domain exhausted. Finishing up: https://brta.patuakhali.gov.bd
==================================================
[*] STARTING NEW DOMAIN: https://deb131398.dhakaeducationboard.gov.bd
==================================================
[+] Domain exhausted. Finishing up: https://deb131398.dhakaeducationboard.gov.bd
==================================================
[*] STARTING NEW DOMAIN: https://deb108759.dhakaeducationboard.gov.bd
==================================================
[+] Domain exhausted. Finishing up: https://deb108759.dhakaeducationboard.gov.bd
==================================================
[*] STARTING NEW DOMAIN: https://sarikaitup.chittagong.gov.bd
==================================================
[+] Domain exhausted. Finishing up: https://sarikaitup.chittagong.gov.bd
==================================================
[*] STARTING NEW DOMAIN: https://deb111961.dhakaeducationboard.gov.bd
==================================================
[+] Domain exhausted. Finishing up: https://deb111961.dhakaeducationboard.gov.bd
==================================================
[*] STARTING NEW DOMAIN: https://deb140078.dhakaeducationboard.gov.bd
==================================================
[+] Domain exhausted. Finishing up: https://deb140078.dhakaeducationboard.gov.bd
==================================================
[*] STARTING NEW DOMAIN: https://publiclibrary.khagrachhari.gov.bd
==================================================
[+] Domain exhausted. Finishing up: https://publiclibrary.khagrachhari.gov.bd
==================================================
[*] STARTING NEW DOMAIN: https://dphe.sadar.gazipur.gov.bd
==================================================
[+] Domain exhausted. Finishing up: https://dphe.sadar.gazipur.gov.bd
==================================================
[*] STARTING NEW DOMAIN: https://deb133991.dhakaeducationboard.gov.bd
==================================================
[+] Domain exhausted. Finishing up: https://deb133991.dhakaeducationboard.gov.bd
==================================================
[*] STARTING NEW DOMAIN: https://eed.rajbari.gov.bd
==================================================
[+] Domain exhausted. Finishing up: https://eed.rajbari.gov.bd
==================================================
[*] STARTING NEW DOMAIN: https://ebek.aditmari.lalmonirhat.gov.bd
==================================================
[+] Domain exhausted. Finishing up: https://ebek.aditmari.lalmonirhat.gov.bd
==================================================
[*] STARTING NEW DOMAIN: https://fisheries.manirampur.jessore.gov.bd
==================================================
[+] Domain exhausted. Finishing up: https://fisheries.manirampur.jessore.gov.bd
==================================================
[*] STARTING NEW DOMAIN: https://hc.hathazari.chittagong.gov.bd
==================================================
[+] Domain exhausted. Finishing up: https://hc.hathazari.chittagong.gov.bd
==================================================
[*] STARTING NEW DOMAIN: https://deb134265.dhakaeducationboard.gov.bd
==================================================
[+] Domain exhausted. Finishing up: https://deb134265.dhakaeducationboard.gov.bd
==================================================
[*] STARTING NEW DOMAIN: https://deb135926.dhakaeducationboard.gov.bd
==================================================
[+] Domain exhausted. Finishing up: https://deb135926.dhakaeducationboard.gov.bd
==================================================
[*] STARTING NEW DOMAIN: https://deb134960.dhakaeducationboard.gov.bd
==================================================
[+] Domain exhausted. Finishing up: https://deb134960.dhakaeducationboard.gov.bd
==================================================
[*] STARTING NEW DOMAIN: https://pio.shariakandi.bogra.gov.bd
==================================================
[+] Domain exhausted. Finishing up: https://pio.shariakandi.bogra.gov.bd
==================================================
[*] STARTING NEW DOMAIN: https://phultalareunionsecondaryschool.jessoreboard.gov.bd
==================================================
[+] Domain exhausted. Finishing up: https://phultalareunionsecondaryschool.jessoreboard.gov.bd
==================================================
[*] STARTING NEW DOMAIN: https://ranipukurup.dinajpur.gov.bd
==================================================
[+] Domain exhausted. Finishing up: https://ranipukurup.dinajpur.gov.bd
==================================================
[*] STARTING NEW DOMAIN: https://shailkupacitycollege.jessoreboard.gov.bd
==================================================
[+] Domain exhausted. Finishing up: https://shailkupacitycollege.jessoreboard.gov.bd
==================================================
[*] STARTING NEW DOMAIN: https://deb137161.dhakaeducationboard.gov.bd
==================================================
[+] Domain exhausted. Finishing up: https://deb137161.dhakaeducationboard.gov.bd
==================================================
[*] STARTING NEW DOMAIN: https://deb136876.dhakaeducationboard.gov.bd
==================================================
[+] Domain exhausted. Finishing up: https://deb136876.dhakaeducationboard.gov.bd
==================================================
[*] STARTING NEW DOMAIN: https://mpbsecondaryschool.jessoreboard.gov.bd
==================================================
[+] Domain exhausted. Finishing up: https://mpbsecondaryschool.jessoreboard.gov.bd
==================================================
[*] STARTING NEW DOMAIN: https://deb137324.dhakaeducationboard.gov.bd
==================================================
[+] Domain exhausted. Finishing up: https://deb137324.dhakaeducationboard.gov.bd
==================================================
[*] STARTING NEW DOMAIN: https://deb137758.dhakaeducationboard.gov.bd
==================================================
[+] Domain exhausted. Finishing up: https://deb137758.dhakaeducationboard.gov.bd
==================================================
[*] STARTING NEW DOMAIN: https://urc.kamolganj.moulvibazar.gov.bd
==================================================
[+] Domain exhausted. Finishing up: https://urc.kamolganj.moulvibazar.gov.bd
==================================================
[*] STARTING NEW DOMAIN: https://urc.kaliganj.gazipur.gov.bd
==================================================
[+] Domain exhausted. Finishing up: https://urc.kaliganj.gazipur.gov.bd
==================================================
[*] STARTING NEW DOMAIN: https://deb137670.dhakaeducationboard.gov.bd
==================================================
[+] Domain exhausted. Finishing up: https://deb137670.dhakaeducationboard.gov.bd
==================================================
[*] STARTING NEW DOMAIN: https://urc.pangsa.rajbari.gov.bd
==================================================
[+] Domain exhausted. Finishing up: https://urc.pangsa.rajbari.gov.bd
==================================================
[*] STARTING NEW DOMAIN: https://uttardhurungup.coxsbazar.gov.bd
==================================================
[+] Domain exhausted. Finishing up: https://uttardhurungup.coxsbazar.gov.bd
==================================================
[*] STARTING NEW DOMAIN: https://urc.sreebordi.sherpur.gov.bd
==================================================
[+] Domain exhausted. Finishing up: https://urc.sreebordi.sherpur.gov.bd
==================================================
[*] STARTING NEW DOMAIN: https://vabrashurup.gopalganj.gov.bd
==================================================
[+] Domain exhausted. Finishing up: https://vabrashurup.gopalganj.gov.bd
==================================================
[*] STARTING NEW DOMAIN: https://webmail.ocei.gov.bd
==================================================
[+] Domain exhausted. Finishing up: https://webmail.ocei.gov.bd
==================================================
[*] STARTING NEW DOMAIN: https://deb138397.dhakaeducationboard.gov.bd
==================================================
[+] Domain exhausted. Finishing up: https://deb138397.dhakaeducationboard.gov.bd
==================================================
[*] STARTING NEW DOMAIN: https://youth.bogra.gov.bd
==================================================
[+] Domain exhausted. Finishing up: https://youth.bogra.gov.bd
==================================================
[*] STARTING NEW DOMAIN: https://moulanabhashanibidyapithgirlsschoolandcollege.jessoreboard.gov.bd
==================================================
[+] Domain exhausted. Finishing up: https://moulanabhashanibidyapithgirlsschoolandcollege.jessoreboard.gov.bd
==================================================
[*] STARTING NEW DOMAIN: https://youth.gosairhat.shariatpur.gov.bd
==================================================
[+] Domain exhausted. Finishing up: https://youth.gosairhat.shariatpur.gov.bd
==================================================
[*] STARTING NEW DOMAIN: https://sr.kalukhali.rajbari.gov.bd
==================================================
[+] Domain exhausted. Finishing up: https://sr.kalukhali.rajbari.gov.bd
==================================================
[*] STARTING NEW DOMAIN: https://taxeszone7.dhaka.gov.bd
==================================================
[+] Domain exhausted. Finishing up: https://taxeszone7.dhaka.gov.bd
==================================================
[*] STARTING NEW DOMAIN: https://youth.pirgacha.rangpur.gov.bd
==================================================
[+] Domain exhausted. Finishing up: https://youth.pirgacha.rangpur.gov.bd
==================================================
[*] STARTING NEW DOMAIN: https://deb139401.dhakaeducationboard.gov.bd
==================================================
[+] Domain exhausted. Finishing up: https://deb139401.dhakaeducationboard.gov.bd
==================================================
[*] STARTING NEW DOMAIN: https://zafrabadup.kishoreganj.gov.bd
==================================================
[+] Domain exhausted. Finishing up: https://zafrabadup.kishoreganj.gov.bd
==================================================
[*] STARTING NEW DOMAIN: https://deb190186.dhakaeducationboard.gov.bd
==================================================
[+] Domain exhausted. Finishing up: https://deb190186.dhakaeducationboard.gov.bd
==================================================
[*] STARTING NEW DOMAIN: https://zso.manda.naogaon.gov.bd
==================================================
[+] Domain exhausted. Finishing up: https://zso.manda.naogaon.gov.bd
==================================================
[*] STARTING NEW DOMAIN: https://deb190171.dhakaeducationboard.gov.bd
==================================================
[+] Domain exhausted. Finishing up: https://deb190171.dhakaeducationboard.gov.bd
==================================================
[*] STARTING NEW DOMAIN: http://acl.rajapur.jhalakathi.gov.bd
==================================================
[+] Domain exhausted. Finishing up: http://acl.rajapur.jhalakathi.gov.bd
==================================================
[*] STARTING NEW DOMAIN: https://zso.sundarganj.gaibandha.gov.bd
==================================================
[+] Domain exhausted. Finishing up: https://zso.sundarganj.gaibandha.gov.bd
==================================================
[*] STARTING NEW DOMAIN: https://rlp.moulvibazar.gov.bd
==================================================
[+] Domain exhausted. Finishing up: https://rlp.moulvibazar.gov.bd
==================================================
[*] STARTING NEW DOMAIN: https://deo.kishoreganjsadar.kishoreganj.gov.bd
==================================================
[+] Domain exhausted. Finishing up: https://deo.kishoreganjsadar.kishoreganj.gov.bd
==================================================
[*] STARTING NEW DOMAIN: https://deo.muradnagar.comilla.gov.bd
==================================================
[+] Domain exhausted. Finishing up: https://deo.muradnagar.comilla.gov.bd
==================================================
[*] STARTING NEW DOMAIN: http://deb107963.dhakaeducationboard.gov.bd
==================================================
[+] Domain exhausted. Finishing up: http://deb107963.dhakaeducationboard.gov.bd
==================================================
[*] STARTING NEW DOMAIN: https://townsreepursecondaryschool.jessoreboard.gov.bd
==================================================
[+] Domain exhausted. Finishing up: https://townsreepursecondaryschool.jessoreboard.gov.bd
==================================================
[*] STARTING NEW DOMAIN: http://dss.bogra.gov.bd
==================================================
[+] Domain exhausted. Finishing up: http://dss.bogra.gov.bd
==================================================
[*] STARTING NEW DOMAIN: https://dgfp.gov.bd
==================================================
[+] Domain exhausted. Finishing up: https://dgfp.gov.bd
==================================================
[*] STARTING NEW DOMAIN: https://dgda.mymensinghdiv.gov.bd
==================================================
[+] Domain exhausted. Finishing up: https://dgda.mymensinghdiv.gov.bd
==================================================
[*] STARTING NEW DOMAIN: https://dife.comilla.gov.bd
==================================================
[+] Domain exhausted. Finishing up: https://dife.comilla.gov.bd
==================================================
[*] STARTING NEW DOMAIN: https://smbadc.rangpur.gov.bd
==================================================
[+] Domain exhausted. Finishing up: https://smbadc.rangpur.gov.bd
==================================================
[*] STARTING NEW DOMAIN: https://singheshwarup.mymensingh.gov.bd
==================================================
[+] Domain exhausted. Finishing up: https://singheshwarup.mymensingh.gov.bd
==================================================
[*] STARTING NEW DOMAIN: https://sonakurgovtprimaryschool.jessoreboard.gov.bd
==================================================
[+] Domain exhausted. Finishing up: https://sonakurgovtprimaryschool.jessoreboard.gov.bd
==================================================
[*] STARTING NEW DOMAIN: https://rms.plandiv.gov.bd
==================================================
[+] Domain exhausted. Finishing up: https://rms.plandiv.gov.bd
==================================================
[*] STARTING NEW DOMAIN: https://bbs.belkuchi.sirajganj.gov.bd
==================================================
[+] Domain exhausted. Finishing up: https://bbs.belkuchi.sirajganj.gov.bd
==================================================
[*] STARTING NEW DOMAIN: https://sr.gosairhat.shariatpur.gov.bd
==================================================
[+] Domain exhausted. Finishing up: https://sr.gosairhat.shariatpur.gov.bd
==================================================
[*] STARTING NEW DOMAIN: https://dls.comilla.gov.bd
==================================================
[+] Domain exhausted. Finishing up: https://dls.comilla.gov.bd
==================================================
[*] STARTING NEW DOMAIN: https://sr.phulpur.mymensingh.gov.bd
==================================================
[+] Domain exhausted. Finishing up: https://sr.phulpur.mymensingh.gov.bd
==================================================
[*] STARTING NEW DOMAIN: https://sr.shyamnagar.satkhira.gov.bd
==================================================
[+] Domain exhausted. Finishing up: https://sr.shyamnagar.satkhira.gov.bd
==================================================
[*] STARTING NEW DOMAIN: https://dls.gobindaganj.gaibandha.gov.bd
==================================================
[+] Domain exhausted. Finishing up: https://dls.gobindaganj.gaibandha.gov.bd
==================================================
[*] STARTING NEW DOMAIN: https://acl.nalitabari.sherpur.gov.bd
==================================================
[+] Domain exhausted. Finishing up: https://acl.nalitabari.sherpur.gov.bd
==================================================
[*] STARTING NEW DOMAIN: https://dls.nilphamari.gov.bd
==================================================
[+] Domain exhausted. Finishing up: https://dls.nilphamari.gov.bd
==================================================
[*] STARTING NEW DOMAIN: https://fulsutiup.faridpur.gov.bd
==================================================
[+] Domain exhausted. Finishing up: https://fulsutiup.faridpur.gov.bd
==================================================
[*] STARTING NEW DOMAIN: https://dnc.brahmanbaria.gov.bd
==================================================
[+] Domain exhausted. Finishing up: https://dnc.brahmanbaria.gov.bd
==================================================
[*] STARTING NEW DOMAIN: https://dls.tangail.gov.bd
==================================================
[+] Domain exhausted. Finishing up: https://dls.tangail.gov.bd
==================================================
[*] STARTING NEW DOMAIN: https://mohakaliup.munshiganj.gov.bd
==================================================
[+] Domain exhausted. Finishing up: https://mohakaliup.munshiganj.gov.bd
==================================================
[*] STARTING NEW DOMAIN: https://ncse.portal.gov.bd
==================================================
[+] Domain exhausted. Finishing up: https://ncse.portal.gov.bd
==================================================
[*] STARTING NEW DOMAIN: https://doe.sherpur.gov.bd
==================================================
[+] Domain exhausted. Finishing up: https://doe.sherpur.gov.bd
==================================================
[*] STARTING NEW DOMAIN: https://doe.gov.bd
==================================================
[+] Domain exhausted. Finishing up: https://doe.gov.bd
==================================================
[*] STARTING NEW DOMAIN: https://urc.kamalnagar.lakshmipur.gov.bd
==================================================
[+] Domain exhausted. Finishing up: https://urc.kamalnagar.lakshmipur.gov.bd
==================================================
[*] STARTING NEW DOMAIN: https://nilmrc.gov.bd
==================================================
[+] Domain exhausted. Finishing up: https://nilmrc.gov.bd
==================================================
[*] STARTING NEW DOMAIN: https://doict.hizla.barisal.gov.bd
==================================================
[+] Domain exhausted. Finishing up: https://doict.hizla.barisal.gov.bd
==================================================
[*] STARTING NEW DOMAIN: https://sports.pabna.gov.bd
==================================================
[+] Domain exhausted. Finishing up: https://sports.pabna.gov.bd
==================================================
[*] STARTING NEW DOMAIN: https://brdb.jaintiapur.sylhet.gov.bd
==================================================
[+] Domain exhausted. Finishing up: https://brdb.jaintiapur.sylhet.gov.bd
==================================================
[*] STARTING NEW DOMAIN: https://samakalsecondarybidyapith.jessoreboard.gov.bd
==================================================
[+] Domain exhausted. Finishing up: https://samakalsecondarybidyapith.jessoreboard.gov.bd
==================================================
[*] STARTING NEW DOMAIN: https://doict.shalikha.magura.gov.bd
==================================================
[+] Domain exhausted. Finishing up: https://doict.shalikha.magura.gov.bd
==================================================
[*] STARTING NEW DOMAIN: https://urc.sadar.coxsbazar.gov.bd
==================================================
[+] Domain exhausted. Finishing up: https://urc.sadar.coxsbazar.gov.bd
==================================================
[*] STARTING NEW DOMAIN: https://dojtestinglab.dhaka.gov.bd
==================================================
[+] Domain exhausted. Finishing up: https://dojtestinglab.dhaka.gov.bd
==================================================
[*] STARTING NEW DOMAIN: https://tax.bandarban.gov.bd
==================================================
[+] Domain exhausted. Finishing up: https://tax.bandarban.gov.bd
==================================================
[*] STARTING NEW DOMAIN: https://lged.sarankhola.bagerhat.gov.bd
==================================================
[+] Domain exhausted. Finishing up: https://lged.sarankhola.bagerhat.gov.bd
==================================================
[*] STARTING NEW DOMAIN: https://bhb.kalihati.tangail.gov.bd
==================================================
[+] Domain exhausted. Finishing up: https://bhb.kalihati.tangail.gov.bd
==================================================
[*] STARTING NEW DOMAIN: https://dpe.mohammadpur.magura.gov.bd
==================================================
[+] Domain exhausted. Finishing up: https://dpe.mohammadpur.magura.gov.bd
==================================================
[*] STARTING NEW DOMAIN: https://dphe.kotalipara.gopalganj.gov.bd
==================================================
[+] Domain exhausted. Finishing up: https://dphe.kotalipara.gopalganj.gov.bd
==================================================
[*] STARTING NEW DOMAIN: https://pakshiasecondaryschool.jessoreboard.gov.bd
==================================================
[+] Domain exhausted. Finishing up: https://pakshiasecondaryschool.jessoreboard.gov.bd
==================================================
[*] STARTING NEW DOMAIN: https://dphe.koyra.khulna.gov.bd
==================================================
[+] Domain exhausted. Finishing up: https://dphe.koyra.khulna.gov.bd
==================================================
[*] STARTING NEW DOMAIN: https://dphe.manda.naogaon.gov.bd
==================================================
[+] Domain exhausted. Finishing up: https://dphe.manda.naogaon.gov.bd
==================================================
[*] STARTING NEW DOMAIN: https://bbs.bancharampur.brahmanbaria.gov.bd
==================================================
[+] Domain exhausted. Finishing up: https://bbs.bancharampur.brahmanbaria.gov.bd
==================================================
[*] STARTING NEW DOMAIN: https://brdb.bhaluka.mymensingh.gov.bd
==================================================
[+] Domain exhausted. Finishing up: https://brdb.bhaluka.mymensingh.gov.bd
==================================================
[*] STARTING NEW DOMAIN: https://brdb.akhaura.brahmanbaria.gov.bd
==================================================
[+] Domain exhausted. Finishing up: https://brdb.akhaura.brahmanbaria.gov.bd
==================================================
[*] STARTING NEW DOMAIN: https://bsti.jashore.gov.bd
==================================================
[+] Domain exhausted. Finishing up: https://bsti.jashore.gov.bd
==================================================
[*] STARTING NEW DOMAIN: https://dshe.brahmanpara.comilla.gov.bd
==================================================
[+] Domain exhausted. Finishing up: https://dshe.brahmanpara.comilla.gov.bd
==================================================
[*] STARTING NEW DOMAIN: https://btcl.kazipur.sirajganj.gov.bd
==================================================
[+] Domain exhausted. Finishing up: https://btcl.kazipur.sirajganj.gov.bd
==================================================
[*] STARTING NEW DOMAIN: https://bwdb.netrokona.gov.bd
==================================================
[+] Domain exhausted. Finishing up: https://bwdb.netrokona.gov.bd
==================================================
[*] STARTING NEW DOMAIN: https://dss.fenchuganj.sylhet.gov.bd
==================================================
[+] Domain exhausted. Finishing up: https://dss.fenchuganj.sylhet.gov.bd
==================================================
[*] STARTING NEW DOMAIN: https://dss.porsha.naogaon.gov.bd
==================================================
[+] Domain exhausted. Finishing up: https://dss.porsha.naogaon.gov.bd
==================================================
[*] STARTING NEW DOMAIN: https://dss.muladi.barisal.gov.bd
==================================================
[+] Domain exhausted. Finishing up: https://dss.muladi.barisal.gov.bd
==================================================
[*] STARTING NEW DOMAIN: https://dswl.gov.bd
==================================================
[+] Domain exhausted. Finishing up: https://dswl.gov.bd
==================================================
[*] STARTING NEW DOMAIN: https://dudsharabdussobhanjoardarjuniorhighschool.jessoreboard.gov.bd
==================================================
[+] Domain exhausted. Finishing up: https://dudsharabdussobhanjoardarjuniorhighschool.jessoreboard.gov.bd
==================================================
[*] STARTING NEW DOMAIN: https://chandina.comillalg.gov.bd
==================================================
[+] Domain exhausted. Finishing up: https://chandina.comillalg.gov.bd
==================================================
[*] STARTING NEW DOMAIN: https://dwa.raipura.narsingdi.gov.bd
==================================================
[+] Domain exhausted. Finishing up: https://dwa.raipura.narsingdi.gov.bd
==================================================
[*] STARTING NEW DOMAIN: https://dwa.sadar.faridpur.gov.bd
==================================================
[+] Domain exhausted. Finishing up: https://dwa.sadar.faridpur.gov.bd
==================================================
[*] STARTING NEW DOMAIN: https://youth.patiya.chittagong.gov.bd
==================================================
[+] Domain exhausted. Finishing up: https://youth.patiya.chittagong.gov.bd
==================================================
[*] STARTING NEW DOMAIN: https://ebek.juri.moulvibazar.gov.bd
==================================================
[+] Domain exhausted. Finishing up: https://ebek.juri.moulvibazar.gov.bd
==================================================
[*] STARTING NEW DOMAIN: https://ec.birampur.dinajpur.gov.bd
==================================================
[+] Domain exhausted. Finishing up: https://ec.birampur.dinajpur.gov.bd
==================================================
[*] STARTING NEW DOMAIN: https://ec.dinajpursadar.dinajpur.gov.bd
==================================================
[+] Domain exhausted. Finishing up: https://ec.dinajpursadar.dinajpur.gov.bd
==================================================
[*] STARTING NEW DOMAIN: https://ec.mathbaria.pirojpur.gov.bd
==================================================
[+] Domain exhausted. Finishing up: https://ec.mathbaria.pirojpur.gov.bd
==================================================
[*] STARTING NEW DOMAIN: https://ec.sirajdikhan.munshiganj.gov.bd
==================================================
[+] Domain exhausted. Finishing up: https://ec.sirajdikhan.munshiganj.gov.bd
==================================================
[*] STARTING NEW DOMAIN: https://ec.nilphamarisadar.nilphamari.gov.bd
==================================================
[+] Domain exhausted. Finishing up: https://ec.nilphamarisadar.nilphamari.gov.bd
==================================================
[*] STARTING NEW DOMAIN: https://ec.sundarganj.gaibandha.gov.bd
==================================================
[+] Domain exhausted. Finishing up: https://ec.sundarganj.gaibandha.gov.bd
==================================================
[*] STARTING NEW DOMAIN: https://eed.kotalipara.gopalganj.gov.bd
==================================================
[+] Domain exhausted. Finishing up: https://eed.kotalipara.gopalganj.gov.bd
==================================================
[*] STARTING NEW DOMAIN: https://eo.chhagalnaiya.feni.gov.bd
==================================================
[+] Domain exhausted. Finishing up: https://eo.chhagalnaiya.feni.gov.bd
==================================================
[*] STARTING NEW DOMAIN: https://charmandaliaup.narsingdi.gov.bd
==================================================
[+] Domain exhausted. Finishing up: https://charmandaliaup.narsingdi.gov.bd
==================================================
[*] STARTING NEW DOMAIN: https://urc.monohardi.narsingdi.gov.bd
==================================================
[+] Domain exhausted. Finishing up: https://urc.monohardi.narsingdi.gov.bd
==================================================
[*] STARTING NEW DOMAIN: https://file.mofa.gov.bd
==================================================
[+] Domain exhausted. Finishing up: https://file.mofa.gov.bd
==================================================
[*] STARTING NEW DOMAIN: https://urc.sadullapur.gaibandha.gov.bd
==================================================
[+] Domain exhausted. Finishing up: https://urc.sadullapur.gaibandha.gov.bd
==================================================
[*] STARTING NEW DOMAIN: http://apps.terbb.gov.bd
==================================================
[+] Domain exhausted. Finishing up: http://apps.terbb.gov.bd
==================================================
[*] STARTING NEW DOMAIN: https://fireservice.pekua.coxsbazar.gov.bd
==================================================
[+] Domain exhausted. Finishing up: https://fireservice.pekua.coxsbazar.gov.bd
==================================================
[*] STARTING NEW DOMAIN: https://fisheries.bhola.gov.bd
==================================================
[+] Domain exhausted. Finishing up: https://fisheries.bhola.gov.bd
==================================================
[*] STARTING NEW DOMAIN: https://youth.gopalpur.tangail.gov.bd
==================================================
[+] Domain exhausted. Finishing up: https://youth.gopalpur.tangail.gov.bd
==================================================
[*] STARTING NEW DOMAIN: https://youth.harinakundu.jhenaidah.gov.bd
==================================================
[+] Domain exhausted. Finishing up: https://youth.harinakundu.jhenaidah.gov.bd
==================================================
[*] STARTING NEW DOMAIN: https://fisheries.sadar.pirojpur.gov.bd
==================================================
[+] Domain exhausted. Finishing up: https://fisheries.sadar.pirojpur.gov.bd
==================================================
[*] STARTING NEW DOMAIN: http://deb107968.dhakaeducationboard.gov.bd
==================================================
[+] Domain exhausted. Finishing up: http://deb107968.dhakaeducationboard.gov.bd
==================================================
[*] STARTING NEW DOMAIN: https://food.coxsbazar.gov.bd
==================================================
[+] Domain exhausted. Finishing up: https://food.coxsbazar.gov.bd
==================================================
[*] STARTING NEW DOMAIN: https://food.chilmari.kurigram.gov.bd
==================================================
[+] Domain exhausted. Finishing up: https://food.chilmari.kurigram.gov.bd
==================================================
[*] STARTING NEW DOMAIN: https://food.ghatail.tangail.gov.bd
==================================================
[+] Domain exhausted. Finishing up: https://food.ghatail.tangail.gov.bd
==================================================
[*] STARTING NEW DOMAIN: https://food.dinajpur.gov.bd
==================================================
[+] Domain exhausted. Finishing up: https://food.dinajpur.gov.bd
==================================================
[*] STARTING NEW DOMAIN: https://food.saghata.gaibandha.gov.bd
==================================================
[+] Domain exhausted. Finishing up: https://food.saghata.gaibandha.gov.bd
==================================================
[*] STARTING NEW DOMAIN: https://food.rangpur.gov.bd
==================================================
[+] Domain exhausted. Finishing up: https://food.rangpur.gov.bd
==================================================
[*] STARTING NEW DOMAIN: https://forest.lohagara.narail.gov.bd
==================================================
[+] Domain exhausted. Finishing up: https://forest.lohagara.narail.gov.bd
==================================================
[*] STARTING NEW DOMAIN: https://forest.noakhali.gov.bd
==================================================
[+] Domain exhausted. Finishing up: https://forest.noakhali.gov.bd
==================================================
[*] STARTING NEW DOMAIN: https://fpo.barisal.gov.bd
==================================================
[+] Domain exhausted. Finishing up: https://fpo.barisal.gov.bd
==================================================
[*] STARTING NEW DOMAIN: https://fpo.faridpur.gov.bd
==================================================
[+] Domain exhausted. Finishing up: https://fpo.faridpur.gov.bd
==================================================
[*] STARTING NEW DOMAIN: https://fpo.habiganjsadar.habiganj.gov.bd
==================================================
[+] Domain exhausted. Finishing up: https://fpo.habiganjsadar.habiganj.gov.bd
==================================================
[*] STARTING NEW DOMAIN: https://fsmf.sadar.munshiganj.gov.bd
==================================================
[+] Domain exhausted. Finishing up: https://fsmf.sadar.munshiganj.gov.bd
==================================================
[*] STARTING NEW DOMAIN: https://fribs.khulna.gov.bd
==================================================
[+] Domain exhausted. Finishing up: https://fribs.khulna.gov.bd
==================================================
[*] STARTING NEW DOMAIN: https://gfcf.rangpur.gov.bd
==================================================
[+] Domain exhausted. Finishing up: https://gfcf.rangpur.gov.bd
==================================================
[*] STARTING NEW DOMAIN: https://gai.polytech.gov.bd
==================================================
[+] Domain exhausted. Finishing up: https://gai.polytech.gov.bd
==================================================
[*] STARTING NEW DOMAIN: https://gholdaribazarsecondaryschool.jessoreboard.gov.bd
==================================================
[+] Domain exhausted. Finishing up: https://gholdaribazarsecondaryschool.jessoreboard.gov.bd
==================================================
[*] STARTING NEW DOMAIN: https://so.kaharol.dinajpur.gov.bd
==================================================
[+] Domain exhausted. Finishing up: https://so.kaharol.dinajpur.gov.bd
==================================================
[*] STARTING NEW DOMAIN: https://gujadiaup.kishoreganj.gov.bd
==================================================
[+] Domain exhausted. Finishing up: https://gujadiaup.kishoreganj.gov.bd
==================================================
[*] STARTING NEW DOMAIN: https://hc.kulaura.moulvibazar.gov.bd
==================================================
[+] Domain exhausted. Finishing up: https://hc.kulaura.moulvibazar.gov.bd
==================================================
[*] STARTING NEW DOMAIN: https://soamol.gaibandha.gov.bd
==================================================
[+] Domain exhausted. Finishing up: https://soamol.gaibandha.gov.bd
==================================================
[*] STARTING NEW DOMAIN: https://health.delduar.tangail.gov.bd
==================================================
[+] Domain exhausted. Finishing up: https://health.delduar.tangail.gov.bd
==================================================
[*] STARTING NEW DOMAIN: https://sports.chandpur.gov.bd
==================================================
[+] Domain exhausted. Finishing up: https://sports.chandpur.gov.bd
==================================================
[*] STARTING NEW DOMAIN: https://health.syedpur.nilphamari.gov.bd
==================================================
[+] Domain exhausted. Finishing up: https://health.syedpur.nilphamari.gov.bd
==================================================
[*] STARTING NEW DOMAIN: https://hss.kurigram.gov.bd
==================================================
[+] Domain exhausted. Finishing up: https://hss.kurigram.gov.bd
==================================================
[*] STARTING NEW DOMAIN: https://sprangpur.gov.bd
==================================================
[+] Domain exhausted. Finishing up: https://sprangpur.gov.bd
==================================================
[*] STARTING NEW DOMAIN: https://ichhapurup.lakshmipur.gov.bd
==================================================
[+] Domain exhausted. Finishing up: https://ichhapurup.lakshmipur.gov.bd
==================================================
[*] STARTING NEW DOMAIN: https://iht.barishal.gov.bd
==================================================
[+] Domain exhausted. Finishing up: https://iht.barishal.gov.bd
==================================================
[*] STARTING NEW DOMAIN: https://sr.iswarganj.mymensingh.gov.bd
==================================================
[+] Domain exhausted. Finishing up: https://sr.iswarganj.mymensingh.gov.bd
==================================================
[*] STARTING NEW DOMAIN: https://jamalpurup.joypurhat.gov.bd
==================================================
[+] Domain exhausted. Finishing up: https://jamalpurup.joypurhat.gov.bd
==================================================
[*] STARTING NEW DOMAIN: https://jashoreenglishschoolandcollegejesc.jessoreboard.gov.bd
==================================================
[+] Domain exhausted. Finishing up: https://jashoreenglishschoolandcollegejesc.jessoreboard.gov.bd
==================================================
[*] STARTING NEW DOMAIN: https://jmgsecodaryschool.jessoreboard.gov.bd
==================================================
[+] Domain exhausted. Finishing up: https://jmgsecodaryschool.jessoreboard.gov.bd
==================================================
[*] STARTING NEW DOMAIN: https://kaliganj.gazipur.gov.bd
==================================================
[+] Domain exhausted. Finishing up: https://kaliganj.gazipur.gov.bd
==================================================
[*] STARTING NEW DOMAIN: https://kaligangajuniorgirlshighschool.jessoreboard.gov.bd
==================================================
[+] Domain exhausted. Finishing up: https://kaligangajuniorgirlshighschool.jessoreboard.gov.bd
==================================================
[*] STARTING NEW DOMAIN: https://khajraup.satkhira.gov.bd
==================================================
[+] Domain exhausted. Finishing up: https://khajraup.satkhira.gov.bd
==================================================
[*] STARTING NEW DOMAIN: https://sspb.lakshmipur.gov.bd
==================================================
[+] Domain exhausted. Finishing up: https://sspb.lakshmipur.gov.bd
==================================================
[*] STARTING NEW DOMAIN: https://krishnalatasecondarygirlsschool.jessoreboard.gov.bd
==================================================
[+] Domain exhausted. Finishing up: https://krishnalatasecondarygirlsschool.jessoreboard.gov.bd
==================================================
[*] STARTING NEW DOMAIN: https://kutubpursecondaryschool.jessoreboard.gov.bd
==================================================
[+] Domain exhausted. Finishing up: https://kutubpursecondaryschool.jessoreboard.gov.bd
==================================================
[*] STARTING NEW DOMAIN: https://kuhalongup.bandarban.gov.bd
==================================================
[+] Domain exhausted. Finishing up: https://kuhalongup.bandarban.gov.bd
==================================================
[*] STARTING NEW DOMAIN: https://lgcrrpmis.lged.gov.bd
==================================================
[+] Domain exhausted. Finishing up: https://lgcrrpmis.lged.gov.bd
==================================================
[*] STARTING NEW DOMAIN: https://lged.haimchar.chandpur.gov.bd
==================================================
[+] Domain exhausted. Finishing up: https://lged.haimchar.chandpur.gov.bd
==================================================
[*] STARTING NEW DOMAIN: https://tax.bagerhat.gov.bd
==================================================
[+] Domain exhausted. Finishing up: https://tax.bagerhat.gov.bd
==================================================
[*] STARTING NEW DOMAIN: https://lged.kaliganj.jhenaidah.gov.bd
==================================================
[+] Domain exhausted. Finishing up: https://lged.kaliganj.jhenaidah.gov.bd
==================================================
[*] STARTING NEW DOMAIN: https://lged.pirganj.thakurgaon.gov.bd
==================================================
[+] Domain exhausted. Finishing up: https://lged.pirganj.thakurgaon.gov.bd
==================================================
[*] STARTING NEW DOMAIN: https://lutonbritishbangladeshihelpinghandjrschool.jessoreboard.gov.bd
==================================================
[+] Domain exhausted. Finishing up: https://lutonbritishbangladeshihelpinghandjrschool.jessoreboard.gov.bd
==================================================
[*] STARTING NEW DOMAIN: https://mail.biwtc.gov.bd
==================================================
[+] Domain exhausted. Finishing up: https://mail.biwtc.gov.bd
==================================================
[*] STARTING NEW DOMAIN: https://mail.bpsc.gov.bd
==================================================
[+] Domain exhausted. Finishing up: https://mail.bpsc.gov.bd
==================================================
[*] STARTING NEW DOMAIN: https://mail.bcsadminacademy.gov.bd
==================================================
[+] Domain exhausted. Finishing up: https://mail.bcsadminacademy.gov.bd
==================================================
[*] STARTING NEW DOMAIN: https://mail.minland.gov.bd
==================================================
[+] Domain exhausted. Finishing up: https://mail.minland.gov.bd
==================================================
[*] STARTING NEW DOMAIN: https://mail.tcb.gov.bd
==================================================
[+] Domain exhausted. Finishing up: https://mail.tcb.gov.bd
==================================================
[*] STARTING NEW DOMAIN: https://mail.vatintelligence.gov.bd
==================================================
[+] Domain exhausted. Finishing up: https://mail.vatintelligence.gov.bd
==================================================
[*] STARTING NEW DOMAIN: https://mcdsammilanihighschool.jessoreboard.gov.bd
==================================================
[+] Domain exhausted. Finishing up: https://mcdsammilanihighschool.jessoreboard.gov.bd
==================================================
[*] STARTING NEW DOMAIN: https://mofa.gov.bd
==================================================
[+] Domain exhausted. Finishing up: https://mofa.gov.bd
==================================================
[*] STARTING NEW DOMAIN: https://moedu.gov.bd
==================================================
[+] Domain exhausted. Finishing up: https://moedu.gov.bd
==================================================
[*] STARTING NEW DOMAIN: https://mymensinghsadar.mymensingh.gov.bd
==================================================
[+] Domain exhausted. Finishing up: https://mymensinghsadar.mymensingh.gov.bd
==================================================
[*] STARTING NEW DOMAIN: https://mowca.portal.gov.bd
==================================================
[+] Domain exhausted. Finishing up: https://mowca.portal.gov.bd
==================================================
[*] STARTING NEW DOMAIN: https://murakariup.habiganj.gov.bd
==================================================
[+] Domain exhausted. Finishing up: https://murakariup.habiganj.gov.bd
==================================================
[*] STARTING NEW DOMAIN: https://nariamunicipality.gov.bd
==================================================
[+] Domain exhausted. Finishing up: https://nariamunicipality.gov.bd
==================================================
[*] STARTING NEW DOMAIN: https://tscsapahar.naogaon.gov.bd
==================================================
[+] Domain exhausted. Finishing up: https://tscsapahar.naogaon.gov.bd
==================================================
[*] STARTING NEW DOMAIN: https://ngoab.gov.bd
==================================================
[+] Domain exhausted. Finishing up: https://ngoab.gov.bd
==================================================
[*] STARTING NEW DOMAIN: https://noakhaligmc.gov.bd
==================================================
[+] Domain exhausted. Finishing up: https://noakhaligmc.gov.bd
==================================================
[*] STARTING NEW DOMAIN: https://sr.shibpur.narsingdi.gov.bd
==================================================
[+] Domain exhausted. Finishing up: https://sr.shibpur.narsingdi.gov.bd
==================================================
[*] STARTING NEW DOMAIN: https://ofrd.pabna.gov.bd
==================================================
[+] Domain exhausted. Finishing up: https://ofrd.pabna.gov.bd
==================================================
[*] STARTING NEW DOMAIN: https://srdirl.patuakhali.gov.bd
==================================================
[+] Domain exhausted. Finishing up: https://srdirl.patuakhali.gov.bd
==================================================
[*] STARTING NEW DOMAIN: https://tepakhribariup.nilphamari.gov.bd
==================================================
[+] Domain exhausted. Finishing up: https://tepakhribariup.nilphamari.gov.bd
==================================================
[*] STARTING NEW DOMAIN: https://totthoapa.tahirpur.sunamganj.gov.bd
==================================================
[+] Domain exhausted. Finishing up: https://totthoapa.tahirpur.sunamganj.gov.bd
==================================================
[*] STARTING NEW DOMAIN: https://pio.shailkupa.jhenaidah.gov.bd
==================================================
[+] Domain exhausted. Finishing up: https://pio.shailkupa.jhenaidah.gov.bd
==================================================
[*] STARTING NEW DOMAIN: https://pio.netrokonasadar.netrokona.gov.bd
==================================================
[+] Domain exhausted. Finishing up: https://pio.netrokonasadar.netrokona.gov.bd
==================================================
[*] STARTING NEW DOMAIN: https://police.boalkhali.chittagong.gov.bd
==================================================
[+] Domain exhausted. Finishing up: https://police.boalkhali.chittagong.gov.bd
==================================================
[*] STARTING NEW DOMAIN: https://po.thakurgaon.gov.bd
==================================================
[+] Domain exhausted. Finishing up: https://po.thakurgaon.gov.bd
==================================================
[*] STARTING NEW DOMAIN: https://police.meherpursadar.meherpur.gov.bd
==================================================
[+] Domain exhausted. Finishing up: https://police.meherpursadar.meherpur.gov.bd
==================================================
[*] STARTING NEW DOMAIN: https://police.jessore.gov.bd
==================================================
[+] Domain exhausted. Finishing up: https://police.jessore.gov.bd
==================================================
[*] STARTING NEW DOMAIN: https://police.sujanagar.pabna.gov.bd
==================================================
[+] Domain exhausted. Finishing up: https://police.sujanagar.pabna.gov.bd
==================================================
[*] STARTING NEW DOMAIN: https://post.chilmari.kurigram.gov.bd
==================================================
[+] Domain exhausted. Finishing up: https://post.chilmari.kurigram.gov.bd
==================================================
[*] STARTING NEW DOMAIN: https://post.chitalmari.bagerhat.gov.bd
==================================================
[+] Domain exhausted. Finishing up: https://post.chitalmari.bagerhat.gov.bd
==================================================
[*] STARTING NEW DOMAIN: https://post.nageshwari.kurigram.gov.bd
==================================================
[+] Domain exhausted. Finishing up: https://post.nageshwari.kurigram.gov.bd
==================================================
[*] STARTING NEW DOMAIN: https://post.rupsha.khulna.gov.bd
==================================================
[+] Domain exhausted. Finishing up: https://post.rupsha.khulna.gov.bd
==================================================
[*] STARTING NEW DOMAIN: https://prison.dhaka.gov.bd
==================================================
[+] Domain exhausted. Finishing up: https://prison.dhaka.gov.bd
==================================================
[*] STARTING NEW DOMAIN: https://psosk.faridpur.gov.bd
==================================================
[+] Domain exhausted. Finishing up: https://psosk.faridpur.gov.bd
==================================================
[*] STARTING NEW DOMAIN: https://publiclibrary.chandpur.gov.bd
==================================================
[+] Domain exhausted. Finishing up: https://publiclibrary.chandpur.gov.bd
==================================================
[*] STARTING NEW DOMAIN: https://psoskjatrabari.dhaka.gov.bd
==================================================
[+] Domain exhausted. Finishing up: https://psoskjatrabari.dhaka.gov.bd
==================================================
[*] STARTING NEW DOMAIN: https://publiclibrary.sylhetdiv.gov.bd
==================================================
[+] Domain exhausted. Finishing up: https://publiclibrary.sylhetdiv.gov.bd
==================================================
[*] STARTING NEW DOMAIN: https://rabayakhatunmodeljuniorgirlshighschool.jessoreboard.gov.bd
==================================================
[+] Domain exhausted. Finishing up: https://rabayakhatunmodeljuniorgirlshighschool.jessoreboard.gov.bd
==================================================
[*] STARTING NEW DOMAIN: https://pwd.satkhira.gov.bd
==================================================
[+] Domain exhausted. Finishing up: https://pwd.satkhira.gov.bd
==================================================
[*] STARTING NEW DOMAIN: https://rathkholasecondaryschool.jessoreboard.gov.bd
==================================================
[+] Domain exhausted. Finishing up: https://rathkholasecondaryschool.jessoreboard.gov.bd
==================================================
[*] STARTING NEW DOMAIN: https://rangpur.polytech.gov.bd
==================================================
[+] Domain exhausted. Finishing up: https://rangpur.polytech.gov.bd
==================================================
[*] STARTING NEW DOMAIN: https://rlp.sadar.coxsbazar.gov.bd
==================================================
[+] Domain exhausted. Finishing up: https://rlp.sadar.coxsbazar.gov.bd
==================================================
[*] STARTING NEW DOMAIN: https://rmc.college.gov.bd
==================================================
[+] Domain exhausted. Finishing up: https://rmc.college.gov.bd
==================================================
[*] STARTING NEW DOMAIN: https://sadekpur.brahmanbaria.gov.bd
==================================================
[+] Domain exhausted. Finishing up: https://sadekpur.brahmanbaria.gov.bd
==================================================
[*] STARTING NEW DOMAIN: https://acl.dhanbari.tangail.gov.bd
==================================================
[+] Domain exhausted. Finishing up: https://acl.dhanbari.tangail.gov.bd
==================================================
[*] STARTING NEW DOMAIN: https://sao.kaptai.rangamati.gov.bd
==================================================
[+] Domain exhausted. Finishing up: https://sao.kaptai.rangamati.gov.bd
==================================================
[*] STARTING NEW DOMAIN: https://asu.derai.sunamganj.gov.bd
==================================================
[+] Domain exhausted. Finishing up: https://asu.derai.sunamganj.gov.bd
==================================================
[*] STARTING NEW DOMAIN: https://sindurnaup.lalmonirhat.gov.bd
==================================================
[+] Domain exhausted. Finishing up: https://sindurnaup.lalmonirhat.gov.bd
==================================================
[*] STARTING NEW DOMAIN: https://bcc.barisal.gov.bd
==================================================
[+] Domain exhausted. Finishing up: https://bcc.barisal.gov.bd
==================================================
[*] STARTING NEW DOMAIN: https://brdb.dhobaura.mymensingh.gov.bd
==================================================
[+] Domain exhausted. Finishing up: https://brdb.dhobaura.mymensingh.gov.bd
==================================================
[*] STARTING NEW DOMAIN: https://cevrajshahi.gov.bd
==================================================
[+] Domain exhausted. Finishing up: https://cevrajshahi.gov.bd
==================================================
[*] STARTING NEW DOMAIN: https://cooperative-belkuchi-sirajganj-d.nothi.gov.bd
==================================================
[+] Domain exhausted. Finishing up: https://cooperative-belkuchi-sirajganj-d.nothi.gov.bd
==================================================
[*] STARTING NEW DOMAIN: https://deb137098.dhakaeducationboard.gov.bd
==================================================
[+] Domain exhausted. Finishing up: https://deb137098.dhakaeducationboard.gov.bd
==================================================
[*] STARTING NEW DOMAIN: https://dpe.meherpur.gov.bd
==================================================
[+] Domain exhausted. Finishing up: https://dpe.meherpur.gov.bd
==================================================
[*] STARTING NEW DOMAIN: https://fpo.naria.shariatpur.gov.bd
==================================================
[+] Domain exhausted. Finishing up: https://fpo.naria.shariatpur.gov.bd
==================================================
[*] STARTING NEW DOMAIN: https://lged.muktagacha.mymensingh.gov.bd
==================================================
[+] Domain exhausted. Finishing up: https://lged.muktagacha.mymensingh.gov.bd
==================================================
[*] STARTING NEW DOMAIN: https://pozip.sharsha.jessore.gov.bd
==================================================
[+] Domain exhausted. Finishing up: https://pozip.sharsha.jessore.gov.bd
==================================================
[*] STARTING NEW DOMAIN: https://uitrce.jaintiapur.sylhet.gov.bd
==================================================
[+] Domain exhausted. Finishing up: https://uitrce.jaintiapur.sylhet.gov.bd
==================================================
[*] STARTING NEW DOMAIN: https://up.rowangchhari.bandarban.gov.bd
==================================================
[+] Domain exhausted. Finishing up: https://up.rowangchhari.bandarban.gov.bd
==================================================
[*] STARTING NEW DOMAIN: https://urc.godagari.rajshahi.gov.bd
==================================================
[+] Domain exhausted. Finishing up: https://urc.godagari.rajshahi.gov.bd
==================================================
[*] STARTING NEW DOMAIN: https://uzirpurgovtprimaryschool.jessoreboard.gov.bd
==================================================
[+] Domain exhausted. Finishing up: https://uzirpurgovtprimaryschool.jessoreboard.gov.bd
==================================================
[*] STARTING NEW DOMAIN: https://youth.badalgachi.naogaon.gov.bd
==================================================
[+] Domain exhausted. Finishing up: https://youth.badalgachi.naogaon.gov.bd
==================================================
[*] STARTING NEW DOMAIN: https://youth.charrajibpur.kurigram.gov.bd
==================================================
[+] Domain exhausted. Finishing up: https://youth.charrajibpur.kurigram.gov.bd
==================================================
[*] STARTING NEW DOMAIN: https://youth.kishoreganj.gov.bd
==================================================
[+] Domain exhausted. Finishing up: https://youth.kishoreganj.gov.bd
==================================================
[*] STARTING NEW DOMAIN: https://youth.sadar.lakshmipur.gov.bd
==================================================
[+] Domain exhausted. Finishing up: https://youth.sadar.lakshmipur.gov.bd
==================================================
[*] STARTING NEW DOMAIN: https://youth.ukhiya.coxsbazar.gov.bd
==================================================
[+] Domain exhausted. Finishing up: https://youth.ukhiya.coxsbazar.gov.bd
==================================================
[*] STARTING NEW DOMAIN: https://zso.birganj.dinajpur.gov.bd
==================================================
[+] Domain exhausted. Finishing up: https://zso.birganj.dinajpur.gov.bd
==================================================
[*] STARTING NEW DOMAIN: http://brdb.sadar.jhalakathi.gov.bd
==================================================
[+] Domain exhausted. Finishing up: http://brdb.sadar.jhalakathi.gov.bd
==================================================
[*] STARTING NEW DOMAIN: http://deb107967.dhakaeducationboard.gov.bd
==================================================
[+] Domain exhausted. Finishing up: http://deb107967.dhakaeducationboard.gov.bd
==================================================
[*] STARTING NEW DOMAIN: http://deb134221.dhakaeducationboard.gov.bd
==================================================
[+] Domain exhausted. Finishing up: http://deb134221.dhakaeducationboard.gov.bd
==================================================
[*] STARTING NEW DOMAIN: https://savings.magura.gov.bd
==================================================
[+] Domain exhausted. Finishing up: https://savings.magura.gov.bd
==================================================
[*] STARTING NEW DOMAIN: https://so.burichang.comilla.gov.bd
==================================================
[+] Domain exhausted. Finishing up: https://so.burichang.comilla.gov.bd
==================================================
[*] STARTING NEW DOMAIN: https://so.titas.comilla.gov.bd
==================================================
[+] Domain exhausted. Finishing up: https://so.titas.comilla.gov.bd
==================================================
[*] STARTING NEW DOMAIN: https://sports.kurigram.gov.bd
==================================================
[+] Domain exhausted. Finishing up: https://sports.kurigram.gov.bd
==================================================
[*] STARTING NEW DOMAIN: https://sr.daulatpur.kushtia.gov.bd
==================================================
[+] Domain exhausted. Finishing up: https://sr.daulatpur.kushtia.gov.bd
==================================================
[*] STARTING NEW DOMAIN: https://sr.monohargonj.comilla.gov.bd
==================================================
[+] Domain exhausted. Finishing up: https://sr.monohargonj.comilla.gov.bd
==================================================
[*] STARTING NEW DOMAIN: https://sr.ramgati.lakshmipur.gov.bd
==================================================
[+] Domain exhausted. Finishing up: https://sr.ramgati.lakshmipur.gov.bd
==================================================
[*] STARTING NEW DOMAIN: https://ssoh1.narayanganj.gov.bd
==================================================
[+] Domain exhausted. Finishing up: https://ssoh1.narayanganj.gov.bd
==================================================
[*] STARTING NEW DOMAIN: https://swarnadeepmahabidyalaya.jessoreboard.gov.bd
==================================================
[+] Domain exhausted. Finishing up: https://swarnadeepmahabidyalaya.jessoreboard.gov.bd
==================================================
[*] STARTING NEW DOMAIN: https://taranagarup.dhaka.gov.bd
==================================================
[+] Domain exhausted. Finishing up: https://taranagarup.dhaka.gov.bd
==================================================
[*] STARTING NEW DOMAIN: https://teletalk.gov.bd
==================================================
[+] Domain exhausted. Finishing up: https://teletalk.gov.bd
==================================================
[*] STARTING NEW DOMAIN: https://totthoapa.harirampur.manikganj.gov.bd
==================================================
[+] Domain exhausted. Finishing up: https://totthoapa.harirampur.manikganj.gov.bd
==================================================
[*] STARTING NEW DOMAIN: https://totthoapa.raninagar.naogaon.gov.bd
==================================================
[+] Domain exhausted. Finishing up: https://totthoapa.raninagar.naogaon.gov.bd
==================================================
[*] STARTING NEW DOMAIN: https://tsm.bsfic.gov.bd
==================================================
[+] Domain exhausted. Finishing up: https://tsm.bsfic.gov.bd
==================================================
[*] STARTING NEW DOMAIN: https://uitrce.baliakandi.rajbari.gov.bd
==================================================
[+] Domain exhausted. Finishing up: https://uitrce.baliakandi.rajbari.gov.bd
[*] All websites in the text file have been fully crawled! Shutting down.
