[*] Seeds loaded from data/crawled_alive_gov_bd_sites.txt.

🚀 Starting Domain-by-Domain Spider...

==================================================
[*] STARTING NEW DOMAIN: https://poglaup.netrokona.gov.bd
==================================================
[+] Domain exhausted. Finishing up: https://poglaup.netrokona.gov.bd
==================================================
[*] STARTING NEW DOMAIN: https://patuakhalittc.portal.gov.bd
==================================================
[+] Domain exhausted. Finishing up: https://patuakhalittc.portal.gov.bd
==================================================
[*] STARTING NEW DOMAIN: https://dgda.lakshmipur.gov.bd
==================================================
[+] Domain exhausted. Finishing up: https://dgda.lakshmipur.gov.bd
==================================================
[*] STARTING NEW DOMAIN: https://ec.kishoreganj.gov.bd
==================================================
[+] Domain exhausted. Finishing up: https://ec.kishoreganj.gov.bd
==================================================
[*] STARTING NEW DOMAIN: https://coop.kamalnagar.lakshmipur.gov.bd
==================================================
[+] Domain exhausted. Finishing up: https://coop.kamalnagar.lakshmipur.gov.bd
==================================================
[*] STARTING NEW DOMAIN: https://cooperative.pabna.gov.bd
==================================================
[+] Domain exhausted. Finishing up: https://cooperative.pabna.gov.bd
==================================================
[*] STARTING NEW DOMAIN: https://fisheries.sherpursadar.sherpur.gov.bd
==================================================
[+] Domain exhausted. Finishing up: https://fisheries.sherpursadar.sherpur.gov.bd
==================================================
[*] STARTING NEW DOMAIN: https://fireservice.dowarabazar.sunamganj.gov.bd
==================================================
[+] Domain exhausted. Finishing up: https://fireservice.dowarabazar.sunamganj.gov.bd
==================================================
[*] STARTING NEW DOMAIN: https://131655.ebmeb.gov.bd
==================================================
[+] Domain exhausted. Finishing up: https://131655.ebmeb.gov.bd
==================================================
[*] STARTING NEW DOMAIN: https://dao.bhola.gov.bd
==================================================
[+] Domain exhausted. Finishing up: https://dao.bhola.gov.bd
==================================================
[*] STARTING NEW DOMAIN: https://doj.bagerhat.gov.bd
==================================================
[+] Domain exhausted. Finishing up: https://doj.bagerhat.gov.bd
==================================================
[*] STARTING NEW DOMAIN: https://betagimunicipality.gov.bd
==================================================
[+] Domain exhausted. Finishing up: https://betagimunicipality.gov.bd
==================================================
[*] STARTING NEW DOMAIN: https://bnfe.gaibandha.gov.bd
==================================================
[+] Domain exhausted. Finishing up: https://bnfe.gaibandha.gov.bd
==================================================
[*] STARTING NEW DOMAIN: https://fisheries.shyamnagar.satkhira.gov.bd
==================================================
[+] Domain exhausted. Finishing up: https://fisheries.shyamnagar.satkhira.gov.bd
==================================================
[*] STARTING NEW DOMAIN: https://dr.lalmonirhat.gov.bd
==================================================
[+] Domain exhausted. Finishing up: https://dr.lalmonirhat.gov.bd
==================================================
[*] STARTING NEW DOMAIN: https://dao.zakiganj.sylhet.gov.bd
==================================================
[+] Domain exhausted. Finishing up: https://dao.zakiganj.sylhet.gov.bd
==================================================
[*] STARTING NEW DOMAIN: https://seo.santhia.pabna.gov.bd
==================================================
[+] Domain exhausted. Finishing up: https://seo.santhia.pabna.gov.bd
==================================================
[*] STARTING NEW DOMAIN: https://boliarpursecondaryschool.jessoreboard.gov.bd
==================================================
[+] Domain exhausted. Finishing up: https://boliarpursecondaryschool.jessoreboard.gov.bd
==================================================
[*] STARTING NEW DOMAIN: https://jms.feni.gov.bd
==================================================
[+] Domain exhausted. Finishing up: https://jms.feni.gov.bd
==================================================
[*] STARTING NEW DOMAIN: https://totthoapa.bauphal.patuakhali.gov.bd
==================================================
[+] Domain exhausted. Finishing up: https://totthoapa.bauphal.patuakhali.gov.bd
==================================================
[*] STARTING NEW DOMAIN: https://totthoapa.botiaghata.khulna.gov.bd
==================================================
[+] Domain exhausted. Finishing up: https://totthoapa.botiaghata.khulna.gov.bd
==================================================
[*] STARTING NEW DOMAIN: https://totthoapa.rowangchhari.bandarban.gov.bd
==================================================
[+] Domain exhausted. Finishing up: https://totthoapa.rowangchhari.bandarban.gov.bd
==================================================
[*] STARTING NEW DOMAIN: https://dwa.meherpursadar.meherpur.gov.bd
==================================================
[+] Domain exhausted. Finishing up: https://dwa.meherpursadar.meherpur.gov.bd
==================================================
[*] STARTING NEW DOMAIN: https://fisheries.anwara.chittagong.gov.bd
==================================================
[+] Domain exhausted. Finishing up: https://fisheries.anwara.chittagong.gov.bd
==================================================
[*] STARTING NEW DOMAIN: https://pathannagarup.feni.gov.bd
==================================================
[+] Domain exhausted. Finishing up: https://pathannagarup.feni.gov.bd
==================================================
[*] STARTING NEW DOMAIN: https://youth.burichang.comilla.gov.bd
==================================================
[+] Domain exhausted. Finishing up: https://youth.burichang.comilla.gov.bd
==================================================
[*] STARTING NEW DOMAIN: https://pbs.kalukhali.rajbari.gov.bd
==================================================
[+] Domain exhausted. Finishing up: https://pbs.kalukhali.rajbari.gov.bd
==================================================
[*] STARTING NEW DOMAIN: https://pbs.chuadanga.gov.bd
==================================================
[+] Domain exhausted. Finishing up: https://pbs.chuadanga.gov.bd
==================================================
[*] STARTING NEW DOMAIN: https://pdbf.bagatipara.natore.gov.bd
==================================================
[+] Domain exhausted. Finishing up: https://pdbf.bagatipara.natore.gov.bd
==================================================
[*] STARTING NEW DOMAIN: https://ehclb4th.portal.gov.bd
==================================================
[+] Domain exhausted. Finishing up: https://ehclb4th.portal.gov.bd
==================================================
[*] STARTING NEW DOMAIN: https://deo.nazirpur.pirojpur.gov.bd
==================================================
[+] Domain exhausted. Finishing up: https://deo.nazirpur.pirojpur.gov.bd
==================================================
[*] STARTING NEW DOMAIN: https://deb137643.dhakaeducationboard.gov.bd
==================================================
[+] Domain exhausted. Finishing up: https://deb137643.dhakaeducationboard.gov.bd
==================================================
[*] STARTING NEW DOMAIN: https://chargirishup.sirajganj.gov.bd
==================================================
[+] Domain exhausted. Finishing up: https://chargirishup.sirajganj.gov.bd
==================================================
[*] STARTING NEW DOMAIN: https://pdbf.shajahanpur.bogra.gov.bd
==================================================
[+] Domain exhausted. Finishing up: https://pdbf.shajahanpur.bogra.gov.bd
==================================================
[*] STARTING NEW DOMAIN: https://pio.hatia.noakhali.gov.bd
==================================================
[+] Domain exhausted. Finishing up: https://pio.hatia.noakhali.gov.bd
==================================================
[*] STARTING NEW DOMAIN: https://eo.begumganj.noakhali.gov.bd
==================================================
[+] Domain exhausted. Finishing up: https://eo.begumganj.noakhali.gov.bd
==================================================
[*] STARTING NEW DOMAIN: https://urc.keraniganj.dhaka.gov.bd
==================================================
[+] Domain exhausted. Finishing up: https://urc.keraniganj.dhaka.gov.bd
==================================================
[*] STARTING NEW DOMAIN: https://epzfireservice.nilphamarisadar.nilphamari.gov.bd
==================================================
[+] Domain exhausted. Finishing up: https://epzfireservice.nilphamarisadar.nilphamari.gov.bd
==================================================
[*] STARTING NEW DOMAIN: https://elmis.dgfp.gov.bd
==================================================
[+] Domain exhausted. Finishing up: https://elmis.dgfp.gov.bd
==================================================
[*] STARTING NEW DOMAIN: https://services.kda.gov.bd
==================================================
[+] Domain exhausted. Finishing up: https://services.kda.gov.bd
==================================================
[*] STARTING NEW DOMAIN: https://fireservice.gopalganj.gov.bd
==================================================
[+] Domain exhausted. Finishing up: https://fireservice.gopalganj.gov.bd
==================================================
[*] STARTING NEW DOMAIN: https://uttarnarayanpursecondaryschool.jessoreboard.gov.bd
==================================================
[+] Domain exhausted. Finishing up: https://uttarnarayanpursecondaryschool.jessoreboard.gov.bd
==================================================
[*] STARTING NEW DOMAIN: https://urc.bhurungamari.kurigram.gov.bd
==================================================
[+] Domain exhausted. Finishing up: https://urc.bhurungamari.kurigram.gov.bd
==================================================
[*] STARTING NEW DOMAIN: https://khanjahanalisecondaryschoolkhulnasadar.jessoreboard.gov.bd
==================================================
[+] Domain exhausted. Finishing up: https://khanjahanalisecondaryschoolkhulnasadar.jessoreboard.gov.bd
==================================================
[*] STARTING NEW DOMAIN: https://uttarbanshtalagovtprimaryschool.jessoreboard.gov.bd
==================================================
[+] Domain exhausted. Finishing up: https://uttarbanshtalagovtprimaryschool.jessoreboard.gov.bd
==================================================
[*] STARTING NEW DOMAIN: https://pozip.bera.pabna.gov.bd
==================================================
[+] Domain exhausted. Finishing up: https://pozip.bera.pabna.gov.bd
==================================================
[*] STARTING NEW DOMAIN: https://youth.singiar.manikganj.gov.bd
==================================================
[+] Domain exhausted. Finishing up: https://youth.singiar.manikganj.gov.bd
==================================================
[*] STARTING NEW DOMAIN: https://fpo.bholahat.chapainawabganj.gov.bd
==================================================
[+] Domain exhausted. Finishing up: https://fpo.bholahat.chapainawabganj.gov.bd
==================================================
[*] STARTING NEW DOMAIN: https://urc.sadar.shariatpur.gov.bd
==================================================
[+] Domain exhausted. Finishing up: https://urc.sadar.shariatpur.gov.bd
==================================================
[*] STARTING NEW DOMAIN: https://unitedacademypratapnagar.jessoreboard.gov.bd
==================================================
[+] Domain exhausted. Finishing up: https://unitedacademypratapnagar.jessoreboard.gov.bd
==================================================
[*] STARTING NEW DOMAIN: https://vojeshwarup.shariatpur.gov.bd
==================================================
[+] Domain exhausted. Finishing up: https://vojeshwarup.shariatpur.gov.bd
==================================================
[*] STARTING NEW DOMAIN: https://so.dashmina.patuakhali.gov.bd
==================================================
[+] Domain exhausted. Finishing up: https://so.dashmina.patuakhali.gov.bd
==================================================
[*] STARTING NEW DOMAIN: https://pozip.jibannagar.chuadanga.gov.bd
==================================================
[+] Domain exhausted. Finishing up: https://pozip.jibannagar.chuadanga.gov.bd
==================================================
[*] STARTING NEW DOMAIN: https://uitrce.zajira.shariatpur.gov.bd
==================================================
[+] Domain exhausted. Finishing up: https://uitrce.zajira.shariatpur.gov.bd
==================================================
[*] STARTING NEW DOMAIN: https://info.kurigram.gov.bd
==================================================
[+] Domain exhausted. Finishing up: https://info.kurigram.gov.bd
==================================================
[*] STARTING NEW DOMAIN: https://pdbf.chauddagram.comilla.gov.bd
==================================================
[+] Domain exhausted. Finishing up: https://pdbf.chauddagram.comilla.gov.bd
==================================================
[*] STARTING NEW DOMAIN: https://zso.sadar.noakhali.gov.bd
==================================================
[+] Domain exhausted. Finishing up: https://zso.sadar.noakhali.gov.bd
==================================================
[*] STARTING NEW DOMAIN: https://pio.mollahat.bagerhat.gov.bd
==================================================
[+] Domain exhausted. Finishing up: https://pio.mollahat.bagerhat.gov.bd
==================================================
[*] STARTING NEW DOMAIN: https://pio.nabinagar.brahmanbaria.gov.bd
==================================================
[+] Domain exhausted. Finishing up: https://pio.nabinagar.brahmanbaria.gov.bd
==================================================
[*] STARTING NEW DOMAIN: https://daic.rangamati.gov.bd
==================================================
[+] Domain exhausted. Finishing up: https://daic.rangamati.gov.bd
==================================================
[*] STARTING NEW DOMAIN: https://sports.feni.gov.bd
==================================================
[+] Domain exhausted. Finishing up: https://sports.feni.gov.bd
==================================================
[*] STARTING NEW DOMAIN: https://cooparative.gowainghat.sylhet.gov.bd
==================================================
[+] Domain exhausted. Finishing up: https://cooparative.gowainghat.sylhet.gov.bd
==================================================
[*] STARTING NEW DOMAIN: https://ansarvdp.pirgacha.rangpur.gov.bd
==================================================
[+] Domain exhausted. Finishing up: https://ansarvdp.pirgacha.rangpur.gov.bd
==================================================
[*] STARTING NEW DOMAIN: https://acl.fulgazi.feni.gov.bd
==================================================
[+] Domain exhausted. Finishing up: https://acl.fulgazi.feni.gov.bd
==================================================
[*] STARTING NEW DOMAIN: https://rsco.dhakadiv.gov.bd
==================================================
[+] Domain exhausted. Finishing up: https://rsco.dhakadiv.gov.bd
==================================================
[*] STARTING NEW DOMAIN: https://cooparative.kushtiasadar.kushtia.gov.bd
==================================================
[+] Domain exhausted. Finishing up: https://cooparative.kushtiasadar.kushtia.gov.bd
==================================================
[*] STARTING NEW DOMAIN: http://deb136988.dhakaeducationboard.gov.bd
==================================================
[+] Domain exhausted. Finishing up: http://deb136988.dhakaeducationboard.gov.bd
==================================================
[*] STARTING NEW DOMAIN: https://savings.mymensingh.gov.bd
==================================================
[+] Domain exhausted. Finishing up: https://savings.mymensingh.gov.bd
==================================================
[*] STARTING NEW DOMAIN: https://sadar.lalmonirhat.gov.bd
==================================================
[+] Domain exhausted. Finishing up: https://sadar.lalmonirhat.gov.bd
==================================================
[*] STARTING NEW DOMAIN: https://chitalmarihasinabegumsecondarygirlsschool.jessoreboard.gov.bd
==================================================
[+] Domain exhausted. Finishing up: https://chitalmarihasinabegumsecondarygirlsschool.jessoreboard.gov.bd
==================================================
[*] STARTING NEW DOMAIN: https://deb112020.dhakaeducationboard.gov.bd
==================================================
[+] Domain exhausted. Finishing up: https://deb112020.dhakaeducationboard.gov.bd
==================================================
[*] STARTING NEW DOMAIN: https://asiaup.chittagong.gov.bd
==================================================
[+] Domain exhausted. Finishing up: https://asiaup.chittagong.gov.bd
==================================================
[*] STARTING NEW DOMAIN: https://deb112901.dhakaeducationboard.gov.bd
==================================================
[+] Domain exhausted. Finishing up: https://deb112901.dhakaeducationboard.gov.bd
==================================================
[*] STARTING NEW DOMAIN: https://rebsouth.comilla.gov.bd
==================================================
[+] Domain exhausted. Finishing up: https://rebsouth.comilla.gov.bd
==================================================
[*] STARTING NEW DOMAIN: https://deb109326.dhakaeducationboard.gov.bd
==================================================
[+] Domain exhausted. Finishing up: https://deb109326.dhakaeducationboard.gov.bd
==================================================
[*] STARTING NEW DOMAIN: https://rajparaps.rmp.gov.bd
==================================================
[+] Domain exhausted. Finishing up: https://rajparaps.rmp.gov.bd
==================================================
[*] STARTING NEW DOMAIN: https://dam.sirajdikhan.munshiganj.gov.bd
==================================================
[+] Domain exhausted. Finishing up: https://dam.sirajdikhan.munshiganj.gov.bd
==================================================
[*] STARTING NEW DOMAIN: http://deb114506.dhakaeducationboard.gov.bd
==================================================
[+] Domain exhausted. Finishing up: http://deb114506.dhakaeducationboard.gov.bd
==================================================
[*] STARTING NEW DOMAIN: https://prison.barguna.gov.bd
==================================================
[+] Domain exhausted. Finishing up: https://prison.barguna.gov.bd
==================================================
[*] STARTING NEW DOMAIN: https://shapdariup.jamalpur.gov.bd
==================================================
[+] Domain exhausted. Finishing up: https://shapdariup.jamalpur.gov.bd
==================================================
[*] STARTING NEW DOMAIN: https://rpcl.gov.bd
==================================================
[+] Domain exhausted. Finishing up: https://rpcl.gov.bd
==================================================
[*] STARTING NEW DOMAIN: https://deb108293.dhakaeducationboard.gov.bd
==================================================
[+] Domain exhausted. Finishing up: https://deb108293.dhakaeducationboard.gov.bd
==================================================
[*] STARTING NEW DOMAIN: https://puruliaup.narail.gov.bd
==================================================
[+] Domain exhausted. Finishing up: https://puruliaup.narail.gov.bd
==================================================
[*] STARTING NEW DOMAIN: https://ec.baliadangi.thakurgaon.gov.bd
==================================================
[+] Domain exhausted. Finishing up: https://ec.baliadangi.thakurgaon.gov.bd
==================================================
[*] STARTING NEW DOMAIN: https://rtcmelandah.niport.gov.bd
==================================================
[+] Domain exhausted. Finishing up: https://rtcmelandah.niport.gov.bd
==================================================
[*] STARTING NEW DOMAIN: https://dss.chougachha.jessore.gov.bd
==================================================
[+] Domain exhausted. Finishing up: https://dss.chougachha.jessore.gov.bd
==================================================
[*] STARTING NEW DOMAIN: http://deb134225.dhakaeducationboard.gov.bd
==================================================
[+] Domain exhausted. Finishing up: http://deb134225.dhakaeducationboard.gov.bd
==================================================
[*] STARTING NEW DOMAIN: https://deb140348.dhakaeducationboard.gov.bd
==================================================
[+] Domain exhausted. Finishing up: https://deb140348.dhakaeducationboard.gov.bd
==================================================
[*] STARTING NEW DOMAIN: https://seo.moheshkhali.coxsbazar.gov.bd
==================================================
[+] Domain exhausted. Finishing up: https://seo.moheshkhali.coxsbazar.gov.bd
==================================================
[*] STARTING NEW DOMAIN: https://sadarsr.hathazari.chittagong.gov.bd
==================================================
[+] Domain exhausted. Finishing up: https://sadarsr.hathazari.chittagong.gov.bd
==================================================
[*] STARTING NEW DOMAIN: https://dwa.dhunot.bogra.gov.bd
==================================================
[+] Domain exhausted. Finishing up: https://dwa.dhunot.bogra.gov.bd
==================================================
[*] STARTING NEW DOMAIN: https://satkhira.gov.bd
==================================================
[+] Domain exhausted. Finishing up: https://satkhira.gov.bd
==================================================
[*] STARTING NEW DOMAIN: https://4nomandaup.naogaon.gov.bd
==================================================
[+] Domain exhausted. Finishing up: https://4nomandaup.naogaon.gov.bd
==================================================
[*] STARTING NEW DOMAIN: https://seo.chittagongdiv.gov.bd
==================================================
[+] Domain exhausted. Finishing up: https://seo.chittagongdiv.gov.bd
==================================================
[*] STARTING NEW DOMAIN: https://rtcdss.rajshahidiv.gov.bd
==================================================
[+] Domain exhausted. Finishing up: https://rtcdss.rajshahidiv.gov.bd
==================================================
[*] STARTING NEW DOMAIN: https://deb112782.dhakaeducationboard.gov.bd
==================================================
[+] Domain exhausted. Finishing up: https://deb112782.dhakaeducationboard.gov.bd
==================================================
[*] STARTING NEW DOMAIN: https://rampal.bagerhat.gov.bd
==================================================
[+] Domain exhausted. Finishing up: https://rampal.bagerhat.gov.bd
==================================================
[*] STARTING NEW DOMAIN: https://dss.barura.comilla.gov.bd
==================================================
[+] Domain exhausted. Finishing up: https://dss.barura.comilla.gov.bd
==================================================
[*] STARTING NEW DOMAIN: https://rtcgangni.niport.gov.bd
==================================================
[+] Domain exhausted. Finishing up: https://rtcgangni.niport.gov.bd
==================================================
[*] STARTING NEW DOMAIN: https://deb108469.dhakaeducationboard.gov.bd
==================================================
[+] Domain exhausted. Finishing up: https://deb108469.dhakaeducationboard.gov.bd
==================================================
[*] STARTING NEW DOMAIN: https://sarderabuhosencollege.jessoreboard.gov.bd
==================================================
[+] Domain exhausted. Finishing up: https://sarderabuhosencollege.jessoreboard.gov.bd
==================================================
[*] STARTING NEW DOMAIN: https://dss.bhata.gov.bd
==================================================
[+] Domain exhausted. Finishing up: https://dss.bhata.gov.bd
==================================================
[*] STARTING NEW DOMAIN: https://hfwc.sherpursadar.sherpur.gov.bd
==================================================
[+] Domain exhausted. Finishing up: https://hfwc.sherpursadar.sherpur.gov.bd
==================================================
[*] STARTING NEW DOMAIN: https://rda.rangpur.gov.bd
==================================================
[+] Domain exhausted. Finishing up: https://rda.rangpur.gov.bd
==================================================
[*] STARTING NEW DOMAIN: https://deb113110.dhakaeducationboard.gov.bd
==================================================
[+] Domain exhausted. Finishing up: https://deb113110.dhakaeducationboard.gov.bd
==================================================
[*] STARTING NEW DOMAIN: https://asu.dhanbari.tangail.gov.bd
==================================================
[+] Domain exhausted. Finishing up: https://asu.dhanbari.tangail.gov.bd
==================================================
[*] STARTING NEW DOMAIN: https://health.kutubdia.coxsbazar.gov.bd
==================================================
[+] Domain exhausted. Finishing up: https://health.kutubdia.coxsbazar.gov.bd
==================================================
[*] STARTING NEW DOMAIN: https://buraburi.panchagarh.gov.bd
==================================================
[+] Domain exhausted. Finishing up: https://buraburi.panchagarh.gov.bd
==================================================
[*] STARTING NEW DOMAIN: https://pbnpolice.louhajanj.munshiganj.gov.bd
==================================================
[+] Domain exhausted. Finishing up: https://pbnpolice.louhajanj.munshiganj.gov.bd
==================================================
[*] STARTING NEW DOMAIN: https://durgapurup.chittagong.gov.bd
==================================================
[+] Domain exhausted. Finishing up: https://durgapurup.chittagong.gov.bd
==================================================
[*] STARTING NEW DOMAIN: https://erp.icmab.gov.bd
==================================================
[+] Domain exhausted. Finishing up: https://erp.icmab.gov.bd
==================================================
[*] STARTING NEW DOMAIN: https://sfdf.gournadi.barisal.gov.bd
==================================================
[+] Domain exhausted. Finishing up: https://sfdf.gournadi.barisal.gov.bd
==================================================
[*] STARTING NEW DOMAIN: https://forestmpd.khulnadiv.gov.bd
==================================================
[+] Domain exhausted. Finishing up: https://forestmpd.khulnadiv.gov.bd
==================================================
[*] STARTING NEW DOMAIN: https://dae.raipura.narsingdi.gov.bd
==================================================
[+] Domain exhausted. Finishing up: https://dae.raipura.narsingdi.gov.bd
==================================================
[*] STARTING NEW DOMAIN: https://deb108456.dhakaeducationboard.gov.bd
==================================================
[+] Domain exhausted. Finishing up: https://deb108456.dhakaeducationboard.gov.bd
==================================================
[*] STARTING NEW DOMAIN: https://ansarvdp.nokla.sherpur.gov.bd
==================================================
[+] Domain exhausted. Finishing up: https://ansarvdp.nokla.sherpur.gov.bd
==================================================
[*] STARTING NEW DOMAIN: https://cou.portal.gov.bd
==================================================
[+] Domain exhausted. Finishing up: https://cou.portal.gov.bd
==================================================
[*] STARTING NEW DOMAIN: https://cooparative.chatmohar.pabna.gov.bd
==================================================
[+] Domain exhausted. Finishing up: https://cooparative.chatmohar.pabna.gov.bd
==================================================
[*] STARTING NEW DOMAIN: https://deb111593.dhakaeducationboard.gov.bd
==================================================
[+] Domain exhausted. Finishing up: https://deb111593.dhakaeducationboard.gov.bd
==================================================
[*] STARTING NEW DOMAIN: https://brdb.sadar.rangamati.gov.bd
==================================================
[+] Domain exhausted. Finishing up: https://brdb.sadar.rangamati.gov.bd
==================================================
[*] STARTING NEW DOMAIN: https://acl.tarail.kishoreganj.gov.bd
==================================================
[+] Domain exhausted. Finishing up: https://acl.tarail.kishoreganj.gov.bd
==================================================
[*] STARTING NEW DOMAIN: https://deb112030.dhakaeducationboard.gov.bd
==================================================
[+] Domain exhausted. Finishing up: https://deb112030.dhakaeducationboard.gov.bd
==================================================
[*] STARTING NEW DOMAIN: https://dss.chapainawabganjsadar.chapainawabganj.gov.bd
==================================================
[+] Domain exhausted. Finishing up: https://dss.chapainawabganjsadar.chapainawabganj.gov.bd
==================================================
[*] STARTING NEW DOMAIN: https://dao.moheshpur.jhenaidah.gov.bd
==================================================
[+] Domain exhausted. Finishing up: https://dao.moheshpur.jhenaidah.gov.bd
==================================================
[*] STARTING NEW DOMAIN: https://dss.gobindaganj.gaibandha.gov.bd
==================================================
[+] Domain exhausted. Finishing up: https://dss.gobindaganj.gaibandha.gov.bd
==================================================
[*] STARTING NEW DOMAIN: https://dss.santhia.pabna.gov.bd
==================================================
[+] Domain exhausted. Finishing up: https://dss.santhia.pabna.gov.bd
==================================================
[*] STARTING NEW DOMAIN: https://doj.narsingdi.gov.bd
==================================================
[+] Domain exhausted. Finishing up: https://doj.narsingdi.gov.bd
==================================================
[*] STARTING NEW DOMAIN: https://ec.parshuram.feni.gov.bd
==================================================
[+] Domain exhausted. Finishing up: https://ec.parshuram.feni.gov.bd
==================================================
[*] STARTING NEW DOMAIN: https://fpo.satkhirasadar.satkhira.gov.bd
==================================================
[+] Domain exhausted. Finishing up: https://fpo.satkhirasadar.satkhira.gov.bd
==================================================
[*] STARTING NEW DOMAIN: https://bbs.gangni.meherpur.gov.bd
==================================================
[+] Domain exhausted. Finishing up: https://bbs.gangni.meherpur.gov.bd
==================================================
[*] STARTING NEW DOMAIN: https://muktabanglacharipallisecondaryschool.jessoreboard.gov.bd
==================================================
[+] Domain exhausted. Finishing up: https://muktabanglacharipallisecondaryschool.jessoreboard.gov.bd
==================================================
[*] STARTING NEW DOMAIN: https://fpo.chandina.comilla.gov.bd
==================================================
[+] Domain exhausted. Finishing up: https://fpo.chandina.comilla.gov.bd
==================================================
[*] STARTING NEW DOMAIN: https://dae.jessore.gov.bd
==================================================
[+] Domain exhausted. Finishing up: https://dae.jessore.gov.bd
==================================================
[*] STARTING NEW DOMAIN: https://deb112032.dhakaeducationboard.gov.bd
==================================================
[+] Domain exhausted. Finishing up: https://deb112032.dhakaeducationboard.gov.bd
==================================================
[*] STARTING NEW DOMAIN: https://dss.tahirpur.sunamganj.gov.bd
==================================================
[+] Domain exhausted. Finishing up: https://dss.tahirpur.sunamganj.gov.bd
==================================================
[*] STARTING NEW DOMAIN: https://dae.sadar.sunamganj.gov.bd
==================================================
[+] Domain exhausted. Finishing up: https://dae.sadar.sunamganj.gov.bd
==================================================
[*] STARTING NEW DOMAIN: https://deb113973.dhakaeducationboard.gov.bd
==================================================
[+] Domain exhausted. Finishing up: https://deb113973.dhakaeducationboard.gov.bd
==================================================
[*] STARTING NEW DOMAIN: https://amarkhanaup.panchagarh.gov.bd
==================================================
[+] Domain exhausted. Finishing up: https://amarkhanaup.panchagarh.gov.bd
==================================================
[*] STARTING NEW DOMAIN: https://dao.burichang.comilla.gov.bd
==================================================
[+] Domain exhausted. Finishing up: https://dao.burichang.comilla.gov.bd
==================================================
[*] STARTING NEW DOMAIN: https://deb112327.dhakaeducationboard.gov.bd
==================================================
[+] Domain exhausted. Finishing up: https://deb112327.dhakaeducationboard.gov.bd
==================================================
[*] STARTING NEW DOMAIN: http://fpo.atwari.panchagarh.gov.bd
==================================================
[+] Domain exhausted. Finishing up: http://fpo.atwari.panchagarh.gov.bd
==================================================
[*] STARTING NEW DOMAIN: https://health.pirgacha.rangpur.gov.bd
==================================================
[+] Domain exhausted. Finishing up: https://health.pirgacha.rangpur.gov.bd
==================================================
[*] STARTING NEW DOMAIN: https://seo.gowainghat.sylhet.gov.bd
==================================================
[+] Domain exhausted. Finishing up: https://seo.gowainghat.sylhet.gov.bd
==================================================
[*] STARTING NEW DOMAIN: https://application.emis.gov.bd
==================================================
[+] Domain exhausted. Finishing up: https://application.emis.gov.bd
==================================================
[*] STARTING NEW DOMAIN: https://gandailup.sirajganj.gov.bd
==================================================
[+] Domain exhausted. Finishing up: https://gandailup.sirajganj.gov.bd
==================================================
[*] STARTING NEW DOMAIN: https://dao.nawabganj.dinajpur.gov.bd
==================================================
[+] Domain exhausted. Finishing up: https://dao.nawabganj.dinajpur.gov.bd
==================================================
[*] STARTING NEW DOMAIN: https://dvh.panchagarh.gov.bd
==================================================
[+] Domain exhausted. Finishing up: https://dvh.panchagarh.gov.bd
==================================================
[*] STARTING NEW DOMAIN: https://health.hakimpur.dinajpur.gov.bd
==================================================
[+] Domain exhausted. Finishing up: https://health.hakimpur.dinajpur.gov.bd
==================================================
[*] STARTING NEW DOMAIN: https://deb110807.dhakaeducationboard.gov.bd
==================================================
[+] Domain exhausted. Finishing up: https://deb110807.dhakaeducationboard.gov.bd
==================================================
[*] STARTING NEW DOMAIN: https://so.derai.sunamganj.gov.bd
==================================================
[+] Domain exhausted. Finishing up: https://so.derai.sunamganj.gov.bd
==================================================
[*] STARTING NEW DOMAIN: https://dss.southsunamganj.sunamganj.gov.bd
==================================================
[+] Domain exhausted. Finishing up: https://dss.southsunamganj.sunamganj.gov.bd
==================================================
[*] STARTING NEW DOMAIN: https://lged.barlekha.moulvibazar.gov.bd
==================================================
[+] Domain exhausted. Finishing up: https://lged.barlekha.moulvibazar.gov.bd
==================================================
[*] STARTING NEW DOMAIN: https://acc.jessore.gov.bd
==================================================
[+] Domain exhausted. Finishing up: https://acc.jessore.gov.bd
==================================================
[*] STARTING NEW DOMAIN: https://css.thakurgaon.gov.bd
==================================================
[+] Domain exhausted. Finishing up: https://css.thakurgaon.gov.bd
==================================================
[*] STARTING NEW DOMAIN: https://brdb.kalkini.madaripur.gov.bd
==================================================
[+] Domain exhausted. Finishing up: https://brdb.kalkini.madaripur.gov.bd
==================================================
[*] STARTING NEW DOMAIN: https://pdbf.kalihati.tangail.gov.bd
==================================================
[+] Domain exhausted. Finishing up: https://pdbf.kalihati.tangail.gov.bd
==================================================
[*] STARTING NEW DOMAIN: https://haripurup.thakurgaon.gov.bd
==================================================
[+] Domain exhausted. Finishing up: https://haripurup.thakurgaon.gov.bd
==================================================
[*] STARTING NEW DOMAIN: https://bmfatepur.moheshpur.jhenaidah.gov.bd
==================================================
[+] Domain exhausted. Finishing up: https://bmfatepur.moheshpur.jhenaidah.gov.bd
==================================================
[*] STARTING NEW DOMAIN: https://joymonirhatup.kurigram.gov.bd
==================================================
[+] Domain exhausted. Finishing up: https://joymonirhatup.kurigram.gov.bd
==================================================
[*] STARTING NEW DOMAIN: https://hris.mohfw.gov.bd
==================================================
[+] Domain exhausted. Finishing up: https://hris.mohfw.gov.bd
==================================================
[*] STARTING NEW DOMAIN: https://doga.portal.gov.bd
==================================================
[+] Domain exhausted. Finishing up: https://doga.portal.gov.bd
==================================================
[*] STARTING NEW DOMAIN: https://bjri.dinajpur.gov.bd
==================================================
[+] Domain exhausted. Finishing up: https://bjri.dinajpur.gov.bd
==================================================
[*] STARTING NEW DOMAIN: https://deb113687.dhakaeducationboard.gov.bd
==================================================
[+] Domain exhausted. Finishing up: https://deb113687.dhakaeducationboard.gov.bd
==================================================
[*] STARTING NEW DOMAIN: https://cooparative.lakhai.habiganj.gov.bd
==================================================
[+] Domain exhausted. Finishing up: https://cooparative.lakhai.habiganj.gov.bd
==================================================
[*] STARTING NEW DOMAIN: https://deb108869.dhakaeducationboard.gov.bd
==================================================
[+] Domain exhausted. Finishing up: https://deb108869.dhakaeducationboard.gov.bd
==================================================
[*] STARTING NEW DOMAIN: https://deb111043.dhakaeducationboard.gov.bd
==================================================
[+] Domain exhausted. Finishing up: https://deb111043.dhakaeducationboard.gov.bd
==================================================
[*] STARTING NEW DOMAIN: https://dwa.botiaghata.khulna.gov.bd
==================================================
[+] Domain exhausted. Finishing up: https://dwa.botiaghata.khulna.gov.bd
==================================================
[*] STARTING NEW DOMAIN: https://bbs.dinajpursadar.dinajpur.gov.bd
==================================================
[+] Domain exhausted. Finishing up: https://bbs.dinajpursadar.dinajpur.gov.bd
==================================================
[*] STARTING NEW DOMAIN: https://pbs.netrokona.gov.bd
==================================================
[+] Domain exhausted. Finishing up: https://pbs.netrokona.gov.bd
==================================================
[*] STARTING NEW DOMAIN: https://prison.barisaldiv.gov.bd
==================================================
[+] Domain exhausted. Finishing up: https://prison.barisaldiv.gov.bd
==================================================
[*] STARTING NEW DOMAIN: https://mokamup.comilla.gov.bd
==================================================
[+] Domain exhausted. Finishing up: https://mokamup.comilla.gov.bd
==================================================
[*] STARTING NEW DOMAIN: https://deb112663.dhakaeducationboard.gov.bd
==================================================
[+] Domain exhausted. Finishing up: https://deb112663.dhakaeducationboard.gov.bd
==================================================
[*] STARTING NEW DOMAIN: https://purandarpurmodelacademy.jessoreboard.gov.bd
==================================================
[+] Domain exhausted. Finishing up: https://purandarpurmodelacademy.jessoreboard.gov.bd
==================================================
[*] STARTING NEW DOMAIN: https://jagaswarsecondaryschool.jessoreboard.gov.bd
==================================================
[+] Domain exhausted. Finishing up: https://jagaswarsecondaryschool.jessoreboard.gov.bd
==================================================
[*] STARTING NEW DOMAIN: https://dshe.narail.gov.bd
==================================================
[+] Domain exhausted. Finishing up: https://dshe.narail.gov.bd
==================================================
[*] STARTING NEW DOMAIN: https://hfwc.meherpursadar.meherpur.gov.bd
==================================================
[+] Domain exhausted. Finishing up: https://hfwc.meherpursadar.meherpur.gov.bd
==================================================
[*] STARTING NEW DOMAIN: http://abuahmedsecondaryschool.jessoreboard.gov.bd
==================================================
[+] Domain exhausted. Finishing up: http://abuahmedsecondaryschool.jessoreboard.gov.bd
==================================================
[*] STARTING NEW DOMAIN: https://pduteaboard.portal.gov.bd
==================================================
[+] Domain exhausted. Finishing up: https://pduteaboard.portal.gov.bd
==================================================
[*] STARTING NEW DOMAIN: https://dumuriasecondaryschooltala.jessoreboard.gov.bd
==================================================
[+] Domain exhausted. Finishing up: https://dumuriasecondaryschooltala.jessoreboard.gov.bd
==================================================
[*] STARTING NEW DOMAIN: https://bbs.phulchari.gaibandha.gov.bd
==================================================
[+] Domain exhausted. Finishing up: https://bbs.phulchari.gaibandha.gov.bd
==================================================
[*] STARTING NEW DOMAIN: https://doict.shayestaganj.habiganj.gov.bd
==================================================
[+] Domain exhausted. Finishing up: https://doict.shayestaganj.habiganj.gov.bd
==================================================
[*] STARTING NEW DOMAIN: https://aclpatenga.chittagong.gov.bd
==================================================
[+] Domain exhausted. Finishing up: https://aclpatenga.chittagong.gov.bd
==================================================
[*] STARTING NEW DOMAIN: https://deb139823.dhakaeducationboard.gov.bd
==================================================
[+] Domain exhausted. Finishing up: https://deb139823.dhakaeducationboard.gov.bd
==================================================
[*] STARTING NEW DOMAIN: https://deb110531.dhakaeducationboard.gov.bd
==================================================
[+] Domain exhausted. Finishing up: https://deb110531.dhakaeducationboard.gov.bd
==================================================
[*] STARTING NEW DOMAIN: https://shukundiup.narsingdi.gov.bd
==================================================
[+] Domain exhausted. Finishing up: https://shukundiup.narsingdi.gov.bd
==================================================
[*] STARTING NEW DOMAIN: https://deo.itna.kishoreganj.gov.bd
==================================================
[+] Domain exhausted. Finishing up: https://deo.itna.kishoreganj.gov.bd
==================================================
[*] STARTING NEW DOMAIN: https://dnc.rajbari.gov.bd
==================================================
[+] Domain exhausted. Finishing up: https://dnc.rajbari.gov.bd
==================================================
[*] STARTING NEW DOMAIN: https://health.mymensinghdiv.gov.bd
==================================================
[+] Domain exhausted. Finishing up: https://health.mymensinghdiv.gov.bd
==================================================
[*] STARTING NEW DOMAIN: https://deb140557.dhakaeducationboard.gov.bd
==================================================
[+] Domain exhausted. Finishing up: https://deb140557.dhakaeducationboard.gov.bd
==================================================
[*] STARTING NEW DOMAIN: https://dls.daudkandi.comilla.gov.bd
==================================================
[+] Domain exhausted. Finishing up: https://dls.daudkandi.comilla.gov.bd
==================================================
[*] STARTING NEW DOMAIN: https://forest.gomostapur.chapainawabganj.gov.bd
==================================================
[+] Domain exhausted. Finishing up: https://forest.gomostapur.chapainawabganj.gov.bd
==================================================
[*] STARTING NEW DOMAIN: https://doict.porsha.naogaon.gov.bd
==================================================
[+] Domain exhausted. Finishing up: https://doict.porsha.naogaon.gov.bd
==================================================
[*] STARTING NEW DOMAIN: https://ati.dhaka.gov.bd
==================================================
[+] Domain exhausted. Finishing up: https://ati.dhaka.gov.bd
==================================================
[*] STARTING NEW DOMAIN: https://dphe.domar.nilphamari.gov.bd
==================================================
[+] Domain exhausted. Finishing up: https://dphe.domar.nilphamari.gov.bd
==================================================
[*] STARTING NEW DOMAIN: https://deb114692.dhakaeducationboard.gov.bd
==================================================
[+] Domain exhausted. Finishing up: https://deb114692.dhakaeducationboard.gov.bd
==================================================
[*] STARTING NEW DOMAIN: https://dpe.rajbari.gov.bd
==================================================
[+] Domain exhausted. Finishing up: https://dpe.rajbari.gov.bd
==================================================
[*] STARTING NEW DOMAIN: https://dphe.bhandaria.pirojpur.gov.bd
==================================================
[+] Domain exhausted. Finishing up: https://dphe.bhandaria.pirojpur.gov.bd
==================================================
[*] STARTING NEW DOMAIN: https://pbs.chilmari.kurigram.gov.bd
==================================================
[+] Domain exhausted. Finishing up: https://pbs.chilmari.kurigram.gov.bd
==================================================
[*] STARTING NEW DOMAIN: https://dls.chauddagram.comilla.gov.bd
==================================================
[+] Domain exhausted. Finishing up: https://dls.chauddagram.comilla.gov.bd
==================================================
[*] STARTING NEW DOMAIN: https://doserp.dos.gov.bd
==================================================
[+] Domain exhausted. Finishing up: https://doserp.dos.gov.bd
==================================================
[*] STARTING NEW DOMAIN: https://deb113554.dhakaeducationboard.gov.bd
==================================================
[+] Domain exhausted. Finishing up: https://deb113554.dhakaeducationboard.gov.bd
==================================================
[*] STARTING NEW DOMAIN: https://doict.kawkhali.pirojpur.gov.bd
==================================================
[+] Domain exhausted. Finishing up: https://doict.kawkhali.pirojpur.gov.bd
==================================================
[*] STARTING NEW DOMAIN: https://adjute.faridpur.gov.bd
==================================================
[+] Domain exhausted. Finishing up: https://adjute.faridpur.gov.bd
==================================================
[*] STARTING NEW DOMAIN: https://acl.dighinala.khagrachhari.gov.bd
==================================================
[+] Domain exhausted. Finishing up: https://acl.dighinala.khagrachhari.gov.bd
==================================================
[*] STARTING NEW DOMAIN: https://dhumghatjuniorgirlsschool.jessoreboard.gov.bd
==================================================
[+] Domain exhausted. Finishing up: https://dhumghatjuniorgirlsschool.jessoreboard.gov.bd
==================================================
[*] STARTING NEW DOMAIN: https://doict.daganbhuiyan.feni.gov.bd
==================================================
[+] Domain exhausted. Finishing up: https://doict.daganbhuiyan.feni.gov.bd
==================================================
[*] STARTING NEW DOMAIN: https://shishuacademy.chandpur.gov.bd
==================================================
[+] Domain exhausted. Finishing up: https://shishuacademy.chandpur.gov.bd
==================================================
[*] STARTING NEW DOMAIN: https://pdbf.debhata.satkhira.gov.bd
==================================================
[+] Domain exhausted. Finishing up: https://pdbf.debhata.satkhira.gov.bd
==================================================
[*] STARTING NEW DOMAIN: https://dls.senbug.noakhali.gov.bd
==================================================
[+] Domain exhausted. Finishing up: https://dls.senbug.noakhali.gov.bd
==================================================
[*] STARTING NEW DOMAIN: https://bwdb.madaripur.gov.bd
==================================================
[+] Domain exhausted. Finishing up: https://bwdb.madaripur.gov.bd
==================================================
[*] STARTING NEW DOMAIN: https://deb113208.dhakaeducationboard.gov.bd
==================================================
[+] Domain exhausted. Finishing up: https://deb113208.dhakaeducationboard.gov.bd
==================================================
[*] STARTING NEW DOMAIN: https://dpe.chatmohar.pabna.gov.bd
==================================================
[+] Domain exhausted. Finishing up: https://dpe.chatmohar.pabna.gov.bd
==================================================
[*] STARTING NEW DOMAIN: https://deo.satkania.chittagong.gov.bd
==================================================
[+] Domain exhausted. Finishing up: https://deo.satkania.chittagong.gov.bd
==================================================
[*] STARTING NEW DOMAIN: https://eed.chapainawabganj.gov.bd
==================================================
[+] Domain exhausted. Finishing up: https://eed.chapainawabganj.gov.bd
==================================================
[*] STARTING NEW DOMAIN: https://berbarisecondaryschool.jessoreboard.gov.bd
==================================================
[+] Domain exhausted. Finishing up: https://berbarisecondaryschool.jessoreboard.gov.bd
==================================================
[*] STARTING NEW DOMAIN: https://dhakamatchindustriessecondaryschool.jessoreboard.gov.bd
==================================================
[+] Domain exhausted. Finishing up: https://dhakamatchindustriessecondaryschool.jessoreboard.gov.bd
==================================================
[*] STARTING NEW DOMAIN: https://dphe.bajitpur.kishoreganj.gov.bd
==================================================
[+] Domain exhausted. Finishing up: https://dphe.bajitpur.kishoreganj.gov.bd
==================================================
[*] STARTING NEW DOMAIN: https://deb138677.dhakaeducationboard.gov.bd
==================================================
[+] Domain exhausted. Finishing up: https://deb138677.dhakaeducationboard.gov.bd
==================================================
[*] STARTING NEW DOMAIN: https://deb131893.dhakaeducationboard.gov.bd
==================================================
[+] Domain exhausted. Finishing up: https://deb131893.dhakaeducationboard.gov.bd
==================================================
[*] STARTING NEW DOMAIN: https://deb110272.dhakaeducationboard.gov.bd
==================================================
[+] Domain exhausted. Finishing up: https://deb110272.dhakaeducationboard.gov.bd
==================================================
[*] STARTING NEW DOMAIN: https://pio.senbug.noakhali.gov.bd
==================================================
[+] Domain exhausted. Finishing up: https://pio.senbug.noakhali.gov.bd
==================================================
[*] STARTING NEW DOMAIN: https://deo.netrokonasadar.netrokona.gov.bd
==================================================
[+] Domain exhausted. Finishing up: https://deo.netrokonasadar.netrokona.gov.bd
==================================================
[*] STARTING NEW DOMAIN: https://bmda.chatmohar.pabna.gov.bd
==================================================
[+] Domain exhausted. Finishing up: https://bmda.chatmohar.pabna.gov.bd
==================================================
[*] STARTING NEW DOMAIN: https://deb112307.dhakaeducationboard.gov.bd
==================================================
[+] Domain exhausted. Finishing up: https://deb112307.dhakaeducationboard.gov.bd
==================================================
[*] STARTING NEW DOMAIN: https://dls.debhata.satkhira.gov.bd
==================================================
[+] Domain exhausted. Finishing up: https://dls.debhata.satkhira.gov.bd
==================================================
[*] STARTING NEW DOMAIN: https://bbs.kaptai.rangamati.gov.bd
==================================================
[+] Domain exhausted. Finishing up: https://bbs.kaptai.rangamati.gov.bd
==================================================
[*] STARTING NEW DOMAIN: https://deb113348.dhakaeducationboard.gov.bd
==================================================
[+] Domain exhausted. Finishing up: https://deb113348.dhakaeducationboard.gov.bd
==================================================
[*] STARTING NEW DOMAIN: https://deb137628.dhakaeducationboard.gov.bd
==================================================
[+] Domain exhausted. Finishing up: https://deb137628.dhakaeducationboard.gov.bd
==================================================
[*] STARTING NEW DOMAIN: https://deb133965.dhakaeducationboard.gov.bd
==================================================
[+] Domain exhausted. Finishing up: https://deb133965.dhakaeducationboard.gov.bd
==================================================
[*] STARTING NEW DOMAIN: https://apdiventry.supremecourt.gov.bd
==================================================
[+] Domain exhausted. Finishing up: https://apdiventry.supremecourt.gov.bd
==================================================
[*] STARTING NEW DOMAIN: https://deb136886.dhakaeducationboard.gov.bd
==================================================
[+] Domain exhausted. Finishing up: https://deb136886.dhakaeducationboard.gov.bd
==================================================
[*] STARTING NEW DOMAIN: https://doict.muradnagar.comilla.gov.bd
==================================================
[+] Domain exhausted. Finishing up: https://doict.muradnagar.comilla.gov.bd
==================================================
[*] STARTING NEW DOMAIN: https://acl.faridpur.pabna.gov.bd
==================================================
[+] Domain exhausted. Finishing up: https://acl.faridpur.pabna.gov.bd
==================================================
[*] STARTING NEW DOMAIN: https://deb136861.dhakaeducationboard.gov.bd
==================================================
[+] Domain exhausted. Finishing up: https://deb136861.dhakaeducationboard.gov.bd
==================================================
[*] STARTING NEW DOMAIN: https://dhoomup.chittagong.gov.bd
==================================================
[+] Domain exhausted. Finishing up: https://dhoomup.chittagong.gov.bd
==================================================
[*] STARTING NEW DOMAIN: https://birtan.rangpur.gov.bd
==================================================
[+] Domain exhausted. Finishing up: https://birtan.rangpur.gov.bd
==================================================
[*] STARTING NEW DOMAIN: https://doict.gafargaon.mymensingh.gov.bd
==================================================
[+] Domain exhausted. Finishing up: https://doict.gafargaon.mymensingh.gov.bd
==================================================
[*] STARTING NEW DOMAIN: https://brdb.keshabpur.jessore.gov.bd
==================================================
[+] Domain exhausted. Finishing up: https://brdb.keshabpur.jessore.gov.bd
==================================================
[*] STARTING NEW DOMAIN: https://dphe.bancharampur.brahmanbaria.gov.bd
==================================================
[+] Domain exhausted. Finishing up: https://dphe.bancharampur.brahmanbaria.gov.bd
==================================================
[*] STARTING NEW DOMAIN: https://deb114603.dhakaeducationboard.gov.bd
==================================================
[+] Domain exhausted. Finishing up: https://deb114603.dhakaeducationboard.gov.bd
==================================================
[*] STARTING NEW DOMAIN: https://doict.pirgacha.rangpur.gov.bd
==================================================
[+] Domain exhausted. Finishing up: https://doict.pirgacha.rangpur.gov.bd
==================================================
[*] STARTING NEW DOMAIN: https://doj.rangpur.gov.bd
==================================================
[+] Domain exhausted. Finishing up: https://doj.rangpur.gov.bd
==================================================
[*] STARTING NEW DOMAIN: https://acl.phulbari.kurigram.gov.bd
==================================================
[+] Domain exhausted. Finishing up: https://acl.phulbari.kurigram.gov.bd
==================================================
[*] STARTING NEW DOMAIN: https://sfdf.burichang.comilla.gov.bd
==================================================
[+] Domain exhausted. Finishing up: https://sfdf.burichang.comilla.gov.bd
==================================================
[*] STARTING NEW DOMAIN: https://aruaudayanbidyapith.jessoreboard.gov.bd
==================================================
[+] Domain exhausted. Finishing up: https://aruaudayanbidyapith.jessoreboard.gov.bd
==================================================
[*] STARTING NEW DOMAIN: https://fireservice.mathbaria.pirojpur.gov.bd
==================================================
[+] Domain exhausted. Finishing up: https://fireservice.mathbaria.pirojpur.gov.bd
==================================================
[*] STARTING NEW DOMAIN: https://dls.mongla.bagerhat.gov.bd
==================================================
[+] Domain exhausted. Finishing up: https://dls.mongla.bagerhat.gov.bd
==================================================
[*] STARTING NEW DOMAIN: https://choraustadharup.sherpur.gov.bd
==================================================
[+] Domain exhausted. Finishing up: https://choraustadharup.sherpur.gov.bd
==================================================
[*] STARTING NEW DOMAIN: https://rtcbetagi.niport.gov.bd
==================================================
[+] Domain exhausted. Finishing up: https://rtcbetagi.niport.gov.bd
==================================================
[*] STARTING NEW DOMAIN: https://deo.shariatpur.gov.bd
==================================================
[+] Domain exhausted. Finishing up: https://deo.shariatpur.gov.bd
==================================================
[*] STARTING NEW DOMAIN: https://dls.atrai.naogaon.gov.bd
==================================================
[+] Domain exhausted. Finishing up: https://dls.atrai.naogaon.gov.bd
==================================================
[*] STARTING NEW DOMAIN: https://bokhtapurup.chittagong.gov.bd
==================================================
[+] Domain exhausted. Finishing up: https://bokhtapurup.chittagong.gov.bd
==================================================
[*] STARTING NEW DOMAIN: https://deo.tarakanda.mymensingh.gov.bd
==================================================
[+] Domain exhausted. Finishing up: https://deo.tarakanda.mymensingh.gov.bd
==================================================
[*] STARTING NEW DOMAIN: https://deb135321.dhakaeducationboard.gov.bd
==================================================
[+] Domain exhausted. Finishing up: https://deb135321.dhakaeducationboard.gov.bd
==================================================
[*] STARTING NEW DOMAIN: https://doulatkhan.bhola.gov.bd
==================================================
[+] Domain exhausted. Finishing up: https://doulatkhan.bhola.gov.bd
==================================================
[*] STARTING NEW DOMAIN: https://deb136855.dhakaeducationboard.gov.bd
==================================================
[+] Domain exhausted. Finishing up: https://deb136855.dhakaeducationboard.gov.bd
==================================================
[*] STARTING NEW DOMAIN: https://doict.kishoreganj.gov.bd
==================================================
[+] Domain exhausted. Finishing up: https://doict.kishoreganj.gov.bd
==================================================
[*] STARTING NEW DOMAIN: https://blwf.portal.gov.bd
==================================================
[+] Domain exhausted. Finishing up: https://blwf.portal.gov.bd
==================================================
[*] STARTING NEW DOMAIN: https://deb114064.dhakaeducationboard.gov.bd
==================================================
[+] Domain exhausted. Finishing up: https://deb114064.dhakaeducationboard.gov.bd
==================================================
[*] STARTING NEW DOMAIN: https://dewbn.portal.gov.bd
==================================================
[+] Domain exhausted. Finishing up: https://dewbn.portal.gov.bd
==================================================
[*] STARTING NEW DOMAIN: https://deb135305.dhakaeducationboard.gov.bd
==================================================
[+] Domain exhausted. Finishing up: https://deb135305.dhakaeducationboard.gov.bd
==================================================
[*] STARTING NEW DOMAIN: https://lged.harinakundu.jhenaidah.gov.bd
==================================================
[+] Domain exhausted. Finishing up: https://lged.harinakundu.jhenaidah.gov.bd
==================================================
[*] STARTING NEW DOMAIN: https://deb131872.dhakaeducationboard.gov.bd
==================================================
[+] Domain exhausted. Finishing up: https://deb131872.dhakaeducationboard.gov.bd
==================================================
[*] STARTING NEW DOMAIN: https://deb138636.dhakaeducationboard.gov.bd
==================================================
[+] Domain exhausted. Finishing up: https://deb138636.dhakaeducationboard.gov.bd
==================================================
[*] STARTING NEW DOMAIN: https://bbs.shariakandi.bogra.gov.bd
==================================================
[+] Domain exhausted. Finishing up: https://bbs.shariakandi.bogra.gov.bd
==================================================
[*] STARTING NEW DOMAIN: https://shahporanpolice.sylhetsadar.sylhet.gov.bd
==================================================
[+] Domain exhausted. Finishing up: https://shahporanpolice.sylhetsadar.sylhet.gov.bd
==================================================
[*] STARTING NEW DOMAIN: https://doe.netrokona.gov.bd
==================================================
[+] Domain exhausted. Finishing up: https://doe.netrokona.gov.bd
==================================================
[*] STARTING NEW DOMAIN: https://deb134486.dhakaeducationboard.gov.bd
==================================================
[+] Domain exhausted. Finishing up: https://deb134486.dhakaeducationboard.gov.bd
==================================================
[*] STARTING NEW DOMAIN: https://dwa.nachol.chapainawabganj.gov.bd
==================================================
[+] Domain exhausted. Finishing up: https://dwa.nachol.chapainawabganj.gov.bd
==================================================
[*] STARTING NEW DOMAIN: https://deb136867.dhakaeducationboard.gov.bd
==================================================
[+] Domain exhausted. Finishing up: https://deb136867.dhakaeducationboard.gov.bd
==================================================
[*] STARTING NEW DOMAIN: https://haridasdi-mahendrodiup.madaripur.gov.bd
==================================================
[+] Domain exhausted. Finishing up: https://haridasdi-mahendrodiup.madaripur.gov.bd
==================================================
[*] STARTING NEW DOMAIN: https://ec.sadar.manikganj.gov.bd
==================================================
[+] Domain exhausted. Finishing up: https://ec.sadar.manikganj.gov.bd
==================================================
[*] STARTING NEW DOMAIN: https://doict.gajaria.munshiganj.gov.bd
==================================================
[+] Domain exhausted. Finishing up: https://doict.gajaria.munshiganj.gov.bd
==================================================
[*] STARTING NEW DOMAIN: https://dss.mirzaganj.patuakhali.gov.bd
==================================================
[+] Domain exhausted. Finishing up: https://dss.mirzaganj.patuakhali.gov.bd
==================================================
[*] STARTING NEW DOMAIN: https://cooperative.patgram.lalmonirhat.gov.bd
==================================================
[+] Domain exhausted. Finishing up: https://cooperative.patgram.lalmonirhat.gov.bd
==================================================
[*] STARTING NEW DOMAIN: https://bnfe.gov.bd
==================================================
[+] Domain exhausted. Finishing up: https://bnfe.gov.bd
==================================================
[*] STARTING NEW DOMAIN: https://deo.birampur.dinajpur.gov.bd
==================================================
[+] Domain exhausted. Finishing up: https://deo.birampur.dinajpur.gov.bd
==================================================
[*] STARTING NEW DOMAIN: https://dpe.daganbhuiyan.feni.gov.bd
==================================================
[+] Domain exhausted. Finishing up: https://dpe.daganbhuiyan.feni.gov.bd
==================================================
[*] STARTING NEW DOMAIN: https://dncc.portal.gov.bd
==================================================
[+] Domain exhausted. Finishing up: https://dncc.portal.gov.bd
==================================================
[*] STARTING NEW DOMAIN: https://bwdb.barguna.gov.bd
==================================================
[+] Domain exhausted. Finishing up: https://bwdb.barguna.gov.bd
==================================================
[*] STARTING NEW DOMAIN: https://pdbf.bhedarganj.shariatpur.gov.bd
==================================================
[+] Domain exhausted. Finishing up: https://pdbf.bhedarganj.shariatpur.gov.bd
==================================================
[*] STARTING NEW DOMAIN: https://deb111914.dhakaeducationboard.gov.bd
==================================================
[+] Domain exhausted. Finishing up: https://deb111914.dhakaeducationboard.gov.bd
==================================================
[*] STARTING NEW DOMAIN: https://deb108013.dhakaeducationboard.gov.bd
==================================================
[+] Domain exhausted. Finishing up: https://deb108013.dhakaeducationboard.gov.bd
==================================================
[*] STARTING NEW DOMAIN: https://cbctg.gov.bd
==================================================
[+] Domain exhausted. Finishing up: https://cbctg.gov.bd
==================================================
[*] STARTING NEW DOMAIN: https://deb113429.dhakaeducationboard.gov.bd
==================================================
[+] Domain exhausted. Finishing up: https://deb113429.dhakaeducationboard.gov.bd
==================================================
[*] STARTING NEW DOMAIN: https://bspc.debiganj.panchagarh.gov.bd
==================================================
[+] Domain exhausted. Finishing up: https://bspc.debiganj.panchagarh.gov.bd
==================================================
[*] STARTING NEW DOMAIN: https://deb114638.dhakaeducationboard.gov.bd
==================================================
[+] Domain exhausted. Finishing up: https://deb114638.dhakaeducationboard.gov.bd
==================================================
[*] STARTING NEW DOMAIN: https://sr.shibganj.chapainawabganj.gov.bd
==================================================
[+] Domain exhausted. Finishing up: https://sr.shibganj.chapainawabganj.gov.bd
==================================================
[*] STARTING NEW DOMAIN: https://bcsadminacademy.muktopaath.gov.bd
==================================================
[+] Domain exhausted. Finishing up: https://bcsadminacademy.muktopaath.gov.bd
==================================================
[*] STARTING NEW DOMAIN: https://dgda.moulvibazar.gov.bd
==================================================
[+] Domain exhausted. Finishing up: https://dgda.moulvibazar.gov.bd
==================================================
[*] STARTING NEW DOMAIN: https://deb110116.dhakaeducationboard.gov.bd
==================================================
[+] Domain exhausted. Finishing up: https://deb110116.dhakaeducationboard.gov.bd
==================================================
[*] STARTING NEW DOMAIN: https://ansarvdp.ashuganj.brahmanbaria.gov.bd
==================================================
[+] Domain exhausted. Finishing up: https://ansarvdp.ashuganj.brahmanbaria.gov.bd
==================================================
[*] STARTING NEW DOMAIN: https://jms.coxsbazar.gov.bd
==================================================
[+] Domain exhausted. Finishing up: https://jms.coxsbazar.gov.bd
==================================================
[*] STARTING NEW DOMAIN: https://post.tungipara.gopalganj.gov.bd
==================================================
[+] Domain exhausted. Finishing up: https://post.tungipara.gopalganj.gov.bd
==================================================
[*] STARTING NEW DOMAIN: https://deb110971.dhakaeducationboard.gov.bd
==================================================
[+] Domain exhausted. Finishing up: https://deb110971.dhakaeducationboard.gov.bd
==================================================
[*] STARTING NEW DOMAIN: https://pts.bcc.gov.bd
==================================================
[+] Domain exhausted. Finishing up: https://pts.bcc.gov.bd
==================================================
[*] STARTING NEW DOMAIN: https://doict.shyamnagar.satkhira.gov.bd
==================================================
[+] Domain exhausted. Finishing up: https://doict.shyamnagar.satkhira.gov.bd
==================================================
[*] STARTING NEW DOMAIN: https://deb134113.dhakaeducationboard.gov.bd
==================================================
[+] Domain exhausted. Finishing up: https://deb134113.dhakaeducationboard.gov.bd
==================================================
[*] STARTING NEW DOMAIN: https://horekrishnapurmfasecondarygirlsschool.jessoreboard.gov.bd
==================================================
[+] Domain exhausted. Finishing up: https://horekrishnapurmfasecondarygirlsschool.jessoreboard.gov.bd
==================================================
[*] STARTING NEW DOMAIN: https://mail.dphe.gov.bd
==================================================
[+] Domain exhausted. Finishing up: https://mail.dphe.gov.bd
==================================================
[*] STARTING NEW DOMAIN: https://bwdb.kishoreganj.gov.bd
==================================================
[+] Domain exhausted. Finishing up: https://bwdb.kishoreganj.gov.bd
==================================================
[*] STARTING NEW DOMAIN: https://deb109446.dhakaeducationboard.gov.bd
==================================================
[+] Domain exhausted. Finishing up: https://deb109446.dhakaeducationboard.gov.bd
==================================================
[*] STARTING NEW DOMAIN: https://police.rajarhat.kurigram.gov.bd
==================================================
[+] Domain exhausted. Finishing up: https://police.rajarhat.kurigram.gov.bd
==================================================
[*] STARTING NEW DOMAIN: https://deb108278.dhakaeducationboard.gov.bd
==================================================
[+] Domain exhausted. Finishing up: https://deb108278.dhakaeducationboard.gov.bd
==================================================
[*] STARTING NEW DOMAIN: https://deb111108.dhakaeducationboard.gov.bd
==================================================
[+] Domain exhausted. Finishing up: https://deb111108.dhakaeducationboard.gov.bd
==================================================
[*] STARTING NEW DOMAIN: https://brdb.raninagar.naogaon.gov.bd
==================================================
[+] Domain exhausted. Finishing up: https://brdb.raninagar.naogaon.gov.bd
==================================================
[*] STARTING NEW DOMAIN: https://health.sadar.sunamganj.gov.bd
==================================================
[+] Domain exhausted. Finishing up: https://health.sadar.sunamganj.gov.bd
==================================================
[*] STARTING NEW DOMAIN: https://bmet.chuadanga.gov.bd
==================================================
[+] Domain exhausted. Finishing up: https://bmet.chuadanga.gov.bd
==================================================
[*] STARTING NEW DOMAIN: https://jiudharaserjansmritisecondaryschool.jessoreboard.gov.bd
==================================================
[+] Domain exhausted. Finishing up: https://jiudharaserjansmritisecondaryschool.jessoreboard.gov.bd
==================================================
[*] STARTING NEW DOMAIN: https://post.nabinagar.brahmanbaria.gov.bd
==================================================
[+] Domain exhausted. Finishing up: https://post.nabinagar.brahmanbaria.gov.bd
==================================================
[*] STARTING NEW DOMAIN: https://charbhadrasan.faridpur.gov.bd
==================================================
[+] Domain exhausted. Finishing up: https://charbhadrasan.faridpur.gov.bd
==================================================
[*] STARTING NEW DOMAIN: https://hakimpurmohilacollege.jessoreboard.gov.bd
==================================================
[+] Domain exhausted. Finishing up: https://hakimpurmohilacollege.jessoreboard.gov.bd
==================================================
[*] STARTING NEW DOMAIN: https://deb111184.dhakaeducationboard.gov.bd
==================================================
[+] Domain exhausted. Finishing up: https://deb111184.dhakaeducationboard.gov.bd
==================================================
[*] STARTING NEW DOMAIN: https://dwa.morrelganj.bagerhat.gov.bd
==================================================
[+] Domain exhausted. Finishing up: https://dwa.morrelganj.bagerhat.gov.bd
==================================================
[*] STARTING NEW DOMAIN: https://dao.shibaloy.manikganj.gov.bd
==================================================
[+] Domain exhausted. Finishing up: https://dao.shibaloy.manikganj.gov.bd
==================================================
[*] STARTING NEW DOMAIN: https://pwd.magura.gov.bd
==================================================
[+] Domain exhausted. Finishing up: https://pwd.magura.gov.bd
==================================================
[*] STARTING NEW DOMAIN: https://bmda.hakimpur.dinajpur.gov.bd
==================================================
[+] Domain exhausted. Finishing up: https://bmda.hakimpur.dinajpur.gov.bd
==================================================
[*] STARTING NEW DOMAIN: https://dao.monohargonj.comilla.gov.bd
==================================================
[+] Domain exhausted. Finishing up: https://dao.monohargonj.comilla.gov.bd
==================================================
[*] STARTING NEW DOMAIN: https://deb110310.dhakaeducationboard.gov.bd
==================================================
[+] Domain exhausted. Finishing up: https://deb110310.dhakaeducationboard.gov.bd
==================================================
[*] STARTING NEW DOMAIN: https://bitumen.bpc.gov.bd
==================================================
[+] Domain exhausted. Finishing up: https://bitumen.bpc.gov.bd
==================================================
[*] STARTING NEW DOMAIN: https://fireservice.kaliganj.jhenaidah.gov.bd
==================================================
[+] Domain exhausted. Finishing up: https://fireservice.kaliganj.jhenaidah.gov.bd
==================================================
[*] STARTING NEW DOMAIN: https://jms.gournadi.barisal.gov.bd
==================================================
[+] Domain exhausted. Finishing up: https://jms.gournadi.barisal.gov.bd
==================================================
[*] STARTING NEW DOMAIN: https://brdb.chauhali.sirajganj.gov.bd
==================================================
[+] Domain exhausted. Finishing up: https://brdb.chauhali.sirajganj.gov.bd
==================================================
[*] STARTING NEW DOMAIN: https://ec.sadar.khagrachhari.gov.bd
==================================================
[+] Domain exhausted. Finishing up: https://ec.sadar.khagrachhari.gov.bd
==================================================
[*] STARTING NEW DOMAIN: https://deb108716.dhakaeducationboard.gov.bd
==================================================
[+] Domain exhausted. Finishing up: https://deb108716.dhakaeducationboard.gov.bd
==================================================
[*] STARTING NEW DOMAIN: https://kda.khulnadiv.gov.bd
==================================================
[+] Domain exhausted. Finishing up: https://kda.khulnadiv.gov.bd
==================================================
[*] STARTING NEW DOMAIN: https://dss.meherpursadar.meherpur.gov.bd
==================================================
[+] Domain exhausted. Finishing up: https://dss.meherpursadar.meherpur.gov.bd
==================================================
[*] STARTING NEW DOMAIN: https://bbs.itna.kishoreganj.gov.bd
==================================================
[+] Domain exhausted. Finishing up: https://bbs.itna.kishoreganj.gov.bd
==================================================
[*] STARTING NEW DOMAIN: https://baruikhalisecondaryschool.jessoreboard.gov.bd
==================================================
[+] Domain exhausted. Finishing up: https://baruikhalisecondaryschool.jessoreboard.gov.bd
==================================================
[*] STARTING NEW DOMAIN: http://fisherid.fisheries.gov.bd
==================================================
[+] Domain exhausted. Finishing up: http://fisherid.fisheries.gov.bd
==================================================
[*] STARTING NEW DOMAIN: https://ddaidls.kushtia.gov.bd
==================================================
[+] Domain exhausted. Finishing up: https://ddaidls.kushtia.gov.bd
==================================================
[*] STARTING NEW DOMAIN: https://forest.narailsadar.narail.gov.bd
==================================================
[+] Domain exhausted. Finishing up: https://forest.narailsadar.narail.gov.bd
==================================================
[*] STARTING NEW DOMAIN: https://jorepukuriasecondaryschool.jessoreboard.gov.bd
==================================================
[+] Domain exhausted. Finishing up: https://jorepukuriasecondaryschool.jessoreboard.gov.bd
==================================================
[*] STARTING NEW DOMAIN: https://pwd.feni.gov.bd
==================================================
[+] Domain exhausted. Finishing up: https://pwd.feni.gov.bd
==================================================
[*] STARTING NEW DOMAIN: https://acl.pathorghata.barguna.gov.bd
==================================================
[+] Domain exhausted. Finishing up: https://acl.pathorghata.barguna.gov.bd
==================================================
[*] STARTING NEW DOMAIN: https://asc.dinajpur.gov.bd
==================================================
[+] Domain exhausted. Finishing up: https://asc.dinajpur.gov.bd
==================================================
[*] STARTING NEW DOMAIN: https://fsmf.bochaganj.dinajpur.gov.bd
==================================================
[+] Domain exhausted. Finishing up: https://fsmf.bochaganj.dinajpur.gov.bd
==================================================
[*] STARTING NEW DOMAIN: https://dphe.kutubdia.coxsbazar.gov.bd
==================================================
[+] Domain exhausted. Finishing up: https://dphe.kutubdia.coxsbazar.gov.bd
==================================================
[*] STARTING NEW DOMAIN: https://rdo.cumilla.gov.bd
==================================================
[+] Domain exhausted. Finishing up: https://rdo.cumilla.gov.bd
==================================================
[*] STARTING NEW DOMAIN: https://pwd.sylhetdiv.gov.bd
==================================================
[+] Domain exhausted. Finishing up: https://pwd.sylhetdiv.gov.bd
==================================================
[*] STARTING NEW DOMAIN: https://seo.teknaf.coxsbazar.gov.bd
==================================================
[+] Domain exhausted. Finishing up: https://seo.teknaf.coxsbazar.gov.bd
==================================================
[*] STARTING NEW DOMAIN: https://dulaserup.patuakhali.gov.bd
==================================================
[+] Domain exhausted. Finishing up: https://dulaserup.patuakhali.gov.bd
==================================================
[*] STARTING NEW DOMAIN: https://graduatessecondaryschool.jessoreboard.gov.bd
==================================================
[+] Domain exhausted. Finishing up: https://graduatessecondaryschool.jessoreboard.gov.bd
==================================================
[*] STARTING NEW DOMAIN: http://syedpurup.chittagong.gov.bd
==================================================
[+] Domain exhausted. Finishing up: http://syedpurup.chittagong.gov.bd
==================================================
[*] STARTING NEW DOMAIN: https://totthoapa.delduar.tangail.gov.bd
==================================================
[+] Domain exhausted. Finishing up: https://totthoapa.delduar.tangail.gov.bd
==================================================
[*] STARTING NEW DOMAIN: https://hanarcharup.chandpur.gov.bd
==================================================
[+] Domain exhausted. Finishing up: https://hanarcharup.chandpur.gov.bd
==================================================
[*] STARTING NEW DOMAIN: https://macademypabna.gov.bd
==================================================
[+] Domain exhausted. Finishing up: https://macademypabna.gov.bd
==================================================
[*] STARTING NEW DOMAIN: https://bagergachinawdaparasecondaryschool.jessoreboard.gov.bd
==================================================
[+] Domain exhausted. Finishing up: https://bagergachinawdaparasecondaryschool.jessoreboard.gov.bd
==================================================
[*] STARTING NEW DOMAIN: https://health.habiganjsadar.habiganj.gov.bd
==================================================
[+] Domain exhausted. Finishing up: https://health.habiganjsadar.habiganj.gov.bd
==================================================
[*] STARTING NEW DOMAIN: https://deb110294.dhakaeducationboard.gov.bd
==================================================
[+] Domain exhausted. Finishing up: https://deb110294.dhakaeducationboard.gov.bd
==================================================
[*] STARTING NEW DOMAIN: https://dphe.rampal.bagerhat.gov.bd
==================================================
[+] Domain exhausted. Finishing up: https://dphe.rampal.bagerhat.gov.bd
==================================================
[*] STARTING NEW DOMAIN: https://bbs.chandpur.gov.bd
==================================================
[+] Domain exhausted. Finishing up: https://bbs.chandpur.gov.bd
==================================================
[*] STARTING NEW DOMAIN: https://jpuf.gov.bd
==================================================
[+] Domain exhausted. Finishing up: https://jpuf.gov.bd
==================================================
[*] STARTING NEW DOMAIN: https://brdb.jhenaidah.gov.bd
==================================================
[+] Domain exhausted. Finishing up: https://brdb.jhenaidah.gov.bd
==================================================
[*] STARTING NEW DOMAIN: https://ansarvdp.charfesson.bhola.gov.bd
==================================================
[+] Domain exhausted. Finishing up: https://ansarvdp.charfesson.bhola.gov.bd
==================================================
[*] STARTING NEW DOMAIN: https://hcziloanja.coxsbazar.gov.bd
==================================================
[+] Domain exhausted. Finishing up: https://hcziloanja.coxsbazar.gov.bd
==================================================
[*] STARTING NEW DOMAIN: https://brdb.kurigramsadar.kurigram.gov.bd
==================================================
[+] Domain exhausted. Finishing up: https://brdb.kurigramsadar.kurigram.gov.bd
==================================================
[*] STARTING NEW DOMAIN: https://sfdf.shibganj.bogra.gov.bd
==================================================
[+] Domain exhausted. Finishing up: https://sfdf.shibganj.bogra.gov.bd
==================================================
[*] STARTING NEW DOMAIN: https://info.chittagong.gov.bd
==================================================
[+] Domain exhausted. Finishing up: https://info.chittagong.gov.bd
==================================================
[*] STARTING NEW DOMAIN: https://deb110275.dhakaeducationboard.gov.bd
==================================================
[+] Domain exhausted. Finishing up: https://deb110275.dhakaeducationboard.gov.bd
==================================================
[*] STARTING NEW DOMAIN: https://fisheries.jamalganj.sunamganj.gov.bd
==================================================
[+] Domain exhausted. Finishing up: https://fisheries.jamalganj.sunamganj.gov.bd
==================================================
[*] STARTING NEW DOMAIN: https://deb108010.dhakaeducationboard.gov.bd
==================================================
[+] Domain exhausted. Finishing up: https://deb108010.dhakaeducationboard.gov.bd
==================================================
[*] STARTING NEW DOMAIN: https://pragpurup.kushtia.gov.bd
==================================================
[+] Domain exhausted. Finishing up: https://pragpurup.kushtia.gov.bd
==================================================
[*] STARTING NEW DOMAIN: https://brdb.matiranga.khagrachhari.gov.bd
==================================================
[+] Domain exhausted. Finishing up: https://brdb.matiranga.khagrachhari.gov.bd
==================================================
[*] STARTING NEW DOMAIN: https://dwa.banaripara.barisal.gov.bd
==================================================
[+] Domain exhausted. Finishing up: https://dwa.banaripara.barisal.gov.bd
==================================================
[*] STARTING NEW DOMAIN: https://deb110001.dhakaeducationboard.gov.bd
==================================================
[+] Domain exhausted. Finishing up: https://deb110001.dhakaeducationboard.gov.bd
==================================================
[*] STARTING NEW DOMAIN: https://shailakupapilothighschool.jessoreboard.gov.bd
==================================================
[+] Domain exhausted. Finishing up: https://shailakupapilothighschool.jessoreboard.gov.bd
==================================================
[*] STARTING NEW DOMAIN: https://totthoapa.santhia.pabna.gov.bd
==================================================
[+] Domain exhausted. Finishing up: https://totthoapa.santhia.pabna.gov.bd
==================================================
[*] STARTING NEW DOMAIN: https://deb109244.dhakaeducationboard.gov.bd
==================================================
[+] Domain exhausted. Finishing up: https://deb109244.dhakaeducationboard.gov.bd
==================================================
[*] STARTING NEW DOMAIN: https://chandpurgovtprimaryschool.jessoreboard.gov.bd
==================================================
[+] Domain exhausted. Finishing up: https://chandpurgovtprimaryschool.jessoreboard.gov.bd
==================================================
[*] STARTING NEW DOMAIN: https://dphe.sarail.brahmanbaria.gov.bd
==================================================
[+] Domain exhausted. Finishing up: https://dphe.sarail.brahmanbaria.gov.bd
==================================================
[*] STARTING NEW DOMAIN: https://health.raipura.narsingdi.gov.bd
==================================================
[+] Domain exhausted. Finishing up: https://health.raipura.narsingdi.gov.bd
==================================================
[*] STARTING NEW DOMAIN: https://asset-dte.portal.gov.bd
==================================================
[+] Domain exhausted. Finishing up: https://asset-dte.portal.gov.bd
==================================================
[*] STARTING NEW DOMAIN: https://dao.nilphamari.gov.bd
==================================================
[+] Domain exhausted. Finishing up: https://dao.nilphamari.gov.bd
==================================================
[*] STARTING NEW DOMAIN: https://deb110266.dhakaeducationboard.gov.bd
==================================================
[+] Domain exhausted. Finishing up: https://deb110266.dhakaeducationboard.gov.bd
==================================================
[*] STARTING NEW DOMAIN: https://sallabadup.narsingdi.gov.bd
==================================================
[+] Domain exhausted. Finishing up: https://sallabadup.narsingdi.gov.bd
==================================================
[*] STARTING NEW DOMAIN: https://dls.dewangonj.jamalpur.gov.bd
==================================================
[+] Domain exhausted. Finishing up: https://dls.dewangonj.jamalpur.gov.bd
==================================================
[*] STARTING NEW DOMAIN: https://dss.kalia.narail.gov.bd
==================================================
[+] Domain exhausted. Finishing up: https://dss.kalia.narail.gov.bd
==================================================
[*] STARTING NEW DOMAIN: https://pqsdarsana.chuadanga.gov.bd
==================================================
[+] Domain exhausted. Finishing up: https://pqsdarsana.chuadanga.gov.bd
==================================================
[*] STARTING NEW DOMAIN: https://dphe.banshkhali.chittagong.gov.bd
==================================================
[+] Domain exhausted. Finishing up: https://dphe.banshkhali.chittagong.gov.bd
==================================================
[*] STARTING NEW DOMAIN: https://police.debidwar.comilla.gov.bd
==================================================
[+] Domain exhausted. Finishing up: https://police.debidwar.comilla.gov.bd
==================================================
[*] STARTING NEW DOMAIN: https://police.sreepur.magura.gov.bd
==================================================
[+] Domain exhausted. Finishing up: https://police.sreepur.magura.gov.bd
==================================================
[*] STARTING NEW DOMAIN: https://food.langadu.rangamati.gov.bd
==================================================
[+] Domain exhausted. Finishing up: https://food.langadu.rangamati.gov.bd
==================================================
[*] STARTING NEW DOMAIN: https://forest.sreepur.magura.gov.bd
==================================================
[+] Domain exhausted. Finishing up: https://forest.sreepur.magura.gov.bd
==================================================
[*] STARTING NEW DOMAIN: https://deb111160.dhakaeducationboard.gov.bd
==================================================
[+] Domain exhausted. Finishing up: https://deb111160.dhakaeducationboard.gov.bd
==================================================
[*] STARTING NEW DOMAIN: https://charuzilabup.narsingdi.gov.bd
==================================================
[+] Domain exhausted. Finishing up: https://charuzilabup.narsingdi.gov.bd
==================================================
[*] STARTING NEW DOMAIN: https://bpc.rangpur.gov.bd
==================================================
[+] Domain exhausted. Finishing up: https://bpc.rangpur.gov.bd
==================================================
[*] STARTING NEW DOMAIN: https://sfdf.ulipur.kurigram.gov.bd
==================================================
[+] Domain exhausted. Finishing up: https://sfdf.ulipur.kurigram.gov.bd
==================================================
[*] STARTING NEW DOMAIN: https://brdb.shayestaganj.habiganj.gov.bd
==================================================
[+] Domain exhausted. Finishing up: https://brdb.shayestaganj.habiganj.gov.bd
==================================================
[*] STARTING NEW DOMAIN: https://food.bajitpur.kishoreganj.gov.bd
==================================================
[+] Domain exhausted. Finishing up: https://food.bajitpur.kishoreganj.gov.bd
==================================================
[*] STARTING NEW DOMAIN: https://acl.nawabganj.dinajpur.gov.bd
==================================================
[+] Domain exhausted. Finishing up: https://acl.nawabganj.dinajpur.gov.bd
==================================================
[*] STARTING NEW DOMAIN: https://dss.comillasadar.comilla.gov.bd
==================================================
[+] Domain exhausted. Finishing up: https://dss.comillasadar.comilla.gov.bd
==================================================
[*] STARTING NEW DOMAIN: https://fireservice.sonargaon.narayanganj.gov.bd
==================================================
[+] Domain exhausted. Finishing up: https://fireservice.sonargaon.narayanganj.gov.bd
==================================================
[*] STARTING NEW DOMAIN: https://food.mirpur.kushtia.gov.bd
==================================================
[+] Domain exhausted. Finishing up: https://food.mirpur.kushtia.gov.bd
==================================================
[*] STARTING NEW DOMAIN: https://birmuktijoddhafashiarrahmanjuniorhighschool.jessoreboard.gov.bd
==================================================
[+] Domain exhausted. Finishing up: https://birmuktijoddhafashiarrahmanjuniorhighschool.jessoreboard.gov.bd
==================================================
[*] STARTING NEW DOMAIN: https://bscickanchpur.sonargaon.narayanganj.gov.bd
==================================================
[+] Domain exhausted. Finishing up: https://bscickanchpur.sonargaon.narayanganj.gov.bd
==================================================
[*] STARTING NEW DOMAIN: https://fisheries.taragonj.rangpur.gov.bd
==================================================
[+] Domain exhausted. Finishing up: https://fisheries.taragonj.rangpur.gov.bd
==================================================
[*] STARTING NEW DOMAIN: https://mirukhaliup.pirojpur.gov.bd
==================================================
[+] Domain exhausted. Finishing up: https://mirukhaliup.pirojpur.gov.bd
==================================================
[*] STARTING NEW DOMAIN: https://eed.bagatipara.natore.gov.bd
==================================================
[+] Domain exhausted. Finishing up: https://eed.bagatipara.natore.gov.bd
==================================================
[*] STARTING NEW DOMAIN: https://fisheries.hatia.noakhali.gov.bd
==================================================
[+] Domain exhausted. Finishing up: https://fisheries.hatia.noakhali.gov.bd
==================================================
[*] STARTING NEW DOMAIN: https://fpo.sadar.munshiganj.gov.bd
==================================================
[+] Domain exhausted. Finishing up: https://fpo.sadar.munshiganj.gov.bd
==================================================
[*] STARTING NEW DOMAIN: https://chandpurup.faridpur.gov.bd
==================================================
[+] Domain exhausted. Finishing up: https://chandpurup.faridpur.gov.bd
==================================================
[*] STARTING NEW DOMAIN: https://food.bhangura.pabna.gov.bd
==================================================
[+] Domain exhausted. Finishing up: https://food.bhangura.pabna.gov.bd
==================================================
[*] STARTING NEW DOMAIN: https://pourashava.bhedarganj.shariatpur.gov.bd
==================================================
[+] Domain exhausted. Finishing up: https://pourashava.bhedarganj.shariatpur.gov.bd
==================================================
[*] STARTING NEW DOMAIN: https://dwa.lalmai.comilla.gov.bd
==================================================
[+] Domain exhausted. Finishing up: https://dwa.lalmai.comilla.gov.bd
==================================================
[*] STARTING NEW DOMAIN: https://fireservice.rangamati.gov.bd
==================================================
[+] Domain exhausted. Finishing up: https://fireservice.rangamati.gov.bd
==================================================
[*] STARTING NEW DOMAIN: https://dssucd.brahmanbaria.gov.bd
==================================================
[+] Domain exhausted. Finishing up: https://dssucd.brahmanbaria.gov.bd
==================================================
[*] STARTING NEW DOMAIN: https://burujbagansecondaryschool.jessoreboard.gov.bd
==================================================
[+] Domain exhausted. Finishing up: https://burujbagansecondaryschool.jessoreboard.gov.bd
==================================================
[*] STARTING NEW DOMAIN: https://etds.gov.bd
==================================================
[+] Domain exhausted. Finishing up: https://etds.gov.bd
==================================================
[*] STARTING NEW DOMAIN: https://forest.patuakhali.gov.bd
==================================================
[+] Domain exhausted. Finishing up: https://forest.patuakhali.gov.bd
==================================================
[*] STARTING NEW DOMAIN: https://badairup.brahmanbaria.gov.bd
==================================================
[+] Domain exhausted. Finishing up: https://badairup.brahmanbaria.gov.bd
==================================================
[*] STARTING NEW DOMAIN: https://explosives.rajshahi.gov.bd
==================================================
[+] Domain exhausted. Finishing up: https://explosives.rajshahi.gov.bd
==================================================
[*] STARTING NEW DOMAIN: https://drro.bandarban.gov.bd
==================================================
[+] Domain exhausted. Finishing up: https://drro.bandarban.gov.bd
==================================================
[*] STARTING NEW DOMAIN: https://dss.kaliganj.jhenaidah.gov.bd
==================================================
[+] Domain exhausted. Finishing up: https://dss.kaliganj.jhenaidah.gov.bd
==================================================
[*] STARTING NEW DOMAIN: https://fiqcchattogram.fisheries.gov.bd
==================================================
[+] Domain exhausted. Finishing up: https://fiqcchattogram.fisheries.gov.bd
==================================================
[*] STARTING NEW DOMAIN: https://fisheries.naogaon.gov.bd
==================================================
[+] Domain exhausted. Finishing up: https://fisheries.naogaon.gov.bd
==================================================
[*] STARTING NEW DOMAIN: https://deb111917.dhakaeducationboard.gov.bd
==================================================
[+] Domain exhausted. Finishing up: https://deb111917.dhakaeducationboard.gov.bd
==================================================
[*] STARTING NEW DOMAIN: https://deb113206.dhakaeducationboard.gov.bd
==================================================
[+] Domain exhausted. Finishing up: https://deb113206.dhakaeducationboard.gov.bd
==================================================
[*] STARTING NEW DOMAIN: https://dphe.lalmai.comilla.gov.bd
==================================================
[+] Domain exhausted. Finishing up: https://dphe.lalmai.comilla.gov.bd
==================================================
[*] STARTING NEW DOMAIN: https://pio.muktagacha.mymensingh.gov.bd
==================================================
[+] Domain exhausted. Finishing up: https://pio.muktagacha.mymensingh.gov.bd
==================================================
[*] STARTING NEW DOMAIN: https://kadirkholasecondaryschool.jessoreboard.gov.bd
==================================================
[+] Domain exhausted. Finishing up: https://kadirkholasecondaryschool.jessoreboard.gov.bd
==================================================
[*] STARTING NEW DOMAIN: https://rayermahalcollege.jessoreboard.gov.bd
==================================================
[+] Domain exhausted. Finishing up: https://rayermahalcollege.jessoreboard.gov.bd
==================================================
[*] STARTING NEW DOMAIN: https://kishoreganjsadar.kishoreganj.gov.bd
==================================================
[+] Domain exhausted. Finishing up: https://kishoreganjsadar.kishoreganj.gov.bd
==================================================
[*] STARTING NEW DOMAIN: https://totthoapa.bhurungamari.kurigram.gov.bd
==================================================
[+] Domain exhausted. Finishing up: https://totthoapa.bhurungamari.kurigram.gov.bd
==================================================
[*] STARTING NEW DOMAIN: https://ramrail.brahmanbaria.gov.bd
==================================================
[+] Domain exhausted. Finishing up: https://ramrail.brahmanbaria.gov.bd
==================================================
[*] STARTING NEW DOMAIN: https://post.mujibnagar.meherpur.gov.bd
==================================================
[+] Domain exhausted. Finishing up: https://post.mujibnagar.meherpur.gov.bd
==================================================
[*] STARTING NEW DOMAIN: https://lged.gangni.meherpur.gov.bd
==================================================
[+] Domain exhausted. Finishing up: https://lged.gangni.meherpur.gov.bd
==================================================
[*] STARTING NEW DOMAIN: https://ruhitpurup.dhaka.gov.bd
==================================================
[+] Domain exhausted. Finishing up: https://ruhitpurup.dhaka.gov.bd
==================================================
[*] STARTING NEW DOMAIN: https://deb114163.dhakaeducationboard.gov.bd
==================================================
[+] Domain exhausted. Finishing up: https://deb114163.dhakaeducationboard.gov.bd
==================================================
[*] STARTING NEW DOMAIN: https://totthoapa.begumganj.noakhali.gov.bd
==================================================
[+] Domain exhausted. Finishing up: https://totthoapa.begumganj.noakhali.gov.bd
==================================================
[*] STARTING NEW DOMAIN: https://dshe.rowmari.kurigram.gov.bd
==================================================
[+] Domain exhausted. Finishing up: https://dshe.rowmari.kurigram.gov.bd
==================================================
[*] STARTING NEW DOMAIN: https://keraniganj.dhaka.gov.bd
==================================================
[+] Domain exhausted. Finishing up: https://keraniganj.dhaka.gov.bd
==================================================
[*] STARTING NEW DOMAIN: https://deb135631.dhakaeducationboard.gov.bd
==================================================
[+] Domain exhausted. Finishing up: https://deb135631.dhakaeducationboard.gov.bd
==================================================
[*] STARTING NEW DOMAIN: https://ebek.mirpur.kushtia.gov.bd
==================================================
[+] Domain exhausted. Finishing up: https://ebek.mirpur.kushtia.gov.bd
==================================================
[*] STARTING NEW DOMAIN: https://katabuniajuniorhighschool.jessoreboard.gov.bd
==================================================
[+] Domain exhausted. Finishing up: https://katabuniajuniorhighschool.jessoreboard.gov.bd
==================================================
[*] STARTING NEW DOMAIN: https://dphe.rangpursadar.rangpur.gov.bd
==================================================
[+] Domain exhausted. Finishing up: https://dphe.rangpursadar.rangpur.gov.bd
==================================================
[*] STARTING NEW DOMAIN: https://fireservice.nagarpur.tangail.gov.bd
==================================================
[+] Domain exhausted. Finishing up: https://fireservice.nagarpur.tangail.gov.bd
==================================================
[*] STARTING NEW DOMAIN: https://deb113833.dhakaeducationboard.gov.bd
==================================================
[+] Domain exhausted. Finishing up: https://deb113833.dhakaeducationboard.gov.bd
==================================================
[*] STARTING NEW DOMAIN: https://rhd.noakhali.gov.bd
==================================================
[+] Domain exhausted. Finishing up: https://rhd.noakhali.gov.bd
==================================================
[*] STARTING NEW DOMAIN: http://food.nilphamari.gov.bd
==================================================
[+] Domain exhausted. Finishing up: http://food.nilphamari.gov.bd
==================================================
[*] STARTING NEW DOMAIN: https://deb113362.dhakaeducationboard.gov.bd
==================================================
[+] Domain exhausted. Finishing up: https://deb113362.dhakaeducationboard.gov.bd
==================================================
[*] STARTING NEW DOMAIN: https://nawdangaup.kurigram.gov.bd
==================================================
[+] Domain exhausted. Finishing up: https://nawdangaup.kurigram.gov.bd
==================================================
[*] STARTING NEW DOMAIN: https://uitrce.baghaichari.rangamati.gov.bd
==================================================
[+] Domain exhausted. Finishing up: https://uitrce.baghaichari.rangamati.gov.bd
==================================================
[*] STARTING NEW DOMAIN: https://ansarvdp.debidwar.comilla.gov.bd
==================================================
[+] Domain exhausted. Finishing up: https://ansarvdp.debidwar.comilla.gov.bd
==================================================
[*] STARTING NEW DOMAIN: https://nobojiboninstitute.jessoreboard.gov.bd
==================================================
[+] Domain exhausted. Finishing up: https://nobojiboninstitute.jessoreboard.gov.bd
==================================================
[*] STARTING NEW DOMAIN: https://tsctanore.rajshahi.gov.bd
==================================================
[+] Domain exhausted. Finishing up: https://tsctanore.rajshahi.gov.bd
==================================================
[*] STARTING NEW DOMAIN: https://deb112372.dhakaeducationboard.gov.bd
==================================================
[+] Domain exhausted. Finishing up: https://deb112372.dhakaeducationboard.gov.bd
==================================================
[*] STARTING NEW DOMAIN: https://deb134155.dhakaeducationboard.gov.bd
==================================================
[+] Domain exhausted. Finishing up: https://deb134155.dhakaeducationboard.gov.bd
==================================================
[*] STARTING NEW DOMAIN: https://bbs.barisalsadar.barisal.gov.bd
==================================================
[+] Domain exhausted. Finishing up: https://bbs.barisalsadar.barisal.gov.bd
==================================================
[*] STARTING NEW DOMAIN: https://deb114718.dhakaeducationboard.gov.bd
==================================================
[+] Domain exhausted. Finishing up: https://deb114718.dhakaeducationboard.gov.bd
==================================================
[*] STARTING NEW DOMAIN: https://deb134647.dhakaeducationboard.gov.bd
==================================================
[+] Domain exhausted. Finishing up: https://deb134647.dhakaeducationboard.gov.bd
==================================================
[*] STARTING NEW DOMAIN: https://dls.rangpurdiv.gov.bd
==================================================
[+] Domain exhausted. Finishing up: https://dls.rangpurdiv.gov.bd
==================================================
[*] STARTING NEW DOMAIN: https://dwa.sadar.feni.gov.bd
==================================================
[+] Domain exhausted. Finishing up: https://dwa.sadar.feni.gov.bd
==================================================
[*] STARTING NEW DOMAIN: https://deb113935.dhakaeducationboard.gov.bd
==================================================
[+] Domain exhausted. Finishing up: https://deb113935.dhakaeducationboard.gov.bd
==================================================
[*] STARTING NEW DOMAIN: https://deb139332.dhakaeducationboard.gov.bd
==================================================
[+] Domain exhausted. Finishing up: https://deb139332.dhakaeducationboard.gov.bd
==================================================
[*] STARTING NEW DOMAIN: https://saraswatiacademy.jessoreboard.gov.bd
==================================================
[+] Domain exhausted. Finishing up: https://saraswatiacademy.jessoreboard.gov.bd
==================================================
[*] STARTING NEW DOMAIN: https://mail.moef.gov.bd
==================================================
[+] Domain exhausted. Finishing up: https://mail.moef.gov.bd
==================================================
[*] STARTING NEW DOMAIN: https://marichasecondaryschool.jessoreboard.gov.bd
==================================================
[+] Domain exhausted. Finishing up: https://marichasecondaryschool.jessoreboard.gov.bd
==================================================
[*] STARTING NEW DOMAIN: https://dls.atwari.panchagarh.gov.bd
==================================================
[+] Domain exhausted. Finishing up: https://dls.atwari.panchagarh.gov.bd
==================================================
[*] STARTING NEW DOMAIN: https://deb112109.dhakaeducationboard.gov.bd
==================================================
[+] Domain exhausted. Finishing up: https://deb112109.dhakaeducationboard.gov.bd
==================================================
[*] STARTING NEW DOMAIN: https://kaffijannessaandhazinimotullahhighschool.jessoreboard.gov.bd
==================================================
[+] Domain exhausted. Finishing up: https://kaffijannessaandhazinimotullahhighschool.jessoreboard.gov.bd
==================================================
[*] STARTING NEW DOMAIN: https://deb139095.dhakaeducationboard.gov.bd
==================================================
[+] Domain exhausted. Finishing up: https://deb139095.dhakaeducationboard.gov.bd
==================================================
[*] STARTING NEW DOMAIN: https://brdb.debhata.satkhira.gov.bd
==================================================
[+] Domain exhausted. Finishing up: https://brdb.debhata.satkhira.gov.bd
==================================================
[*] STARTING NEW DOMAIN: https://katabhangasecondaryschool.jessoreboard.gov.bd
==================================================
[+] Domain exhausted. Finishing up: https://katabhangasecondaryschool.jessoreboard.gov.bd
==================================================
[*] STARTING NEW DOMAIN: https://niamatpur.naogaon.gov.bd
==================================================
[+] Domain exhausted. Finishing up: https://niamatpur.naogaon.gov.bd
==================================================
[*] STARTING NEW DOMAIN: https://police.hajiganj.chandpur.gov.bd
==================================================
[+] Domain exhausted. Finishing up: https://police.hajiganj.chandpur.gov.bd
==================================================
[*] STARTING NEW DOMAIN: https://khoshbasnorthup.comilla.gov.bd
==================================================
[+] Domain exhausted. Finishing up: https://khoshbasnorthup.comilla.gov.bd
==================================================
[*] STARTING NEW DOMAIN: https://deb137943.dhakaeducationboard.gov.bd
==================================================
[+] Domain exhausted. Finishing up: https://deb137943.dhakaeducationboard.gov.bd
==================================================
[*] STARTING NEW DOMAIN: https://brdb.companiganj.sylhet.gov.bd
==================================================
[+] Domain exhausted. Finishing up: https://brdb.companiganj.sylhet.gov.bd
==================================================
[*] STARTING NEW DOMAIN: https://khazurtalabazarjuniorschool.jessoreboard.gov.bd
==================================================
[+] Domain exhausted. Finishing up: https://khazurtalabazarjuniorschool.jessoreboard.gov.bd
==================================================
[*] STARTING NEW DOMAIN: https://deb134728.dhakaeducationboard.gov.bd
==================================================
[+] Domain exhausted. Finishing up: https://deb134728.dhakaeducationboard.gov.bd
==================================================
[*] STARTING NEW DOMAIN: https://name.bise-ctg.gov.bd
==================================================
[+] Domain exhausted. Finishing up: https://name.bise-ctg.gov.bd
==================================================
[*] STARTING NEW DOMAIN: https://deb112301.dhakaeducationboard.gov.bd
==================================================
[+] Domain exhausted. Finishing up: https://deb112301.dhakaeducationboard.gov.bd
==================================================
[*] STARTING NEW DOMAIN: https://tetulia.uniontax.gov.bd
==================================================
[+] Domain exhausted. Finishing up: https://tetulia.uniontax.gov.bd
==================================================
[*] STARTING NEW DOMAIN: https://dls.nesarabad.pirojpur.gov.bd
==================================================
[+] Domain exhausted. Finishing up: https://dls.nesarabad.pirojpur.gov.bd
==================================================
[*] STARTING NEW DOMAIN: https://manikgonj.police.gov.bd
==================================================
[+] Domain exhausted. Finishing up: https://manikgonj.police.gov.bd
==================================================
[*] STARTING NEW DOMAIN: https://lged.botiaghata.khulna.gov.bd
==================================================
[+] Domain exhausted. Finishing up: https://lged.botiaghata.khulna.gov.bd
==================================================
[*] STARTING NEW DOMAIN: https://pbs.patuakhali.gov.bd
==================================================
[+] Domain exhausted. Finishing up: https://pbs.patuakhali.gov.bd
==================================================
[*] STARTING NEW DOMAIN: https://dwa.shibaloy.manikganj.gov.bd
==================================================
[+] Domain exhausted. Finishing up: https://dwa.shibaloy.manikganj.gov.bd
==================================================
[*] STARTING NEW DOMAIN: https://lgd.gov.bd
==================================================
[+] Domain exhausted. Finishing up: https://lgd.gov.bd
==================================================
[*] STARTING NEW DOMAIN: https://rptibarishal.niport.gov.bd
==================================================
[+] Domain exhausted. Finishing up: https://rptibarishal.niport.gov.bd
==================================================
[*] STARTING NEW DOMAIN: https://bagharparagirlshighschool.jessoreboard.gov.bd
==================================================
[+] Domain exhausted. Finishing up: https://bagharparagirlshighschool.jessoreboard.gov.bd
==================================================
[*] STARTING NEW DOMAIN: https://lged.badargonj.rangpur.gov.bd
==================================================
[+] Domain exhausted. Finishing up: https://lged.badargonj.rangpur.gov.bd
==================================================
[*] STARTING NEW DOMAIN: https://deb137068.dhakaeducationboard.gov.bd
==================================================
[+] Domain exhausted. Finishing up: https://deb137068.dhakaeducationboard.gov.bd
==================================================
[*] STARTING NEW DOMAIN: https://dls.sadar.noakhali.gov.bd
==================================================
[+] Domain exhausted. Finishing up: https://dls.sadar.noakhali.gov.bd
==================================================
[*] STARTING NEW DOMAIN: https://deb112691.dhakaeducationboard.gov.bd
==================================================
[+] Domain exhausted. Finishing up: https://deb112691.dhakaeducationboard.gov.bd
==================================================
[*] STARTING NEW DOMAIN: https://publiclibrary.munshiganj.gov.bd
==================================================
[+] Domain exhausted. Finishing up: https://publiclibrary.munshiganj.gov.bd
==================================================
[*] STARTING NEW DOMAIN: https://nabarungirlshighschool.jessoreboard.gov.bd
==================================================
[+] Domain exhausted. Finishing up: https://nabarungirlshighschool.jessoreboard.gov.bd
==================================================
[*] STARTING NEW DOMAIN: https://deb112190.dhakaeducationboard.gov.bd
==================================================
[+] Domain exhausted. Finishing up: https://deb112190.dhakaeducationboard.gov.bd
==================================================
[*] STARTING NEW DOMAIN: https://dingssecondaryschool.jessoreboard.gov.bd
==================================================
[+] Domain exhausted. Finishing up: https://dingssecondaryschool.jessoreboard.gov.bd
==================================================
[*] STARTING NEW DOMAIN: https://ec.rangpur.gov.bd
==================================================
[+] Domain exhausted. Finishing up: https://ec.rangpur.gov.bd
==================================================
[*] STARTING NEW DOMAIN: https://deb130911.dhakaeducationboard.gov.bd
==================================================
[+] Domain exhausted. Finishing up: https://deb130911.dhakaeducationboard.gov.bd
==================================================
[*] STARTING NEW DOMAIN: https://deb113563.dhakaeducationboard.gov.bd
==================================================
[+] Domain exhausted. Finishing up: https://deb113563.dhakaeducationboard.gov.bd
==================================================
[*] STARTING NEW DOMAIN: https://rhd.thakurgaon.gov.bd
==================================================
[+] Domain exhausted. Finishing up: https://rhd.thakurgaon.gov.bd
==================================================
[*] STARTING NEW DOMAIN: https://dncrp.gopalganj.gov.bd
==================================================
[+] Domain exhausted. Finishing up: https://dncrp.gopalganj.gov.bd
==================================================
[*] STARTING NEW DOMAIN: https://lged.niamatpur.naogaon.gov.bd
==================================================
[+] Domain exhausted. Finishing up: https://lged.niamatpur.naogaon.gov.bd
==================================================
[*] STARTING NEW DOMAIN: https://totthoapa.mohalchari.khagrachhari.gov.bd
==================================================
[+] Domain exhausted. Finishing up: https://totthoapa.mohalchari.khagrachhari.gov.bd
==================================================
[*] STARTING NEW DOMAIN: https://dss.sujanagar.pabna.gov.bd
==================================================
[+] Domain exhausted. Finishing up: https://dss.sujanagar.pabna.gov.bd
==================================================
[*] STARTING NEW DOMAIN: https://kamaralihighschool.jessoreboard.gov.bd
==================================================
[+] Domain exhausted. Finishing up: https://kamaralihighschool.jessoreboard.gov.bd
==================================================
[*] STARTING NEW DOMAIN: https://deb137257.dhakaeducationboard.gov.bd
==================================================
[+] Domain exhausted. Finishing up: https://deb137257.dhakaeducationboard.gov.bd
==================================================
[*] STARTING NEW DOMAIN: https://paikgachavillagesecondaryschool.jessoreboard.gov.bd
==================================================
[+] Domain exhausted. Finishing up: https://paikgachavillagesecondaryschool.jessoreboard.gov.bd
==================================================
[*] STARTING NEW DOMAIN: https://post.jibannagar.chuadanga.gov.bd
==================================================
[+] Domain exhausted. Finishing up: https://post.jibannagar.chuadanga.gov.bd
==================================================
[*] STARTING NEW DOMAIN: https://deb132090.dhakaeducationboard.gov.bd
==================================================
[+] Domain exhausted. Finishing up: https://deb132090.dhakaeducationboard.gov.bd
==================================================
[*] STARTING NEW DOMAIN: https://noaparaup.habiganj.gov.bd
==================================================
[+] Domain exhausted. Finishing up: https://noaparaup.habiganj.gov.bd
==================================================
[*] STARTING NEW DOMAIN: https://cdb.dhaka.gov.bd
==================================================
[+] Domain exhausted. Finishing up: https://cdb.dhaka.gov.bd
==================================================
[*] STARTING NEW DOMAIN: https://eed.moulvibazar.gov.bd
==================================================
[+] Domain exhausted. Finishing up: https://eed.moulvibazar.gov.bd
==================================================
[*] STARTING NEW DOMAIN: https://bbs.baniachong.habiganj.gov.bd
==================================================
[+] Domain exhausted. Finishing up: https://bbs.baniachong.habiganj.gov.bd
==================================================
[*] STARTING NEW DOMAIN: https://chaprasarnjami.nilphamari.gov.bd
==================================================
[+] Domain exhausted. Finishing up: https://chaprasarnjami.nilphamari.gov.bd
==================================================
[*] STARTING NEW DOMAIN: https://barakpursecondaryschool.jessoreboard.gov.bd
==================================================
[+] Domain exhausted. Finishing up: https://barakpursecondaryschool.jessoreboard.gov.bd
==================================================
[*] STARTING NEW DOMAIN: https://uitrce.sadar.bandarban.gov.bd
==================================================
[+] Domain exhausted. Finishing up: https://uitrce.sadar.bandarban.gov.bd
==================================================
[*] STARTING NEW DOMAIN: https://etif.ebmeb.gov.bd
==================================================
[+] Domain exhausted. Finishing up: https://etif.ebmeb.gov.bd
==================================================
[*] STARTING NEW DOMAIN: https://khalishpursecondaryschool.jessoreboard.gov.bd
==================================================
[+] Domain exhausted. Finishing up: https://khalishpursecondaryschool.jessoreboard.gov.bd
==================================================
[*] STARTING NEW DOMAIN: https://ebek.domar.nilphamari.gov.bd
==================================================
[+] Domain exhausted. Finishing up: https://ebek.domar.nilphamari.gov.bd
==================================================
[*] STARTING NEW DOMAIN: https://youth.sherpur.bogra.gov.bd
==================================================
[+] Domain exhausted. Finishing up: https://youth.sherpur.bogra.gov.bd
==================================================
[*] STARTING NEW DOMAIN: https://youth.assasuni.satkhira.gov.bd
==================================================
[+] Domain exhausted. Finishing up: https://youth.assasuni.satkhira.gov.bd
==================================================
[*] STARTING NEW DOMAIN: https://youth.keraniganj.dhaka.gov.bd
==================================================
[+] Domain exhausted. Finishing up: https://youth.keraniganj.dhaka.gov.bd
==================================================
[*] STARTING NEW DOMAIN: https://urc.rajoir.madaripur.gov.bd
==================================================
[+] Domain exhausted. Finishing up: https://urc.rajoir.madaripur.gov.bd
==================================================
[*] STARTING NEW DOMAIN: https://urc.mirpur.kushtia.gov.bd
==================================================
[+] Domain exhausted. Finishing up: https://urc.mirpur.kushtia.gov.bd
==================================================
[*] STARTING NEW DOMAIN: https://youth.khulna.gov.bd
==================================================
[+] Domain exhausted. Finishing up: https://youth.khulna.gov.bd
==================================================
[*] STARTING NEW DOMAIN: https://health.bheramara.kushtia.gov.bd
==================================================
[+] Domain exhausted. Finishing up: https://health.bheramara.kushtia.gov.bd
==================================================
[*] STARTING NEW DOMAIN: https://youth.gobindaganj.gaibandha.gov.bd
==================================================
[+] Domain exhausted. Finishing up: https://youth.gobindaganj.gaibandha.gov.bd
==================================================
[*] STARTING NEW DOMAIN: https://youth.gazipur.gov.bd
==================================================
[+] Domain exhausted. Finishing up: https://youth.gazipur.gov.bd
==================================================
[*] STARTING NEW DOMAIN: https://kawkhali.pirojpur.gov.bd
==================================================
[+] Domain exhausted. Finishing up: https://kawkhali.pirojpur.gov.bd
==================================================
[*] STARTING NEW DOMAIN: https://youth.syedpur.nilphamari.gov.bd
==================================================
[+] Domain exhausted. Finishing up: https://youth.syedpur.nilphamari.gov.bd
==================================================
[*] STARTING NEW DOMAIN: https://food.naldanga.natore.gov.bd
==================================================
[+] Domain exhausted. Finishing up: https://food.naldanga.natore.gov.bd
==================================================
[*] STARTING NEW DOMAIN: https://kaibabaikolasecondaryschool.jessoreboard.gov.bd
==================================================
[+] Domain exhausted. Finishing up: https://kaibabaikolasecondaryschool.jessoreboard.gov.bd
==================================================
[*] STARTING NEW DOMAIN: https://mollakandiup.munshiganj.gov.bd
==================================================
[+] Domain exhausted. Finishing up: https://mollakandiup.munshiganj.gov.bd
==================================================
[*] STARTING NEW DOMAIN: https://pbs.panchari.khagrachhari.gov.bd
==================================================
[+] Domain exhausted. Finishing up: https://pbs.panchari.khagrachhari.gov.bd
==================================================
[*] STARTING NEW DOMAIN: https://hstti.barisal.gov.bd
==================================================
[+] Domain exhausted. Finishing up: https://hstti.barisal.gov.bd
==================================================
[*] STARTING NEW DOMAIN: https://netrokona.gov.bd
==================================================
[+] Domain exhausted. Finishing up: https://netrokona.gov.bd
==================================================
[*] STARTING NEW DOMAIN: https://pio.hathazari.chittagong.gov.bd
==================================================
[+] Domain exhausted. Finishing up: https://pio.hathazari.chittagong.gov.bd
==================================================
[*] STARTING NEW DOMAIN: https://fpo.lohagara.chittagong.gov.bd
==================================================
[+] Domain exhausted. Finishing up: https://fpo.lohagara.chittagong.gov.bd
==================================================
[*] STARTING NEW DOMAIN: https://lged.sadar.jessore.gov.bd
==================================================
[+] Domain exhausted. Finishing up: https://lged.sadar.jessore.gov.bd
==================================================
[*] STARTING NEW DOMAIN: https://deb110726.dhakaeducationboard.gov.bd
==================================================
[+] Domain exhausted. Finishing up: https://deb110726.dhakaeducationboard.gov.bd
==================================================
[*] STARTING NEW DOMAIN: https://food.singiar.manikganj.gov.bd
==================================================
[+] Domain exhausted. Finishing up: https://food.singiar.manikganj.gov.bd
==================================================
[*] STARTING NEW DOMAIN: https://jpuf.thakurgaon.gov.bd
==================================================
[+] Domain exhausted. Finishing up: https://jpuf.thakurgaon.gov.bd
==================================================
[*] STARTING NEW DOMAIN: https://paniumdaup.habiganj.gov.bd
==================================================
[+] Domain exhausted. Finishing up: https://paniumdaup.habiganj.gov.bd
==================================================
[*] STARTING NEW DOMAIN: https://food.gosairhat.shariatpur.gov.bd
==================================================
[+] Domain exhausted. Finishing up: https://food.gosairhat.shariatpur.gov.bd
==================================================
[*] STARTING NEW DOMAIN: https://kamannahighschool.jessoreboard.gov.bd
==================================================
[+] Domain exhausted. Finishing up: https://kamannahighschool.jessoreboard.gov.bd
==================================================
[*] STARTING NEW DOMAIN: https://pdbf.barisal.gov.bd
==================================================
[+] Domain exhausted. Finishing up: https://pdbf.barisal.gov.bd
==================================================
[*] STARTING NEW DOMAIN: https://post.nangalkot.comilla.gov.bd
==================================================
[+] Domain exhausted. Finishing up: https://post.nangalkot.comilla.gov.bd
==================================================
[*] STARTING NEW DOMAIN: https://health.joypurhatsadar.joypurhat.gov.bd
==================================================
[+] Domain exhausted. Finishing up: https://health.joypurhatsadar.joypurhat.gov.bd
==================================================
[*] STARTING NEW DOMAIN: https://mocat.portal.gov.bd
==================================================
[+] Domain exhausted. Finishing up: https://mocat.portal.gov.bd
==================================================
[*] STARTING NEW DOMAIN: https://pio.tanore.rajshahi.gov.bd
==================================================
[+] Domain exhausted. Finishing up: https://pio.tanore.rajshahi.gov.bd
==================================================
[*] STARTING NEW DOMAIN: https://baktaup.mymensingh.gov.bd
==================================================
[+] Domain exhausted. Finishing up: https://baktaup.mymensingh.gov.bd
==================================================
[*] STARTING NEW DOMAIN: https://info.khulnadiv.gov.bd
==================================================
[+] Domain exhausted. Finishing up: https://info.khulnadiv.gov.bd
==================================================
[*] STARTING NEW DOMAIN: https://metropolicelinehighschool.jessoreboard.gov.bd
==================================================
[+] Domain exhausted. Finishing up: https://metropolicelinehighschool.jessoreboard.gov.bd
==================================================
[*] STARTING NEW DOMAIN: https://food.daulatpur.manikganj.gov.bd
==================================================
[+] Domain exhausted. Finishing up: https://food.daulatpur.manikganj.gov.bd
==================================================
[*] STARTING NEW DOMAIN: https://jms.sherpur.gov.bd
==================================================
[+] Domain exhausted. Finishing up: https://jms.sherpur.gov.bd
==================================================
[*] STARTING NEW DOMAIN: https://napd.portal.gov.bd
==================================================
[+] Domain exhausted. Finishing up: https://napd.portal.gov.bd
==================================================
[*] STARTING NEW DOMAIN: https://police.derai.sunamganj.gov.bd
==================================================
[+] Domain exhausted. Finishing up: https://police.derai.sunamganj.gov.bd
==================================================
[*] STARTING NEW DOMAIN: https://health.tahirpur.sunamganj.gov.bd
==================================================
[+] Domain exhausted. Finishing up: https://health.tahirpur.sunamganj.gov.bd
==================================================
[*] STARTING NEW DOMAIN: https://meoc.portal.gov.bd
==================================================
[+] Domain exhausted. Finishing up: https://meoc.portal.gov.bd
==================================================
[*] STARTING NEW DOMAIN: https://pio.babuganj.barisal.gov.bd
==================================================
[+] Domain exhausted. Finishing up: https://pio.babuganj.barisal.gov.bd
==================================================
[*] STARTING NEW DOMAIN: https://health.bancharampur.brahmanbaria.gov.bd
==================================================
[+] Domain exhausted. Finishing up: https://health.bancharampur.brahmanbaria.gov.bd
==================================================
[*] STARTING NEW DOMAIN: https://marialasecondaryschool.jessoreboard.gov.bd
==================================================
[+] Domain exhausted. Finishing up: https://marialasecondaryschool.jessoreboard.gov.bd
==================================================
[*] STARTING NEW DOMAIN: https://pmgcc.bdpost.gov.bd
==================================================
[+] Domain exhausted. Finishing up: https://pmgcc.bdpost.gov.bd
==================================================
[*] STARTING NEW DOMAIN: https://fisheries.sonaimuri.noakhali.gov.bd
==================================================
[+] Domain exhausted. Finishing up: https://fisheries.sonaimuri.noakhali.gov.bd
==================================================
[*] STARTING NEW DOMAIN: https://holidayhomes.parjatan.portal.gov.bd
==================================================
[+] Domain exhausted. Finishing up: https://holidayhomes.parjatan.portal.gov.bd
==================================================
[*] STARTING NEW DOMAIN: https://nutanmulgramsecondaryschool.jessoreboard.gov.bd
==================================================
[+] Domain exhausted. Finishing up: https://nutanmulgramsecondaryschool.jessoreboard.gov.bd
==================================================
[*] STARTING NEW DOMAIN: https://amdahup.meherpur.gov.bd
==================================================
[+] Domain exhausted. Finishing up: https://amdahup.meherpur.gov.bd
==================================================
[*] STARTING NEW DOMAIN: https://ipa.bangla.gov.bd
==================================================
[+] Domain exhausted. Finishing up: https://ipa.bangla.gov.bd
==================================================
[*] STARTING NEW DOMAIN: https://mail.ppa.gov.bd
==================================================
[+] Domain exhausted. Finishing up: https://mail.ppa.gov.bd
==================================================
[*] STARTING NEW DOMAIN: https://police.ranisankail.thakurgaon.gov.bd
==================================================
[+] Domain exhausted. Finishing up: https://police.ranisankail.thakurgaon.gov.bd
==================================================
[*] STARTING NEW DOMAIN: https://goilaup.barisal.gov.bd
==================================================
[+] Domain exhausted. Finishing up: https://goilaup.barisal.gov.bd
==================================================
[*] STARTING NEW DOMAIN: https://lokkhanpurup.comilla.gov.bd
==================================================
[+] Domain exhausted. Finishing up: https://lokkhanpurup.comilla.gov.bd
==================================================
[*] STARTING NEW DOMAIN: https://police.chunarughat.habiganj.gov.bd
==================================================
[+] Domain exhausted. Finishing up: https://police.chunarughat.habiganj.gov.bd
==================================================
[*] STARTING NEW DOMAIN: https://forest.pekua.coxsbazar.gov.bd
==================================================
[+] Domain exhausted. Finishing up: https://forest.pekua.coxsbazar.gov.bd
==================================================
[*] STARTING NEW DOMAIN: https://karimpurup.narsingdi.gov.bd
==================================================
[+] Domain exhausted. Finishing up: https://karimpurup.narsingdi.gov.bd
==================================================
[*] STARTING NEW DOMAIN: https://paschimjaflongup.sylhet.gov.bd
==================================================
[+] Domain exhausted. Finishing up: https://paschimjaflongup.sylhet.gov.bd
==================================================
[*] STARTING NEW DOMAIN: https://cmch.gov.bd
==================================================
[+] Domain exhausted. Finishing up: https://cmch.gov.bd
==================================================
[*] STARTING NEW DOMAIN: https://joyrampursaptogramshammilonijuniorhighschool.jessoreboard.gov.bd
==================================================
[+] Domain exhausted. Finishing up: https://joyrampursaptogramshammilonijuniorhighschool.jessoreboard.gov.bd
==================================================
[*] STARTING NEW DOMAIN: https://nilphamari.gov.bd
==================================================
[+] Domain exhausted. Finishing up: https://nilphamari.gov.bd
==================================================
[*] STARTING NEW DOMAIN: https://dss.akhaura.brahmanbaria.gov.bd
==================================================
[+] Domain exhausted. Finishing up: https://dss.akhaura.brahmanbaria.gov.bd
==================================================
[*] STARTING NEW DOMAIN: https://health.bhurungamari.kurigram.gov.bd
==================================================
[+] Domain exhausted. Finishing up: https://health.bhurungamari.kurigram.gov.bd
==================================================
[*] STARTING NEW DOMAIN: https://moynaup.faridpur.gov.bd
==================================================
[+] Domain exhausted. Finishing up: https://moynaup.faridpur.gov.bd
==================================================
[*] STARTING NEW DOMAIN: https://fireservice.shahjadpur.sirajganj.gov.bd
==================================================
[+] Domain exhausted. Finishing up: https://fireservice.shahjadpur.sirajganj.gov.bd
==================================================
[*] STARTING NEW DOMAIN: https://iphn-archive.dghs.gov.bd
==================================================
[+] Domain exhausted. Finishing up: https://iphn-archive.dghs.gov.bd
==================================================
[*] STARTING NEW DOMAIN: https://naem.gov.bd
==================================================
[+] Domain exhausted. Finishing up: https://naem.gov.bd
==================================================
[*] STARTING NEW DOMAIN: https://post.bhedarganj.shariatpur.gov.bd
==================================================
[+] Domain exhausted. Finishing up: https://post.bhedarganj.shariatpur.gov.bd
==================================================
[*] STARTING NEW DOMAIN: https://health.bhaluka.mymensingh.gov.bd
==================================================
[+] Domain exhausted. Finishing up: https://health.bhaluka.mymensingh.gov.bd
==================================================
[*] STARTING NEW DOMAIN: https://muktijaddahmoshiurrahmancollege.jessoreboard.gov.bd
==================================================
[+] Domain exhausted. Finishing up: https://muktijaddahmoshiurrahmancollege.jessoreboard.gov.bd
==================================================
[*] STARTING NEW DOMAIN: https://post.babuganj.barisal.gov.bd
==================================================
[+] Domain exhausted. Finishing up: https://post.babuganj.barisal.gov.bd
==================================================
[*] STARTING NEW DOMAIN: https://fpo.haimchar.chandpur.gov.bd
==================================================
[+] Domain exhausted. Finishing up: https://fpo.haimchar.chandpur.gov.bd
==================================================
[*] STARTING NEW DOMAIN: https://lged.barisalsadar.barisal.gov.bd
==================================================
[+] Domain exhausted. Finishing up: https://lged.barisalsadar.barisal.gov.bd
==================================================
[*] STARTING NEW DOMAIN: https://paurashava.araihazar.narayanganj.gov.bd
==================================================
[+] Domain exhausted. Finishing up: https://paurashava.araihazar.narayanganj.gov.bd
==================================================
[*] STARTING NEW DOMAIN: https://food.muksudpur.gopalganj.gov.bd
==================================================
[+] Domain exhausted. Finishing up: https://food.muksudpur.gopalganj.gov.bd
==================================================
[*] STARTING NEW DOMAIN: https://joyagup.noakhali.gov.bd
==================================================
[+] Domain exhausted. Finishing up: https://joyagup.noakhali.gov.bd
==================================================
[*] STARTING NEW DOMAIN: https://pdbf.kaunia.rangpur.gov.bd
==================================================
[+] Domain exhausted. Finishing up: https://pdbf.kaunia.rangpur.gov.bd
==================================================
[*] STARTING NEW DOMAIN: https://food.chapainawabganj.gov.bd
==================================================
[+] Domain exhausted. Finishing up: https://food.chapainawabganj.gov.bd
==================================================
[*] STARTING NEW DOMAIN: https://irbadc.meherpur.gov.bd
==================================================
[+] Domain exhausted. Finishing up: https://irbadc.meherpur.gov.bd
==================================================
[*] STARTING NEW DOMAIN: https://panchgachiaup.feni.gov.bd
==================================================
[+] Domain exhausted. Finishing up: https://panchgachiaup.feni.gov.bd
==================================================
[*] STARTING NEW DOMAIN: https://fisheries.sadar.coxsbazar.gov.bd
==================================================
[+] Domain exhausted. Finishing up: https://fisheries.sadar.coxsbazar.gov.bd
==================================================
[*] STARTING NEW DOMAIN: https://islamicfoundation.chittagongdiv.gov.bd
==================================================
[+] Domain exhausted. Finishing up: https://islamicfoundation.chittagongdiv.gov.bd
==================================================
[*] STARTING NEW DOMAIN: https://passport.rajshahidiv.gov.bd
==================================================
[+] Domain exhausted. Finishing up: https://passport.rajshahidiv.gov.bd
==================================================
[*] STARTING NEW DOMAIN: https://psb.bhandaria.pirojpur.gov.bd
==================================================
[+] Domain exhausted. Finishing up: https://psb.bhandaria.pirojpur.gov.bd
==================================================
[*] STARTING NEW DOMAIN: https://heshakhalup.comilla.gov.bd
==================================================
[+] Domain exhausted. Finishing up: https://heshakhalup.comilla.gov.bd
==================================================
[*] STARTING NEW DOMAIN: https://lged.natoresadar.natore.gov.bd
==================================================
[+] Domain exhausted. Finishing up: https://lged.natoresadar.natore.gov.bd
==================================================
[*] STARTING NEW DOMAIN: https://police.anwara.chittagong.gov.bd
==================================================
[+] Domain exhausted. Finishing up: https://police.anwara.chittagong.gov.bd
==================================================
[*] STARTING NEW DOMAIN: https://hogalbuniahatbatisecondaryschool.jessoreboard.gov.bd
==================================================
[+] Domain exhausted. Finishing up: https://hogalbuniahatbatisecondaryschool.jessoreboard.gov.bd
==================================================
[*] STARTING NEW DOMAIN: https://fireservice.kalkini.madaripur.gov.bd
==================================================
[+] Domain exhausted. Finishing up: https://fireservice.kalkini.madaripur.gov.bd
==================================================
[*] STARTING NEW DOMAIN: https://ghonaup.satkhira.gov.bd
==================================================
[+] Domain exhausted. Finishing up: https://ghonaup.satkhira.gov.bd
==================================================
[*] STARTING NEW DOMAIN: https://lged.narail.gov.bd
==================================================
[+] Domain exhausted. Finishing up: https://lged.narail.gov.bd
==================================================
[*] STARTING NEW DOMAIN: https://deo.syedpur.nilphamari.gov.bd
==================================================
[+] Domain exhausted. Finishing up: https://deo.syedpur.nilphamari.gov.bd
==================================================
[*] STARTING NEW DOMAIN: https://forest.chhagalnaiya.feni.gov.bd
==================================================
[+] Domain exhausted. Finishing up: https://forest.chhagalnaiya.feni.gov.bd
==================================================
[*] STARTING NEW DOMAIN: https://joyrestaurant.parjatan.gov.bd
==================================================
[+] Domain exhausted. Finishing up: https://joyrestaurant.parjatan.gov.bd
==================================================
[*] STARTING NEW DOMAIN: https://panamisecondarygirlsschool.jessoreboard.gov.bd
==================================================
[+] Domain exhausted. Finishing up: https://panamisecondarygirlsschool.jessoreboard.gov.bd
==================================================
[*] STARTING NEW DOMAIN: https://post.tarash.sirajganj.gov.bd
==================================================
[+] Domain exhausted. Finishing up: https://post.tarash.sirajganj.gov.bd
==================================================
[*] STARTING NEW DOMAIN: https://hed.portal.gov.bd
==================================================
[+] Domain exhausted. Finishing up: https://hed.portal.gov.bd
==================================================
[*] STARTING NEW DOMAIN: https://mashiahatisecondaryschool.jessoreboard.gov.bd
==================================================
[+] Domain exhausted. Finishing up: https://mashiahatisecondaryschool.jessoreboard.gov.bd
==================================================
[*] STARTING NEW DOMAIN: https://pio.barisalsadar.barisal.gov.bd
==================================================
[+] Domain exhausted. Finishing up: https://pio.barisalsadar.barisal.gov.bd
==================================================
[*] STARTING NEW DOMAIN: https://forest.kaunia.rangpur.gov.bd
==================================================
[+] Domain exhausted. Finishing up: https://forest.kaunia.rangpur.gov.bd
==================================================
[*] STARTING NEW DOMAIN: https://jhenaidahcadetcollege.jessoreboard.gov.bd
==================================================
[+] Domain exhausted. Finishing up: https://jhenaidahcadetcollege.jessoreboard.gov.bd
==================================================
[*] STARTING NEW DOMAIN: https://kartickulsalehasecondaryschool.jessoreboard.gov.bd
==================================================
[+] Domain exhausted. Finishing up: https://kartickulsalehasecondaryschool.jessoreboard.gov.bd
==================================================
[*] STARTING NEW DOMAIN: https://vtc.rangpur.gov.bd
==================================================
[+] Domain exhausted. Finishing up: https://vtc.rangpur.gov.bd
==================================================
[*] STARTING NEW DOMAIN: https://wzpdcl-d.nothi.gov.bd
==================================================
[+] Domain exhausted. Finishing up: https://wzpdcl-d.nothi.gov.bd
==================================================
[*] STARTING NEW DOMAIN: https://youth.kabirhat.noakhali.gov.bd
==================================================
[+] Domain exhausted. Finishing up: https://youth.kabirhat.noakhali.gov.bd
==================================================
[*] STARTING NEW DOMAIN: http://agrasecondaryschool.jessoreboard.gov.bd
==================================================
[+] Domain exhausted. Finishing up: http://agrasecondaryschool.jessoreboard.gov.bd
==================================================
[*] STARTING NEW DOMAIN: https://uitrce.karimgonj.kishoreganj.gov.bd
==================================================
[+] Domain exhausted. Finishing up: https://uitrce.karimgonj.kishoreganj.gov.bd
==================================================
[*] STARTING NEW DOMAIN: https://youth.tarail.kishoreganj.gov.bd
==================================================
[+] Domain exhausted. Finishing up: https://youth.tarail.kishoreganj.gov.bd
==================================================
[*] STARTING NEW DOMAIN: https://youth.sadar.bandarban.gov.bd
==================================================
[+] Domain exhausted. Finishing up: https://youth.sadar.bandarban.gov.bd
==================================================
[*] STARTING NEW DOMAIN: https://youth.manirampur.jessore.gov.bd
==================================================
[+] Domain exhausted. Finishing up: https://youth.manirampur.jessore.gov.bd
==================================================
[*] STARTING NEW DOMAIN: https://urc.rowmari.kurigram.gov.bd
==================================================
[+] Domain exhausted. Finishing up: https://urc.rowmari.kurigram.gov.bd
==================================================
[*] STARTING NEW DOMAIN: https://ttcco.mymensingh.gov.bd
==================================================
[+] Domain exhausted. Finishing up: https://ttcco.mymensingh.gov.bd
==================================================
[*] STARTING NEW DOMAIN: https://sreerampurjuniorgirlsschool.jessoreboard.gov.bd
==================================================
[+] Domain exhausted. Finishing up: https://sreerampurjuniorgirlsschool.jessoreboard.gov.bd
==================================================
[*] STARTING NEW DOMAIN: https://titabajitpurmkbgirlssecondaryschool.jessoreboard.gov.bd
==================================================
[+] Domain exhausted. Finishing up: https://titabajitpurmkbgirlssecondaryschool.jessoreboard.gov.bd
==================================================
[*] STARTING NEW DOMAIN: https://jmskcollege.jessoreboard.gov.bd
==================================================
[+] Domain exhausted. Finishing up: https://jmskcollege.jessoreboard.gov.bd
==================================================
[*] STARTING NEW DOMAIN: https://shondahsecondaryschool.jessoreboard.gov.bd
==================================================
[+] Domain exhausted. Finishing up: https://shondahsecondaryschool.jessoreboard.gov.bd
==================================================
[*] STARTING NEW DOMAIN: http://dphe.madan.netrokona.gov.bd
==================================================
[+] Domain exhausted. Finishing up: http://dphe.madan.netrokona.gov.bd
==================================================
[*] STARTING NEW DOMAIN: https://sr.kishorganj.nilphamari.gov.bd
==================================================
[+] Domain exhausted. Finishing up: https://sr.kishorganj.nilphamari.gov.bd
==================================================
[*] STARTING NEW DOMAIN: https://taxeszonegazipur.gov.bd
==================================================
[+] Domain exhausted. Finishing up: https://taxeszonegazipur.gov.bd
==================================================
[*] STARTING NEW DOMAIN: https://sports.munshiganj.gov.bd
==================================================
[+] Domain exhausted. Finishing up: https://sports.munshiganj.gov.bd
==================================================
[*] STARTING NEW DOMAIN: https://sr.raipura.narsingdi.gov.bd
==================================================
[+] Domain exhausted. Finishing up: https://sr.raipura.narsingdi.gov.bd
==================================================
[*] STARTING NEW DOMAIN: https://srdi.narsingdi.gov.bd
==================================================
[+] Domain exhausted. Finishing up: https://srdi.narsingdi.gov.bd
==================================================
[*] STARTING NEW DOMAIN: https://techedu.rajshahidiv.gov.bd
==================================================
[+] Domain exhausted. Finishing up: https://techedu.rajshahidiv.gov.bd
==================================================
[*] STARTING NEW DOMAIN: https://totthoapa.sirajdikhan.munshiganj.gov.bd
==================================================
[+] Domain exhausted. Finishing up: https://totthoapa.sirajdikhan.munshiganj.gov.bd
==================================================
[*] STARTING NEW DOMAIN: https://sr.charbhadrasan.faridpur.gov.bd
==================================================
[+] Domain exhausted. Finishing up: https://sr.charbhadrasan.faridpur.gov.bd
==================================================
[*] STARTING NEW DOMAIN: https://totthoapa.sonagazi.feni.gov.bd
==================================================
[+] Domain exhausted. Finishing up: https://totthoapa.sonagazi.feni.gov.bd
==================================================
[*] STARTING NEW DOMAIN: https://totthoapa.kumarkhali.kushtia.gov.bd
==================================================
[+] Domain exhausted. Finishing up: https://totthoapa.kumarkhali.kushtia.gov.bd
==================================================
[*] STARTING NEW DOMAIN: https://shyampursecondaryschool.jessoreboard.gov.bd
==================================================
[+] Domain exhausted. Finishing up: https://shyampursecondaryschool.jessoreboard.gov.bd
==================================================
[*] STARTING NEW DOMAIN: https://totthoapa.kawkhali.rangamati.gov.bd
==================================================
[+] Domain exhausted. Finishing up: https://totthoapa.kawkhali.rangamati.gov.bd
==================================================
[*] STARTING NEW DOMAIN: https://shishuacademy.patuakhali.gov.bd
==================================================
[+] Domain exhausted. Finishing up: https://shishuacademy.patuakhali.gov.bd
==================================================
[*] STARTING NEW DOMAIN: https://reb.barisal.gov.bd
==================================================
[+] Domain exhausted. Finishing up: https://reb.barisal.gov.bd
==================================================
[*] STARTING NEW DOMAIN: https://publiclibrary.joypurhat.gov.bd
==================================================
[+] Domain exhausted. Finishing up: https://publiclibrary.joypurhat.gov.bd
==================================================
[*] STARTING NEW DOMAIN: https://mora.gov.bd
==================================================
[+] Domain exhausted. Finishing up: https://mora.gov.bd
==================================================
[*] STARTING NEW DOMAIN: https://naikhyongcharisadarup.bandarban.gov.bd
==================================================
[+] Domain exhausted. Finishing up: https://naikhyongcharisadarup.bandarban.gov.bd
==================================================
[*] STARTING NEW DOMAIN: https://rhd.tangail.gov.bd
==================================================
[+] Domain exhausted. Finishing up: https://rhd.tangail.gov.bd
==================================================
[*] STARTING NEW DOMAIN: https://nabagangamahavidyalaya.jessoreboard.gov.bd
==================================================
[+] Domain exhausted. Finishing up: https://nabagangamahavidyalaya.jessoreboard.gov.bd
==================================================
[*] STARTING NEW DOMAIN: https://tscshyamnagar.satkhira.gov.bd
==================================================
[+] Domain exhausted. Finishing up: https://tscshyamnagar.satkhira.gov.bd
==================================================
[*] STARTING NEW DOMAIN: https://bakospotasecondaryschool.jessoreboard.gov.bd
==================================================
[+] Domain exhausted. Finishing up: https://bakospotasecondaryschool.jessoreboard.gov.bd
==================================================
[*] STARTING NEW DOMAIN: https://bajubaghaup.rajshahi.gov.bd
==================================================
[+] Domain exhausted. Finishing up: https://bajubaghaup.rajshahi.gov.bd
==================================================
[*] STARTING NEW DOMAIN: https://scdf.satkhira.gov.bd
==================================================
[+] Domain exhausted. Finishing up: https://scdf.satkhira.gov.bd
==================================================
[*] STARTING NEW DOMAIN: https://alipurgovtprimaryschool.jessoreboard.gov.bd
==================================================
[+] Domain exhausted. Finishing up: https://alipurgovtprimaryschool.jessoreboard.gov.bd
==================================================
[*] STARTING NEW DOMAIN: https://dss.ullapara.sirajganj.gov.bd
==================================================
[+] Domain exhausted. Finishing up: https://dss.ullapara.sirajganj.gov.bd
==================================================
[*] STARTING NEW DOMAIN: https://sfdf.nazirpur.pirojpur.gov.bd
==================================================
[+] Domain exhausted. Finishing up: https://sfdf.nazirpur.pirojpur.gov.bd
==================================================
[*] STARTING NEW DOMAIN: https://chandipurup.lakshmipur.gov.bd
==================================================
[+] Domain exhausted. Finishing up: https://chandipurup.lakshmipur.gov.bd
==================================================
[*] STARTING NEW DOMAIN: https://brta.dhaka.gov.bd
==================================================
[+] Domain exhausted. Finishing up: https://brta.dhaka.gov.bd
==================================================
[*] STARTING NEW DOMAIN: https://sfdf.niamatpur.naogaon.gov.bd
==================================================
[+] Domain exhausted. Finishing up: https://sfdf.niamatpur.naogaon.gov.bd
==================================================
[*] STARTING NEW DOMAIN: https://dss.guimara.khagrachhari.gov.bd
==================================================
[+] Domain exhausted. Finishing up: https://dss.guimara.khagrachhari.gov.bd
==================================================
[*] STARTING NEW DOMAIN: https://deb109190.dhakaeducationboard.gov.bd
==================================================
[+] Domain exhausted. Finishing up: https://deb109190.dhakaeducationboard.gov.bd
==================================================
[*] STARTING NEW DOMAIN: https://ansarvdp.kawkhali.rangamati.gov.bd
==================================================
[+] Domain exhausted. Finishing up: https://ansarvdp.kawkhali.rangamati.gov.bd
==================================================
[*] STARTING NEW DOMAIN: https://bangabandhumahilacollege.jessoreboard.gov.bd
==================================================
[+] Domain exhausted. Finishing up: https://bangabandhumahilacollege.jessoreboard.gov.bd
==================================================
[*] STARTING NEW DOMAIN: https://dwa.godagari.rajshahi.gov.bd
==================================================
[+] Domain exhausted. Finishing up: https://dwa.godagari.rajshahi.gov.bd
==================================================
[*] STARTING NEW DOMAIN: https://deb108211.dhakaeducationboard.gov.bd
==================================================
[+] Domain exhausted. Finishing up: https://deb108211.dhakaeducationboard.gov.bd
==================================================
[*] STARTING NEW DOMAIN: https://eo.khoksa.kushtia.gov.bd
==================================================
[+] Domain exhausted. Finishing up: https://eo.khoksa.kushtia.gov.bd
==================================================
[*] STARTING NEW DOMAIN: https://dpe.lakshmipur.gov.bd
==================================================
[+] Domain exhausted. Finishing up: https://dpe.lakshmipur.gov.bd
==================================================
[*] STARTING NEW DOMAIN: https://fsmf.bagerhat.gov.bd
==================================================
[+] Domain exhausted. Finishing up: https://fsmf.bagerhat.gov.bd
==================================================
[*] STARTING NEW DOMAIN: https://biwtavhc.gov.bd
==================================================
[+] Domain exhausted. Finishing up: https://biwtavhc.gov.bd
==================================================
[*] STARTING NEW DOMAIN: https://nationalgirlsjuniorhighschool.jessoreboard.gov.bd
==================================================
[+] Domain exhausted. Finishing up: https://nationalgirlsjuniorhighschool.jessoreboard.gov.bd
==================================================
[*] STARTING NEW DOMAIN: https://brdb.rangpursadar.rangpur.gov.bd
==================================================
[+] Domain exhausted. Finishing up: https://brdb.rangpursadar.rangpur.gov.bd
==================================================
[*] STARTING NEW DOMAIN: https://seo.moulvibazarsadar.moulvibazar.gov.bd
==================================================
[+] Domain exhausted. Finishing up: https://seo.moulvibazarsadar.moulvibazar.gov.bd
==================================================
[*] STARTING NEW DOMAIN: https://sports.netrokona.gov.bd
==================================================
[+] Domain exhausted. Finishing up: https://sports.netrokona.gov.bd
==================================================
[*] STARTING NEW DOMAIN: https://sfdf.nagarkanda.faridpur.gov.bd
==================================================
[+] Domain exhausted. Finishing up: https://sfdf.nagarkanda.faridpur.gov.bd
==================================================
[*] STARTING NEW DOMAIN: https://bwdb.barisal.gov.bd
==================================================
[+] Domain exhausted. Finishing up: https://bwdb.barisal.gov.bd
==================================================
[*] STARTING NEW DOMAIN: https://sfdf.chapainawabganjsadar.chapainawabganj.gov.bd
==================================================
[+] Domain exhausted. Finishing up: https://sfdf.chapainawabganjsadar.chapainawabganj.gov.bd
==================================================
[*] STARTING NEW DOMAIN: http://journals.bpatc.gov.bd
==================================================
[+] Domain exhausted. Finishing up: http://journals.bpatc.gov.bd
==================================================
[*] STARTING NEW DOMAIN: https://badalgachi.naogaon.gov.bd
==================================================
[+] Domain exhausted. Finishing up: https://badalgachi.naogaon.gov.bd
==================================================
[*] STARTING NEW DOMAIN: https://shimultalagirlssecondaryschool.jessoreboard.gov.bd
==================================================
[+] Domain exhausted. Finishing up: https://shimultalagirlssecondaryschool.jessoreboard.gov.bd
==================================================
[*] STARTING NEW DOMAIN: https://fireservice.dinajpursadar.dinajpur.gov.bd
==================================================
[+] Domain exhausted. Finishing up: https://fireservice.dinajpursadar.dinajpur.gov.bd
==================================================
[*] STARTING NEW DOMAIN: https://bauriaup.chittagong.gov.bd
==================================================
[+] Domain exhausted. Finishing up: https://bauriaup.chittagong.gov.bd
==================================================
[*] STARTING NEW DOMAIN: https://shilpakala.habiganj.gov.bd
==================================================
[+] Domain exhausted. Finishing up: https://shilpakala.habiganj.gov.bd
==================================================
[*] STARTING NEW DOMAIN: https://sfdf.pirgacha.rangpur.gov.bd
==================================================
[+] Domain exhausted. Finishing up: https://sfdf.pirgacha.rangpur.gov.bd
==================================================
[*] STARTING NEW DOMAIN: https://dpe.manirampur.jessore.gov.bd
==================================================
[+] Domain exhausted. Finishing up: https://dpe.manirampur.jessore.gov.bd
==================================================
[*] STARTING NEW DOMAIN: http://salimpurup.chittagong.gov.bd
==================================================
[+] Domain exhausted. Finishing up: http://salimpurup.chittagong.gov.bd
==================================================
[*] STARTING NEW DOMAIN: https://pozip.gajaria.munshiganj.gov.bd
==================================================
[+] Domain exhausted. Finishing up: https://pozip.gajaria.munshiganj.gov.bd
==================================================
[*] STARTING NEW DOMAIN: https://brta.nilphamari.gov.bd
==================================================
[+] Domain exhausted. Finishing up: https://brta.nilphamari.gov.bd
==================================================
[*] STARTING NEW DOMAIN: https://mail.bhtpa.gov.bd
==================================================
[+] Domain exhausted. Finishing up: https://mail.bhtpa.gov.bd
==================================================
[*] STARTING NEW DOMAIN: https://savings.rangpur.gov.bd
==================================================
[+] Domain exhausted. Finishing up: https://savings.rangpur.gov.bd
==================================================
[*] STARTING NEW DOMAIN: https://brdb.gajaria.munshiganj.gov.bd
==================================================
[+] Domain exhausted. Finishing up: https://brdb.gajaria.munshiganj.gov.bd
==================================================
[*] STARTING NEW DOMAIN: https://maitbhangaup.chittagong.gov.bd
==================================================
[+] Domain exhausted. Finishing up: https://maitbhangaup.chittagong.gov.bd
==================================================
[*] STARTING NEW DOMAIN: https://ansarvdp.matlabsouth.chandpur.gov.bd
==================================================
[+] Domain exhausted. Finishing up: https://ansarvdp.matlabsouth.chandpur.gov.bd
==================================================
[*] STARTING NEW DOMAIN: http://health.bokshiganj.jamalpur.gov.bd
==================================================
[+] Domain exhausted. Finishing up: http://health.bokshiganj.jamalpur.gov.bd
==================================================
[*] STARTING NEW DOMAIN: https://dncrp.shariatpur.gov.bd
==================================================
[+] Domain exhausted. Finishing up: https://dncrp.shariatpur.gov.bd
==================================================
[*] STARTING NEW DOMAIN: https://bantrasecondaryschool.jessoreboard.gov.bd
==================================================
[+] Domain exhausted. Finishing up: https://bantrasecondaryschool.jessoreboard.gov.bd
==================================================
[*] STARTING NEW DOMAIN: https://barobariup.lalmonirhat.gov.bd
==================================================
[+] Domain exhausted. Finishing up: https://barobariup.lalmonirhat.gov.bd
==================================================
[*] STARTING NEW DOMAIN: https://deb190081.dhakaeducationboard.gov.bd
==================================================
[+] Domain exhausted. Finishing up: https://deb190081.dhakaeducationboard.gov.bd
==================================================
[*] STARTING NEW DOMAIN: https://bengaberoiljuniorgirlsschool.jessoreboard.gov.bd
==================================================
[+] Domain exhausted. Finishing up: https://bengaberoiljuniorgirlsschool.jessoreboard.gov.bd
==================================================
[*] STARTING NEW DOMAIN: https://deb109799.dhakaeducationboard.gov.bd
==================================================
[+] Domain exhausted. Finishing up: https://deb109799.dhakaeducationboard.gov.bd
==================================================
[*] STARTING NEW DOMAIN: https://ashishsecondaryschool.jessoreboard.gov.bd
==================================================
[+] Domain exhausted. Finishing up: https://ashishsecondaryschool.jessoreboard.gov.bd
==================================================
[*] STARTING NEW DOMAIN: https://acl.ramgarh.khagrachhari.gov.bd
==================================================
[+] Domain exhausted. Finishing up: https://acl.ramgarh.khagrachhari.gov.bd
==================================================
[*] STARTING NEW DOMAIN: https://burimari.blpa.gov.bd
==================================================
[+] Domain exhausted. Finishing up: https://burimari.blpa.gov.bd
==================================================
[*] STARTING NEW DOMAIN: https://cooperative.khansama.dinajpur.gov.bd
==================================================
[+] Domain exhausted. Finishing up: https://cooperative.khansama.dinajpur.gov.bd
==================================================
[*] STARTING NEW DOMAIN: https://eed.ulipur.kurigram.gov.bd
==================================================
[+] Domain exhausted. Finishing up: https://eed.ulipur.kurigram.gov.bd
==================================================
[*] STARTING NEW DOMAIN: https://aic.feni.gov.bd
==================================================
[+] Domain exhausted. Finishing up: https://aic.feni.gov.bd
==================================================
[*] STARTING NEW DOMAIN: https://deb109343.dhakaeducationboard.gov.bd
==================================================
[+] Domain exhausted. Finishing up: https://deb109343.dhakaeducationboard.gov.bd
==================================================
[*] STARTING NEW DOMAIN: https://bbs.naldanga.natore.gov.bd
==================================================
[+] Domain exhausted. Finishing up: https://bbs.naldanga.natore.gov.bd
==================================================
[*] STARTING NEW DOMAIN: https://bbs.balaganj.sylhet.gov.bd
==================================================
[+] Domain exhausted. Finishing up: https://bbs.balaganj.sylhet.gov.bd
==================================================
[*] STARTING NEW DOMAIN: https://haziabdulmalekislamiacollegeshipyard.jessoreboard.gov.bd
==================================================
[+] Domain exhausted. Finishing up: https://haziabdulmalekislamiacollegeshipyard.jessoreboard.gov.bd
==================================================
[*] STARTING NEW DOMAIN: https://banglaacademy.portal.gov.bd
==================================================
[+] Domain exhausted. Finishing up: https://banglaacademy.portal.gov.bd
==================================================
[*] STARTING NEW DOMAIN: https://police.sarankhola.bagerhat.gov.bd
==================================================
[+] Domain exhausted. Finishing up: https://police.sarankhola.bagerhat.gov.bd
==================================================
[*] STARTING NEW DOMAIN: https://juranpurup.chuadanga.gov.bd
==================================================
[+] Domain exhausted. Finishing up: https://juranpurup.chuadanga.gov.bd
==================================================
[*] STARTING NEW DOMAIN: https://sfdf.koyra.khulna.gov.bd
==================================================
[+] Domain exhausted. Finishing up: https://sfdf.koyra.khulna.gov.bd
==================================================
[*] STARTING NEW DOMAIN: https://sfdf.mirpur.kushtia.gov.bd
==================================================
[+] Domain exhausted. Finishing up: https://sfdf.mirpur.kushtia.gov.bd
==================================================
[*] STARTING NEW DOMAIN: https://pio.santhia.pabna.gov.bd
==================================================
[+] Domain exhausted. Finishing up: https://pio.santhia.pabna.gov.bd
==================================================
[*] STARTING NEW DOMAIN: https://ekeb.naikhongchhari.bandarban.gov.bd
==================================================
[+] Domain exhausted. Finishing up: https://ekeb.naikhongchhari.bandarban.gov.bd
==================================================
[*] STARTING NEW DOMAIN: https://bfsa.natore.gov.bd
==================================================
[+] Domain exhausted. Finishing up: https://bfsa.natore.gov.bd
==================================================
[*] STARTING NEW DOMAIN: https://sfdf.khoksa.kushtia.gov.bd
==================================================
[+] Domain exhausted. Finishing up: https://sfdf.khoksa.kushtia.gov.bd
==================================================
[*] STARTING NEW DOMAIN: https://deb112823.dhakaeducationboard.gov.bd
==================================================
[+] Domain exhausted. Finishing up: https://deb112823.dhakaeducationboard.gov.bd
==================================================
[*] STARTING NEW DOMAIN: https://acl.sujanagar.pabna.gov.bd
==================================================
[+] Domain exhausted. Finishing up: https://acl.sujanagar.pabna.gov.bd
==================================================
[*] STARTING NEW DOMAIN: https://chingramodelsecondaryschool.jessoreboard.gov.bd
==================================================
[+] Domain exhausted. Finishing up: https://chingramodelsecondaryschool.jessoreboard.gov.bd
==================================================
[*] STARTING NEW DOMAIN: https://doict.hossainpur.kishoreganj.gov.bd
==================================================
[+] Domain exhausted. Finishing up: https://doict.hossainpur.kishoreganj.gov.bd
==================================================
[*] STARTING NEW DOMAIN: https://jms.rangpur.gov.bd
==================================================
[+] Domain exhausted. Finishing up: https://jms.rangpur.gov.bd
==================================================
[*] STARTING NEW DOMAIN: https://pdbf.brahmanpara.comilla.gov.bd
==================================================
[+] Domain exhausted. Finishing up: https://pdbf.brahmanpara.comilla.gov.bd
==================================================
[*] STARTING NEW DOMAIN: http://fdil.chittagong.gov.bd
==================================================
[+] Domain exhausted. Finishing up: http://fdil.chittagong.gov.bd
==================================================
[*] STARTING NEW DOMAIN: https://dls.mathbaria.pirojpur.gov.bd
==================================================
[+] Domain exhausted. Finishing up: https://dls.mathbaria.pirojpur.gov.bd
==================================================
[*] STARTING NEW DOMAIN: https://mulagramup.brahmanbaria.gov.bd
==================================================
[+] Domain exhausted. Finishing up: https://mulagramup.brahmanbaria.gov.bd
==================================================
[*] STARTING NEW DOMAIN: https://bitac.khulna.gov.bd
==================================================
[+] Domain exhausted. Finishing up: https://bitac.khulna.gov.bd
==================================================
[*] STARTING NEW DOMAIN: https://police.kuliarchar.kishoreganj.gov.bd
==================================================
[+] Domain exhausted. Finishing up: https://police.kuliarchar.kishoreganj.gov.bd
==================================================
[*] STARTING NEW DOMAIN: https://banshbariaup.gopalganj.gov.bd
==================================================
[+] Domain exhausted. Finishing up: https://banshbariaup.gopalganj.gov.bd
==================================================
[*] STARTING NEW DOMAIN: https://ansarvdp.iswarganj.mymensingh.gov.bd
==================================================
[+] Domain exhausted. Finishing up: https://ansarvdp.iswarganj.mymensingh.gov.bd
==================================================
[*] STARTING NEW DOMAIN: https://bahadurpurup.rajbari.gov.bd
==================================================
[+] Domain exhausted. Finishing up: https://bahadurpurup.rajbari.gov.bd
==================================================
[*] STARTING NEW DOMAIN: https://bgpress.dpp.gov.bd
==================================================
[+] Domain exhausted. Finishing up: https://bgpress.dpp.gov.bd
==================================================
[*] STARTING NEW DOMAIN: https://badc.feni.gov.bd
==================================================
[+] Domain exhausted. Finishing up: https://badc.feni.gov.bd
==================================================
[*] STARTING NEW DOMAIN: https://hcfalbagan.tangail.gov.bd
==================================================
[+] Domain exhausted. Finishing up: https://hcfalbagan.tangail.gov.bd
==================================================
[*] STARTING NEW DOMAIN: https://sfdf.paikgasa.khulna.gov.bd
==================================================
[+] Domain exhausted. Finishing up: https://sfdf.paikgasa.khulna.gov.bd
==================================================
[*] STARTING NEW DOMAIN: https://shahbagunitedacademy.jessoreboard.gov.bd
==================================================
[+] Domain exhausted. Finishing up: https://shahbagunitedacademy.jessoreboard.gov.bd
==================================================
[*] STARTING NEW DOMAIN: https://brdb.santhia.pabna.gov.bd
==================================================
[+] Domain exhausted. Finishing up: https://brdb.santhia.pabna.gov.bd
==================================================
[*] STARTING NEW DOMAIN: https://bbs.sujanagar.pabna.gov.bd
==================================================
[+] Domain exhausted. Finishing up: https://bbs.sujanagar.pabna.gov.bd
==================================================
[*] STARTING NEW DOMAIN: https://cooparative.magurasadar.magura.gov.bd
==================================================
[+] Domain exhausted. Finishing up: https://cooparative.magurasadar.magura.gov.bd
==================================================
[*] STARTING NEW DOMAIN: https://deb110577.dhakaeducationboard.gov.bd
==================================================
[+] Domain exhausted. Finishing up: https://deb110577.dhakaeducationboard.gov.bd
==================================================
[*] STARTING NEW DOMAIN: https://cooperative.gobindaganj.gaibandha.gov.bd
==================================================
[+] Domain exhausted. Finishing up: https://cooperative.gobindaganj.gaibandha.gov.bd
==================================================
[*] STARTING NEW DOMAIN: https://ec.shalla.sunamganj.gov.bd
==================================================
[+] Domain exhausted. Finishing up: https://ec.shalla.sunamganj.gov.bd
==================================================
[*] STARTING NEW DOMAIN: https://brdb.bamna.barguna.gov.bd
==================================================
[+] Domain exhausted. Finishing up: https://brdb.bamna.barguna.gov.bd
==================================================
[*] STARTING NEW DOMAIN: http://food.dewangonj.jamalpur.gov.bd
==================================================
[+] Domain exhausted. Finishing up: http://food.dewangonj.jamalpur.gov.bd
==================================================
[*] STARTING NEW DOMAIN: https://seo.rupsha.khulna.gov.bd
==================================================
[+] Domain exhausted. Finishing up: https://seo.rupsha.khulna.gov.bd
==================================================
[*] STARTING NEW DOMAIN: https://brdb.sadar.lalmonirhat.gov.bd
==================================================
[+] Domain exhausted. Finishing up: https://brdb.sadar.lalmonirhat.gov.bd
==================================================
[*] STARTING NEW DOMAIN: https://deb111110.dhakaeducationboard.gov.bd
==================================================
[+] Domain exhausted. Finishing up: https://deb111110.dhakaeducationboard.gov.bd
==================================================
[*] STARTING NEW DOMAIN: https://cij.jhenaidah.gov.bd
==================================================
[+] Domain exhausted. Finishing up: https://cij.jhenaidah.gov.bd
==================================================
[*] STARTING NEW DOMAIN: https://cooperative.phulbari.kurigram.gov.bd
==================================================
[+] Domain exhausted. Finishing up: https://cooperative.phulbari.kurigram.gov.bd
==================================================
[*] STARTING NEW DOMAIN: https://apps.ngte-welfaretrust.gov.bd
==================================================
[+] Domain exhausted. Finishing up: https://apps.ngte-welfaretrust.gov.bd
==================================================
[*] STARTING NEW DOMAIN: https://cooparative.boalkhali.chittagong.gov.bd
==================================================
[+] Domain exhausted. Finishing up: https://cooparative.boalkhali.chittagong.gov.bd
==================================================
[*] STARTING NEW DOMAIN: https://cooparative.sadar.faridpur.gov.bd
==================================================
[+] Domain exhausted. Finishing up: https://cooparative.sadar.faridpur.gov.bd
==================================================
[*] STARTING NEW DOMAIN: http://police.nalchity.jhalakathi.gov.bd
==================================================
[+] Domain exhausted. Finishing up: http://police.nalchity.jhalakathi.gov.bd
==================================================
[*] STARTING NEW DOMAIN: https://dao.rowangchhari.bandarban.gov.bd
==================================================
[+] Domain exhausted. Finishing up: https://dao.rowangchhari.bandarban.gov.bd
==================================================
[*] STARTING NEW DOMAIN: https://panchagramup.lalmonirhat.gov.bd
==================================================
[+] Domain exhausted. Finishing up: https://panchagramup.lalmonirhat.gov.bd
==================================================
[*] STARTING NEW DOMAIN: https://dae.mirzaganj.patuakhali.gov.bd
==================================================
[+] Domain exhausted. Finishing up: https://dae.mirzaganj.patuakhali.gov.bd
==================================================
[*] STARTING NEW DOMAIN: https://ebek.chuadangasadar.chuadanga.gov.bd
==================================================
[+] Domain exhausted. Finishing up: https://ebek.chuadangasadar.chuadanga.gov.bd
==================================================
[*] STARTING NEW DOMAIN: https://dae.gurudaspur.natore.gov.bd
==================================================
[+] Domain exhausted. Finishing up: https://dae.gurudaspur.natore.gov.bd
==================================================
[*] STARTING NEW DOMAIN: https://deb110031.dhakaeducationboard.gov.bd
==================================================
[+] Domain exhausted. Finishing up: https://deb110031.dhakaeducationboard.gov.bd
==================================================
[*] STARTING NEW DOMAIN: https://dae.lakshmipur.gov.bd
==================================================
[+] Domain exhausted. Finishing up: https://dae.lakshmipur.gov.bd
==================================================
[*] STARTING NEW DOMAIN: https://ec.daganbhuiyan.feni.gov.bd
==================================================
[+] Domain exhausted. Finishing up: https://ec.daganbhuiyan.feni.gov.bd
==================================================
[*] STARTING NEW DOMAIN: https://bagarcharup.jamalpur.gov.bd
==================================================
[+] Domain exhausted. Finishing up: https://bagarcharup.jamalpur.gov.bd
==================================================
[*] STARTING NEW DOMAIN: https://seo.pabnasadar.pabna.gov.bd
==================================================
[+] Domain exhausted. Finishing up: https://seo.pabnasadar.pabna.gov.bd
==================================================
[*] STARTING NEW DOMAIN: https://deb110025.dhakaeducationboard.gov.bd
==================================================
[+] Domain exhausted. Finishing up: https://deb110025.dhakaeducationboard.gov.bd
==================================================
[*] STARTING NEW DOMAIN: https://babutiparaup.comilla.gov.bd
==================================================
[+] Domain exhausted. Finishing up: https://babutiparaup.comilla.gov.bd
==================================================
[*] STARTING NEW DOMAIN: https://dls.tongibari.munshiganj.gov.bd
==================================================
[+] Domain exhausted. Finishing up: https://dls.tongibari.munshiganj.gov.bd
==================================================
[*] STARTING NEW DOMAIN: https://cooparative.ashuganj.brahmanbaria.gov.bd
==================================================
[+] Domain exhausted. Finishing up: https://cooparative.ashuganj.brahmanbaria.gov.bd
==================================================
[*] STARTING NEW DOMAIN: https://deb110271.dhakaeducationboard.gov.bd
==================================================
[+] Domain exhausted. Finishing up: https://deb110271.dhakaeducationboard.gov.bd
==================================================
[*] STARTING NEW DOMAIN: https://pozip.chhatak.sunamganj.gov.bd
==================================================
[+] Domain exhausted. Finishing up: https://pozip.chhatak.sunamganj.gov.bd
==================================================
[*] STARTING NEW DOMAIN: https://savings.sylhetdiv.gov.bd
==================================================
[+] Domain exhausted. Finishing up: https://savings.sylhetdiv.gov.bd
==================================================
[*] STARTING NEW DOMAIN: https://award.scouts.gov.bd
==================================================
[+] Domain exhausted. Finishing up: https://award.scouts.gov.bd
==================================================
[*] STARTING NEW DOMAIN: https://dwa.satkania.chittagong.gov.bd
==================================================
[+] Domain exhausted. Finishing up: https://dwa.satkania.chittagong.gov.bd
==================================================
[*] STARTING NEW DOMAIN: https://14nobisnopurup.naogaon.gov.bd
==================================================
[+] Domain exhausted. Finishing up: https://14nobisnopurup.naogaon.gov.bd
==================================================
[*] STARTING NEW DOMAIN: https://dae.dakshinsurma.sylhet.gov.bd
==================================================
[+] Domain exhausted. Finishing up: https://dae.dakshinsurma.sylhet.gov.bd
==================================================
[*] STARTING NEW DOMAIN: https://amuaup.jhalakathi.gov.bd
==================================================
[+] Domain exhausted. Finishing up: https://amuaup.jhalakathi.gov.bd
==================================================
[*] STARTING NEW DOMAIN: https://ebek.naria.shariatpur.gov.bd
==================================================
[+] Domain exhausted. Finishing up: https://ebek.naria.shariatpur.gov.bd
==================================================
[*] STARTING NEW DOMAIN: https://cooparative.barisalsadar.barisal.gov.bd
==================================================
[+] Domain exhausted. Finishing up: https://cooparative.barisalsadar.barisal.gov.bd
==================================================
[*] STARTING NEW DOMAIN: https://deb109551.dhakaeducationboard.gov.bd
==================================================
[+] Domain exhausted. Finishing up: https://deb109551.dhakaeducationboard.gov.bd
==================================================
[*] STARTING NEW DOMAIN: https://dae.nachol.chapainawabganj.gov.bd
==================================================
[+] Domain exhausted. Finishing up: https://dae.nachol.chapainawabganj.gov.bd
==================================================
[*] STARTING NEW DOMAIN: https://cooperative.mohonpur.rajshahi.gov.bd
==================================================
[+] Domain exhausted. Finishing up: https://cooperative.mohonpur.rajshahi.gov.bd
==================================================
[*] STARTING NEW DOMAIN: https://deb113613.dhakaeducationboard.gov.bd
==================================================
[+] Domain exhausted. Finishing up: https://deb113613.dhakaeducationboard.gov.bd
==================================================
[*] STARTING NEW DOMAIN: https://dwa.kishorganj.nilphamari.gov.bd
==================================================
[+] Domain exhausted. Finishing up: https://dwa.kishorganj.nilphamari.gov.bd
==================================================
[*] STARTING NEW DOMAIN: https://deb110186.dhakaeducationboard.gov.bd
==================================================
[+] Domain exhausted. Finishing up: https://deb110186.dhakaeducationboard.gov.bd
==================================================
[*] STARTING NEW DOMAIN: https://deb109582.dhakaeducationboard.gov.bd
==================================================
[+] Domain exhausted. Finishing up: https://deb109582.dhakaeducationboard.gov.bd
==================================================
[*] STARTING NEW DOMAIN: https://deb109941.dhakaeducationboard.gov.bd
==================================================
[+] Domain exhausted. Finishing up: https://deb109941.dhakaeducationboard.gov.bd
==================================================
[*] STARTING NEW DOMAIN: https://dae-jasreg.khulnadiv.gov.bd
==================================================
[+] Domain exhausted. Finishing up: https://dae-jasreg.khulnadiv.gov.bd
==================================================
[*] STARTING NEW DOMAIN: https://dwa.kawkhali.rangamati.gov.bd
==================================================
[+] Domain exhausted. Finishing up: https://dwa.kawkhali.rangamati.gov.bd
==================================================
[*] STARTING NEW DOMAIN: https://deb110039.dhakaeducationboard.gov.bd
==================================================
[+] Domain exhausted. Finishing up: https://deb110039.dhakaeducationboard.gov.bd
==================================================
[*] STARTING NEW DOMAIN: https://seo.naogaonsadar.naogaon.gov.bd
==================================================
[+] Domain exhausted. Finishing up: https://seo.naogaonsadar.naogaon.gov.bd
==================================================
[*] STARTING NEW DOMAIN: https://deb110571.dhakaeducationboard.gov.bd
==================================================
[+] Domain exhausted. Finishing up: https://deb110571.dhakaeducationboard.gov.bd
==================================================
[*] STARTING NEW DOMAIN: https://bfa.portal.gov.bd
==================================================
[+] Domain exhausted. Finishing up: https://bfa.portal.gov.bd
==================================================
[*] STARTING NEW DOMAIN: https://deb109747.dhakaeducationboard.gov.bd
==================================================
[+] Domain exhausted. Finishing up: https://deb109747.dhakaeducationboard.gov.bd
==================================================
[*] STARTING NEW DOMAIN: https://deb110277.dhakaeducationboard.gov.bd
==================================================
[+] Domain exhausted. Finishing up: https://deb110277.dhakaeducationboard.gov.bd
==================================================
[*] STARTING NEW DOMAIN: https://badc.barisal.gov.bd
==================================================
[+] Domain exhausted. Finishing up: https://badc.barisal.gov.bd
==================================================
[*] STARTING NEW DOMAIN: https://binajuriup.chittagong.gov.bd
==================================================
[+] Domain exhausted. Finishing up: https://binajuriup.chittagong.gov.bd
==================================================
[*] STARTING NEW DOMAIN: https://cooparative.kishoreganjsadar.kishoreganj.gov.bd
==================================================
[+] Domain exhausted. Finishing up: https://cooparative.kishoreganjsadar.kishoreganj.gov.bd
==================================================
[*] STARTING NEW DOMAIN: https://dae.khagrachhari.gov.bd
==================================================
[+] Domain exhausted. Finishing up: https://dae.khagrachhari.gov.bd
==================================================
[*] STARTING NEW DOMAIN: https://dphe.iswarganj.mymensingh.gov.bd
==================================================
[+] Domain exhausted. Finishing up: https://dphe.iswarganj.mymensingh.gov.bd
==================================================
[*] STARTING NEW DOMAIN: https://deb110010.dhakaeducationboard.gov.bd
==================================================
[+] Domain exhausted. Finishing up: https://deb110010.dhakaeducationboard.gov.bd
==================================================
[*] STARTING NEW DOMAIN: https://eed.meghna.comilla.gov.bd
==================================================
[+] Domain exhausted. Finishing up: https://eed.meghna.comilla.gov.bd
==================================================
[*] STARTING NEW DOMAIN: https://deb110454.dhakaeducationboard.gov.bd
==================================================
[+] Domain exhausted. Finishing up: https://deb110454.dhakaeducationboard.gov.bd
==================================================
[*] STARTING NEW DOMAIN: https://deb132054.dhakaeducationboard.gov.bd
==================================================
[+] Domain exhausted. Finishing up: https://deb132054.dhakaeducationboard.gov.bd
==================================================
[*] STARTING NEW DOMAIN: https://pds.dae.gov.bd
==================================================
[+] Domain exhausted. Finishing up: https://pds.dae.gov.bd
==================================================
[*] STARTING NEW DOMAIN: https://health.sherpur.bogra.gov.bd
==================================================
[+] Domain exhausted. Finishing up: https://health.sherpur.bogra.gov.bd
==================================================
[*] STARTING NEW DOMAIN: https://deb110392.dhakaeducationboard.gov.bd
==================================================
[+] Domain exhausted. Finishing up: https://deb110392.dhakaeducationboard.gov.bd
==================================================
[*] STARTING NEW DOMAIN: https://ehealthcertificate.bfsa.gov.bd
==================================================
[+] Domain exhausted. Finishing up: https://ehealthcertificate.bfsa.gov.bd
==================================================
[*] STARTING NEW DOMAIN: https://ec.jhalakathi.gov.bd
==================================================
[+] Domain exhausted. Finishing up: https://ec.jhalakathi.gov.bd
==================================================
[*] STARTING NEW DOMAIN: https://deb110396.dhakaeducationboard.gov.bd
==================================================
[+] Domain exhausted. Finishing up: https://deb110396.dhakaeducationboard.gov.bd
==================================================
[*] STARTING NEW DOMAIN: https://asu.sadar.jhenaidah.gov.bd
==================================================
[+] Domain exhausted. Finishing up: https://asu.sadar.jhenaidah.gov.bd
==================================================
[*] STARTING NEW DOMAIN: https://food.bancharampur.brahmanbaria.gov.bd
==================================================
[+] Domain exhausted. Finishing up: https://food.bancharampur.brahmanbaria.gov.bd
==================================================
[*] STARTING NEW DOMAIN: https://deb109938.dhakaeducationboard.gov.bd
==================================================
[+] Domain exhausted. Finishing up: https://deb109938.dhakaeducationboard.gov.bd
==================================================
[*] STARTING NEW DOMAIN: https://asf2022.ddm.gov.bd
==================================================
[+] Domain exhausted. Finishing up: https://asf2022.ddm.gov.bd
==================================================
[*] STARTING NEW DOMAIN: https://fpo.khagrachhari.gov.bd
==================================================
[+] Domain exhausted. Finishing up: https://fpo.khagrachhari.gov.bd
==================================================
[*] STARTING NEW DOMAIN: https://asp.portal.gov.bd
==================================================
[+] Domain exhausted. Finishing up: https://asp.portal.gov.bd
==================================================
[*] STARTING NEW DOMAIN: https://ec.kanaighat.sylhet.gov.bd
==================================================
[+] Domain exhausted. Finishing up: https://ec.kanaighat.sylhet.gov.bd
==================================================
[*] STARTING NEW DOMAIN: https://ansarvdp.naria.shariatpur.gov.bd
==================================================
[+] Domain exhausted. Finishing up: https://ansarvdp.naria.shariatpur.gov.bd
==================================================
[*] STARTING NEW DOMAIN: https://brtcdepot.comilla.gov.bd
==================================================
[+] Domain exhausted. Finishing up: https://brtcdepot.comilla.gov.bd
==================================================
[*] STARTING NEW DOMAIN: https://dwa.palash.narsingdi.gov.bd
==================================================
[+] Domain exhausted. Finishing up: https://dwa.palash.narsingdi.gov.bd
==================================================
[*] STARTING NEW DOMAIN: https://dwa.gior.manikganj.gov.bd
==================================================
[+] Domain exhausted. Finishing up: https://dwa.gior.manikganj.gov.bd
==================================================
[*] STARTING NEW DOMAIN: https://publiclibrary.thakurgaon.gov.bd
==================================================
[+] Domain exhausted. Finishing up: https://publiclibrary.thakurgaon.gov.bd
==================================================
[*] STARTING NEW DOMAIN: http://kachuriabazarhsmmsecondaryschool.jessoreboard.gov.bd
==================================================
[+] Domain exhausted. Finishing up: http://kachuriabazarhsmmsecondaryschool.jessoreboard.gov.bd
==================================================
[*] STARTING NEW DOMAIN: https://sca.noakhali.gov.bd
==================================================
[+] Domain exhausted. Finishing up: https://sca.noakhali.gov.bd
==================================================
[*] STARTING NEW DOMAIN: https://deb108470.dhakaeducationboard.gov.bd
==================================================
[+] Domain exhausted. Finishing up: https://deb108470.dhakaeducationboard.gov.bd
==================================================
[*] STARTING NEW DOMAIN: https://dingedahsecondarygirlsschool.jessoreboard.gov.bd
==================================================
[+] Domain exhausted. Finishing up: https://dingedahsecondarygirlsschool.jessoreboard.gov.bd
==================================================
[*] STARTING NEW DOMAIN: https://dss.shahjadpur.sirajganj.gov.bd
==================================================
[+] Domain exhausted. Finishing up: https://dss.shahjadpur.sirajganj.gov.bd
==================================================
[*] STARTING NEW DOMAIN: https://deb108227.dhakaeducationboard.gov.bd
==================================================
[+] Domain exhausted. Finishing up: https://deb108227.dhakaeducationboard.gov.bd
==================================================
[*] STARTING NEW DOMAIN: https://ec.niamatpur.naogaon.gov.bd
==================================================
[+] Domain exhausted. Finishing up: https://ec.niamatpur.naogaon.gov.bd
==================================================
[*] STARTING NEW DOMAIN: https://ebek.karimgonj.kishoreganj.gov.bd
==================================================
[+] Domain exhausted. Finishing up: https://ebek.karimgonj.kishoreganj.gov.bd
==================================================
[*] STARTING NEW DOMAIN: https://chanditalaunitedsecondaryschool.jessoreboard.gov.bd
==================================================
[+] Domain exhausted. Finishing up: https://chanditalaunitedsecondaryschool.jessoreboard.gov.bd
==================================================
[*] STARTING NEW DOMAIN: https://ec.ramu.coxsbazar.gov.bd
==================================================
[+] Domain exhausted. Finishing up: https://ec.ramu.coxsbazar.gov.bd
==================================================
[*] STARTING NEW DOMAIN: https://bichhatnewmodelsecondaryschool.jessoreboard.gov.bd
==================================================
[+] Domain exhausted. Finishing up: https://bichhatnewmodelsecondaryschool.jessoreboard.gov.bd
==================================================
[*] STARTING NEW DOMAIN: https://dao.shibpur.narsingdi.gov.bd
==================================================
[+] Domain exhausted. Finishing up: https://dao.shibpur.narsingdi.gov.bd
==================================================
[*] STARTING NEW DOMAIN: https://acc.habiganj.gov.bd
==================================================
[+] Domain exhausted. Finishing up: https://acc.habiganj.gov.bd
==================================================
[*] STARTING NEW DOMAIN: https://deb110668.dhakaeducationboard.gov.bd
==================================================
[+] Domain exhausted. Finishing up: https://deb110668.dhakaeducationboard.gov.bd
==================================================
[*] STARTING NEW DOMAIN: https://dao.kotchandpur.jhenaidah.gov.bd
==================================================
[+] Domain exhausted. Finishing up: https://dao.kotchandpur.jhenaidah.gov.bd
==================================================
[*] STARTING NEW DOMAIN: https://deb108358.dhakaeducationboard.gov.bd
==================================================
[+] Domain exhausted. Finishing up: https://deb108358.dhakaeducationboard.gov.bd
==================================================
[*] STARTING NEW DOMAIN: https://deb111150.dhakaeducationboard.gov.bd
==================================================
[+] Domain exhausted. Finishing up: https://deb111150.dhakaeducationboard.gov.bd
==================================================
[*] STARTING NEW DOMAIN: https://deb108504.dhakaeducationboard.gov.bd
==================================================
[+] Domain exhausted. Finishing up: https://deb108504.dhakaeducationboard.gov.bd
==================================================
[*] STARTING NEW DOMAIN: https://deb137395.dhakaeducationboard.gov.bd
==================================================
[+] Domain exhausted. Finishing up: https://deb137395.dhakaeducationboard.gov.bd
==================================================
[*] STARTING NEW DOMAIN: https://post.gopalganj.gov.bd
==================================================
[+] Domain exhausted. Finishing up: https://post.gopalganj.gov.bd
==================================================
[*] STARTING NEW DOMAIN: https://dao.monpura.bhola.gov.bd
==================================================
[+] Domain exhausted. Finishing up: https://dao.monpura.bhola.gov.bd
==================================================
[*] STARTING NEW DOMAIN: https://deb108925.dhakaeducationboard.gov.bd
==================================================
[+] Domain exhausted. Finishing up: https://deb108925.dhakaeducationboard.gov.bd
==================================================
[*] STARTING NEW DOMAIN: https://dam.chuadanga.gov.bd
==================================================
[+] Domain exhausted. Finishing up: https://dam.chuadanga.gov.bd
==================================================
[*] STARTING NEW DOMAIN: https://deb108909.dhakaeducationboard.gov.bd
==================================================
[+] Domain exhausted. Finishing up: https://deb108909.dhakaeducationboard.gov.bd
==================================================
[*] STARTING NEW DOMAIN: https://deb109049.dhakaeducationboard.gov.bd
==================================================
[+] Domain exhausted. Finishing up: https://deb109049.dhakaeducationboard.gov.bd
==================================================
[*] STARTING NEW DOMAIN: https://deb110984.dhakaeducationboard.gov.bd
==================================================
[+] Domain exhausted. Finishing up: https://deb110984.dhakaeducationboard.gov.bd
==================================================
[*] STARTING NEW DOMAIN: https://deb108831.dhakaeducationboard.gov.bd
==================================================
[+] Domain exhausted. Finishing up: https://deb108831.dhakaeducationboard.gov.bd
==================================================
[*] STARTING NEW DOMAIN: https://acl.faridgonj.chandpur.gov.bd
==================================================
[+] Domain exhausted. Finishing up: https://acl.faridgonj.chandpur.gov.bd
==================================================
[*] STARTING NEW DOMAIN: https://dao.ramganj.lakshmipur.gov.bd
==================================================
[+] Domain exhausted. Finishing up: https://dao.ramganj.lakshmipur.gov.bd
==================================================
[*] STARTING NEW DOMAIN: https://deb109050.dhakaeducationboard.gov.bd
==================================================
[+] Domain exhausted. Finishing up: https://deb109050.dhakaeducationboard.gov.bd
==================================================
[*] STARTING NEW DOMAIN: http://dwa.bokshiganj.jamalpur.gov.bd
==================================================
[+] Domain exhausted. Finishing up: http://dwa.bokshiganj.jamalpur.gov.bd
==================================================
[*] STARTING NEW DOMAIN: https://deb110794.dhakaeducationboard.gov.bd
==================================================
[+] Domain exhausted. Finishing up: https://deb110794.dhakaeducationboard.gov.bd
==================================================
[*] STARTING NEW DOMAIN: https://deb108533.dhakaeducationboard.gov.bd
==================================================
[+] Domain exhausted. Finishing up: https://deb108533.dhakaeducationboard.gov.bd
==================================================
[*] STARTING NEW DOMAIN: https://deb108175.dhakaeducationboard.gov.bd
==================================================
[+] Domain exhausted. Finishing up: https://deb108175.dhakaeducationboard.gov.bd
==================================================
[*] STARTING NEW DOMAIN: https://deb108975.dhakaeducationboard.gov.bd
==================================================
[+] Domain exhausted. Finishing up: https://deb108975.dhakaeducationboard.gov.bd
==================================================
[*] STARTING NEW DOMAIN: https://deb111267.dhakaeducationboard.gov.bd
==================================================
[+] Domain exhausted. Finishing up: https://deb111267.dhakaeducationboard.gov.bd
==================================================
[*] STARTING NEW DOMAIN: https://deb109053.dhakaeducationboard.gov.bd
==================================================
[+] Domain exhausted. Finishing up: https://deb109053.dhakaeducationboard.gov.bd
==================================================
[*] STARTING NEW DOMAIN: https://dae.kawkhali.rangamati.gov.bd
==================================================
[+] Domain exhausted. Finishing up: https://dae.kawkhali.rangamati.gov.bd
==================================================
[*] STARTING NEW DOMAIN: https://fhotepurup.chapainawabganj.gov.bd
==================================================
[+] Domain exhausted. Finishing up: https://fhotepurup.chapainawabganj.gov.bd
==================================================
[*] STARTING NEW DOMAIN: https://dao.barguna.gov.bd
==================================================
[+] Domain exhausted. Finishing up: https://dao.barguna.gov.bd
==================================================
[*] STARTING NEW DOMAIN: https://dariapurup.magura.gov.bd
==================================================
[+] Domain exhausted. Finishing up: https://dariapurup.magura.gov.bd
==================================================
[*] STARTING NEW DOMAIN: https://dca.chittagongdiv.gov.bd
==================================================
[+] Domain exhausted. Finishing up: https://dca.chittagongdiv.gov.bd
==================================================
[*] STARTING NEW DOMAIN: https://deb111415.dhakaeducationboard.gov.bd
==================================================
[+] Domain exhausted. Finishing up: https://deb111415.dhakaeducationboard.gov.bd
==================================================
[*] STARTING NEW DOMAIN: https://deb112841.dhakaeducationboard.gov.bd
==================================================
[+] Domain exhausted. Finishing up: https://deb112841.dhakaeducationboard.gov.bd
==================================================
[*] STARTING NEW DOMAIN: https://barnibichalihighschool.jessoreboard.gov.bd
==================================================
[+] Domain exhausted. Finishing up: https://barnibichalihighschool.jessoreboard.gov.bd
==================================================
[*] STARTING NEW DOMAIN: https://acl.gurudaspur.natore.gov.bd
==================================================
[+] Domain exhausted. Finishing up: https://acl.gurudaspur.natore.gov.bd
==================================================
[*] STARTING NEW DOMAIN: https://hazifayezuddingirlshighschool.jessoreboard.gov.bd
==================================================
[+] Domain exhausted. Finishing up: https://hazifayezuddingirlshighschool.jessoreboard.gov.bd
==================================================
[*] STARTING NEW DOMAIN: https://deb108539.dhakaeducationboard.gov.bd
==================================================
[+] Domain exhausted. Finishing up: https://deb108539.dhakaeducationboard.gov.bd
==================================================
[*] STARTING NEW DOMAIN: https://seo.shayestaganj.habiganj.gov.bd
==================================================
[+] Domain exhausted. Finishing up: https://seo.shayestaganj.habiganj.gov.bd
==================================================
[*] STARTING NEW DOMAIN: https://dao.matlabnorth.chandpur.gov.bd
==================================================
[+] Domain exhausted. Finishing up: https://dao.matlabnorth.chandpur.gov.bd
==================================================
[*] STARTING NEW DOMAIN: https://dakshinchandpursecondaryschool.jessoreboard.gov.bd
==================================================
[+] Domain exhausted. Finishing up: https://dakshinchandpursecondaryschool.jessoreboard.gov.bd
==================================================
[*] STARTING NEW DOMAIN: https://fireservice.kalapara.patuakhali.gov.bd
==================================================
[+] Domain exhausted. Finishing up: https://fireservice.kalapara.patuakhali.gov.bd
==================================================
[*] STARTING NEW DOMAIN: https://333.gov.bd
==================================================
[+] Domain exhausted. Finishing up: https://333.gov.bd
==================================================
[*] STARTING NEW DOMAIN: https://deb110923.dhakaeducationboard.gov.bd
==================================================
[+] Domain exhausted. Finishing up: https://deb110923.dhakaeducationboard.gov.bd
==================================================
[*] STARTING NEW DOMAIN: https://dwa.dhaka.gov.bd
==================================================
[+] Domain exhausted. Finishing up: https://dwa.dhaka.gov.bd
==================================================
[*] STARTING NEW DOMAIN: https://forest.daulatpur.kushtia.gov.bd
==================================================
[+] Domain exhausted. Finishing up: https://forest.daulatpur.kushtia.gov.bd
==================================================
[*] STARTING NEW DOMAIN: https://deb108938.dhakaeducationboard.gov.bd
==================================================
[+] Domain exhausted. Finishing up: https://deb108938.dhakaeducationboard.gov.bd
==================================================
[*] STARTING NEW DOMAIN: https://dao.saltha.faridpur.gov.bd
==================================================
[+] Domain exhausted. Finishing up: https://dao.saltha.faridpur.gov.bd
==================================================
[*] STARTING NEW DOMAIN: https://dao.haluaghat.mymensingh.gov.bd
==================================================
[+] Domain exhausted. Finishing up: https://dao.haluaghat.mymensingh.gov.bd
==================================================
[*] STARTING NEW DOMAIN: https://deb108218.dhakaeducationboard.gov.bd
==================================================
[+] Domain exhausted. Finishing up: https://deb108218.dhakaeducationboard.gov.bd
==================================================
[*] STARTING NEW DOMAIN: https://bbs.debiganj.panchagarh.gov.bd
==================================================
[+] Domain exhausted. Finishing up: https://bbs.debiganj.panchagarh.gov.bd
==================================================
[*] STARTING NEW DOMAIN: https://shilpakala.brahmanbaria.gov.bd
==================================================
[+] Domain exhausted. Finishing up: https://shilpakala.brahmanbaria.gov.bd
==================================================
[*] STARTING NEW DOMAIN: https://deb109101.dhakaeducationboard.gov.bd
==================================================
[+] Domain exhausted. Finishing up: https://deb109101.dhakaeducationboard.gov.bd
==================================================
[*] STARTING NEW DOMAIN: https://deb112184.dhakaeducationboard.gov.bd
==================================================
[+] Domain exhausted. Finishing up: https://deb112184.dhakaeducationboard.gov.bd
==================================================
[*] STARTING NEW DOMAIN: https://dao.gournadi.barisal.gov.bd
==================================================
[+] Domain exhausted. Finishing up: https://dao.gournadi.barisal.gov.bd
==================================================
[*] STARTING NEW DOMAIN: https://bbs.portal.gov.bd
==================================================
[+] Domain exhausted. Finishing up: https://bbs.portal.gov.bd
==================================================
[*] STARTING NEW DOMAIN: https://sfdf.kamolganj.moulvibazar.gov.bd
==================================================
[+] Domain exhausted. Finishing up: https://sfdf.kamolganj.moulvibazar.gov.bd
==================================================
[*] STARTING NEW DOMAIN: https://fireservice.bagmara.rajshahi.gov.bd
==================================================
[+] Domain exhausted. Finishing up: https://fireservice.bagmara.rajshahi.gov.bd
==================================================
[*] STARTING NEW DOMAIN: https://deb131355.dhakaeducationboard.gov.bd
==================================================
[+] Domain exhausted. Finishing up: https://deb131355.dhakaeducationboard.gov.bd
==================================================
[*] STARTING NEW DOMAIN: https://deb111409.dhakaeducationboard.gov.bd
==================================================
[+] Domain exhausted. Finishing up: https://deb111409.dhakaeducationboard.gov.bd
==================================================
[*] STARTING NEW DOMAIN: https://deb112411.dhakaeducationboard.gov.bd
==================================================
[+] Domain exhausted. Finishing up: https://deb112411.dhakaeducationboard.gov.bd
==================================================
[*] STARTING NEW DOMAIN: https://deb112348.dhakaeducationboard.gov.bd
==================================================
[+] Domain exhausted. Finishing up: https://deb112348.dhakaeducationboard.gov.bd
==================================================
[*] STARTING NEW DOMAIN: https://acl.terokhada.khulna.gov.bd
==================================================
[+] Domain exhausted. Finishing up: https://acl.terokhada.khulna.gov.bd
==================================================
[*] STARTING NEW DOMAIN: https://deb111270.dhakaeducationboard.gov.bd
==================================================
[+] Domain exhausted. Finishing up: https://deb111270.dhakaeducationboard.gov.bd
==================================================
[*] STARTING NEW DOMAIN: https://eed.chuadanga.gov.bd
==================================================
[+] Domain exhausted. Finishing up: https://eed.chuadanga.gov.bd
==================================================
[*] STARTING NEW DOMAIN: https://seo.beanibazar.sylhet.gov.bd
==================================================
[+] Domain exhausted. Finishing up: https://seo.beanibazar.sylhet.gov.bd
==================================================
[*] STARTING NEW DOMAIN: https://sfdf.paba.rajshahi.gov.bd
==================================================
[+] Domain exhausted. Finishing up: https://sfdf.paba.rajshahi.gov.bd
==================================================
[*] STARTING NEW DOMAIN: https://cooperative.fulbari.dinajpur.gov.bd
==================================================
[+] Domain exhausted. Finishing up: https://cooperative.fulbari.dinajpur.gov.bd
==================================================
[*] STARTING NEW DOMAIN: https://eo.bheramara.kushtia.gov.bd
==================================================
[+] Domain exhausted. Finishing up: https://eo.bheramara.kushtia.gov.bd
==================================================
[*] STARTING NEW DOMAIN: https://pbs.assasuni.satkhira.gov.bd
==================================================
[+] Domain exhausted. Finishing up: https://pbs.assasuni.satkhira.gov.bd
==================================================
[*] STARTING NEW DOMAIN: https://scs.ssd.gov.bd
==================================================
[+] Domain exhausted. Finishing up: https://scs.ssd.gov.bd
==================================================
[*] STARTING NEW DOMAIN: https://ec.paikgasa.khulna.gov.bd
==================================================
[+] Domain exhausted. Finishing up: https://ec.paikgasa.khulna.gov.bd
==================================================
[*] STARTING NEW DOMAIN: https://pbs2.bogra.gov.bd
==================================================
[+] Domain exhausted. Finishing up: https://pbs2.bogra.gov.bd
==================================================
[*] STARTING NEW DOMAIN: https://deb113607.dhakaeducationboard.gov.bd
==================================================
[+] Domain exhausted. Finishing up: https://deb113607.dhakaeducationboard.gov.bd
==================================================
[*] STARTING NEW DOMAIN: https://pallisreemahavidyalaya.jessoreboard.gov.bd
==================================================
[+] Domain exhausted. Finishing up: https://pallisreemahavidyalaya.jessoreboard.gov.bd
==================================================
[*] STARTING NEW DOMAIN: https://ekeb.derai.sunamganj.gov.bd
==================================================
[+] Domain exhausted. Finishing up: https://ekeb.derai.sunamganj.gov.bd
==================================================
[*] STARTING NEW DOMAIN: https://ec.kalihati.tangail.gov.bd
==================================================
[+] Domain exhausted. Finishing up: https://ec.kalihati.tangail.gov.bd
==================================================
[*] STARTING NEW DOMAIN: https://ec.kalaroa.satkhira.gov.bd
==================================================
[+] Domain exhausted. Finishing up: https://ec.kalaroa.satkhira.gov.bd
==================================================
[*] STARTING NEW DOMAIN: https://ebek.companiganj.noakhali.gov.bd
==================================================
[+] Domain exhausted. Finishing up: https://ebek.companiganj.noakhali.gov.bd
==================================================
[*] STARTING NEW DOMAIN: https://parkumarkhalisecondaryschool.jessoreboard.gov.bd
==================================================
[+] Domain exhausted. Finishing up: https://parkumarkhalisecondaryschool.jessoreboard.gov.bd
==================================================
[*] STARTING NEW DOMAIN: https://eed.rajshahidiv.gov.bd
==================================================
[+] Domain exhausted. Finishing up: https://eed.rajshahidiv.gov.bd
==================================================
[*] STARTING NEW DOMAIN: https://pirpurkullajuniorhighschool.jessoreboard.gov.bd
==================================================
[+] Domain exhausted. Finishing up: https://pirpurkullajuniorhighschool.jessoreboard.gov.bd
==================================================
[*] STARTING NEW DOMAIN: https://pdb.brahmanbaria.gov.bd
==================================================
[+] Domain exhausted. Finishing up: https://pdb.brahmanbaria.gov.bd
==================================================
[*] STARTING NEW DOMAIN: https://pcdb.bandarban.gov.bd
==================================================
[+] Domain exhausted. Finishing up: https://pcdb.bandarban.gov.bd
==================================================
[*] STARTING NEW DOMAIN: https://deb112887.dhakaeducationboard.gov.bd
==================================================
[+] Domain exhausted. Finishing up: https://deb112887.dhakaeducationboard.gov.bd
==================================================
[*] STARTING NEW DOMAIN: https://pbs.bhandaria.pirojpur.gov.bd
==================================================
[+] Domain exhausted. Finishing up: https://pbs.bhandaria.pirojpur.gov.bd
==================================================
[*] STARTING NEW DOMAIN: https://passport.faridpur.gov.bd
==================================================
[+] Domain exhausted. Finishing up: https://passport.faridpur.gov.bd
==================================================
[*] STARTING NEW DOMAIN: https://ec.teknaf.coxsbazar.gov.bd
==================================================
[+] Domain exhausted. Finishing up: https://ec.teknaf.coxsbazar.gov.bd
==================================================
[*] STARTING NEW DOMAIN: https://pio.fakirhat.bagerhat.gov.bd
==================================================
[+] Domain exhausted. Finishing up: https://pio.fakirhat.bagerhat.gov.bd
==================================================
[*] STARTING NEW DOMAIN: https://pankhalimomtazbegumsecondaryschool.jessoreboard.gov.bd
==================================================
[+] Domain exhausted. Finishing up: https://pankhalimomtazbegumsecondaryschool.jessoreboard.gov.bd
==================================================
[*] STARTING NEW DOMAIN: https://police.chapainawabganj.gov.bd
==================================================
[+] Domain exhausted. Finishing up: https://police.chapainawabganj.gov.bd
==================================================
[*] STARTING NEW DOMAIN: http://tms.mofood.gov.bd
==================================================
[+] Domain exhausted. Finishing up: http://tms.mofood.gov.bd
==================================================
[*] STARTING NEW DOMAIN: https://emis2.dgfp.gov.bd
==================================================
[+] Domain exhausted. Finishing up: https://emis2.dgfp.gov.bd
==================================================
[*] STARTING NEW DOMAIN: https://so.dhamrai.dhaka.gov.bd
==================================================
[+] Domain exhausted. Finishing up: https://so.dhamrai.dhaka.gov.bd
==================================================
[*] STARTING NEW DOMAIN: https://deb113198.dhakaeducationboard.gov.bd
==================================================
[+] Domain exhausted. Finishing up: https://deb113198.dhakaeducationboard.gov.bd
==================================================
[*] STARTING NEW DOMAIN: https://deb110265.dhakaeducationboard.gov.bd
==================================================
[+] Domain exhausted. Finishing up: https://deb110265.dhakaeducationboard.gov.bd
==================================================
[*] STARTING NEW DOMAIN: https://pdb.chittagong.gov.bd
==================================================
[+] Domain exhausted. Finishing up: https://pdb.chittagong.gov.bd
==================================================
[*] STARTING NEW DOMAIN: https://fireservice.sherpur.bogra.gov.bd
==================================================
[+] Domain exhausted. Finishing up: https://fireservice.sherpur.bogra.gov.bd
==================================================
[*] STARTING NEW DOMAIN: https://fisheries.baraigram.natore.gov.bd
==================================================
[+] Domain exhausted. Finishing up: https://fisheries.baraigram.natore.gov.bd
==================================================
[*] STARTING NEW DOMAIN: https://deb190135.dhakaeducationboard.gov.bd
==================================================
[+] Domain exhausted. Finishing up: https://deb190135.dhakaeducationboard.gov.bd
==================================================
[*] STARTING NEW DOMAIN: https://pio.damurhuda.chuadanga.gov.bd
==================================================
[+] Domain exhausted. Finishing up: https://pio.damurhuda.chuadanga.gov.bd
==================================================
[*] STARTING NEW DOMAIN: https://deb131945.dhakaeducationboard.gov.bd
==================================================
[+] Domain exhausted. Finishing up: https://deb131945.dhakaeducationboard.gov.bd
==================================================
[*] STARTING NEW DOMAIN: https://deb131989.dhakaeducationboard.gov.bd
==================================================
[+] Domain exhausted. Finishing up: https://deb131989.dhakaeducationboard.gov.bd
==================================================
[*] STARTING NEW DOMAIN: https://dls.bakerganj.barisal.gov.bd
==================================================
[+] Domain exhausted. Finishing up: https://dls.bakerganj.barisal.gov.bd
==================================================
[*] STARTING NEW DOMAIN: https://ansarvdp.louhajanj.munshiganj.gov.bd
==================================================
[+] Domain exhausted. Finishing up: https://ansarvdp.louhajanj.munshiganj.gov.bd
==================================================
[*] STARTING NEW DOMAIN: https://deb137278.dhakaeducationboard.gov.bd
==================================================
[+] Domain exhausted. Finishing up: https://deb137278.dhakaeducationboard.gov.bd
==================================================
[*] STARTING NEW DOMAIN: https://doict.balaganj.sylhet.gov.bd
==================================================
[+] Domain exhausted. Finishing up: https://doict.balaganj.sylhet.gov.bd
==================================================
[*] STARTING NEW DOMAIN: https://doict.moulvibazarsadar.moulvibazar.gov.bd
==================================================
[+] Domain exhausted. Finishing up: https://doict.moulvibazarsadar.moulvibazar.gov.bd
==================================================
[*] STARTING NEW DOMAIN: https://bnnc.portal.gov.bd
==================================================
[+] Domain exhausted. Finishing up: https://bnnc.portal.gov.bd
==================================================
[*] STARTING NEW DOMAIN: https://dnc.pabna.gov.bd
==================================================
[+] Domain exhausted. Finishing up: https://dnc.pabna.gov.bd
==================================================
[*] STARTING NEW DOMAIN: https://dnc.lalmonirhat.gov.bd
==================================================
[+] Domain exhausted. Finishing up: https://dnc.lalmonirhat.gov.bd
==================================================
[*] STARTING NEW DOMAIN: https://bwdb.chapainawabganj.gov.bd
==================================================
[+] Domain exhausted. Finishing up: https://bwdb.chapainawabganj.gov.bd
==================================================
[*] STARTING NEW DOMAIN: https://doict.kamarkhand.sirajganj.gov.bd
==================================================
[+] Domain exhausted. Finishing up: https://doict.kamarkhand.sirajganj.gov.bd
==================================================
[*] STARTING NEW DOMAIN: https://doict.ghatail.tangail.gov.bd
==================================================
[+] Domain exhausted. Finishing up: https://doict.ghatail.tangail.gov.bd
==================================================
[*] STARTING NEW DOMAIN: https://seo.fatikchhari.chittagong.gov.bd
==================================================
[+] Domain exhausted. Finishing up: https://seo.fatikchhari.chittagong.gov.bd
==================================================
[*] STARTING NEW DOMAIN: https://brdti.gov.bd
==================================================
[+] Domain exhausted. Finishing up: https://brdti.gov.bd
==================================================
[*] STARTING NEW DOMAIN: https://dnc.tangail.gov.bd
==================================================
[+] Domain exhausted. Finishing up: https://dnc.tangail.gov.bd
==================================================
[*] STARTING NEW DOMAIN: https://deb136329.dhakaeducationboard.gov.bd
==================================================
[+] Domain exhausted. Finishing up: https://deb136329.dhakaeducationboard.gov.bd
==================================================
[*] STARTING NEW DOMAIN: https://deo.kaliganj.gazipur.gov.bd
==================================================
[+] Domain exhausted. Finishing up: https://deo.kaliganj.gazipur.gov.bd
==================================================
[*] STARTING NEW DOMAIN: https://deb130932.dhakaeducationboard.gov.bd
==================================================
[+] Domain exhausted. Finishing up: https://deb130932.dhakaeducationboard.gov.bd
==================================================
[*] STARTING NEW DOMAIN: https://dpdc.gov.bd
==================================================
[+] Domain exhausted. Finishing up: https://dpdc.gov.bd
==================================================
[*] STARTING NEW DOMAIN: https://deb138274.dhakaeducationboard.gov.bd
==================================================
[+] Domain exhausted. Finishing up: https://deb138274.dhakaeducationboard.gov.bd
==================================================
[*] STARTING NEW DOMAIN: https://deb130827.dhakaeducationboard.gov.bd
==================================================
[+] Domain exhausted. Finishing up: https://deb130827.dhakaeducationboard.gov.bd
==================================================
[*] STARTING NEW DOMAIN: https://doict.tarail.kishoreganj.gov.bd
==================================================
[+] Domain exhausted. Finishing up: https://doict.tarail.kishoreganj.gov.bd
==================================================
[*] STARTING NEW DOMAIN: https://deb137164.dhakaeducationboard.gov.bd
==================================================
[+] Domain exhausted. Finishing up: https://deb137164.dhakaeducationboard.gov.bd
==================================================
[*] STARTING NEW DOMAIN: https://deb140002.dhakaeducationboard.gov.bd
==================================================
[+] Domain exhausted. Finishing up: https://deb140002.dhakaeducationboard.gov.bd
==================================================
[*] STARTING NEW DOMAIN: https://deo.sadarsouth.comilla.gov.bd
==================================================
[+] Domain exhausted. Finishing up: https://deo.sadarsouth.comilla.gov.bd
==================================================
[*] STARTING NEW DOMAIN: https://acl.tetulia.panchagarh.gov.bd
==================================================
[+] Domain exhausted. Finishing up: https://acl.tetulia.panchagarh.gov.bd
==================================================
[*] STARTING NEW DOMAIN: https://bhadaiup.lalmonirhat.gov.bd
==================================================
[+] Domain exhausted. Finishing up: https://bhadaiup.lalmonirhat.gov.bd
==================================================
[*] STARTING NEW DOMAIN: https://boriasecondarygirlsschool.jessoreboard.gov.bd
==================================================
[+] Domain exhausted. Finishing up: https://boriasecondarygirlsschool.jessoreboard.gov.bd
==================================================
[*] STARTING NEW DOMAIN: https://fisheries.syedpur.nilphamari.gov.bd
==================================================
[+] Domain exhausted. Finishing up: https://fisheries.syedpur.nilphamari.gov.bd
==================================================
[*] STARTING NEW DOMAIN: https://bahirmadisecondaryschool.jessoreboard.gov.bd
==================================================
[+] Domain exhausted. Finishing up: https://bahirmadisecondaryschool.jessoreboard.gov.bd
==================================================
[*] STARTING NEW DOMAIN: https://fpo.baghaichari.rangamati.gov.bd
==================================================
[+] Domain exhausted. Finishing up: https://fpo.baghaichari.rangamati.gov.bd
==================================================
[*] STARTING NEW DOMAIN: https://hatdariapursammilanisecondaryschool.jessoreboard.gov.bd
==================================================
[+] Domain exhausted. Finishing up: https://hatdariapursammilanisecondaryschool.jessoreboard.gov.bd
==================================================
[*] STARTING NEW DOMAIN: https://baotsolaimanisecondaryschool.jessoreboard.gov.bd
==================================================
[+] Domain exhausted. Finishing up: https://baotsolaimanisecondaryschool.jessoreboard.gov.bd
==================================================
[*] STARTING NEW DOMAIN: https://doict.kalukhali.rajbari.gov.bd
==================================================
[+] Domain exhausted. Finishing up: https://doict.kalukhali.rajbari.gov.bd
==================================================
[*] STARTING NEW DOMAIN: https://chandraghonaup.chittagong.gov.bd
==================================================
[+] Domain exhausted. Finishing up: https://chandraghonaup.chittagong.gov.bd
==================================================
[*] STARTING NEW DOMAIN: https://doelab.chittagongdiv.gov.bd
==================================================
[+] Domain exhausted. Finishing up: https://doelab.chittagongdiv.gov.bd
==================================================
[*] STARTING NEW DOMAIN: https://doj.kalia.narail.gov.bd
==================================================
[+] Domain exhausted. Finishing up: https://doj.kalia.narail.gov.bd
==================================================
[*] STARTING NEW DOMAIN: https://dphe.matiranga.khagrachhari.gov.bd
==================================================
[+] Domain exhausted. Finishing up: https://dphe.matiranga.khagrachhari.gov.bd
==================================================
[*] STARTING NEW DOMAIN: https://dpe.monohargonj.comilla.gov.bd
==================================================
[+] Domain exhausted. Finishing up: https://dpe.monohargonj.comilla.gov.bd
==================================================
[*] STARTING NEW DOMAIN: https://doj.tangail.gov.bd
==================================================
[+] Domain exhausted. Finishing up: https://doj.tangail.gov.bd
==================================================
[*] STARTING NEW DOMAIN: https://badc.kuliarchar.kishoreganj.gov.bd
==================================================
[+] Domain exhausted. Finishing up: https://badc.kuliarchar.kishoreganj.gov.bd
==================================================
[*] STARTING NEW DOMAIN: https://fazaralisecondarygirlsschoolandcollege.jessoreboard.gov.bd
==================================================
[+] Domain exhausted. Finishing up: https://fazaralisecondarygirlsschoolandcollege.jessoreboard.gov.bd
==================================================
[*] STARTING NEW DOMAIN: https://fireservice.kotchandpur.jhenaidah.gov.bd
==================================================
[+] Domain exhausted. Finishing up: https://fireservice.kotchandpur.jhenaidah.gov.bd
==================================================
[*] STARTING NEW DOMAIN: https://bjri.faridpur.gov.bd
==================================================
[+] Domain exhausted. Finishing up: https://bjri.faridpur.gov.bd
==================================================
[*] STARTING NEW DOMAIN: https://dshe.chittagongdiv.gov.bd
==================================================
[+] Domain exhausted. Finishing up: https://dshe.chittagongdiv.gov.bd
==================================================
[*] STARTING NEW DOMAIN: https://fireservice.kurigram.gov.bd
==================================================
[+] Domain exhausted. Finishing up: https://fireservice.kurigram.gov.bd
==================================================
[*] STARTING NEW DOMAIN: https://dshe.faridpur.pabna.gov.bd
==================================================
[+] Domain exhausted. Finishing up: https://dshe.faridpur.pabna.gov.bd
==================================================
[*] STARTING NEW DOMAIN: https://dphe.kalia.narail.gov.bd
==================================================
[+] Domain exhausted. Finishing up: https://dphe.kalia.narail.gov.bd
==================================================
[*] STARTING NEW DOMAIN: https://dpe.muktagacha.mymensingh.gov.bd
==================================================
[+] Domain exhausted. Finishing up: https://dpe.muktagacha.mymensingh.gov.bd
==================================================
[*] STARTING NEW DOMAIN: https://dao.shahjadpur.sirajganj.gov.bd
==================================================
[+] Domain exhausted. Finishing up: https://dao.shahjadpur.sirajganj.gov.bd
==================================================
[*] STARTING NEW DOMAIN: https://fireservice.nawabganj.dhaka.gov.bd
==================================================
[+] Domain exhausted. Finishing up: https://fireservice.nawabganj.dhaka.gov.bd
==================================================
[*] STARTING NEW DOMAIN: https://food.beanibazar.sylhet.gov.bd
==================================================
[+] Domain exhausted. Finishing up: https://food.beanibazar.sylhet.gov.bd
==================================================
[*] STARTING NEW DOMAIN: https://dshe.koyra.khulna.gov.bd
==================================================
[+] Domain exhausted. Finishing up: https://dshe.koyra.khulna.gov.bd
==================================================
[*] STARTING NEW DOMAIN: https://tspcl.gov.bd
==================================================
[+] Domain exhausted. Finishing up: https://tspcl.gov.bd
==================================================
[*] STARTING NEW DOMAIN: https://forest.shibganj.chapainawabganj.gov.bd
==================================================
[+] Domain exhausted. Finishing up: https://forest.shibganj.chapainawabganj.gov.bd
==================================================
[*] STARTING NEW DOMAIN: https://sereb.mymensingh.gov.bd
==================================================
[+] Domain exhausted. Finishing up: https://sereb.mymensingh.gov.bd
==================================================
[*] STARTING NEW DOMAIN: https://serviceweek.dgfp.gov.bd
==================================================
[+] Domain exhausted. Finishing up: https://serviceweek.dgfp.gov.bd
==================================================
[*] STARTING NEW DOMAIN: https://dphe.rajapur.jhalakathi.gov.bd
==================================================
[+] Domain exhausted. Finishing up: https://dphe.rajapur.jhalakathi.gov.bd
==================================================
[*] STARTING NEW DOMAIN: https://fpo.aditmari.lalmonirhat.gov.bd
==================================================
[+] Domain exhausted. Finishing up: https://fpo.aditmari.lalmonirhat.gov.bd
==================================================
[*] STARTING NEW DOMAIN: https://acl.ashuganj.brahmanbaria.gov.bd
==================================================
[+] Domain exhausted. Finishing up: https://acl.ashuganj.brahmanbaria.gov.bd
==================================================
[*] STARTING NEW DOMAIN: https://bard.gov.bd
==================================================
[+] Domain exhausted. Finishing up: https://bard.gov.bd
==================================================
[*] STARTING NEW DOMAIN: https://dr.kishoreganj.gov.bd
==================================================
[+] Domain exhausted. Finishing up: https://dr.kishoreganj.gov.bd
==================================================
[*] STARTING NEW DOMAIN: https://gangarampurpksecondaryschool.jessoreboard.gov.bd
==================================================
[+] Domain exhausted. Finishing up: https://gangarampurpksecondaryschool.jessoreboard.gov.bd
==================================================
[*] STARTING NEW DOMAIN: https://fireservice.itna.kishoreganj.gov.bd
==================================================
[+] Domain exhausted. Finishing up: https://fireservice.itna.kishoreganj.gov.bd
==================================================
[*] STARTING NEW DOMAIN: https://acl.ramgati.lakshmipur.gov.bd
==================================================
[+] Domain exhausted. Finishing up: https://acl.ramgati.lakshmipur.gov.bd
==================================================
[*] STARTING NEW DOMAIN: https://dphe.sadar.sunamganj.gov.bd
==================================================
[+] Domain exhausted. Finishing up: https://dphe.sadar.sunamganj.gov.bd
==================================================
[*] STARTING NEW DOMAIN: https://ansarvdp.brahmanpara.comilla.gov.bd
==================================================
[+] Domain exhausted. Finishing up: https://ansarvdp.brahmanpara.comilla.gov.bd
==================================================
[*] STARTING NEW DOMAIN: https://food.mohadevpur.naogaon.gov.bd
==================================================
[+] Domain exhausted. Finishing up: https://food.mohadevpur.naogaon.gov.bd
==================================================
[*] STARTING NEW DOMAIN: https://bbs.damudya.shariatpur.gov.bd
==================================================
[+] Domain exhausted. Finishing up: https://bbs.damudya.shariatpur.gov.bd
==================================================
[*] STARTING NEW DOMAIN: https://pio.patgram.lalmonirhat.gov.bd
==================================================
[+] Domain exhausted. Finishing up: https://pio.patgram.lalmonirhat.gov.bd
==================================================
[*] STARTING NEW DOMAIN: https://shilpakala.rajbari.gov.bd
==================================================
[+] Domain exhausted. Finishing up: https://shilpakala.rajbari.gov.bd
==================================================
[*] STARTING NEW DOMAIN: https://acl.chatkhil.noakhali.gov.bd
==================================================
[+] Domain exhausted. Finishing up: https://acl.chatkhil.noakhali.gov.bd
==================================================
[*] STARTING NEW DOMAIN: https://bfpo.dpp.gov.bd
==================================================
[+] Domain exhausted. Finishing up: https://bfpo.dpp.gov.bd
==================================================
[*] STARTING NEW DOMAIN: https://fpo.chunarughat.habiganj.gov.bd
==================================================
[+] Domain exhausted. Finishing up: https://fpo.chunarughat.habiganj.gov.bd
==================================================
[*] STARTING NEW DOMAIN: https://sfdf.ishurdi.pabna.gov.bd
==================================================
[+] Domain exhausted. Finishing up: https://sfdf.ishurdi.pabna.gov.bd
==================================================
[*] STARTING NEW DOMAIN: https://dss.narsingdisadar.narsingdi.gov.bd
==================================================
[+] Domain exhausted. Finishing up: https://dss.narsingdisadar.narsingdi.gov.bd
==================================================
[*] STARTING NEW DOMAIN: https://forest.badargonj.rangpur.gov.bd
==================================================
[+] Domain exhausted. Finishing up: https://forest.badargonj.rangpur.gov.bd
==================================================
[*] STARTING NEW DOMAIN: https://damrtc.sylhet.gov.bd
==================================================
[+] Domain exhausted. Finishing up: https://damrtc.sylhet.gov.bd
==================================================
[*] STARTING NEW DOMAIN: https://forest.dhobaura.mymensingh.gov.bd
==================================================
[+] Domain exhausted. Finishing up: https://forest.dhobaura.mymensingh.gov.bd
==================================================
[*] STARTING NEW DOMAIN: https://seo.godagari.rajshahi.gov.bd
==================================================
[+] Domain exhausted. Finishing up: https://seo.godagari.rajshahi.gov.bd
==================================================
[*] STARTING NEW DOMAIN: https://fpo.melandah.jamalpur.gov.bd
==================================================
[+] Domain exhausted. Finishing up: https://fpo.melandah.jamalpur.gov.bd
==================================================
[*] STARTING NEW DOMAIN: https://dss.shahrasti.chandpur.gov.bd
==================================================
[+] Domain exhausted. Finishing up: https://dss.shahrasti.chandpur.gov.bd
==================================================
[*] STARTING NEW DOMAIN: https://fpo.babuganj.barisal.gov.bd
==================================================
[+] Domain exhausted. Finishing up: https://fpo.babuganj.barisal.gov.bd
==================================================
[*] STARTING NEW DOMAIN: https://police.baniachong.habiganj.gov.bd
==================================================
[+] Domain exhausted. Finishing up: https://police.baniachong.habiganj.gov.bd
==================================================
[*] STARTING NEW DOMAIN: https://stxavierjuniorhighschool.jessoreboard.gov.bd
==================================================
[+] Domain exhausted. Finishing up: https://stxavierjuniorhighschool.jessoreboard.gov.bd
==================================================
[*] STARTING NEW DOMAIN: https://police.feni.gov.bd
==================================================
[+] Domain exhausted. Finishing up: https://police.feni.gov.bd
==================================================
[*] STARTING NEW DOMAIN: https://dss-ucd.gopalganj.gov.bd
==================================================
[+] Domain exhausted. Finishing up: https://dss-ucd.gopalganj.gov.bd
==================================================
[*] STARTING NEW DOMAIN: https://bmet.narail.gov.bd
==================================================
[+] Domain exhausted. Finishing up: https://bmet.narail.gov.bd
==================================================
[*] STARTING NEW DOMAIN: https://charabdullahup.lakshmipur.gov.bd
==================================================
[+] Domain exhausted. Finishing up: https://charabdullahup.lakshmipur.gov.bd
==================================================
[*] STARTING NEW DOMAIN: https://ansarvdp.kishoreganjsadar.kishoreganj.gov.bd
==================================================
[+] Domain exhausted. Finishing up: https://ansarvdp.kishoreganjsadar.kishoreganj.gov.bd
==================================================
[*] STARTING NEW DOMAIN: https://dae.sreemangal.moulvibazar.gov.bd
==================================================
[+] Domain exhausted. Finishing up: https://dae.sreemangal.moulvibazar.gov.bd
==================================================
[*] STARTING NEW DOMAIN: https://ansarvdp.zajira.shariatpur.gov.bd
==================================================
[+] Domain exhausted. Finishing up: https://ansarvdp.zajira.shariatpur.gov.bd
==================================================
[*] STARTING NEW DOMAIN: https://psb.badargonj.rangpur.gov.bd
==================================================
[+] Domain exhausted. Finishing up: https://psb.badargonj.rangpur.gov.bd
==================================================
[*] STARTING NEW DOMAIN: https://chtrc.portal.gov.bd
==================================================
[+] Domain exhausted. Finishing up: https://chtrc.portal.gov.bd
==================================================
[*] STARTING NEW DOMAIN: https://coop.melandah.jamalpur.gov.bd
==================================================
[+] Domain exhausted. Finishing up: https://coop.melandah.jamalpur.gov.bd
==================================================
[*] STARTING NEW DOMAIN: https://fpo.sylhetsadar.sylhet.gov.bd
==================================================
[+] Domain exhausted. Finishing up: https://fpo.sylhetsadar.sylhet.gov.bd
==================================================
[*] STARTING NEW DOMAIN: https://cooparative.jhikargacha.jessore.gov.bd
==================================================
[+] Domain exhausted. Finishing up: https://cooparative.jhikargacha.jessore.gov.bd
==================================================
[*] STARTING NEW DOMAIN: https://fsmf.chhagalnaiya.feni.gov.bd
==================================================
[+] Domain exhausted. Finishing up: https://fsmf.chhagalnaiya.feni.gov.bd
==================================================
[*] STARTING NEW DOMAIN: https://industrialpolice.gazipur.gov.bd
==================================================
[+] Domain exhausted. Finishing up: https://industrialpolice.gazipur.gov.bd
==================================================
[*] STARTING NEW DOMAIN: https://dwa.basail.tangail.gov.bd
==================================================
[+] Domain exhausted. Finishing up: https://dwa.basail.tangail.gov.bd
==================================================
[*] STARTING NEW DOMAIN: https://hasnabadup.kurigram.gov.bd
==================================================
[+] Domain exhausted. Finishing up: https://hasnabadup.kurigram.gov.bd
==================================================
[*] STARTING NEW DOMAIN: https://hed.bhola.gov.bd
==================================================
[+] Domain exhausted. Finishing up: https://hed.bhola.gov.bd
==================================================
[*] STARTING NEW DOMAIN: https://cs.bhola.gov.bd
==================================================
[+] Domain exhausted. Finishing up: https://cs.bhola.gov.bd
==================================================
[*] STARTING NEW DOMAIN: https://dae.bheramara.kushtia.gov.bd
==================================================
[+] Domain exhausted. Finishing up: https://dae.bheramara.kushtia.gov.bd
==================================================
[*] STARTING NEW DOMAIN: https://goalbathansecondaryschool.jessoreboard.gov.bd
==================================================
[+] Domain exhausted. Finishing up: https://goalbathansecondaryschool.jessoreboard.gov.bd
==================================================
[*] STARTING NEW DOMAIN: https://dae.gowainghat.sylhet.gov.bd
==================================================
[+] Domain exhausted. Finishing up: https://dae.gowainghat.sylhet.gov.bd
==================================================
[*] STARTING NEW DOMAIN: https://irbadc.bogra.gov.bd
==================================================
[+] Domain exhausted. Finishing up: https://irbadc.bogra.gov.bd
==================================================
[*] STARTING NEW DOMAIN: https://health.fultola.khulna.gov.bd
==================================================
[+] Domain exhausted. Finishing up: https://health.fultola.khulna.gov.bd
==================================================
[*] STARTING NEW DOMAIN: https://goroikhaliup.khulna.gov.bd
==================================================
[+] Domain exhausted. Finishing up: https://goroikhaliup.khulna.gov.bd
==================================================
[*] STARTING NEW DOMAIN: https://dae.sherpur.gov.bd
==================================================
[+] Domain exhausted. Finishing up: https://dae.sherpur.gov.bd
==================================================
[*] STARTING NEW DOMAIN: https://dam.barguna.gov.bd
==================================================
[+] Domain exhausted. Finishing up: https://dam.barguna.gov.bd
==================================================
[*] STARTING NEW DOMAIN: https://health.jhikargacha.jessore.gov.bd
==================================================
[+] Domain exhausted. Finishing up: https://health.jhikargacha.jessore.gov.bd
==================================================
[*] STARTING NEW DOMAIN: https://gazariaup.narsingdi.gov.bd
==================================================
[+] Domain exhausted. Finishing up: https://gazariaup.narsingdi.gov.bd
==================================================
[*] STARTING NEW DOMAIN: https://islamicfoundation.thakurgaon.gov.bd
==================================================
[+] Domain exhausted. Finishing up: https://islamicfoundation.thakurgaon.gov.bd
==================================================
[*] STARTING NEW DOMAIN: https://dao.ishurdi.pabna.gov.bd
==================================================
[+] Domain exhausted. Finishing up: https://dao.ishurdi.pabna.gov.bd
==================================================
[*] STARTING NEW DOMAIN: https://dao.kapasia.gazipur.gov.bd
==================================================
[+] Domain exhausted. Finishing up: https://dao.kapasia.gazipur.gov.bd
==================================================
[*] STARTING NEW DOMAIN: https://dao.sadar.feni.gov.bd
==================================================
[+] Domain exhausted. Finishing up: https://dao.sadar.feni.gov.bd
==================================================
[*] STARTING NEW DOMAIN: https://jaduppurup.tangail.gov.bd
==================================================
[+] Domain exhausted. Finishing up: https://jaduppurup.tangail.gov.bd
==================================================
[*] STARTING NEW DOMAIN: https://health.juri.moulvibazar.gov.bd
==================================================
[+] Domain exhausted. Finishing up: https://health.juri.moulvibazar.gov.bd
==================================================
[*] STARTING NEW DOMAIN: https://habiganj.police.gov.bd
==================================================
[+] Domain exhausted. Finishing up: https://habiganj.police.gov.bd
==================================================
[*] STARTING NEW DOMAIN: https://irbadc.gobindaganj.gaibandha.gov.bd
==================================================
[+] Domain exhausted. Finishing up: https://irbadc.gobindaganj.gaibandha.gov.bd
==================================================
[*] STARTING NEW DOMAIN: https://islamicfoundation.zakiganj.sylhet.gov.bd
==================================================
[+] Domain exhausted. Finishing up: https://islamicfoundation.zakiganj.sylhet.gov.bd
==================================================
[*] STARTING NEW DOMAIN: https://deb108549.dhakaeducationboard.gov.bd
==================================================
[+] Domain exhausted. Finishing up: https://deb108549.dhakaeducationboard.gov.bd
==================================================
[*] STARTING NEW DOMAIN: https://deb108552.dhakaeducationboard.gov.bd
==================================================
[+] Domain exhausted. Finishing up: https://deb108552.dhakaeducationboard.gov.bd
==================================================
[*] STARTING NEW DOMAIN: https://ideas.nwpgcl.gov.bd
==================================================
[+] Domain exhausted. Finishing up: https://ideas.nwpgcl.gov.bd
==================================================
[*] STARTING NEW DOMAIN: https://deb108901.dhakaeducationboard.gov.bd
==================================================
[+] Domain exhausted. Finishing up: https://deb108901.dhakaeducationboard.gov.bd
==================================================
[*] STARTING NEW DOMAIN: https://sr.nabinagar.brahmanbaria.gov.bd
==================================================
[+] Domain exhausted. Finishing up: https://sr.nabinagar.brahmanbaria.gov.bd
==================================================
[*] STARTING NEW DOMAIN: https://irbadc.fulbaria.mymensingh.gov.bd
==================================================
[+] Domain exhausted. Finishing up: https://irbadc.fulbaria.mymensingh.gov.bd
==================================================
[*] STARTING NEW DOMAIN: https://housingestatesecondaryschool.jessoreboard.gov.bd
==================================================
[+] Domain exhausted. Finishing up: https://housingestatesecondaryschool.jessoreboard.gov.bd
==================================================
[*] STARTING NEW DOMAIN: https://deb109492.dhakaeducationboard.gov.bd
==================================================
[+] Domain exhausted. Finishing up: https://deb109492.dhakaeducationboard.gov.bd
==================================================
[*] STARTING NEW DOMAIN: https://sr.pirganj.thakurgaon.gov.bd
==================================================
[+] Domain exhausted. Finishing up: https://sr.pirganj.thakurgaon.gov.bd
==================================================
[*] STARTING NEW DOMAIN: https://prison.dhakadiv.gov.bd
==================================================
[+] Domain exhausted. Finishing up: https://prison.dhakadiv.gov.bd
==================================================
[*] STARTING NEW DOMAIN: https://raysreesouthup.chandpur.gov.bd
==================================================
[+] Domain exhausted. Finishing up: https://raysreesouthup.chandpur.gov.bd
==================================================
[*] STARTING NEW DOMAIN: https://deb109876.dhakaeducationboard.gov.bd
==================================================
[+] Domain exhausted. Finishing up: https://deb109876.dhakaeducationboard.gov.bd
==================================================
[*] STARTING NEW DOMAIN: https://alaipurrazbadhsecondaryschool.jessoreboard.gov.bd
==================================================
[+] Domain exhausted. Finishing up: https://alaipurrazbadhsecondaryschool.jessoreboard.gov.bd
==================================================
[*] STARTING NEW DOMAIN: https://deb110307.dhakaeducationboard.gov.bd
==================================================
[+] Domain exhausted. Finishing up: https://deb110307.dhakaeducationboard.gov.bd
==================================================
[*] STARTING NEW DOMAIN: https://deb110335.dhakaeducationboard.gov.bd
==================================================
[+] Domain exhausted. Finishing up: https://deb110335.dhakaeducationboard.gov.bd
==================================================
[*] STARTING NEW DOMAIN: https://sr.sadar.lakshmipur.gov.bd
==================================================
[+] Domain exhausted. Finishing up: https://sr.sadar.lakshmipur.gov.bd
==================================================
[*] STARTING NEW DOMAIN: https://rastiup.madaripur.gov.bd
==================================================
[+] Domain exhausted. Finishing up: https://rastiup.madaripur.gov.bd
==================================================
[*] STARTING NEW DOMAIN: https://police.sirajganj.gov.bd
==================================================
[+] Domain exhausted. Finishing up: https://police.sirajganj.gov.bd
==================================================
[*] STARTING NEW DOMAIN: https://acl.sarail.brahmanbaria.gov.bd
==================================================
[+] Domain exhausted. Finishing up: https://acl.sarail.brahmanbaria.gov.bd
==================================================
[*] STARTING NEW DOMAIN: https://kamorpolesecondarygirlsschool.jessoreboard.gov.bd
==================================================
[+] Domain exhausted. Finishing up: https://kamorpolesecondarygirlsschool.jessoreboard.gov.bd
==================================================
[*] STARTING NEW DOMAIN: https://kumkhaliadarshajuniorhighschool.jessoreboard.gov.bd
==================================================
[+] Domain exhausted. Finishing up: https://kumkhaliadarshajuniorhighschool.jessoreboard.gov.bd
==================================================
[*] STARTING NEW DOMAIN: https://mha.portal.gov.bd
==================================================
[+] Domain exhausted. Finishing up: https://mha.portal.gov.bd
==================================================
[*] STARTING NEW DOMAIN: https://post.kamalnagar.lakshmipur.gov.bd
==================================================
[+] Domain exhausted. Finishing up: https://post.kamalnagar.lakshmipur.gov.bd
==================================================
[*] STARTING NEW DOMAIN: https://deb111585.dhakaeducationboard.gov.bd
==================================================
[+] Domain exhausted. Finishing up: https://deb111585.dhakaeducationboard.gov.bd
==================================================
[*] STARTING NEW DOMAIN: https://koipukuriamagurkhaliunionsecondaryschool.jessoreboard.gov.bd
==================================================
[+] Domain exhausted. Finishing up: https://koipukuriamagurkhaliunionsecondaryschool.jessoreboard.gov.bd
==================================================
[*] STARTING NEW DOMAIN: https://deb111831.dhakaeducationboard.gov.bd
==================================================
[+] Domain exhausted. Finishing up: https://deb111831.dhakaeducationboard.gov.bd
==================================================
[*] STARTING NEW DOMAIN: https://keraniganjsouthsr.keraniganj.dhaka.gov.bd
==================================================
[+] Domain exhausted. Finishing up: https://keraniganjsouthsr.keraniganj.dhaka.gov.bd
==================================================
[*] STARTING NEW DOMAIN: https://badc.santhia.pabna.gov.bd
==================================================
[+] Domain exhausted. Finishing up: https://badc.santhia.pabna.gov.bd
==================================================
[*] STARTING NEW DOMAIN: https://deb112103.dhakaeducationboard.gov.bd
==================================================
[+] Domain exhausted. Finishing up: https://deb112103.dhakaeducationboard.gov.bd
==================================================
[*] STARTING NEW DOMAIN: https://lged.nangalkot.comilla.gov.bd
==================================================
[+] Domain exhausted. Finishing up: https://lged.nangalkot.comilla.gov.bd
==================================================
[*] STARTING NEW DOMAIN: https://lged.bajitpur.kishoreganj.gov.bd
==================================================
[+] Domain exhausted. Finishing up: https://lged.bajitpur.kishoreganj.gov.bd
==================================================
[*] STARTING NEW DOMAIN: https://deb112682.dhakaeducationboard.gov.bd
==================================================
[+] Domain exhausted. Finishing up: https://deb112682.dhakaeducationboard.gov.bd
==================================================
[*] STARTING NEW DOMAIN: https://deb112847.dhakaeducationboard.gov.bd
==================================================
[+] Domain exhausted. Finishing up: https://deb112847.dhakaeducationboard.gov.bd
==================================================
[*] STARTING NEW DOMAIN: https://maguragirlshighschool.jessoreboard.gov.bd
==================================================
[+] Domain exhausted. Finishing up: https://maguragirlshighschool.jessoreboard.gov.bd
==================================================
[*] STARTING NEW DOMAIN: https://deb112949.dhakaeducationboard.gov.bd
==================================================
[+] Domain exhausted. Finishing up: https://deb112949.dhakaeducationboard.gov.bd
==================================================
[*] STARTING NEW DOMAIN: https://deb113151.dhakaeducationboard.gov.bd
==================================================
[+] Domain exhausted. Finishing up: https://deb113151.dhakaeducationboard.gov.bd
==================================================
[*] STARTING NEW DOMAIN: https://lged.atghoria.pabna.gov.bd
==================================================
[+] Domain exhausted. Finishing up: https://lged.atghoria.pabna.gov.bd
==================================================
[*] STARTING NEW DOMAIN: https://mail1.pwd.gov.bd
==================================================
[+] Domain exhausted. Finishing up: https://mail1.pwd.gov.bd
==================================================
[*] STARTING NEW DOMAIN: https://deb113274.dhakaeducationboard.gov.bd
==================================================
[+] Domain exhausted. Finishing up: https://deb113274.dhakaeducationboard.gov.bd
==================================================
[*] STARTING NEW DOMAIN: https://manderbariaup.jhenaidah.gov.bd
==================================================
[+] Domain exhausted. Finishing up: https://manderbariaup.jhenaidah.gov.bd
==================================================
[*] STARTING NEW DOMAIN: https://lged.sunamganj.gov.bd
==================================================
[+] Domain exhausted. Finishing up: https://lged.sunamganj.gov.bd
==================================================
[*] STARTING NEW DOMAIN: https://fpo.keshabpur.jessore.gov.bd
==================================================
[+] Domain exhausted. Finishing up: https://fpo.keshabpur.jessore.gov.bd
==================================================
[*] STARTING NEW DOMAIN: https://deb113798.dhakaeducationboard.gov.bd
==================================================
[+] Domain exhausted. Finishing up: https://deb113798.dhakaeducationboard.gov.bd
==================================================
[*] STARTING NEW DOMAIN: https://deb113993.dhakaeducationboard.gov.bd
==================================================
[+] Domain exhausted. Finishing up: https://deb113993.dhakaeducationboard.gov.bd
==================================================
[*] STARTING NEW DOMAIN: https://deb114118.dhakaeducationboard.gov.bd
==================================================
[+] Domain exhausted. Finishing up: https://deb114118.dhakaeducationboard.gov.bd
==================================================
[*] STARTING NEW DOMAIN: https://post.sadar.shariatpur.gov.bd
==================================================
[+] Domain exhausted. Finishing up: https://post.sadar.shariatpur.gov.bd
==================================================
[*] STARTING NEW DOMAIN: https://bbs.bijoynagar.brahmanbaria.gov.bd
==================================================
[+] Domain exhausted. Finishing up: https://bbs.bijoynagar.brahmanbaria.gov.bd
==================================================
[*] STARTING NEW DOMAIN: https://acl.naikhongchhari.bandarban.gov.bd
==================================================
[+] Domain exhausted. Finishing up: https://acl.naikhongchhari.bandarban.gov.bd
==================================================
[*] STARTING NEW DOMAIN: https://pbs.kasba.brahmanbaria.gov.bd
==================================================
[+] Domain exhausted. Finishing up: https://pbs.kasba.brahmanbaria.gov.bd
==================================================
[*] STARTING NEW DOMAIN: https://radhanagarsecondaryschoolsreepur.jessoreboard.gov.bd
==================================================
[+] Domain exhausted. Finishing up: https://radhanagarsecondaryschoolsreepur.jessoreboard.gov.bd
==================================================
[*] STARTING NEW DOMAIN: https://mail.cga.gov.bd
==================================================
[+] Domain exhausted. Finishing up: https://mail.cga.gov.bd
==================================================
[*] STARTING NEW DOMAIN: https://ucd.narayanganj.gov.bd
==================================================
[+] Domain exhausted. Finishing up: https://ucd.narayanganj.gov.bd
==================================================
[*] STARTING NEW DOMAIN: https://deb114487.dhakaeducationboard.gov.bd
==================================================
[+] Domain exhausted. Finishing up: https://deb114487.dhakaeducationboard.gov.bd
==================================================
[*] STARTING NEW DOMAIN: https://deb114633.dhakaeducationboard.gov.bd
==================================================
[+] Domain exhausted. Finishing up: https://deb114633.dhakaeducationboard.gov.bd
==================================================
[*] STARTING NEW DOMAIN: https://deb114672.dhakaeducationboard.gov.bd
==================================================
[+] Domain exhausted. Finishing up: https://deb114672.dhakaeducationboard.gov.bd
==================================================
[*] STARTING NEW DOMAIN: https://bmd.rangpur.gov.bd
==================================================
[+] Domain exhausted. Finishing up: https://bmd.rangpur.gov.bd
==================================================
[*] STARTING NEW DOMAIN: https://bidyutunnayanboardhighschool.jessoreboard.gov.bd
==================================================
[+] Domain exhausted. Finishing up: https://bidyutunnayanboardhighschool.jessoreboard.gov.bd
==================================================
[*] STARTING NEW DOMAIN: https://brahammandiup.narayanganj.gov.bd
==================================================
[+] Domain exhausted. Finishing up: https://brahammandiup.narayanganj.gov.bd
==================================================
[*] STARTING NEW DOMAIN: https://brdb.birganj.dinajpur.gov.bd
==================================================
[+] Domain exhausted. Finishing up: https://brdb.birganj.dinajpur.gov.bd
==================================================
[*] STARTING NEW DOMAIN: https://store.gems.gov.bd
==================================================
[+] Domain exhausted. Finishing up: https://store.gems.gov.bd
==================================================
[*] STARTING NEW DOMAIN: https://brdb.sadar.lakshmipur.gov.bd
==================================================
[+] Domain exhausted. Finishing up: https://brdb.sadar.lakshmipur.gov.bd
==================================================
[*] STARTING NEW DOMAIN: https://btcl.satkhira.gov.bd
==================================================
[+] Domain exhausted. Finishing up: https://btcl.satkhira.gov.bd
==================================================
[*] STARTING NEW DOMAIN: https://bwdb.narayanganj.gov.bd
==================================================
[+] Domain exhausted. Finishing up: https://bwdb.narayanganj.gov.bd
==================================================
[*] STARTING NEW DOMAIN: https://cheoraup.comilla.gov.bd
==================================================
[+] Domain exhausted. Finishing up: https://cheoraup.comilla.gov.bd
==================================================
[*] STARTING NEW DOMAIN: https://cooperative.panchagarhsadar.panchagarh.gov.bd
==================================================
[+] Domain exhausted. Finishing up: https://cooperative.panchagarhsadar.panchagarh.gov.bd
==================================================
[*] STARTING NEW DOMAIN: https://psb.dinajpursadar.dinajpur.gov.bd
==================================================
[+] Domain exhausted. Finishing up: https://psb.dinajpursadar.dinajpur.gov.bd
==================================================
[*] STARTING NEW DOMAIN: https://deb109032.dhakaeducationboard.gov.bd
==================================================
[+] Domain exhausted. Finishing up: https://deb109032.dhakaeducationboard.gov.bd
==================================================
[*] STARTING NEW DOMAIN: https://deb110717.dhakaeducationboard.gov.bd
==================================================
[+] Domain exhausted. Finishing up: https://deb110717.dhakaeducationboard.gov.bd
==================================================
[*] STARTING NEW DOMAIN: https://rajshahi.polytech.gov.bd
==================================================
[+] Domain exhausted. Finishing up: https://rajshahi.polytech.gov.bd
==================================================
[*] STARTING NEW DOMAIN: https://deb190074.dhakaeducationboard.gov.bd
==================================================
[+] Domain exhausted. Finishing up: https://deb190074.dhakaeducationboard.gov.bd
==================================================
[*] STARTING NEW DOMAIN: https://deb133883.dhakaeducationboard.gov.bd
==================================================
[+] Domain exhausted. Finishing up: https://deb133883.dhakaeducationboard.gov.bd
==================================================
[*] STARTING NEW DOMAIN: https://misc.bpdb.gov.bd
==================================================
[+] Domain exhausted. Finishing up: https://misc.bpdb.gov.bd
==================================================
[*] STARTING NEW DOMAIN: https://doict.gaibandhasadar.gaibandha.gov.bd
==================================================
[+] Domain exhausted. Finishing up: https://doict.gaibandhasadar.gaibandha.gov.bd
==================================================
[*] STARTING NEW DOMAIN: https://meeting.sid.gov.bd
==================================================
[+] Domain exhausted. Finishing up: https://meeting.sid.gov.bd
==================================================
[*] STARTING NEW DOMAIN: https://fireservice.chatkhil.noakhali.gov.bd
==================================================
[+] Domain exhausted. Finishing up: https://fireservice.chatkhil.noakhali.gov.bd
==================================================
[*] STARTING NEW DOMAIN: https://tebariaup.natore.gov.bd
==================================================
[+] Domain exhausted. Finishing up: https://tebariaup.natore.gov.bd
==================================================
[*] STARTING NEW DOMAIN: https://irbadc.pangsa.rajbari.gov.bd
==================================================
[+] Domain exhausted. Finishing up: https://irbadc.pangsa.rajbari.gov.bd
==================================================
[*] STARTING NEW DOMAIN: https://raofaridpur.krishibank.gov.bd
==================================================
[+] Domain exhausted. Finishing up: https://raofaridpur.krishibank.gov.bd
==================================================
[*] STARTING NEW DOMAIN: https://lged.sreemangal.moulvibazar.gov.bd
==================================================
[+] Domain exhausted. Finishing up: https://lged.sreemangal.moulvibazar.gov.bd
==================================================
[*] STARTING NEW DOMAIN: https://pio.aditmari.lalmonirhat.gov.bd
==================================================
[+] Domain exhausted. Finishing up: https://pio.aditmari.lalmonirhat.gov.bd
==================================================
[*] STARTING NEW DOMAIN: https://panticollege.jessoreboard.gov.bd
==================================================
[+] Domain exhausted. Finishing up: https://panticollege.jessoreboard.gov.bd
==================================================
[*] STARTING NEW DOMAIN: https://totthoapa.nazirpur.pirojpur.gov.bd
==================================================
[+] Domain exhausted. Finishing up: https://totthoapa.nazirpur.pirojpur.gov.bd
==================================================
[*] STARTING NEW DOMAIN: https://savarmunicipality.gov.bd
==================================================
[+] Domain exhausted. Finishing up: https://savarmunicipality.gov.bd
==================================================
[*] STARTING NEW DOMAIN: https://deb136848.dhakaeducationboard.gov.bd
==================================================
[+] Domain exhausted. Finishing up: https://deb136848.dhakaeducationboard.gov.bd
==================================================
[*] STARTING NEW DOMAIN: https://deb137075.dhakaeducationboard.gov.bd
==================================================
[+] Domain exhausted. Finishing up: https://deb137075.dhakaeducationboard.gov.bd
==================================================
[*] STARTING NEW DOMAIN: https://urc.akhaura.brahmanbaria.gov.bd
==================================================
[+] Domain exhausted. Finishing up: https://urc.akhaura.brahmanbaria.gov.bd
==================================================
[*] STARTING NEW DOMAIN: https://mohammadpurup.joypurhat.gov.bd
==================================================
[+] Domain exhausted. Finishing up: https://mohammadpurup.joypurhat.gov.bd
==================================================
[*] STARTING NEW DOMAIN: https://urc.dimla.nilphamari.gov.bd
==================================================
[+] Domain exhausted. Finishing up: https://urc.dimla.nilphamari.gov.bd
==================================================
[*] STARTING NEW DOMAIN: https://totthoapa.manirampur.jessore.gov.bd
==================================================
[+] Domain exhausted. Finishing up: https://totthoapa.manirampur.jessore.gov.bd
==================================================
[*] STARTING NEW DOMAIN: https://urc.madhukhali.faridpur.gov.bd
==================================================
[+] Domain exhausted. Finishing up: https://urc.madhukhali.faridpur.gov.bd
==================================================
[*] STARTING NEW DOMAIN: https://urc.kaliakair.gazipur.gov.bd
==================================================
[+] Domain exhausted. Finishing up: https://urc.kaliakair.gazipur.gov.bd
==================================================
[*] STARTING NEW DOMAIN: https://urc.sakhipur.tangail.gov.bd
==================================================
[+] Domain exhausted. Finishing up: https://urc.sakhipur.tangail.gov.bd
==================================================
[*] STARTING NEW DOMAIN: https://urc.shariakandi.bogra.gov.bd
==================================================
[+] Domain exhausted. Finishing up: https://urc.shariakandi.bogra.gov.bd
==================================================
[*] STARTING NEW DOMAIN: https://urc.ullapara.sirajganj.gov.bd
==================================================
[+] Domain exhausted. Finishing up: https://urc.ullapara.sirajganj.gov.bd
==================================================
[*] STARTING NEW DOMAIN: https://urc.sarail.brahmanbaria.gov.bd
==================================================
[+] Domain exhausted. Finishing up: https://urc.sarail.brahmanbaria.gov.bd
==================================================
[*] STARTING NEW DOMAIN: https://verification.dos.gov.bd
==================================================
[+] Domain exhausted. Finishing up: https://verification.dos.gov.bd
==================================================
[*] STARTING NEW DOMAIN: https://deb138634.dhakaeducationboard.gov.bd
==================================================
[+] Domain exhausted. Finishing up: https://deb138634.dhakaeducationboard.gov.bd
==================================================
[*] STARTING NEW DOMAIN: https://wildlifecircle.portal.gov.bd
==================================================
[+] Domain exhausted. Finishing up: https://wildlifecircle.portal.gov.bd
==================================================
[*] STARTING NEW DOMAIN: https://youth.doulatkhan.bhola.gov.bd
==================================================
[+] Domain exhausted. Finishing up: https://youth.doulatkhan.bhola.gov.bd
==================================================
[*] STARTING NEW DOMAIN: https://deb138913.dhakaeducationboard.gov.bd
==================================================
[+] Domain exhausted. Finishing up: https://deb138913.dhakaeducationboard.gov.bd
==================================================
[*] STARTING NEW DOMAIN: https://deb138921.dhakaeducationboard.gov.bd
==================================================
[+] Domain exhausted. Finishing up: https://deb138921.dhakaeducationboard.gov.bd
==================================================
[*] STARTING NEW DOMAIN: https://ramnagarharipadasecondaryschool.jessoreboard.gov.bd
==================================================
[+] Domain exhausted. Finishing up: https://ramnagarharipadasecondaryschool.jessoreboard.gov.bd
==================================================
[*] STARTING NEW DOMAIN: https://youth.nachol.chapainawabganj.gov.bd
==================================================
[+] Domain exhausted. Finishing up: https://youth.nachol.chapainawabganj.gov.bd
==================================================
[*] STARTING NEW DOMAIN: https://youth.moulvibazarsadar.moulvibazar.gov.bd
==================================================
[+] Domain exhausted. Finishing up: https://youth.moulvibazarsadar.moulvibazar.gov.bd
==================================================
[*] STARTING NEW DOMAIN: https://youth.sadar.rangamati.gov.bd
==================================================
[+] Domain exhausted. Finishing up: https://youth.sadar.rangamati.gov.bd
==================================================
[*] STARTING NEW DOMAIN: https://sylz.touristpolice.gov.bd
==================================================
[+] Domain exhausted. Finishing up: https://sylz.touristpolice.gov.bd
==================================================
[*] STARTING NEW DOMAIN: https://youth.wazirpur.barisal.gov.bd
==================================================
[+] Domain exhausted. Finishing up: https://youth.wazirpur.barisal.gov.bd
==================================================
[*] STARTING NEW DOMAIN: https://totthoapa.parshuram.feni.gov.bd
==================================================
[+] Domain exhausted. Finishing up: https://totthoapa.parshuram.feni.gov.bd
==================================================
[*] STARTING NEW DOMAIN: https://tratf.gov.bd
==================================================
[+] Domain exhausted. Finishing up: https://tratf.gov.bd
==================================================
[*] STARTING NEW DOMAIN: https://zp.rangpur.gov.bd
==================================================
[+] Domain exhausted. Finishing up: https://zp.rangpur.gov.bd
==================================================
[*] STARTING NEW DOMAIN: https://debidubaup.panchagarh.gov.bd
==================================================
[+] Domain exhausted. Finishing up: https://debidubaup.panchagarh.gov.bd
==================================================
[*] STARTING NEW DOMAIN: http://acl.gangni.meherpur.gov.bd
==================================================
[+] Domain exhausted. Finishing up: http://acl.gangni.meherpur.gov.bd
==================================================
[*] STARTING NEW DOMAIN: http://cooparative.mithamoin.kishoreganj.gov.bd
==================================================
[+] Domain exhausted. Finishing up: http://cooparative.mithamoin.kishoreganj.gov.bd
==================================================
[*] STARTING NEW DOMAIN: http://brdb.bokshiganj.jamalpur.gov.bd
==================================================
[+] Domain exhausted. Finishing up: http://brdb.bokshiganj.jamalpur.gov.bd
==================================================
[*] STARTING NEW DOMAIN: https://deo.natoresadar.natore.gov.bd
==================================================
[+] Domain exhausted. Finishing up: https://deo.natoresadar.natore.gov.bd
==================================================
[*] STARTING NEW DOMAIN: http://digitalpaurashava.gov.bd
==================================================
[+] Domain exhausted. Finishing up: http://digitalpaurashava.gov.bd
==================================================
[*] STARTING NEW DOMAIN: https://dgme.gov.bd
==================================================
[+] Domain exhausted. Finishing up: https://dgme.gov.bd
==================================================
[*] STARTING NEW DOMAIN: http://deb108112.dhakaeducationboard.gov.bd
==================================================
[+] Domain exhausted. Finishing up: http://deb108112.dhakaeducationboard.gov.bd
==================================================
[*] STARTING NEW DOMAIN: https://dgda.madaripur.gov.bd
==================================================
[+] Domain exhausted. Finishing up: https://dgda.madaripur.gov.bd
==================================================
[*] STARTING NEW DOMAIN: https://shishuacademy.rajbari.gov.bd
==================================================
[+] Domain exhausted. Finishing up: https://shishuacademy.rajbari.gov.bd
==================================================
[*] STARTING NEW DOMAIN: https://irbadc.lakshmipur.gov.bd
==================================================
[+] Domain exhausted. Finishing up: https://irbadc.lakshmipur.gov.bd
==================================================
[*] STARTING NEW DOMAIN: https://smfb.portal.gov.bd
==================================================
[+] Domain exhausted. Finishing up: https://smfb.portal.gov.bd
==================================================
[*] STARTING NEW DOMAIN: https://smz.touristpolice.gov.bd
==================================================
[+] Domain exhausted. Finishing up: https://smz.touristpolice.gov.bd
==================================================
[*] STARTING NEW DOMAIN: https://dife.rangpur.gov.bd
==================================================
[+] Domain exhausted. Finishing up: https://dife.rangpur.gov.bd
==================================================
[*] STARTING NEW DOMAIN: https://dls.betagi.barguna.gov.bd
==================================================
[+] Domain exhausted. Finishing up: https://dls.betagi.barguna.gov.bd
==================================================
[*] STARTING NEW DOMAIN: https://sports.tangail.gov.bd
==================================================
[+] Domain exhausted. Finishing up: https://sports.tangail.gov.bd
==================================================
[*] STARTING NEW DOMAIN: https://sr.madan.netrokona.gov.bd
==================================================
[+] Domain exhausted. Finishing up: https://sr.madan.netrokona.gov.bd
==================================================
[*] STARTING NEW DOMAIN: https://dls.hizla.barisal.gov.bd
==================================================
[+] Domain exhausted. Finishing up: https://dls.hizla.barisal.gov.bd
==================================================
[*] STARTING NEW DOMAIN: https://uitrce.daulatpur.kushtia.gov.bd
==================================================
[+] Domain exhausted. Finishing up: https://uitrce.daulatpur.kushtia.gov.bd
==================================================
[*] STARTING NEW DOMAIN: https://uitrce.kathalia.jhalakathi.gov.bd
==================================================
[+] Domain exhausted. Finishing up: https://uitrce.kathalia.jhalakathi.gov.bd
==================================================
[*] STARTING NEW DOMAIN: https://dls.jaintiapur.sylhet.gov.bd
==================================================
[+] Domain exhausted. Finishing up: https://dls.jaintiapur.sylhet.gov.bd
==================================================
[*] STARTING NEW DOMAIN: https://bagulatsecondaryschool.jessoreboard.gov.bd
==================================================
[+] Domain exhausted. Finishing up: https://bagulatsecondaryschool.jessoreboard.gov.bd
==================================================
[*] STARTING NEW DOMAIN: https://dls.nondigram.bogra.gov.bd
==================================================
[+] Domain exhausted. Finishing up: https://dls.nondigram.bogra.gov.bd
==================================================
[*] STARTING NEW DOMAIN: https://dls.rajshahi.gov.bd
==================================================
[+] Domain exhausted. Finishing up: https://dls.rajshahi.gov.bd
==================================================
[*] STARTING NEW DOMAIN: https://dnc.chapainawabganj.gov.bd
==================================================
[+] Domain exhausted. Finishing up: https://dnc.chapainawabganj.gov.bd
==================================================
[*] STARTING NEW DOMAIN: https://dls.ulipur.kurigram.gov.bd
==================================================
[+] Domain exhausted. Finishing up: https://dls.ulipur.kurigram.gov.bd
==================================================
[*] STARTING NEW DOMAIN: https://urc.bhedarganj.shariatpur.gov.bd
==================================================
[+] Domain exhausted. Finishing up: https://urc.bhedarganj.shariatpur.gov.bd
==================================================
[*] STARTING NEW DOMAIN: https://dnekatagirlshighschool.jessoreboard.gov.bd
==================================================
[+] Domain exhausted. Finishing up: https://dnekatagirlshighschool.jessoreboard.gov.bd
==================================================
[*] STARTING NEW DOMAIN: https://bbs.manikchari.khagrachhari.gov.bd
==================================================
[+] Domain exhausted. Finishing up: https://bbs.manikchari.khagrachhari.gov.bd
==================================================
[*] STARTING NEW DOMAIN: https://bbs.kalukhali.rajbari.gov.bd
==================================================
[+] Domain exhausted. Finishing up: https://bbs.kalukhali.rajbari.gov.bd
==================================================
[*] STARTING NEW DOMAIN: https://urc.kamarkhand.sirajganj.gov.bd
==================================================
[+] Domain exhausted. Finishing up: https://urc.kamarkhand.sirajganj.gov.bd
==================================================
[*] STARTING NEW DOMAIN: https://noakhali.gov.bd
==================================================
[+] Domain exhausted. Finishing up: https://noakhali.gov.bd
==================================================
[*] STARTING NEW DOMAIN: https://doict.muladi.barisal.gov.bd
==================================================
[+] Domain exhausted. Finishing up: https://doict.muladi.barisal.gov.bd
==================================================
[*] STARTING NEW DOMAIN: https://bbs.porsha.naogaon.gov.bd
==================================================
[+] Domain exhausted. Finishing up: https://bbs.porsha.naogaon.gov.bd
==================================================
[*] STARTING NEW DOMAIN: https://doict.mathbaria.pirojpur.gov.bd
==================================================
[+] Domain exhausted. Finishing up: https://doict.mathbaria.pirojpur.gov.bd
==================================================
[*] STARTING NEW DOMAIN: https://beautifulbangladesh.gov.bd
==================================================
[+] Domain exhausted. Finishing up: https://beautifulbangladesh.gov.bd
==================================================
[*] STARTING NEW DOMAIN: https://doict.sadar.jessore.gov.bd
==================================================
[+] Domain exhausted. Finishing up: https://doict.sadar.jessore.gov.bd
==================================================
[*] STARTING NEW DOMAIN: https://batoiyaup.noakhali.gov.bd
==================================================
[+] Domain exhausted. Finishing up: https://batoiyaup.noakhali.gov.bd
==================================================
[*] STARTING NEW DOMAIN: https://btcl.bhola.gov.bd
==================================================
[+] Domain exhausted. Finishing up: https://btcl.bhola.gov.bd
==================================================
[*] STARTING NEW DOMAIN: https://ansarvdp.fulgazi.feni.gov.bd
==================================================
[+] Domain exhausted. Finishing up: https://ansarvdp.fulgazi.feni.gov.bd
==================================================
[*] STARTING NEW DOMAIN: https://dpe.joypurhatsadar.joypurhat.gov.bd
==================================================
[+] Domain exhausted. Finishing up: https://dpe.joypurhatsadar.joypurhat.gov.bd
==================================================
[*] STARTING NEW DOMAIN: https://uthaliup.chuadanga.gov.bd
==================================================
[+] Domain exhausted. Finishing up: https://uthaliup.chuadanga.gov.bd
==================================================
[*] STARTING NEW DOMAIN: https://dpe.rangpurdiv.gov.bd
==================================================
[+] Domain exhausted. Finishing up: https://dpe.rangpurdiv.gov.bd
==================================================
[*] STARTING NEW DOMAIN: https://dphe.kulaura.moulvibazar.gov.bd
==================================================
[+] Domain exhausted. Finishing up: https://dphe.kulaura.moulvibazar.gov.bd
==================================================
[*] STARTING NEW DOMAIN: https://dphe.nesarabad.pirojpur.gov.bd
==================================================
[+] Domain exhausted. Finishing up: https://dphe.nesarabad.pirojpur.gov.bd
==================================================
[*] STARTING NEW DOMAIN: https://dphe.kalkini.madaripur.gov.bd
==================================================
[+] Domain exhausted. Finishing up: https://dphe.kalkini.madaripur.gov.bd
==================================================
[*] STARTING NEW DOMAIN: https://bnfe.gazipur.gov.bd
==================================================
[+] Domain exhausted. Finishing up: https://bnfe.gazipur.gov.bd
==================================================
[*] STARTING NEW DOMAIN: https://dphe.shahjadpur.sirajganj.gov.bd
==================================================
[+] Domain exhausted. Finishing up: https://dphe.shahjadpur.sirajganj.gov.bd
==================================================
[*] STARTING NEW DOMAIN: https://wzpdcl.satkhira.gov.bd
==================================================
[+] Domain exhausted. Finishing up: https://wzpdcl.satkhira.gov.bd
==================================================
[*] STARTING NEW DOMAIN: https://dphe1.natore.gov.bd
==================================================
[+] Domain exhausted. Finishing up: https://dphe1.natore.gov.bd
==================================================
[*] STARTING NEW DOMAIN: https://drro.sunamganj.gov.bd
==================================================
[+] Domain exhausted. Finishing up: https://drro.sunamganj.gov.bd
==================================================
[*] STARTING NEW DOMAIN: https://dshe.hajiganj.chandpur.gov.bd
==================================================
[+] Domain exhausted. Finishing up: https://dshe.hajiganj.chandpur.gov.bd
==================================================
[*] STARTING NEW DOMAIN: https://brdb.taragonj.rangpur.gov.bd
==================================================
[+] Domain exhausted. Finishing up: https://brdb.taragonj.rangpur.gov.bd
==================================================
[*] STARTING NEW DOMAIN: https://bwdb.sirajganj.gov.bd
==================================================
[+] Domain exhausted. Finishing up: https://bwdb.sirajganj.gov.bd
==================================================
[*] STARTING NEW DOMAIN: https://dss.borhanuddin.bhola.gov.bd
==================================================
[+] Domain exhausted. Finishing up: https://dss.borhanuddin.bhola.gov.bd
==================================================
[*] STARTING NEW DOMAIN: https://youth.habiganj.sadar.habiganj.gov.bd
==================================================
[+] Domain exhausted. Finishing up: https://youth.habiganj.sadar.habiganj.gov.bd
==================================================
[*] STARTING NEW DOMAIN: https://dss.lama.bandarban.gov.bd
==================================================
[+] Domain exhausted. Finishing up: https://dss.lama.bandarban.gov.bd
==================================================
[*] STARTING NEW DOMAIN: https://durgapurhighschool.jessoreboard.gov.bd
==================================================
[+] Domain exhausted. Finishing up: https://durgapurhighschool.jessoreboard.gov.bd
==================================================
[*] STARTING NEW DOMAIN: https://dss.sapahar.naogaon.gov.bd
==================================================
[+] Domain exhausted. Finishing up: https://dss.sapahar.naogaon.gov.bd
==================================================
[*] STARTING NEW DOMAIN: https://dwa.belabo.narsingdi.gov.bd
==================================================
[+] Domain exhausted. Finishing up: https://dwa.belabo.narsingdi.gov.bd
==================================================
[*] STARTING NEW DOMAIN: https://dwa.hatia.noakhali.gov.bd
==================================================
[+] Domain exhausted. Finishing up: https://dwa.hatia.noakhali.gov.bd
==================================================
[*] STARTING NEW DOMAIN: https://dwa.rangpursadar.rangpur.gov.bd
==================================================
[+] Domain exhausted. Finishing up: https://dwa.rangpursadar.rangpur.gov.bd
==================================================
[*] STARTING NEW DOMAIN: https://dwa.panchagarhsadar.panchagarh.gov.bd
==================================================
[+] Domain exhausted. Finishing up: https://dwa.panchagarhsadar.panchagarh.gov.bd
==================================================
[*] STARTING NEW DOMAIN: https://easterncables.portal.gov.bd
==================================================
[+] Domain exhausted. Finishing up: https://easterncables.portal.gov.bd
==================================================
[*] STARTING NEW DOMAIN: https://ebek.birol.dinajpur.gov.bd
==================================================
[+] Domain exhausted. Finishing up: https://ebek.birol.dinajpur.gov.bd
==================================================
[*] STARTING NEW DOMAIN: https://ec.betagi.barguna.gov.bd
==================================================
[+] Domain exhausted. Finishing up: https://ec.betagi.barguna.gov.bd
==================================================
[*] STARTING NEW DOMAIN: https://ec.moulvibazarsadar.moulvibazar.gov.bd
==================================================
[+] Domain exhausted. Finishing up: https://ec.moulvibazarsadar.moulvibazar.gov.bd
==================================================
[*] STARTING NEW DOMAIN: https://ec.joypurhatsadar.joypurhat.gov.bd
==================================================
[+] Domain exhausted. Finishing up: https://ec.joypurhatsadar.joypurhat.gov.bd
==================================================
[*] STARTING NEW DOMAIN: https://ec.zakiganj.sylhet.gov.bd
==================================================
[+] Domain exhausted. Finishing up: https://ec.zakiganj.sylhet.gov.bd
==================================================
[*] STARTING NEW DOMAIN: https://eed.lalmonirhat.gov.bd
==================================================
[+] Domain exhausted. Finishing up: https://eed.lalmonirhat.gov.bd
==================================================
[*] STARTING NEW DOMAIN: https://eed.debidwar.comilla.gov.bd
==================================================
[+] Domain exhausted. Finishing up: https://eed.debidwar.comilla.gov.bd
==================================================
[*] STARTING NEW DOMAIN: https://ers.pallisanchaybank.gov.bd
==================================================
[+] Domain exhausted. Finishing up: https://ers.pallisanchaybank.gov.bd
==================================================
[*] STARTING NEW DOMAIN: https://eed.sujanagar.pabna.gov.bd
==================================================
[+] Domain exhausted. Finishing up: https://eed.sujanagar.pabna.gov.bd
==================================================
[*] STARTING NEW DOMAIN: https://urc.harirampur.manikganj.gov.bd
==================================================
[+] Domain exhausted. Finishing up: https://urc.harirampur.manikganj.gov.bd
==================================================
[*] STARTING NEW DOMAIN: https://fatehabadup.comilla.gov.bd
==================================================
[+] Domain exhausted. Finishing up: https://fatehabadup.comilla.gov.bd
==================================================
[*] STARTING NEW DOMAIN: https://fireservice.charghat.rajshahi.gov.bd
==================================================
[+] Domain exhausted. Finishing up: https://fireservice.charghat.rajshahi.gov.bd
==================================================
[*] STARTING NEW DOMAIN: https://urc.panchari.khagrachhari.gov.bd
==================================================
[+] Domain exhausted. Finishing up: https://urc.panchari.khagrachhari.gov.bd
==================================================
[*] STARTING NEW DOMAIN: https://fireservice.khulna.gov.bd
==================================================
[+] Domain exhausted. Finishing up: https://fireservice.khulna.gov.bd
==================================================
[*] STARTING NEW DOMAIN: https://warpo.rajshahi.gov.bd
==================================================
[+] Domain exhausted. Finishing up: https://warpo.rajshahi.gov.bd
==================================================
[*] STARTING NEW DOMAIN: https://vujpurpolice.fatikchhari.chittagong.gov.bd
==================================================
[+] Domain exhausted. Finishing up: https://vujpurpolice.fatikchhari.chittagong.gov.bd
==================================================
[*] STARTING NEW DOMAIN: https://fisheries.kulaura.moulvibazar.gov.bd
==================================================
[+] Domain exhausted. Finishing up: https://fisheries.kulaura.moulvibazar.gov.bd
==================================================
[*] STARTING NEW DOMAIN: https://fisheries.kathalia.jhalakathi.gov.bd
==================================================
[+] Domain exhausted. Finishing up: https://fisheries.kathalia.jhalakathi.gov.bd
==================================================
[*] STARTING NEW DOMAIN: https://fisheries.louhajanj.munshiganj.gov.bd
==================================================
[+] Domain exhausted. Finishing up: https://fisheries.louhajanj.munshiganj.gov.bd
==================================================
[*] STARTING NEW DOMAIN: https://fisheries.ramgarh.khagrachhari.gov.bd
==================================================
[+] Domain exhausted. Finishing up: https://fisheries.ramgarh.khagrachhari.gov.bd
==================================================
[*] STARTING NEW DOMAIN: https://food.barisaldiv.gov.bd
==================================================
[+] Domain exhausted. Finishing up: https://food.barisaldiv.gov.bd
==================================================
[*] STARTING NEW DOMAIN: https://food.chauddagram.comilla.gov.bd
==================================================
[+] Domain exhausted. Finishing up: https://food.chauddagram.comilla.gov.bd
==================================================
[*] STARTING NEW DOMAIN: https://food.kuliarchar.kishoreganj.gov.bd
==================================================
[+] Domain exhausted. Finishing up: https://food.kuliarchar.kishoreganj.gov.bd
==================================================
[*] STARTING NEW DOMAIN: https://food.kalmakanda.netrokona.gov.bd
==================================================
[+] Domain exhausted. Finishing up: https://food.kalmakanda.netrokona.gov.bd
==================================================
[*] STARTING NEW DOMAIN: https://food.saturia.manikganj.gov.bd
==================================================
[+] Domain exhausted. Finishing up: https://food.saturia.manikganj.gov.bd
==================================================
[*] STARTING NEW DOMAIN: https://forest.bhanga.faridpur.gov.bd
==================================================
[+] Domain exhausted. Finishing up: https://forest.bhanga.faridpur.gov.bd
==================================================
[*] STARTING NEW DOMAIN: https://forest.barisal.gov.bd
==================================================
[+] Domain exhausted. Finishing up: https://forest.barisal.gov.bd
==================================================
[*] STARTING NEW DOMAIN: http://deb134234.dhakaeducationboard.gov.bd
==================================================
[+] Domain exhausted. Finishing up: http://deb134234.dhakaeducationboard.gov.bd
==================================================
[*] STARTING NEW DOMAIN: https://fpo.bhangura.pabna.gov.bd
==================================================
[+] Domain exhausted. Finishing up: https://fpo.bhangura.pabna.gov.bd
==================================================
[*] STARTING NEW DOMAIN: https://fpo.nazirpur.pirojpur.gov.bd
==================================================
[+] Domain exhausted. Finishing up: https://fpo.nazirpur.pirojpur.gov.bd
==================================================
[*] STARTING NEW DOMAIN: https://shishuacademy.tangail.gov.bd
==================================================
[+] Domain exhausted. Finishing up: https://shishuacademy.tangail.gov.bd
==================================================
[*] STARTING NEW DOMAIN: https://fscd.rajarhat.kurigram.gov.bd
==================================================
[+] Domain exhausted. Finishing up: https://fscd.rajarhat.kurigram.gov.bd
==================================================
[*] STARTING NEW DOMAIN: https://fpo.sadar.barguna.gov.bd
==================================================
[+] Domain exhausted. Finishing up: https://fpo.sadar.barguna.gov.bd
==================================================
[*] STARTING NEW DOMAIN: https://siloshantahar.bogra.gov.bd
==================================================
[+] Domain exhausted. Finishing up: https://siloshantahar.bogra.gov.bd
==================================================
[*] STARTING NEW DOMAIN: https://garagramup.nilphamari.gov.bd
==================================================
[+] Domain exhausted. Finishing up: https://garagramup.nilphamari.gov.bd
==================================================
[*] STARTING NEW DOMAIN: https://habashpursecondaryschool.jessoreboard.gov.bd
==================================================
[+] Domain exhausted. Finishing up: https://habashpursecondaryschool.jessoreboard.gov.bd
==================================================
[*] STARTING NEW DOMAIN: https://gopalpurup.bagerhat.gov.bd
==================================================
[+] Domain exhausted. Finishing up: https://gopalpurup.bagerhat.gov.bd
==================================================
[*] STARTING NEW DOMAIN: https://hcfuldighi.bogra.gov.bd
==================================================
[+] Domain exhausted. Finishing up: https://hcfuldighi.bogra.gov.bd
==================================================
[*] STARTING NEW DOMAIN: https://hatibandhaup.sherpur.gov.bd
==================================================
[+] Domain exhausted. Finishing up: https://hatibandhaup.sherpur.gov.bd
==================================================
[*] STARTING NEW DOMAIN: https://health.kaunia.rangpur.gov.bd
==================================================
[+] Domain exhausted. Finishing up: https://health.kaunia.rangpur.gov.bd
==================================================
[*] STARTING NEW DOMAIN: https://health.chittagongdiv.gov.bd
==================================================
[+] Domain exhausted. Finishing up: https://health.chittagongdiv.gov.bd
==================================================
[*] STARTING NEW DOMAIN: https://hfwc.sarishabari.jamalpur.gov.bd
==================================================
[+] Domain exhausted. Finishing up: https://hfwc.sarishabari.jamalpur.gov.bd
==================================================
[*] STARTING NEW DOMAIN: https://health.rangunia.chittagong.gov.bd
==================================================
[+] Domain exhausted. Finishing up: https://health.rangunia.chittagong.gov.bd
==================================================
[*] STARTING NEW DOMAIN: https://holdiapalongup.coxsbazar.gov.bd
==================================================
[+] Domain exhausted. Finishing up: https://holdiapalongup.coxsbazar.gov.bd
==================================================
[*] STARTING NEW DOMAIN: https://sr.daganbhuiyan.feni.gov.bd
==================================================
[+] Domain exhausted. Finishing up: https://sr.daganbhuiyan.feni.gov.bd
==================================================
[*] STARTING NEW DOMAIN: https://inventory.dbwctp64.gov.bd
==================================================
[+] Domain exhausted. Finishing up: https://inventory.dbwctp64.gov.bd
==================================================
[*] STARTING NEW DOMAIN: https://info.barguna.gov.bd
==================================================
[+] Domain exhausted. Finishing up: https://info.barguna.gov.bd
==================================================
[*] STARTING NEW DOMAIN: https://sr.katiadi.kishoreganj.gov.bd
==================================================
[+] Domain exhausted. Finishing up: https://sr.katiadi.kishoreganj.gov.bd
==================================================
[*] STARTING NEW DOMAIN: https://jagatberup.lalmonirhat.gov.bd
==================================================
[+] Domain exhausted. Finishing up: https://jagatberup.lalmonirhat.gov.bd
==================================================
[*] STARTING NEW DOMAIN: https://jashorenightsecondaryschool.jessoreboard.gov.bd
==================================================
[+] Domain exhausted. Finishing up: https://jashorenightsecondaryschool.jessoreboard.gov.bd
==================================================
[*] STARTING NEW DOMAIN: https://sr.madhabpur.habiganj.gov.bd
==================================================
[+] Domain exhausted. Finishing up: https://sr.madhabpur.habiganj.gov.bd
==================================================
[*] STARTING NEW DOMAIN: https://kajoldighikaligonjup.panchagarh.gov.bd
==================================================
[+] Domain exhausted. Finishing up: https://kajoldighikaligonjup.panchagarh.gov.bd
==================================================
[*] STARTING NEW DOMAIN: https://kalarmarchharaup.coxsbazar.gov.bd
==================================================
[+] Domain exhausted. Finishing up: https://kalarmarchharaup.coxsbazar.gov.bd
==================================================
[*] STARTING NEW DOMAIN: https://sr.shalla.sunamganj.gov.bd
==================================================
[+] Domain exhausted. Finishing up: https://sr.shalla.sunamganj.gov.bd
==================================================
[*] STARTING NEW DOMAIN: https://kamlabariup.lalmonirhat.gov.bd
==================================================
[+] Domain exhausted. Finishing up: https://kamlabariup.lalmonirhat.gov.bd
==================================================
[*] STARTING NEW DOMAIN: https://kodolpurup.chittagong.gov.bd
==================================================
[+] Domain exhausted. Finishing up: https://kodolpurup.chittagong.gov.bd
==================================================
[*] STARTING NEW DOMAIN: https://kishoregariup.gaibandha.gov.bd
==================================================
[+] Domain exhausted. Finishing up: https://kishoregariup.gaibandha.gov.bd
==================================================
[*] STARTING NEW DOMAIN: https://lged.alikadam.bandarban.gov.bd
==================================================
[+] Domain exhausted. Finishing up: https://lged.alikadam.bandarban.gov.bd
==================================================
[*] STARTING NEW DOMAIN: https://kumariup.chuadanga.gov.bd
==================================================
[+] Domain exhausted. Finishing up: https://kumariup.chuadanga.gov.bd
==================================================
[*] STARTING NEW DOMAIN: https://lged.domar.nilphamari.gov.bd
==================================================
[+] Domain exhausted. Finishing up: https://lged.domar.nilphamari.gov.bd
==================================================
[*] STARTING NEW DOMAIN: https://lged.hizla.barisal.gov.bd
==================================================
[+] Domain exhausted. Finishing up: https://lged.hizla.barisal.gov.bd
==================================================
[*] STARTING NEW DOMAIN: https://lged.nazirpur.pirojpur.gov.bd
==================================================
[+] Domain exhausted. Finishing up: https://lged.nazirpur.pirojpur.gov.bd
==================================================
[*] STARTING NEW DOMAIN: https://lged.matiranga.khagrachhari.gov.bd
==================================================
[+] Domain exhausted. Finishing up: https://lged.matiranga.khagrachhari.gov.bd
==================================================
[*] STARTING NEW DOMAIN: https://tax3.naogaon.gov.bd
==================================================
[+] Domain exhausted. Finishing up: https://tax3.naogaon.gov.bd
==================================================
[*] STARTING NEW DOMAIN: https://license.most.gov.bd
==================================================
[+] Domain exhausted. Finishing up: https://license.most.gov.bd
==================================================
[*] STARTING NEW DOMAIN: https://mail.bof.gov.bd
==================================================
[+] Domain exhausted. Finishing up: https://mail.bof.gov.bd
==================================================
[*] STARTING NEW DOMAIN: https://tildangamahabiddalay.jessoreboard.gov.bd
==================================================
[+] Domain exhausted. Finishing up: https://tildangamahabiddalay.jessoreboard.gov.bd
==================================================
[*] STARTING NEW DOMAIN: https://mail.macademy.gov.bd
==================================================
[+] Domain exhausted. Finishing up: https://mail.macademy.gov.bd
==================================================
[*] STARTING NEW DOMAIN: https://makapurballobpursecondaryschool.jessoreboard.gov.bd
==================================================
[+] Domain exhausted. Finishing up: https://makapurballobpursecondaryschool.jessoreboard.gov.bd
==================================================
[*] STARTING NEW DOMAIN: https://totthoapa.joypurhatsadar.joypurhat.gov.bd
==================================================
[+] Domain exhausted. Finishing up: https://totthoapa.joypurhatsadar.joypurhat.gov.bd
==================================================
[*] STARTING NEW DOMAIN: https://marriage.gov.bd
==================================================
[+] Domain exhausted. Finishing up: https://marriage.gov.bd
==================================================
[*] STARTING NEW DOMAIN: https://moind.gov.bd
==================================================
[+] Domain exhausted. Finishing up: https://moind.gov.bd
==================================================
[*] STARTING NEW DOMAIN: https://mohonpurup.sirajganj.gov.bd
==================================================
[+] Domain exhausted. Finishing up: https://mohonpurup.sirajganj.gov.bd
==================================================
[*] STARTING NEW DOMAIN: https://muradnagar.comilla.gov.bd
==================================================
[+] Domain exhausted. Finishing up: https://muradnagar.comilla.gov.bd
==================================================
[*] STARTING NEW DOMAIN: https://mouchakup.gazipur.gov.bd
==================================================
[+] Domain exhausted. Finishing up: https://mouchakup.gazipur.gov.bd
==================================================
[*] STARTING NEW DOMAIN: https://nabinagarwup.brahmanbaria.gov.bd
==================================================
[+] Domain exhausted. Finishing up: https://nabinagarwup.brahmanbaria.gov.bd
==================================================
[*] STARTING NEW DOMAIN: https://nazirpur.pirojpur.gov.bd
==================================================
[+] Domain exhausted. Finishing up: https://nazirpur.pirojpur.gov.bd
==================================================
[*] STARTING NEW DOMAIN: https://tscshalikha.magura.gov.bd
==================================================
[+] Domain exhausted. Finishing up: https://tscshalikha.magura.gov.bd
==================================================
[*] STARTING NEW DOMAIN: https://nrigostisanad.gov.bd
==================================================
[+] Domain exhausted. Finishing up: https://nrigostisanad.gov.bd
==================================================
[*] STARTING NEW DOMAIN: https://niyd.gov.bd
==================================================
[+] Domain exhausted. Finishing up: https://niyd.gov.bd
==================================================
[*] STARTING NEW DOMAIN: https://pairahatsecondaryschool.jessoreboard.gov.bd
==================================================
[+] Domain exhausted. Finishing up: https://pairahatsecondaryschool.jessoreboard.gov.bd
==================================================
[*] STARTING NEW DOMAIN: https://pallisanchaybank.chhagalnaiya.feni.gov.bd
==================================================
[+] Domain exhausted. Finishing up: https://pallisanchaybank.chhagalnaiya.feni.gov.bd
==================================================
[*] STARTING NEW DOMAIN: https://srdl.gov.bd
==================================================
[+] Domain exhausted. Finishing up: https://srdl.gov.bd
==================================================
[*] STARTING NEW DOMAIN: https://totthoapa.agailjhara.barisal.gov.bd
==================================================
[+] Domain exhausted. Finishing up: https://totthoapa.agailjhara.barisal.gov.bd
==================================================
[*] STARTING NEW DOMAIN: https://tscchhatak.sunamganj.gov.bd
==================================================
[+] Domain exhausted. Finishing up: https://tscchhatak.sunamganj.gov.bd
==================================================
[*] STARTING NEW DOMAIN: https://pio.sarankhola.bagerhat.gov.bd
==================================================
[+] Domain exhausted. Finishing up: https://pio.sarankhola.bagerhat.gov.bd
==================================================
[*] STARTING NEW DOMAIN: https://pio.patiya.chittagong.gov.bd
==================================================
[+] Domain exhausted. Finishing up: https://pio.patiya.chittagong.gov.bd
==================================================
[*] STARTING NEW DOMAIN: https://po.tangail.gov.bd
==================================================
[+] Domain exhausted. Finishing up: https://po.tangail.gov.bd
==================================================
[*] STARTING NEW DOMAIN: https://police.baraigram.natore.gov.bd
==================================================
[+] Domain exhausted. Finishing up: https://police.baraigram.natore.gov.bd
==================================================
[*] STARTING NEW DOMAIN: https://police.mirzaganj.patuakhali.gov.bd
==================================================
[+] Domain exhausted. Finishing up: https://police.mirzaganj.patuakhali.gov.bd
==================================================
[*] STARTING NEW DOMAIN: https://police.sirajdikhan.munshiganj.gov.bd
==================================================
[+] Domain exhausted. Finishing up: https://police.sirajdikhan.munshiganj.gov.bd
==================================================
[*] STARTING NEW DOMAIN: https://police.sadar.feni.gov.bd
==================================================
[+] Domain exhausted. Finishing up: https://police.sadar.feni.gov.bd
==================================================
[*] STARTING NEW DOMAIN: https://policedig.mymensinghdiv.gov.bd
==================================================
[+] Domain exhausted. Finishing up: https://policedig.mymensinghdiv.gov.bd
==================================================
[*] STARTING NEW DOMAIN: https://post.bancharampur.brahmanbaria.gov.bd
==================================================
[+] Domain exhausted. Finishing up: https://post.bancharampur.brahmanbaria.gov.bd
==================================================
[*] STARTING NEW DOMAIN: https://post.saghata.gaibandha.gov.bd
==================================================
[+] Domain exhausted. Finishing up: https://post.saghata.gaibandha.gov.bd
==================================================
[*] STARTING NEW DOMAIN: https://post.satkhira.gov.bd
==================================================
[+] Domain exhausted. Finishing up: https://post.satkhira.gov.bd
==================================================
[*] STARTING NEW DOMAIN: https://prison.sunamganj.gov.bd
==================================================
[+] Domain exhausted. Finishing up: https://prison.sunamganj.gov.bd
==================================================
[*] STARTING NEW DOMAIN: https://prison.bhola.gov.bd
==================================================
[+] Domain exhausted. Finishing up: https://prison.bhola.gov.bd
==================================================
[*] STARTING NEW DOMAIN: https://publiclibrary.dinajpur.gov.bd
==================================================
[+] Domain exhausted. Finishing up: https://publiclibrary.dinajpur.gov.bd
==================================================
[*] STARTING NEW DOMAIN: https://publiclibrary.jamalpur.gov.bd
==================================================
[+] Domain exhausted. Finishing up: https://publiclibrary.jamalpur.gov.bd
==================================================
[*] STARTING NEW DOMAIN: https://publiclibrary.sunamganj.gov.bd
==================================================
[+] Domain exhausted. Finishing up: https://publiclibrary.sunamganj.gov.bd
==================================================
[*] STARTING NEW DOMAIN: http://pv.dgda.gov.bd
==================================================
[+] Domain exhausted. Finishing up: http://pv.dgda.gov.bd
==================================================
[*] STARTING NEW DOMAIN: https://rajghatjafarpursecondarygirlsschool.jessoreboard.gov.bd
==================================================
[+] Domain exhausted. Finishing up: https://rajghatjafarpursecondarygirlsschool.jessoreboard.gov.bd
==================================================
[*] STARTING NEW DOMAIN: https://rasulpurup.gaibandha.gov.bd
==================================================
[+] Domain exhausted. Finishing up: https://rasulpurup.gaibandha.gov.bd
==================================================
[*] STARTING NEW DOMAIN: https://reb.naogaon.gov.bd
==================================================
[+] Domain exhausted. Finishing up: https://reb.naogaon.gov.bd
==================================================
[*] STARTING NEW DOMAIN: https://rjc.bsfic.gov.bd
==================================================
[+] Domain exhausted. Finishing up: https://rjc.bsfic.gov.bd
==================================================
[*] STARTING NEW DOMAIN: https://rhd.patuakhali.gov.bd
==================================================
[+] Domain exhausted. Finishing up: https://rhd.patuakhali.gov.bd
==================================================
[*] STARTING NEW DOMAIN: https://rri.portal.gov.bd
==================================================
[+] Domain exhausted. Finishing up: https://rri.portal.gov.bd
==================================================
[*] STARTING NEW DOMAIN: https://barkal.rangamati.gov.bd
==================================================
[+] Domain exhausted. Finishing up: https://barkal.rangamati.gov.bd
==================================================
[*] STARTING NEW DOMAIN: https://salnagarup.narail.gov.bd
==================================================
[+] Domain exhausted. Finishing up: https://salnagarup.narail.gov.bd
==================================================
[*] STARTING NEW DOMAIN: https://auchparaup.rajshahi.gov.bd
==================================================
[+] Domain exhausted. Finishing up: https://auchparaup.rajshahi.gov.bd
==================================================
[*] STARTING NEW DOMAIN: https://sr.ramu.coxsbazar.gov.bd
==================================================
[+] Domain exhausted. Finishing up: https://sr.ramu.coxsbazar.gov.bd
==================================================
[*] STARTING NEW DOMAIN: https://bfsa.jessore.gov.bd
==================================================
[+] Domain exhausted. Finishing up: https://bfsa.jessore.gov.bd
==================================================
[*] STARTING NEW DOMAIN: https://borohorinaup.rangamati.gov.bd
==================================================
[+] Domain exhausted. Finishing up: https://borohorinaup.rangamati.gov.bd
==================================================
[*] STARTING NEW DOMAIN: https://chiknikandiup.patuakhali.gov.bd
==================================================
[+] Domain exhausted. Finishing up: https://chiknikandiup.patuakhali.gov.bd
==================================================
[*] STARTING NEW DOMAIN: https://dao.bandarban.gov.bd
==================================================
[+] Domain exhausted. Finishing up: https://dao.bandarban.gov.bd
==================================================
[*] STARTING NEW DOMAIN: https://deo.gajaria.munshiganj.gov.bd
==================================================
[+] Domain exhausted. Finishing up: https://deo.gajaria.munshiganj.gov.bd
==================================================
[*] STARTING NEW DOMAIN: https://ebek.raozan.chittagong.gov.bd
==================================================
[+] Domain exhausted. Finishing up: https://ebek.raozan.chittagong.gov.bd
==================================================
[*] STARTING NEW DOMAIN: https://jariashammilinisecondaryschool.jessoreboard.gov.bd
==================================================
[+] Domain exhausted. Finishing up: https://jariashammilinisecondaryschool.jessoreboard.gov.bd
==================================================
[*] STARTING NEW DOMAIN: https://lrb.portal.gov.bd
==================================================
[+] Domain exhausted. Finishing up: https://lrb.portal.gov.bd
==================================================
[*] STARTING NEW DOMAIN: https://pwd.rangamati.gov.bd
==================================================
[+] Domain exhausted. Finishing up: https://pwd.rangamati.gov.bd
==================================================
[*] STARTING NEW DOMAIN: https://uitrce.nalchity.jhalakathi.gov.bd
==================================================
[+] Domain exhausted. Finishing up: https://uitrce.nalchity.jhalakathi.gov.bd
==================================================
[*] STARTING NEW DOMAIN: https://urc.belabo.narsingdi.gov.bd
==================================================
[+] Domain exhausted. Finishing up: https://urc.belabo.narsingdi.gov.bd
==================================================
[*] STARTING NEW DOMAIN: https://urc.gior.manikganj.gov.bd
==================================================
[+] Domain exhausted. Finishing up: https://urc.gior.manikganj.gov.bd
==================================================
[*] STARTING NEW DOMAIN: https://wzpdcl.charfesson.bhola.gov.bd
==================================================
[+] Domain exhausted. Finishing up: https://wzpdcl.charfesson.bhola.gov.bd
==================================================
[*] STARTING NEW DOMAIN: https://youth.adamdighi.bogra.gov.bd
==================================================
[+] Domain exhausted. Finishing up: https://youth.adamdighi.bogra.gov.bd
==================================================
[*] STARTING NEW DOMAIN: https://youth.comilla.gov.bd
==================================================
[+] Domain exhausted. Finishing up: https://youth.comilla.gov.bd
==================================================
[*] STARTING NEW DOMAIN: https://youth.kutubdia.coxsbazar.gov.bd
==================================================
[+] Domain exhausted. Finishing up: https://youth.kutubdia.coxsbazar.gov.bd
==================================================
[*] STARTING NEW DOMAIN: https://youth.ramgati.lakshmipur.gov.bd
==================================================
[+] Domain exhausted. Finishing up: https://youth.ramgati.lakshmipur.gov.bd
==================================================
[*] STARTING NEW DOMAIN: https://youth.sunamganj.gov.bd
==================================================
[+] Domain exhausted. Finishing up: https://youth.sunamganj.gov.bd
==================================================
[*] STARTING NEW DOMAIN: https://zso.patuakhali.gov.bd
==================================================
[+] Domain exhausted. Finishing up: https://zso.patuakhali.gov.bd
==================================================
[*] STARTING NEW DOMAIN: http://dae.rampal.bagerhat.gov.bd
==================================================
[+] Domain exhausted. Finishing up: http://dae.rampal.bagerhat.gov.bd
==================================================
[*] STARTING NEW DOMAIN: http://deb108664.dhakaeducationboard.gov.bd
==================================================
[+] Domain exhausted. Finishing up: http://deb108664.dhakaeducationboard.gov.bd
==================================================
[*] STARTING NEW DOMAIN: http://dls.atpara.netrokona.gov.bd
==================================================
[+] Domain exhausted. Finishing up: http://dls.atpara.netrokona.gov.bd
==================================================
[*] STARTING NEW DOMAIN: http://doict.nalchity.jhalakathi.gov.bd
==================================================
[+] Domain exhausted. Finishing up: http://doict.nalchity.jhalakathi.gov.bd
==================================================
[*] STARTING NEW DOMAIN: https://shubhadiakbsecondaryschool.jessoreboard.gov.bd
==================================================
[+] Domain exhausted. Finishing up: https://shubhadiakbsecondaryschool.jessoreboard.gov.bd
==================================================
[*] STARTING NEW DOMAIN: https://so.mohammadpur.magura.gov.bd
==================================================
[+] Domain exhausted. Finishing up: https://so.mohammadpur.magura.gov.bd
==================================================
[*] STARTING NEW DOMAIN: https://solukabadup.sunamganj.gov.bd
==================================================
[+] Domain exhausted. Finishing up: https://solukabadup.sunamganj.gov.bd
==================================================
[*] STARTING NEW DOMAIN: https://sr.bheramara.kushtia.gov.bd
==================================================
[+] Domain exhausted. Finishing up: https://sr.bheramara.kushtia.gov.bd
==================================================
[*] STARTING NEW DOMAIN: https://sr.keraniganj.dhaka.gov.bd
==================================================
[+] Domain exhausted. Finishing up: https://sr.keraniganj.dhaka.gov.bd
==================================================
[*] STARTING NEW DOMAIN: https://sr.rowmari.kurigram.gov.bd
==================================================
[+] Domain exhausted. Finishing up: https://sr.rowmari.kurigram.gov.bd
==================================================
[*] STARTING NEW DOMAIN: https://sspb.jhalakathi.gov.bd
==================================================
[+] Domain exhausted. Finishing up: https://sspb.jhalakathi.gov.bd
==================================================
[*] STARTING NEW DOMAIN: https://surendranathsecondaygirlsschool.jessoreboard.gov.bd
==================================================
[+] Domain exhausted. Finishing up: https://surendranathsecondaygirlsschool.jessoreboard.gov.bd
==================================================
[*] STARTING NEW DOMAIN: https://tax.khulnadiv.gov.bd
==================================================
[+] Domain exhausted. Finishing up: https://tax.khulnadiv.gov.bd
==================================================
[*] STARTING NEW DOMAIN: https://tengraup.moulvibazar.gov.bd
==================================================
[+] Domain exhausted. Finishing up: https://tengraup.moulvibazar.gov.bd
==================================================
[*] STARTING NEW DOMAIN: https://tongipolice.sadar.gazipur.gov.bd
==================================================
[+] Domain exhausted. Finishing up: https://tongipolice.sadar.gazipur.gov.bd
==================================================
[*] STARTING NEW DOMAIN: https://totthoapa.kaliganj.satkhira.gov.bd
==================================================
[+] Domain exhausted. Finishing up: https://totthoapa.kaliganj.satkhira.gov.bd
==================================================
[*] STARTING NEW DOMAIN: https://tsc.satkhira.gov.bd
==================================================
[+] Domain exhausted. Finishing up: https://tsc.satkhira.gov.bd
==================================================
[*] STARTING NEW DOMAIN: https://udhuniaup.sirajganj.gov.bd
==================================================
[+] Domain exhausted. Finishing up: https://udhuniaup.sirajganj.gov.bd
==================================================
[*] STARTING NEW DOMAIN: https://ugdp.manda.naogaon.gov.bd
==================================================
[+] Domain exhausted. Finishing up: https://ugdp.manda.naogaon.gov.bd
[*] All websites in the text file have been fully crawled! Shutting down.
