[*] Seeds loaded from data/crawled_alive_gov_bd_sites.txt.

🚀 Starting Domain-by-Domain Spider...

==================================================
[*] STARTING NEW DOMAIN: https://dwa.amtali.barguna.gov.bd
==================================================
[+] Domain exhausted. Finishing up: https://dwa.amtali.barguna.gov.bd
==================================================
[*] STARTING NEW DOMAIN: https://dae.muradnagar.comilla.gov.bd
==================================================
[+] Domain exhausted. Finishing up: https://dae.muradnagar.comilla.gov.bd
==================================================
[*] STARTING NEW DOMAIN: https://health.indurkani.pirojpur.gov.bd
==================================================
[+] Domain exhausted. Finishing up: https://health.indurkani.pirojpur.gov.bd
==================================================
[*] STARTING NEW DOMAIN: https://beirut.mofa.gov.bd
==================================================
[+] Domain exhausted. Finishing up: https://beirut.mofa.gov.bd
==================================================
[*] STARTING NEW DOMAIN: https://doict.purbadhala.netrokona.gov.bd
==================================================
[+] Domain exhausted. Finishing up: https://doict.purbadhala.netrokona.gov.bd
==================================================
[*] STARTING NEW DOMAIN: https://ptibarishal.portal.gov.bd
==================================================
[+] Domain exhausted. Finishing up: https://ptibarishal.portal.gov.bd
==================================================
[*] STARTING NEW DOMAIN: https://pdbf.manikganj.gov.bd
==================================================
[+] Domain exhausted. Finishing up: https://pdbf.manikganj.gov.bd
==================================================
[*] STARTING NEW DOMAIN: https://brdb.patgram.lalmonirhat.gov.bd
==================================================
[+] Domain exhausted. Finishing up: https://brdb.patgram.lalmonirhat.gov.bd
==================================================
[*] STARTING NEW DOMAIN: https://booking.bcfec.gov.bd
==================================================
[+] Domain exhausted. Finishing up: https://booking.bcfec.gov.bd
==================================================
[*] STARTING NEW DOMAIN: https://bnnc.gov.bd
==================================================
[+] Domain exhausted. Finishing up: https://bnnc.gov.bd
==================================================
[*] STARTING NEW DOMAIN: https://bbs.raozan.chittagong.gov.bd
==================================================
[+] Domain exhausted. Finishing up: https://bbs.raozan.chittagong.gov.bd
==================================================
[*] STARTING NEW DOMAIN: https://dao.paba.rajshahi.gov.bd
==================================================
[+] Domain exhausted. Finishing up: https://dao.paba.rajshahi.gov.bd
==================================================
[*] STARTING NEW DOMAIN: https://gazirhathazinaimuddinsecondaryschool.jessoreboard.gov.bd
==================================================
[+] Domain exhausted. Finishing up: https://gazirhathazinaimuddinsecondaryschool.jessoreboard.gov.bd
==================================================
[*] STARTING NEW DOMAIN: https://mechanicalbwdb.pabna.gov.bd
==================================================
[+] Domain exhausted. Finishing up: https://mechanicalbwdb.pabna.gov.bd
==================================================
[*] STARTING NEW DOMAIN: https://nakipurpilotsecondarygirlsschool.jessoreboard.gov.bd
==================================================
[+] Domain exhausted. Finishing up: https://nakipurpilotsecondarygirlsschool.jessoreboard.gov.bd
==================================================
[*] STARTING NEW DOMAIN: https://deb137695.dhakaeducationboard.gov.bd
==================================================
[+] Domain exhausted. Finishing up: https://deb137695.dhakaeducationboard.gov.bd
==================================================
[*] STARTING NEW DOMAIN: https://dwa.narayanganj.gov.bd
==================================================
[+] Domain exhausted. Finishing up: https://dwa.narayanganj.gov.bd
==================================================
[*] STARTING NEW DOMAIN: https://fireservice.habiganjsadar.habiganj.gov.bd
==================================================
[+] Domain exhausted. Finishing up: https://fireservice.habiganjsadar.habiganj.gov.bd
==================================================
[*] STARTING NEW DOMAIN: https://pbs.aditmari.lalmonirhat.gov.bd
==================================================
[+] Domain exhausted. Finishing up: https://pbs.aditmari.lalmonirhat.gov.bd
==================================================
[*] STARTING NEW DOMAIN: https://uttara.dip.gov.bd
==================================================
[+] Domain exhausted. Finishing up: https://uttara.dip.gov.bd
==================================================
[*] STARTING NEW DOMAIN: https://payalgachaup.comilla.gov.bd
==================================================
[+] Domain exhausted. Finishing up: https://payalgachaup.comilla.gov.bd
==================================================
[*] STARTING NEW DOMAIN: https://eepdb1.comilla.gov.bd
==================================================
[+] Domain exhausted. Finishing up: https://eepdb1.comilla.gov.bd
==================================================
[*] STARTING NEW DOMAIN: https://pbs.madhupur.tangail.gov.bd
==================================================
[+] Domain exhausted. Finishing up: https://pbs.madhupur.tangail.gov.bd
==================================================
[*] STARTING NEW DOMAIN: https://pcc.police.gov.bd
==================================================
[+] Domain exhausted. Finishing up: https://pcc.police.gov.bd
==================================================
[*] STARTING NEW DOMAIN: https://fireservice.khetlal.joypurhat.gov.bd
==================================================
[+] Domain exhausted. Finishing up: https://fireservice.khetlal.joypurhat.gov.bd
==================================================
[*] STARTING NEW DOMAIN: http://ati.khulna.gov.bd
==================================================
[+] Domain exhausted. Finishing up: http://ati.khulna.gov.bd
==================================================
[*] STARTING NEW DOMAIN: http://ati.sylhet.gov.bd
==================================================
[+] Domain exhausted. Finishing up: http://ati.sylhet.gov.bd
==================================================
[*] STARTING NEW DOMAIN: https://pdbf.satkhira.gov.bd
==================================================
[+] Domain exhausted. Finishing up: https://pdbf.satkhira.gov.bd
==================================================
[*] STARTING NEW DOMAIN: https://pio.bhandaria.pirojpur.gov.bd
==================================================
[+] Domain exhausted. Finishing up: https://pio.bhandaria.pirojpur.gov.bd
==================================================
[*] STARTING NEW DOMAIN: https://eed.jamalpur.gov.bd
==================================================
[+] Domain exhausted. Finishing up: https://eed.jamalpur.gov.bd
==================================================
[*] STARTING NEW DOMAIN: https://urc.karimgonj.kishoreganj.gov.bd
==================================================
[+] Domain exhausted. Finishing up: https://urc.karimgonj.kishoreganj.gov.bd
==================================================
[*] STARTING NEW DOMAIN: https://eliotgonjnorthup.comilla.gov.bd
==================================================
[+] Domain exhausted. Finishing up: https://eliotgonjnorthup.comilla.gov.bd
==================================================
[*] STARTING NEW DOMAIN: https://epms.rajuk.gov.bd
==================================================
[+] Domain exhausted. Finishing up: https://epms.rajuk.gov.bd
==================================================
[*] STARTING NEW DOMAIN: https://uitrce.sylhetsadar.sylhet.gov.bd
==================================================
[+] Domain exhausted. Finishing up: https://uitrce.sylhetsadar.sylhet.gov.bd
==================================================
[*] STARTING NEW DOMAIN: https://pbs.bamna.barguna.gov.bd
==================================================
[+] Domain exhausted. Finishing up: https://pbs.bamna.barguna.gov.bd
==================================================
[*] STARTING NEW DOMAIN: https://urc.baliadangi.thakurgaon.gov.bd
==================================================
[+] Domain exhausted. Finishing up: https://urc.baliadangi.thakurgaon.gov.bd
==================================================
[*] STARTING NEW DOMAIN: https://mollaparaup.sunamganj.gov.bd
==================================================
[+] Domain exhausted. Finishing up: https://mollaparaup.sunamganj.gov.bd
==================================================
[*] STARTING NEW DOMAIN: https://fireservice.sarail.brahmanbaria.gov.bd
==================================================
[+] Domain exhausted. Finishing up: https://fireservice.sarail.brahmanbaria.gov.bd
==================================================
[*] STARTING NEW DOMAIN: https://fisheries.chirirbandar.dinajpur.gov.bd
==================================================
[+] Domain exhausted. Finishing up: https://fisheries.chirirbandar.dinajpur.gov.bd
==================================================
[*] STARTING NEW DOMAIN: https://jariaup.netrokona.gov.bd
==================================================
[+] Domain exhausted. Finishing up: https://jariaup.netrokona.gov.bd
==================================================
[*] STARTING NEW DOMAIN: https://ytc.nilphamari.gov.bd
==================================================
[+] Domain exhausted. Finishing up: https://ytc.nilphamari.gov.bd
==================================================
[*] STARTING NEW DOMAIN: https://fisheries.nalitabari.sherpur.gov.bd
==================================================
[+] Domain exhausted. Finishing up: https://fisheries.nalitabari.sherpur.gov.bd
==================================================
[*] STARTING NEW DOMAIN: https://uitrce.langadu.rangamati.gov.bd
==================================================
[+] Domain exhausted. Finishing up: https://uitrce.langadu.rangamati.gov.bd
==================================================
[*] STARTING NEW DOMAIN: https://prison.sherpur.gov.bd
==================================================
[+] Domain exhausted. Finishing up: https://prison.sherpur.gov.bd
==================================================
[*] STARTING NEW DOMAIN: https://health.shariakandi.bogra.gov.bd
==================================================
[+] Domain exhausted. Finishing up: https://health.shariakandi.bogra.gov.bd
==================================================
[*] STARTING NEW DOMAIN: https://pozip.moheshpur.jhenaidah.gov.bd
==================================================
[+] Domain exhausted. Finishing up: https://pozip.moheshpur.jhenaidah.gov.bd
==================================================
[*] STARTING NEW DOMAIN: https://lged.meherpur.gov.bd
==================================================
[+] Domain exhausted. Finishing up: https://lged.meherpur.gov.bd
==================================================
[*] STARTING NEW DOMAIN: https://kornoharps.rmp.gov.bd
==================================================
[+] Domain exhausted. Finishing up: https://kornoharps.rmp.gov.bd
==================================================
[*] STARTING NEW DOMAIN: https://vheduriaup.bhola.gov.bd
==================================================
[+] Domain exhausted. Finishing up: https://vheduriaup.bhola.gov.bd
==================================================
[*] STARTING NEW DOMAIN: https://uitrce.purbadhala.netrokona.gov.bd
==================================================
[+] Domain exhausted. Finishing up: https://uitrce.purbadhala.netrokona.gov.bd
==================================================
[*] STARTING NEW DOMAIN: https://uitrce.palashbari.gaibandha.gov.bd
==================================================
[+] Domain exhausted. Finishing up: https://uitrce.palashbari.gaibandha.gov.bd
==================================================
[*] STARTING NEW DOMAIN: http://deb107919.dhakaeducationboard.gov.bd
==================================================
[+] Domain exhausted. Finishing up: http://deb107919.dhakaeducationboard.gov.bd
==================================================
[*] STARTING NEW DOMAIN: https://pio.mohongonj.netrokona.gov.bd
==================================================
[+] Domain exhausted. Finishing up: https://pio.mohongonj.netrokona.gov.bd
==================================================
[*] STARTING NEW DOMAIN: https://pio.moulvibazarsadar.moulvibazar.gov.bd
==================================================
[+] Domain exhausted. Finishing up: https://pio.moulvibazarsadar.moulvibazar.gov.bd
==================================================
[*] STARTING NEW DOMAIN: https://sfdf.shajahanpur.bogra.gov.bd
==================================================
[+] Domain exhausted. Finishing up: https://sfdf.shajahanpur.bogra.gov.bd
==================================================
[*] STARTING NEW DOMAIN: https://sspg.sreemangal.moulvibazar.gov.bd
==================================================
[+] Domain exhausted. Finishing up: https://sspg.sreemangal.moulvibazar.gov.bd
==================================================
[*] STARTING NEW DOMAIN: https://deb109432.dhakaeducationboard.gov.bd
==================================================
[+] Domain exhausted. Finishing up: https://deb109432.dhakaeducationboard.gov.bd
==================================================
[*] STARTING NEW DOMAIN: https://reeep.sreda.gov.bd
==================================================
[+] Domain exhausted. Finishing up: https://reeep.sreda.gov.bd
==================================================
[*] STARTING NEW DOMAIN: https://forest.sadullapur.gaibandha.gov.bd
==================================================
[+] Domain exhausted. Finishing up: https://forest.sadullapur.gaibandha.gov.bd
==================================================
[*] STARTING NEW DOMAIN: http://deb108158.dhakaeducationboard.gov.bd
==================================================
[+] Domain exhausted. Finishing up: http://deb108158.dhakaeducationboard.gov.bd
==================================================
[*] STARTING NEW DOMAIN: https://cooperative.sadar.bogra.gov.bd
==================================================
[+] Domain exhausted. Finishing up: https://cooperative.sadar.bogra.gov.bd
==================================================
[*] STARTING NEW DOMAIN: https://dae.kazipur.sirajganj.gov.bd
==================================================
[+] Domain exhausted. Finishing up: https://dae.kazipur.sirajganj.gov.bd
==================================================
[*] STARTING NEW DOMAIN: https://deb111067.dhakaeducationboard.gov.bd
==================================================
[+] Domain exhausted. Finishing up: https://deb111067.dhakaeducationboard.gov.bd
==================================================
[*] STARTING NEW DOMAIN: http://deb107931.dhakaeducationboard.gov.bd
==================================================
[+] Domain exhausted. Finishing up: http://deb107931.dhakaeducationboard.gov.bd
==================================================
[*] STARTING NEW DOMAIN: https://deb109795.dhakaeducationboard.gov.bd
==================================================
[+] Domain exhausted. Finishing up: https://deb109795.dhakaeducationboard.gov.bd
==================================================
[*] STARTING NEW DOMAIN: https://deb111922.dhakaeducationboard.gov.bd
==================================================
[+] Domain exhausted. Finishing up: https://deb111922.dhakaeducationboard.gov.bd
==================================================
[*] STARTING NEW DOMAIN: https://result.dhakaeducationboard.gov.bd
==================================================
[+] Domain exhausted. Finishing up: https://result.dhakaeducationboard.gov.bd
==================================================
[*] STARTING NEW DOMAIN: https://pdb.moulvibazar.gov.bd
==================================================
[+] Domain exhausted. Finishing up: https://pdb.moulvibazar.gov.bd
==================================================
[*] STARTING NEW DOMAIN: https://skt.portal.gov.bd
==================================================
[+] Domain exhausted. Finishing up: https://skt.portal.gov.bd
==================================================
[*] STARTING NEW DOMAIN: https://dao.louhajanj.munshiganj.gov.bd
==================================================
[+] Domain exhausted. Finishing up: https://dao.louhajanj.munshiganj.gov.bd
==================================================
[*] STARTING NEW DOMAIN: https://singimariup.lalmonirhat.gov.bd
==================================================
[+] Domain exhausted. Finishing up: https://singimariup.lalmonirhat.gov.bd
==================================================
[*] STARTING NEW DOMAIN: https://raipurgovtprimaryschool.jessoreboard.gov.bd
==================================================
[+] Domain exhausted. Finishing up: https://raipurgovtprimaryschool.jessoreboard.gov.bd
==================================================
[*] STARTING NEW DOMAIN: https://pdbf.ghatail.tangail.gov.bd
==================================================
[+] Domain exhausted. Finishing up: https://pdbf.ghatail.tangail.gov.bd
==================================================
[*] STARTING NEW DOMAIN: http://dpe.bhangura.pabna.gov.bd
==================================================
[+] Domain exhausted. Finishing up: http://dpe.bhangura.pabna.gov.bd
==================================================
[*] STARTING NEW DOMAIN: https://deb109196.dhakaeducationboard.gov.bd
==================================================
[+] Domain exhausted. Finishing up: https://deb109196.dhakaeducationboard.gov.bd
==================================================
[*] STARTING NEW DOMAIN: https://satarparasecondaryschool.jessoreboard.gov.bd
==================================================
[+] Domain exhausted. Finishing up: https://satarparasecondaryschool.jessoreboard.gov.bd
==================================================
[*] STARTING NEW DOMAIN: https://psb.trishal.mymensingh.gov.bd
==================================================
[+] Domain exhausted. Finishing up: https://psb.trishal.mymensingh.gov.bd
==================================================
[*] STARTING NEW DOMAIN: https://pio.moheshpur.jhenaidah.gov.bd
==================================================
[+] Domain exhausted. Finishing up: https://pio.moheshpur.jhenaidah.gov.bd
==================================================
[*] STARTING NEW DOMAIN: https://rtcniport.kaptai.rangamati.gov.bd
==================================================
[+] Domain exhausted. Finishing up: https://rtcniport.kaptai.rangamati.gov.bd
==================================================
[*] STARTING NEW DOMAIN: https://sorbanondoup.gaibandha.gov.bd
==================================================
[+] Domain exhausted. Finishing up: https://sorbanondoup.gaibandha.gov.bd
==================================================
[*] STARTING NEW DOMAIN: http://dharmapurup.chittagong.gov.bd
==================================================
[+] Domain exhausted. Finishing up: http://dharmapurup.chittagong.gov.bd
==================================================
[*] STARTING NEW DOMAIN: https://bbs.nalchity.jhalakathi.gov.bd
==================================================
[+] Domain exhausted. Finishing up: https://bbs.nalchity.jhalakathi.gov.bd
==================================================
[*] STARTING NEW DOMAIN: https://deb110933.dhakaeducationboard.gov.bd
==================================================
[+] Domain exhausted. Finishing up: https://deb110933.dhakaeducationboard.gov.bd
==================================================
[*] STARTING NEW DOMAIN: http://deb108133.dhakaeducationboard.gov.bd
==================================================
[+] Domain exhausted. Finishing up: http://deb108133.dhakaeducationboard.gov.bd
==================================================
[*] STARTING NEW DOMAIN: https://dss.karnafuli.chittagong.gov.bd
==================================================
[+] Domain exhausted. Finishing up: https://dss.karnafuli.chittagong.gov.bd
==================================================
[*] STARTING NEW DOMAIN: https://savings.naogaon.gov.bd
==================================================
[+] Domain exhausted. Finishing up: https://savings.naogaon.gov.bd
==================================================
[*] STARTING NEW DOMAIN: https://psb.jhenaigati.sherpur.gov.bd
==================================================
[+] Domain exhausted. Finishing up: https://psb.jhenaigati.sherpur.gov.bd
==================================================
[*] STARTING NEW DOMAIN: https://acl.sadar.feni.gov.bd
==================================================
[+] Domain exhausted. Finishing up: https://acl.sadar.feni.gov.bd
==================================================
[*] STARTING NEW DOMAIN: https://rab.narail.gov.bd
==================================================
[+] Domain exhausted. Finishing up: https://rab.narail.gov.bd
==================================================
[*] STARTING NEW DOMAIN: https://pdbf.ranisankail.thakurgaon.gov.bd
==================================================
[+] Domain exhausted. Finishing up: https://pdbf.ranisankail.thakurgaon.gov.bd
==================================================
[*] STARTING NEW DOMAIN: https://fpo.kurigram.gov.bd
==================================================
[+] Domain exhausted. Finishing up: https://fpo.kurigram.gov.bd
==================================================
[*] STARTING NEW DOMAIN: https://health.durgapur.rajshahi.gov.bd
==================================================
[+] Domain exhausted. Finishing up: https://health.durgapur.rajshahi.gov.bd
==================================================
[*] STARTING NEW DOMAIN: https://acl.kachua.chandpur.gov.bd
==================================================
[+] Domain exhausted. Finishing up: https://acl.kachua.chandpur.gov.bd
==================================================
[*] STARTING NEW DOMAIN: https://cooparative.bagherpara.jessore.gov.bd
==================================================
[+] Domain exhausted. Finishing up: https://cooparative.bagherpara.jessore.gov.bd
==================================================
[*] STARTING NEW DOMAIN: https://pti.natore.gov.bd
==================================================
[+] Domain exhausted. Finishing up: https://pti.natore.gov.bd
==================================================
[*] STARTING NEW DOMAIN: http://doict.sadar.jhalakathi.gov.bd
==================================================
[+] Domain exhausted. Finishing up: http://doict.sadar.jhalakathi.gov.bd
==================================================
[*] STARTING NEW DOMAIN: https://governmentgirlscollegekhulna.jessoreboard.gov.bd
==================================================
[+] Domain exhausted. Finishing up: https://governmentgirlscollegekhulna.jessoreboard.gov.bd
==================================================
[*] STARTING NEW DOMAIN: https://deb109344.dhakaeducationboard.gov.bd
==================================================
[+] Domain exhausted. Finishing up: https://deb109344.dhakaeducationboard.gov.bd
==================================================
[*] STARTING NEW DOMAIN: https://deb111727.dhakaeducationboard.gov.bd
==================================================
[+] Domain exhausted. Finishing up: https://deb111727.dhakaeducationboard.gov.bd
==================================================
[*] STARTING NEW DOMAIN: https://deb113354.dhakaeducationboard.gov.bd
==================================================
[+] Domain exhausted. Finishing up: https://deb113354.dhakaeducationboard.gov.bd
==================================================
[*] STARTING NEW DOMAIN: https://cs.brahmanbaria.gov.bd
==================================================
[+] Domain exhausted. Finishing up: https://cs.brahmanbaria.gov.bd
==================================================
[*] STARTING NEW DOMAIN: https://deb111728.dhakaeducationboard.gov.bd
==================================================
[+] Domain exhausted. Finishing up: https://deb111728.dhakaeducationboard.gov.bd
==================================================
[*] STARTING NEW DOMAIN: https://sherebanglasecondarygirlsschool.jessoreboard.gov.bd
==================================================
[+] Domain exhausted. Finishing up: https://sherebanglasecondarygirlsschool.jessoreboard.gov.bd
==================================================
[*] STARTING NEW DOMAIN: https://customs.chittagongdiv.gov.bd
==================================================
[+] Domain exhausted. Finishing up: https://customs.chittagongdiv.gov.bd
==================================================
[*] STARTING NEW DOMAIN: https://deb108675.dhakaeducationboard.gov.bd
==================================================
[+] Domain exhausted. Finishing up: https://deb108675.dhakaeducationboard.gov.bd
==================================================
[*] STARTING NEW DOMAIN: https://deb114238.dhakaeducationboard.gov.bd
==================================================
[+] Domain exhausted. Finishing up: https://deb114238.dhakaeducationboard.gov.bd
==================================================
[*] STARTING NEW DOMAIN: https://cooparative.faridpur.gov.bd
==================================================
[+] Domain exhausted. Finishing up: https://cooparative.faridpur.gov.bd
==================================================
[*] STARTING NEW DOMAIN: https://dae.kalmakanda.netrokona.gov.bd
==================================================
[+] Domain exhausted. Finishing up: https://dae.kalmakanda.netrokona.gov.bd
==================================================
[*] STARTING NEW DOMAIN: https://deb113535.dhakaeducationboard.gov.bd
==================================================
[+] Domain exhausted. Finishing up: https://deb113535.dhakaeducationboard.gov.bd
==================================================
[*] STARTING NEW DOMAIN: http://opdashboard.dghs.gov.bd
==================================================
[+] Domain exhausted. Finishing up: http://opdashboard.dghs.gov.bd
==================================================
[*] STARTING NEW DOMAIN: https://brdb.sreebordi.sherpur.gov.bd
==================================================
[+] Domain exhausted. Finishing up: https://brdb.sreebordi.sherpur.gov.bd
==================================================
[*] STARTING NEW DOMAIN: https://dao.dumki.patuakhali.gov.bd
==================================================
[+] Domain exhausted. Finishing up: https://dao.dumki.patuakhali.gov.bd
==================================================
[*] STARTING NEW DOMAIN: https://ec.dighinala.khagrachhari.gov.bd
==================================================
[+] Domain exhausted. Finishing up: https://ec.dighinala.khagrachhari.gov.bd
==================================================
[*] STARTING NEW DOMAIN: https://fpo.mongla.bagerhat.gov.bd
==================================================
[+] Domain exhausted. Finishing up: https://fpo.mongla.bagerhat.gov.bd
==================================================
[*] STARTING NEW DOMAIN: https://acl.morrelganj.bagerhat.gov.bd
==================================================
[+] Domain exhausted. Finishing up: https://acl.morrelganj.bagerhat.gov.bd
==================================================
[*] STARTING NEW DOMAIN: https://sfntc.manikganj.gov.bd
==================================================
[+] Domain exhausted. Finishing up: https://sfntc.manikganj.gov.bd
==================================================
[*] STARTING NEW DOMAIN: https://aehed.patuakhali.gov.bd
==================================================
[+] Domain exhausted. Finishing up: https://aehed.patuakhali.gov.bd
==================================================
[*] STARTING NEW DOMAIN: https://asadpurup.comilla.gov.bd
==================================================
[+] Domain exhausted. Finishing up: https://asadpurup.comilla.gov.bd
==================================================
[*] STARTING NEW DOMAIN: http://stipen.wewb.gov.bd
==================================================
[+] Domain exhausted. Finishing up: http://stipen.wewb.gov.bd
==================================================
[*] STARTING NEW DOMAIN: https://dae.mymensingh.gov.bd
==================================================
[+] Domain exhausted. Finishing up: https://dae.mymensingh.gov.bd
==================================================
[*] STARTING NEW DOMAIN: https://btcl.natore.gov.bd
==================================================
[+] Domain exhausted. Finishing up: https://btcl.natore.gov.bd
==================================================
[*] STARTING NEW DOMAIN: https://soamol.noakhali.gov.bd
==================================================
[+] Domain exhausted. Finishing up: https://soamol.noakhali.gov.bd
==================================================
[*] STARTING NEW DOMAIN: https://iphn.dghs.portal.gov.bd
==================================================
[+] Domain exhausted. Finishing up: https://iphn.dghs.portal.gov.bd
==================================================
[*] STARTING NEW DOMAIN: https://training.oep.gov.bd
==================================================
[+] Domain exhausted. Finishing up: https://training.oep.gov.bd
==================================================
[*] STARTING NEW DOMAIN: https://deb113509.dhakaeducationboard.gov.bd
==================================================
[+] Domain exhausted. Finishing up: https://deb113509.dhakaeducationboard.gov.bd
==================================================
[*] STARTING NEW DOMAIN: https://shishuacademy.chapainawabganj.gov.bd
==================================================
[+] Domain exhausted. Finishing up: https://shishuacademy.chapainawabganj.gov.bd
==================================================
[*] STARTING NEW DOMAIN: https://halimabegumacademysecondaryschool.jessoreboard.gov.bd
==================================================
[+] Domain exhausted. Finishing up: https://halimabegumacademysecondaryschool.jessoreboard.gov.bd
==================================================
[*] STARTING NEW DOMAIN: https://deb111999.dhakaeducationboard.gov.bd
==================================================
[+] Domain exhausted. Finishing up: https://deb111999.dhakaeducationboard.gov.bd
==================================================
[*] STARTING NEW DOMAIN: https://police.chapainawabganjsadar.chapainawabganj.gov.bd
==================================================
[+] Domain exhausted. Finishing up: https://police.chapainawabganjsadar.chapainawabganj.gov.bd
==================================================
[*] STARTING NEW DOMAIN: https://crwt.portal.gov.bd
==================================================
[+] Domain exhausted. Finishing up: https://crwt.portal.gov.bd
==================================================
[*] STARTING NEW DOMAIN: https://deb109138.dhakaeducationboard.gov.bd
==================================================
[+] Domain exhausted. Finishing up: https://deb109138.dhakaeducationboard.gov.bd
==================================================
[*] STARTING NEW DOMAIN: https://centralfund.gov.bd
==================================================
[+] Domain exhausted. Finishing up: https://centralfund.gov.bd
==================================================
[*] STARTING NEW DOMAIN: https://hfwc.sadar.gazipur.gov.bd
==================================================
[+] Domain exhausted. Finishing up: https://hfwc.sadar.gazipur.gov.bd
==================================================
[*] STARTING NEW DOMAIN: https://deb111263.dhakaeducationboard.gov.bd
==================================================
[+] Domain exhausted. Finishing up: https://deb111263.dhakaeducationboard.gov.bd
==================================================
[*] STARTING NEW DOMAIN: https://ec.gowainghat.sylhet.gov.bd
==================================================
[+] Domain exhausted. Finishing up: https://ec.gowainghat.sylhet.gov.bd
==================================================
[*] STARTING NEW DOMAIN: https://dwa.chirirbandar.dinajpur.gov.bd
==================================================
[+] Domain exhausted. Finishing up: https://dwa.chirirbandar.dinajpur.gov.bd
==================================================
[*] STARTING NEW DOMAIN: https://birtan.netrokona.gov.bd
==================================================
[+] Domain exhausted. Finishing up: https://birtan.netrokona.gov.bd
==================================================
[*] STARTING NEW DOMAIN: https://pio.laksam.comilla.gov.bd
==================================================
[+] Domain exhausted. Finishing up: https://pio.laksam.comilla.gov.bd
==================================================
[*] STARTING NEW DOMAIN: https://fpo.khoksa.kushtia.gov.bd
==================================================
[+] Domain exhausted. Finishing up: https://fpo.khoksa.kushtia.gov.bd
==================================================
[*] STARTING NEW DOMAIN: https://daemetro.barisal.gov.bd
==================================================
[+] Domain exhausted. Finishing up: https://daemetro.barisal.gov.bd
==================================================
[*] STARTING NEW DOMAIN: https://pio.meghna.comilla.gov.bd
==================================================
[+] Domain exhausted. Finishing up: https://pio.meghna.comilla.gov.bd
==================================================
[*] STARTING NEW DOMAIN: https://dss.kawkhali.rangamati.gov.bd
==================================================
[+] Domain exhausted. Finishing up: https://dss.kawkhali.rangamati.gov.bd
==================================================
[*] STARTING NEW DOMAIN: https://doe.natore.gov.bd
==================================================
[+] Domain exhausted. Finishing up: https://doe.natore.gov.bd
==================================================
[*] STARTING NEW DOMAIN: https://pesp.portal.gov.bd
==================================================
[+] Domain exhausted. Finishing up: https://pesp.portal.gov.bd
==================================================
[*] STARTING NEW DOMAIN: https://dwa.chuadanga.gov.bd
==================================================
[+] Domain exhausted. Finishing up: https://dwa.chuadanga.gov.bd
==================================================
[*] STARTING NEW DOMAIN: https://dao.daulatpur.manikganj.gov.bd
==================================================
[+] Domain exhausted. Finishing up: https://dao.daulatpur.manikganj.gov.bd
==================================================
[*] STARTING NEW DOMAIN: https://deb107854.dhakaeducationboard.gov.bd
==================================================
[+] Domain exhausted. Finishing up: https://deb107854.dhakaeducationboard.gov.bd
==================================================
[*] STARTING NEW DOMAIN: https://bnmc.portal.gov.bd
==================================================
[+] Domain exhausted. Finishing up: https://bnmc.portal.gov.bd
==================================================
[*] STARTING NEW DOMAIN: https://jamilakhatungirlshighschool.jessoreboard.gov.bd
==================================================
[+] Domain exhausted. Finishing up: https://jamilakhatungirlshighschool.jessoreboard.gov.bd
==================================================
[*] STARTING NEW DOMAIN: https://dam.dhanbari.tangail.gov.bd
==================================================
[+] Domain exhausted. Finishing up: https://dam.dhanbari.tangail.gov.bd
==================================================
[*] STARTING NEW DOMAIN: https://fpo.debiganj.panchagarh.gov.bd
==================================================
[+] Domain exhausted. Finishing up: https://fpo.debiganj.panchagarh.gov.bd
==================================================
[*] STARTING NEW DOMAIN: https://dam.nawabganj.dhaka.gov.bd
==================================================
[+] Domain exhausted. Finishing up: https://dam.nawabganj.dhaka.gov.bd
==================================================
[*] STARTING NEW DOMAIN: https://damodarup.khulna.gov.bd
==================================================
[+] Domain exhausted. Finishing up: https://damodarup.khulna.gov.bd
==================================================
[*] STARTING NEW DOMAIN: https://dgda.joypurhat.gov.bd
==================================================
[+] Domain exhausted. Finishing up: https://dgda.joypurhat.gov.bd
==================================================
[*] STARTING NEW DOMAIN: https://dae.jhenaidah.gov.bd
==================================================
[+] Domain exhausted. Finishing up: https://dae.jhenaidah.gov.bd
==================================================
[*] STARTING NEW DOMAIN: https://shahpurchotoghighatisecondaryschool.jessoreboard.gov.bd
==================================================
[+] Domain exhausted. Finishing up: https://shahpurchotoghighatisecondaryschool.jessoreboard.gov.bd
==================================================
[*] STARTING NEW DOMAIN: https://deb113214.dhakaeducationboard.gov.bd
==================================================
[+] Domain exhausted. Finishing up: https://deb113214.dhakaeducationboard.gov.bd
==================================================
[*] STARTING NEW DOMAIN: https://atharabariup.mymensingh.gov.bd
==================================================
[+] Domain exhausted. Finishing up: https://atharabariup.mymensingh.gov.bd
==================================================
[*] STARTING NEW DOMAIN: https://doict.saturia.manikganj.gov.bd
==================================================
[+] Domain exhausted. Finishing up: https://doict.saturia.manikganj.gov.bd
==================================================
[*] STARTING NEW DOMAIN: https://deb114217.dhakaeducationboard.gov.bd
==================================================
[+] Domain exhausted. Finishing up: https://deb114217.dhakaeducationboard.gov.bd
==================================================
[*] STARTING NEW DOMAIN: https://dwa.ashuganj.brahmanbaria.gov.bd
==================================================
[+] Domain exhausted. Finishing up: https://dwa.ashuganj.brahmanbaria.gov.bd
==================================================
[*] STARTING NEW DOMAIN: https://dae.madaripur.gov.bd
==================================================
[+] Domain exhausted. Finishing up: https://dae.madaripur.gov.bd
==================================================
[*] STARTING NEW DOMAIN: https://deb112140.dhakaeducationboard.gov.bd
==================================================
[+] Domain exhausted. Finishing up: https://deb112140.dhakaeducationboard.gov.bd
==================================================
[*] STARTING NEW DOMAIN: https://ansarvdp.sarankhola.bagerhat.gov.bd
==================================================
[+] Domain exhausted. Finishing up: https://ansarvdp.sarankhola.bagerhat.gov.bd
==================================================
[*] STARTING NEW DOMAIN: https://d.nothi.gov.bd
==================================================
[+] Domain exhausted. Finishing up: https://d.nothi.gov.bd
==================================================
[*] STARTING NEW DOMAIN: https://lged.sadar.munshiganj.gov.bd
==================================================
[+] Domain exhausted. Finishing up: https://lged.sadar.munshiganj.gov.bd
==================================================
[*] STARTING NEW DOMAIN: https://bjri.madarganj.jamalpur.gov.bd
==================================================
[+] Domain exhausted. Finishing up: https://bjri.madarganj.jamalpur.gov.bd
==================================================
[*] STARTING NEW DOMAIN: https://dae.fatikchhari.chittagong.gov.bd
==================================================
[+] Domain exhausted. Finishing up: https://dae.fatikchhari.chittagong.gov.bd
==================================================
[*] STARTING NEW DOMAIN: https://doict.khaliajuri.netrokona.gov.bd
==================================================
[+] Domain exhausted. Finishing up: https://doict.khaliajuri.netrokona.gov.bd
==================================================
[*] STARTING NEW DOMAIN: https://fisheries.gournadi.barisal.gov.bd
==================================================
[+] Domain exhausted. Finishing up: https://fisheries.gournadi.barisal.gov.bd
==================================================
[*] STARTING NEW DOMAIN: https://sfdf.bahubal.habiganj.gov.bd
==================================================
[+] Domain exhausted. Finishing up: https://sfdf.bahubal.habiganj.gov.bd
==================================================
[*] STARTING NEW DOMAIN: https://deo.mymensinghsadar.mymensingh.gov.bd
==================================================
[+] Domain exhausted. Finishing up: https://deo.mymensinghsadar.mymensingh.gov.bd
==================================================
[*] STARTING NEW DOMAIN: https://cooparative.juraichari.rangamati.gov.bd
==================================================
[+] Domain exhausted. Finishing up: https://cooparative.juraichari.rangamati.gov.bd
==================================================
[*] STARTING NEW DOMAIN: https://doict.dhamrai.dhaka.gov.bd
==================================================
[+] Domain exhausted. Finishing up: https://doict.dhamrai.dhaka.gov.bd
==================================================
[*] STARTING NEW DOMAIN: https://bsti.rangpur.gov.bd
==================================================
[+] Domain exhausted. Finishing up: https://bsti.rangpur.gov.bd
==================================================
[*] STARTING NEW DOMAIN: https://sr.kawkhali.pirojpur.gov.bd
==================================================
[+] Domain exhausted. Finishing up: https://sr.kawkhali.pirojpur.gov.bd
==================================================
[*] STARTING NEW DOMAIN: https://deb138156.dhakaeducationboard.gov.bd
==================================================
[+] Domain exhausted. Finishing up: https://deb138156.dhakaeducationboard.gov.bd
==================================================
[*] STARTING NEW DOMAIN: https://deb140252.dhakaeducationboard.gov.bd
==================================================
[+] Domain exhausted. Finishing up: https://deb140252.dhakaeducationboard.gov.bd
==================================================
[*] STARTING NEW DOMAIN: https://eed.nilphamarisadar.nilphamari.gov.bd
==================================================
[+] Domain exhausted. Finishing up: https://eed.nilphamarisadar.nilphamari.gov.bd
==================================================
[*] STARTING NEW DOMAIN: https://dinajpureducationboard.gov.bd
==================================================
[+] Domain exhausted. Finishing up: https://dinajpureducationboard.gov.bd
==================================================
[*] STARTING NEW DOMAIN: https://dhaperhatup.gaibandha.gov.bd
==================================================
[+] Domain exhausted. Finishing up: https://dhaperhatup.gaibandha.gov.bd
==================================================
[*] STARTING NEW DOMAIN: https://onlinetc.dinajpurboard.gov.bd
==================================================
[+] Domain exhausted. Finishing up: https://onlinetc.dinajpurboard.gov.bd
==================================================
[*] STARTING NEW DOMAIN: https://pozip.chauhali.sirajganj.gov.bd
==================================================
[+] Domain exhausted. Finishing up: https://pozip.chauhali.sirajganj.gov.bd
==================================================
[*] STARTING NEW DOMAIN: https://deb134566.dhakaeducationboard.gov.bd
==================================================
[+] Domain exhausted. Finishing up: https://deb134566.dhakaeducationboard.gov.bd
==================================================
[*] STARTING NEW DOMAIN: https://bmda.sapahar.naogaon.gov.bd
==================================================
[+] Domain exhausted. Finishing up: https://bmda.sapahar.naogaon.gov.bd
==================================================
[*] STARTING NEW DOMAIN: https://deb134153.dhakaeducationboard.gov.bd
==================================================
[+] Domain exhausted. Finishing up: https://deb134153.dhakaeducationboard.gov.bd
==================================================
[*] STARTING NEW DOMAIN: https://deb190143.dhakaeducationboard.gov.bd
==================================================
[+] Domain exhausted. Finishing up: https://deb190143.dhakaeducationboard.gov.bd
==================================================
[*] STARTING NEW DOMAIN: https://brta.jhalakathi.gov.bd
==================================================
[+] Domain exhausted. Finishing up: https://brta.jhalakathi.gov.bd
==================================================
[*] STARTING NEW DOMAIN: https://deb113271.dhakaeducationboard.gov.bd
==================================================
[+] Domain exhausted. Finishing up: https://deb113271.dhakaeducationboard.gov.bd
==================================================
[*] STARTING NEW DOMAIN: https://deb190169.dhakaeducationboard.gov.bd
==================================================
[+] Domain exhausted. Finishing up: https://deb190169.dhakaeducationboard.gov.bd
==================================================
[*] STARTING NEW DOMAIN: https://dpe.kalai.joypurhat.gov.bd
==================================================
[+] Domain exhausted. Finishing up: https://dpe.kalai.joypurhat.gov.bd
==================================================
[*] STARTING NEW DOMAIN: https://police.bagha.rajshahi.gov.bd
==================================================
[+] Domain exhausted. Finishing up: https://police.bagha.rajshahi.gov.bd
==================================================
[*] STARTING NEW DOMAIN: https://doe.tangail.gov.bd
==================================================
[+] Domain exhausted. Finishing up: https://doe.tangail.gov.bd
==================================================
[*] STARTING NEW DOMAIN: https://ansarvdp.ghoraghat.dinajpur.gov.bd
==================================================
[+] Domain exhausted. Finishing up: https://ansarvdp.ghoraghat.dinajpur.gov.bd
==================================================
[*] STARTING NEW DOMAIN: https://pdbf.netrokonasadar.netrokona.gov.bd
==================================================
[+] Domain exhausted. Finishing up: https://pdbf.netrokonasadar.netrokona.gov.bd
==================================================
[*] STARTING NEW DOMAIN: https://philipnagarmarichacollege.jessoreboard.gov.bd
==================================================
[+] Domain exhausted. Finishing up: https://philipnagarmarichacollege.jessoreboard.gov.bd
==================================================
[*] STARTING NEW DOMAIN: https://doict.galachipa.patuakhali.gov.bd
==================================================
[+] Domain exhausted. Finishing up: https://doict.galachipa.patuakhali.gov.bd
==================================================
[*] STARTING NEW DOMAIN: https://bongramgirlshighschool.jessoreboard.gov.bd
==================================================
[+] Domain exhausted. Finishing up: https://bongramgirlshighschool.jessoreboard.gov.bd
==================================================
[*] STARTING NEW DOMAIN: https://cdb.rangamati.gov.bd
==================================================
[+] Domain exhausted. Finishing up: https://cdb.rangamati.gov.bd
==================================================
[*] STARTING NEW DOMAIN: https://deb138960.dhakaeducationboard.gov.bd
==================================================
[+] Domain exhausted. Finishing up: https://deb138960.dhakaeducationboard.gov.bd
==================================================
[*] STARTING NEW DOMAIN: https://bhangbaria.chuadanga.gov.bd
==================================================
[+] Domain exhausted. Finishing up: https://bhangbaria.chuadanga.gov.bd
==================================================
[*] STARTING NEW DOMAIN: https://police.kaliganj.lalmonirhat.gov.bd
==================================================
[+] Domain exhausted. Finishing up: https://police.kaliganj.lalmonirhat.gov.bd
==================================================
[*] STARTING NEW DOMAIN: https://cabinet.portal.gov.bd
==================================================
[+] Domain exhausted. Finishing up: https://cabinet.portal.gov.bd
==================================================
[*] STARTING NEW DOMAIN: https://ansarvdp.jamalpur.gov.bd
==================================================
[+] Domain exhausted. Finishing up: https://ansarvdp.jamalpur.gov.bd
==================================================
[*] STARTING NEW DOMAIN: https://po.gaibandha.gov.bd
==================================================
[+] Domain exhausted. Finishing up: https://po.gaibandha.gov.bd
==================================================
[*] STARTING NEW DOMAIN: https://seo.saltha.faridpur.gov.bd
==================================================
[+] Domain exhausted. Finishing up: https://seo.saltha.faridpur.gov.bd
==================================================
[*] STARTING NEW DOMAIN: https://deb190099.dhakaeducationboard.gov.bd
==================================================
[+] Domain exhausted. Finishing up: https://deb190099.dhakaeducationboard.gov.bd
==================================================
[*] STARTING NEW DOMAIN: https://passport.dhakadiv.gov.bd
==================================================
[+] Domain exhausted. Finishing up: https://passport.dhakadiv.gov.bd
==================================================
[*] STARTING NEW DOMAIN: https://shaheedayubmusamemorialcollege.jessoreboard.gov.bd
==================================================
[+] Domain exhausted. Finishing up: https://shaheedayubmusamemorialcollege.jessoreboard.gov.bd
==================================================
[*] STARTING NEW DOMAIN: https://deo.raipura.narsingdi.gov.bd
==================================================
[+] Domain exhausted. Finishing up: https://deo.raipura.narsingdi.gov.bd
==================================================
[*] STARTING NEW DOMAIN: https://dshe.bhaluka.mymensingh.gov.bd
==================================================
[+] Domain exhausted. Finishing up: https://dshe.bhaluka.mymensingh.gov.bd
==================================================
[*] STARTING NEW DOMAIN: https://deb136551.dhakaeducationboard.gov.bd
==================================================
[+] Domain exhausted. Finishing up: https://deb136551.dhakaeducationboard.gov.bd
==================================================
[*] STARTING NEW DOMAIN: https://doe.narail.gov.bd
==================================================
[+] Domain exhausted. Finishing up: https://doe.narail.gov.bd
==================================================
[*] STARTING NEW DOMAIN: https://bcssecondaryschool.jessoreboard.gov.bd
==================================================
[+] Domain exhausted. Finishing up: https://bcssecondaryschool.jessoreboard.gov.bd
==================================================
[*] STARTING NEW DOMAIN: https://pbs.madaripur.gov.bd
==================================================
[+] Domain exhausted. Finishing up: https://pbs.madaripur.gov.bd
==================================================
[*] STARTING NEW DOMAIN: https://deb140521.dhakaeducationboard.gov.bd
==================================================
[+] Domain exhausted. Finishing up: https://deb140521.dhakaeducationboard.gov.bd
==================================================
[*] STARTING NEW DOMAIN: https://btcl.sarishabari.jamalpur.gov.bd
==================================================
[+] Domain exhausted. Finishing up: https://btcl.sarishabari.jamalpur.gov.bd
==================================================
[*] STARTING NEW DOMAIN: https://pio.baniachong.habiganj.gov.bd
==================================================
[+] Domain exhausted. Finishing up: https://pio.baniachong.habiganj.gov.bd
==================================================
[*] STARTING NEW DOMAIN: https://dls.brahmanbaria.gov.bd
==================================================
[+] Domain exhausted. Finishing up: https://dls.brahmanbaria.gov.bd
==================================================
[*] STARTING NEW DOMAIN: https://doict.pirojpur.gov.bd
==================================================
[+] Domain exhausted. Finishing up: https://doict.pirojpur.gov.bd
==================================================
[*] STARTING NEW DOMAIN: https://deb112222.dhakaeducationboard.gov.bd
==================================================
[+] Domain exhausted. Finishing up: https://deb112222.dhakaeducationboard.gov.bd
==================================================
[*] STARTING NEW DOMAIN: https://deb190180.dhakaeducationboard.gov.bd
==================================================
[+] Domain exhausted. Finishing up: https://deb190180.dhakaeducationboard.gov.bd
==================================================
[*] STARTING NEW DOMAIN: https://pio.chunarughat.habiganj.gov.bd
==================================================
[+] Domain exhausted. Finishing up: https://pio.chunarughat.habiganj.gov.bd
==================================================
[*] STARTING NEW DOMAIN: https://eed.sunamganj.gov.bd
==================================================
[+] Domain exhausted. Finishing up: https://eed.sunamganj.gov.bd
==================================================
[*] STARTING NEW DOMAIN: https://pgcb.portal.gov.bd
==================================================
[+] Domain exhausted. Finishing up: https://pgcb.portal.gov.bd
==================================================
[*] STARTING NEW DOMAIN: https://doe.bagerhat.gov.bd
==================================================
[+] Domain exhausted. Finishing up: https://doe.bagerhat.gov.bd
==================================================
[*] STARTING NEW DOMAIN: https://dphe.feni.gov.bd
==================================================
[+] Domain exhausted. Finishing up: https://dphe.feni.gov.bd
==================================================
[*] STARTING NEW DOMAIN: https://dls.muradnagar.comilla.gov.bd
==================================================
[+] Domain exhausted. Finishing up: https://dls.muradnagar.comilla.gov.bd
==================================================
[*] STARTING NEW DOMAIN: https://food.khulna.gov.bd
==================================================
[+] Domain exhausted. Finishing up: https://food.khulna.gov.bd
==================================================
[*] STARTING NEW DOMAIN: https://noaparasecondaryschool.jessoreboard.gov.bd
==================================================
[+] Domain exhausted. Finishing up: https://noaparasecondaryschool.jessoreboard.gov.bd
==================================================
[*] STARTING NEW DOMAIN: https://deb138062.dhakaeducationboard.gov.bd
==================================================
[+] Domain exhausted. Finishing up: https://deb138062.dhakaeducationboard.gov.bd
==================================================
[*] STARTING NEW DOMAIN: https://dls.netrokona.gov.bd
==================================================
[+] Domain exhausted. Finishing up: https://dls.netrokona.gov.bd
==================================================
[*] STARTING NEW DOMAIN: https://bamankhalihighschool.jessoreboard.gov.bd
==================================================
[+] Domain exhausted. Finishing up: https://bamankhalihighschool.jessoreboard.gov.bd
==================================================
[*] STARTING NEW DOMAIN: https://deo.gazipur.gov.bd
==================================================
[+] Domain exhausted. Finishing up: https://deo.gazipur.gov.bd
==================================================
[*] STARTING NEW DOMAIN: https://deb133894.dhakaeducationboard.gov.bd
==================================================
[+] Domain exhausted. Finishing up: https://deb133894.dhakaeducationboard.gov.bd
==================================================
[*] STARTING NEW DOMAIN: https://biwta.barguna.gov.bd
==================================================
[+] Domain exhausted. Finishing up: https://biwta.barguna.gov.bd
==================================================
[*] STARTING NEW DOMAIN: https://deb113414.dhakaeducationboard.gov.bd
==================================================
[+] Domain exhausted. Finishing up: https://deb113414.dhakaeducationboard.gov.bd
==================================================
[*] STARTING NEW DOMAIN: https://deb134572.dhakaeducationboard.gov.bd
==================================================
[+] Domain exhausted. Finishing up: https://deb134572.dhakaeducationboard.gov.bd
==================================================
[*] STARTING NEW DOMAIN: https://deb190011.dhakaeducationboard.gov.bd
==================================================
[+] Domain exhausted. Finishing up: https://deb190011.dhakaeducationboard.gov.bd
==================================================
[*] STARTING NEW DOMAIN: https://deb114032.dhakaeducationboard.gov.bd
==================================================
[+] Domain exhausted. Finishing up: https://deb114032.dhakaeducationboard.gov.bd
==================================================
[*] STARTING NEW DOMAIN: https://doict.rajnagar.moulvibazar.gov.bd
==================================================
[+] Domain exhausted. Finishing up: https://doict.rajnagar.moulvibazar.gov.bd
==================================================
[*] STARTING NEW DOMAIN: https://dighapatiaup.natore.gov.bd
==================================================
[+] Domain exhausted. Finishing up: https://dighapatiaup.natore.gov.bd
==================================================
[*] STARTING NEW DOMAIN: https://bmda.dhamoirhat.naogaon.gov.bd
==================================================
[+] Domain exhausted. Finishing up: https://bmda.dhamoirhat.naogaon.gov.bd
==================================================
[*] STARTING NEW DOMAIN: https://bawshonakamshiasecondaryschool.jessoreboard.gov.bd
==================================================
[+] Domain exhausted. Finishing up: https://bawshonakamshiasecondaryschool.jessoreboard.gov.bd
==================================================
[*] STARTING NEW DOMAIN: https://deb131904.dhakaeducationboard.gov.bd
==================================================
[+] Domain exhausted. Finishing up: https://deb131904.dhakaeducationboard.gov.bd
==================================================
[*] STARTING NEW DOMAIN: https://5nogoneshpurup.naogaon.gov.bd
==================================================
[+] Domain exhausted. Finishing up: https://5nogoneshpurup.naogaon.gov.bd
==================================================
[*] STARTING NEW DOMAIN: https://eed.kaliakair.gazipur.gov.bd
==================================================
[+] Domain exhausted. Finishing up: https://eed.kaliakair.gazipur.gov.bd
==================================================
[*] STARTING NEW DOMAIN: https://deb137451.dhakaeducationboard.gov.bd
==================================================
[+] Domain exhausted. Finishing up: https://deb137451.dhakaeducationboard.gov.bd
==================================================
[*] STARTING NEW DOMAIN: https://doict.birampur.dinajpur.gov.bd
==================================================
[+] Domain exhausted. Finishing up: https://doict.birampur.dinajpur.gov.bd
==================================================
[*] STARTING NEW DOMAIN: https://deb113254.dhakaeducationboard.gov.bd
==================================================
[+] Domain exhausted. Finishing up: https://deb113254.dhakaeducationboard.gov.bd
==================================================
[*] STARTING NEW DOMAIN: https://deb136306.dhakaeducationboard.gov.bd
==================================================
[+] Domain exhausted. Finishing up: https://deb136306.dhakaeducationboard.gov.bd
==================================================
[*] STARTING NEW DOMAIN: https://dr.madaripur.gov.bd
==================================================
[+] Domain exhausted. Finishing up: https://dr.madaripur.gov.bd
==================================================
[*] STARTING NEW DOMAIN: https://deb113439.dhakaeducationboard.gov.bd
==================================================
[+] Domain exhausted. Finishing up: https://deb113439.dhakaeducationboard.gov.bd
==================================================
[*] STARTING NEW DOMAIN: https://deb138964.dhakaeducationboard.gov.bd
==================================================
[+] Domain exhausted. Finishing up: https://deb138964.dhakaeducationboard.gov.bd
==================================================
[*] STARTING NEW DOMAIN: https://deb140430.dhakaeducationboard.gov.bd
==================================================
[+] Domain exhausted. Finishing up: https://deb140430.dhakaeducationboard.gov.bd
==================================================
[*] STARTING NEW DOMAIN: https://dphe.derai.sunamganj.gov.bd
==================================================
[+] Domain exhausted. Finishing up: https://dphe.derai.sunamganj.gov.bd
==================================================
[*] STARTING NEW DOMAIN: https://pdbf.gobindaganj.gaibandha.gov.bd
==================================================
[+] Domain exhausted. Finishing up: https://pdbf.gobindaganj.gaibandha.gov.bd
==================================================
[*] STARTING NEW DOMAIN: https://deb139408.dhakaeducationboard.gov.bd
==================================================
[+] Domain exhausted. Finishing up: https://deb139408.dhakaeducationboard.gov.bd
==================================================
[*] STARTING NEW DOMAIN: https://aic.gaibandha.gov.bd
==================================================
[+] Domain exhausted. Finishing up: https://aic.gaibandha.gov.bd
==================================================
[*] STARTING NEW DOMAIN: https://rahimabegumacademy.jessoreboard.gov.bd
==================================================
[+] Domain exhausted. Finishing up: https://rahimabegumacademy.jessoreboard.gov.bd
==================================================
[*] STARTING NEW DOMAIN: https://doict.shibganj.bogra.gov.bd
==================================================
[+] Domain exhausted. Finishing up: https://doict.shibganj.bogra.gov.bd
==================================================
[*] STARTING NEW DOMAIN: https://bsec.gov.bd
==================================================
[+] Domain exhausted. Finishing up: https://bsec.gov.bd
==================================================
[*] STARTING NEW DOMAIN: https://sarshaupazillacollege.jessoreboard.gov.bd
==================================================
[+] Domain exhausted. Finishing up: https://sarshaupazillacollege.jessoreboard.gov.bd
==================================================
[*] STARTING NEW DOMAIN: https://deb140496.dhakaeducationboard.gov.bd
==================================================
[+] Domain exhausted. Finishing up: https://deb140496.dhakaeducationboard.gov.bd
==================================================
[*] STARTING NEW DOMAIN: https://fpo.mirsharai.chittagong.gov.bd
==================================================
[+] Domain exhausted. Finishing up: https://fpo.mirsharai.chittagong.gov.bd
==================================================
[*] STARTING NEW DOMAIN: https://eo.ramu.coxsbazar.gov.bd
==================================================
[+] Domain exhausted. Finishing up: https://eo.ramu.coxsbazar.gov.bd
==================================================
[*] STARTING NEW DOMAIN: https://dhurailup.mymensingh.gov.bd
==================================================
[+] Domain exhausted. Finishing up: https://dhurailup.mymensingh.gov.bd
==================================================
[*] STARTING NEW DOMAIN: https://cooperative.charrajibpur.kurigram.gov.bd
==================================================
[+] Domain exhausted. Finishing up: https://cooperative.charrajibpur.kurigram.gov.bd
==================================================
[*] STARTING NEW DOMAIN: https://bkz.touristpolice.gov.bd
==================================================
[+] Domain exhausted. Finishing up: https://bkz.touristpolice.gov.bd
==================================================
[*] STARTING NEW DOMAIN: https://bmda.dinajpursadar.dinajpur.gov.bd
==================================================
[+] Domain exhausted. Finishing up: https://bmda.dinajpursadar.dinajpur.gov.bd
==================================================
[*] STARTING NEW DOMAIN: https://deb110552.dhakaeducationboard.gov.bd
==================================================
[+] Domain exhausted. Finishing up: https://deb110552.dhakaeducationboard.gov.bd
==================================================
[*] STARTING NEW DOMAIN: https://tax.lalmonirhat.gov.bd
==================================================
[+] Domain exhausted. Finishing up: https://tax.lalmonirhat.gov.bd
==================================================
[*] STARTING NEW DOMAIN: https://deb112435.dhakaeducationboard.gov.bd
==================================================
[+] Domain exhausted. Finishing up: https://deb112435.dhakaeducationboard.gov.bd
==================================================
[*] STARTING NEW DOMAIN: https://bbs.parbatipur.dinajpur.gov.bd
==================================================
[+] Domain exhausted. Finishing up: https://bbs.parbatipur.dinajpur.gov.bd
==================================================
[*] STARTING NEW DOMAIN: https://bnfe.rangpurdiv.gov.bd
==================================================
[+] Domain exhausted. Finishing up: https://bnfe.rangpurdiv.gov.bd
==================================================
[*] STARTING NEW DOMAIN: https://bwdb.dhaka.gov.bd
==================================================
[+] Domain exhausted. Finishing up: https://bwdb.dhaka.gov.bd
==================================================
[*] STARTING NEW DOMAIN: https://deb111089.dhakaeducationboard.gov.bd
==================================================
[+] Domain exhausted. Finishing up: https://deb111089.dhakaeducationboard.gov.bd
==================================================
[*] STARTING NEW DOMAIN: https://chalibangaup.comilla.gov.bd
==================================================
[+] Domain exhausted. Finishing up: https://chalibangaup.comilla.gov.bd
==================================================
[*] STARTING NEW DOMAIN: https://deb111523.dhakaeducationboard.gov.bd
==================================================
[+] Domain exhausted. Finishing up: https://deb111523.dhakaeducationboard.gov.bd
==================================================
[*] STARTING NEW DOMAIN: https://doict.digholia.khulna.gov.bd
==================================================
[+] Domain exhausted. Finishing up: https://doict.digholia.khulna.gov.bd
==================================================
[*] STARTING NEW DOMAIN: https://deb109360.dhakaeducationboard.gov.bd
==================================================
[+] Domain exhausted. Finishing up: https://deb109360.dhakaeducationboard.gov.bd
==================================================
[*] STARTING NEW DOMAIN: https://srdirl.faridpur.gov.bd
==================================================
[+] Domain exhausted. Finishing up: https://srdirl.faridpur.gov.bd
==================================================
[*] STARTING NEW DOMAIN: https://pbs1.narsingdi.gov.bd
==================================================
[+] Domain exhausted. Finishing up: https://pbs1.narsingdi.gov.bd
==================================================
[*] STARTING NEW DOMAIN: https://dls.rowmari.kurigram.gov.bd
==================================================
[+] Domain exhausted. Finishing up: https://dls.rowmari.kurigram.gov.bd
==================================================
[*] STARTING NEW DOMAIN: https://health.dowarabazar.sunamganj.gov.bd
==================================================
[+] Domain exhausted. Finishing up: https://health.dowarabazar.sunamganj.gov.bd
==================================================
[*] STARTING NEW DOMAIN: https://benapole.blpa.gov.bd
==================================================
[+] Domain exhausted. Finishing up: https://benapole.blpa.gov.bd
==================================================
[*] STARTING NEW DOMAIN: https://jms.patnitala.naogaon.gov.bd
==================================================
[+] Domain exhausted. Finishing up: https://jms.patnitala.naogaon.gov.bd
==================================================
[*] STARTING NEW DOMAIN: https://deb111554.dhakaeducationboard.gov.bd
==================================================
[+] Domain exhausted. Finishing up: https://deb111554.dhakaeducationboard.gov.bd
==================================================
[*] STARTING NEW DOMAIN: https://dss.durgapur.rajshahi.gov.bd
==================================================
[+] Domain exhausted. Finishing up: https://dss.durgapur.rajshahi.gov.bd
==================================================
[*] STARTING NEW DOMAIN: https://prison.comilla.gov.bd
==================================================
[+] Domain exhausted. Finishing up: https://prison.comilla.gov.bd
==================================================
[*] STARTING NEW DOMAIN: https://acl.golapganj.sylhet.gov.bd
==================================================
[+] Domain exhausted. Finishing up: https://acl.golapganj.sylhet.gov.bd
==================================================
[*] STARTING NEW DOMAIN: https://health.dighinala.khagrachhari.gov.bd
==================================================
[+] Domain exhausted. Finishing up: https://health.dighinala.khagrachhari.gov.bd
==================================================
[*] STARTING NEW DOMAIN: https://rasulpurup.tangail.gov.bd
==================================================
[+] Domain exhausted. Finishing up: https://rasulpurup.tangail.gov.bd
==================================================
[*] STARTING NEW DOMAIN: https://pdb.naogaon.gov.bd
==================================================
[+] Domain exhausted. Finishing up: https://pdb.naogaon.gov.bd
==================================================
[*] STARTING NEW DOMAIN: https://health.singiar.manikganj.gov.bd
==================================================
[+] Domain exhausted. Finishing up: https://health.singiar.manikganj.gov.bd
==================================================
[*] STARTING NEW DOMAIN: https://mis.bhata.gov.bd
==================================================
[+] Domain exhausted. Finishing up: https://mis.bhata.gov.bd
==================================================
[*] STARTING NEW DOMAIN: https://ccb.portal.gov.bd
==================================================
[+] Domain exhausted. Finishing up: https://ccb.portal.gov.bd
==================================================
[*] STARTING NEW DOMAIN: https://deb109926.dhakaeducationboard.gov.bd
==================================================
[+] Domain exhausted. Finishing up: https://deb109926.dhakaeducationboard.gov.bd
==================================================
[*] STARTING NEW DOMAIN: https://bbs.narsingdisadar.narsingdi.gov.bd
==================================================
[+] Domain exhausted. Finishing up: https://bbs.narsingdisadar.narsingdi.gov.bd
==================================================
[*] STARTING NEW DOMAIN: https://haratiup.lalmonirhat.gov.bd
==================================================
[+] Domain exhausted. Finishing up: https://haratiup.lalmonirhat.gov.bd
==================================================
[*] STARTING NEW DOMAIN: https://pio.manda.naogaon.gov.bd
==================================================
[+] Domain exhausted. Finishing up: https://pio.manda.naogaon.gov.bd
==================================================
[*] STARTING NEW DOMAIN: https://dao.zajira.shariatpur.gov.bd
==================================================
[+] Domain exhausted. Finishing up: https://dao.zajira.shariatpur.gov.bd
==================================================
[*] STARTING NEW DOMAIN: https://food.ramgarh.khagrachhari.gov.bd
==================================================
[+] Domain exhausted. Finishing up: https://food.ramgarh.khagrachhari.gov.bd
==================================================
[*] STARTING NEW DOMAIN: https://bljsecondaryschool.jessoreboard.gov.bd
==================================================
[+] Domain exhausted. Finishing up: https://bljsecondaryschool.jessoreboard.gov.bd
==================================================
[*] STARTING NEW DOMAIN: https://iswardibilateralhighschool.jessoreboard.gov.bd
==================================================
[+] Domain exhausted. Finishing up: https://iswardibilateralhighschool.jessoreboard.gov.bd
==================================================
[*] STARTING NEW DOMAIN: https://post.dumuria.khulna.gov.bd
==================================================
[+] Domain exhausted. Finishing up: https://post.dumuria.khulna.gov.bd
==================================================
[*] STARTING NEW DOMAIN: https://durannagarsecondaryschool.jessoreboard.gov.bd
==================================================
[+] Domain exhausted. Finishing up: https://durannagarsecondaryschool.jessoreboard.gov.bd
==================================================
[*] STARTING NEW DOMAIN: https://charbhurungamariup.kurigram.gov.bd
==================================================
[+] Domain exhausted. Finishing up: https://charbhurungamariup.kurigram.gov.bd
==================================================
[*] STARTING NEW DOMAIN: https://sadar.jhenaidah.gov.bd
==================================================
[+] Domain exhausted. Finishing up: https://sadar.jhenaidah.gov.bd
==================================================
[*] STARTING NEW DOMAIN: https://dshe.shibaloy.manikganj.gov.bd
==================================================
[+] Domain exhausted. Finishing up: https://dshe.shibaloy.manikganj.gov.bd
==================================================
[*] STARTING NEW DOMAIN: https://fireservice.banaripara.barisal.gov.bd
==================================================
[+] Domain exhausted. Finishing up: https://fireservice.banaripara.barisal.gov.bd
==================================================
[*] STARTING NEW DOMAIN: https://purbakadakatijktjuniorsecondaygirlsschool.jessoreboard.gov.bd
==================================================
[+] Domain exhausted. Finishing up: https://purbakadakatijktjuniorsecondaygirlsschool.jessoreboard.gov.bd
==================================================
[*] STARTING NEW DOMAIN: https://borobihanoliup.rajshahi.gov.bd
==================================================
[+] Domain exhausted. Finishing up: https://borobihanoliup.rajshahi.gov.bd
==================================================
[*] STARTING NEW DOMAIN: https://eed.bholahat.chapainawabganj.gov.bd
==================================================
[+] Domain exhausted. Finishing up: https://eed.bholahat.chapainawabganj.gov.bd
==================================================
[*] STARTING NEW DOMAIN: https://deb108483.dhakaeducationboard.gov.bd
==================================================
[+] Domain exhausted. Finishing up: https://deb108483.dhakaeducationboard.gov.bd
==================================================
[*] STARTING NEW DOMAIN: https://lgedreg.pabna.gov.bd
==================================================
[+] Domain exhausted. Finishing up: https://lgedreg.pabna.gov.bd
==================================================
[*] STARTING NEW DOMAIN: https://dss.bauphal.patuakhali.gov.bd
==================================================
[+] Domain exhausted. Finishing up: https://dss.bauphal.patuakhali.gov.bd
==================================================
[*] STARTING NEW DOMAIN: https://islamicfoundation.joypurhat.gov.bd
==================================================
[+] Domain exhausted. Finishing up: https://islamicfoundation.joypurhat.gov.bd
==================================================
[*] STARTING NEW DOMAIN: https://deb110080.dhakaeducationboard.gov.bd
==================================================
[+] Domain exhausted. Finishing up: https://deb110080.dhakaeducationboard.gov.bd
==================================================
[*] STARTING NEW DOMAIN: https://sammilanisecondaryschoolnarailsadar.jessoreboard.gov.bd
==================================================
[+] Domain exhausted. Finishing up: https://sammilanisecondaryschoolnarailsadar.jessoreboard.gov.bd
==================================================
[*] STARTING NEW DOMAIN: https://ec.ullapara.sirajganj.gov.bd
==================================================
[+] Domain exhausted. Finishing up: https://ec.ullapara.sirajganj.gov.bd
==================================================
[*] STARTING NEW DOMAIN: https://fireservice.kaliakair.gazipur.gov.bd
==================================================
[+] Domain exhausted. Finishing up: https://fireservice.kaliakair.gazipur.gov.bd
==================================================
[*] STARTING NEW DOMAIN: https://forest.galachipa.patuakhali.gov.bd
==================================================
[+] Domain exhausted. Finishing up: https://forest.galachipa.patuakhali.gov.bd
==================================================
[*] STARTING NEW DOMAIN: https://baburabaddhapukhalisecondryschool.jessoreboard.gov.bd
==================================================
[+] Domain exhausted. Finishing up: https://baburabaddhapukhalisecondryschool.jessoreboard.gov.bd
==================================================
[*] STARTING NEW DOMAIN: https://food.babuganj.barisal.gov.bd
==================================================
[+] Domain exhausted. Finishing up: https://food.babuganj.barisal.gov.bd
==================================================
[*] STARTING NEW DOMAIN: https://health.sapahar.naogaon.gov.bd
==================================================
[+] Domain exhausted. Finishing up: https://health.sapahar.naogaon.gov.bd
==================================================
[*] STARTING NEW DOMAIN: https://deb110251.dhakaeducationboard.gov.bd
==================================================
[+] Domain exhausted. Finishing up: https://deb110251.dhakaeducationboard.gov.bd
==================================================
[*] STARTING NEW DOMAIN: https://fisheries.dashmina.patuakhali.gov.bd
==================================================
[+] Domain exhausted. Finishing up: https://fisheries.dashmina.patuakhali.gov.bd
==================================================
[*] STARTING NEW DOMAIN: https://dss.shariakandi.bogra.gov.bd
==================================================
[+] Domain exhausted. Finishing up: https://dss.shariakandi.bogra.gov.bd
==================================================
[*] STARTING NEW DOMAIN: https://hamirkutsaup.rajshahi.gov.bd
==================================================
[+] Domain exhausted. Finishing up: https://hamirkutsaup.rajshahi.gov.bd
==================================================
[*] STARTING NEW DOMAIN: https://acl.ramu.coxsbazar.gov.bd
==================================================
[+] Domain exhausted. Finishing up: https://acl.ramu.coxsbazar.gov.bd
==================================================
[*] STARTING NEW DOMAIN: https://ansarvdp.dhanbari.tangail.gov.bd
==================================================
[+] Domain exhausted. Finishing up: https://ansarvdp.dhanbari.tangail.gov.bd
==================================================
[*] STARTING NEW DOMAIN: https://food.adamdighi.bogra.gov.bd
==================================================
[+] Domain exhausted. Finishing up: https://food.adamdighi.bogra.gov.bd
==================================================
[*] STARTING NEW DOMAIN: https://dpe.tanore.rajshahi.gov.bd
==================================================
[+] Domain exhausted. Finishing up: https://dpe.tanore.rajshahi.gov.bd
==================================================
[*] STARTING NEW DOMAIN: https://seoul.mofa.gov.bd
==================================================
[+] Domain exhausted. Finishing up: https://seoul.mofa.gov.bd
==================================================
[*] STARTING NEW DOMAIN: https://dcd.gov.bd
==================================================
[+] Domain exhausted. Finishing up: https://dcd.gov.bd
==================================================
[*] STARTING NEW DOMAIN: https://shalikha.magura.gov.bd
==================================================
[+] Domain exhausted. Finishing up: https://shalikha.magura.gov.bd
==================================================
[*] STARTING NEW DOMAIN: https://forest.raipur.lakshmipur.gov.bd
==================================================
[+] Domain exhausted. Finishing up: https://forest.raipur.lakshmipur.gov.bd
==================================================
[*] STARTING NEW DOMAIN: https://daruraup.comilla.gov.bd
==================================================
[+] Domain exhausted. Finishing up: https://daruraup.comilla.gov.bd
==================================================
[*] STARTING NEW DOMAIN: https://deb110850.dhakaeducationboard.gov.bd
==================================================
[+] Domain exhausted. Finishing up: https://deb110850.dhakaeducationboard.gov.bd
==================================================
[*] STARTING NEW DOMAIN: https://drro.narsingdi.gov.bd
==================================================
[+] Domain exhausted. Finishing up: https://drro.narsingdi.gov.bd
==================================================
[*] STARTING NEW DOMAIN: https://dshe.trishal.mymensingh.gov.bd
==================================================
[+] Domain exhausted. Finishing up: https://dshe.trishal.mymensingh.gov.bd
==================================================
[*] STARTING NEW DOMAIN: https://hfwc.lalmohan.bhola.gov.bd
==================================================
[+] Domain exhausted. Finishing up: https://hfwc.lalmohan.bhola.gov.bd
==================================================
[*] STARTING NEW DOMAIN: https://deb112487.dhakaeducationboard.gov.bd
==================================================
[+] Domain exhausted. Finishing up: https://deb112487.dhakaeducationboard.gov.bd
==================================================
[*] STARTING NEW DOMAIN: https://shatrujitpurcollege.jessoreboard.gov.bd
==================================================
[+] Domain exhausted. Finishing up: https://shatrujitpurcollege.jessoreboard.gov.bd
==================================================
[*] STARTING NEW DOMAIN: https://deb108769.dhakaeducationboard.gov.bd
==================================================
[+] Domain exhausted. Finishing up: https://deb108769.dhakaeducationboard.gov.bd
==================================================
[*] STARTING NEW DOMAIN: https://lged.coxsbazar.gov.bd
==================================================
[+] Domain exhausted. Finishing up: https://lged.coxsbazar.gov.bd
==================================================
[*] STARTING NEW DOMAIN: https://dwa.nalitabari.sherpur.gov.bd
==================================================
[+] Domain exhausted. Finishing up: https://dwa.nalitabari.sherpur.gov.bd
==================================================
[*] STARTING NEW DOMAIN: https://deb108019.dhakaeducationboard.gov.bd
==================================================
[+] Domain exhausted. Finishing up: https://deb108019.dhakaeducationboard.gov.bd
==================================================
[*] STARTING NEW DOMAIN: https://rab.sylhet.gov.bd
==================================================
[+] Domain exhausted. Finishing up: https://rab.sylhet.gov.bd
==================================================
[*] STARTING NEW DOMAIN: https://dr.shariatpur.gov.bd
==================================================
[+] Domain exhausted. Finishing up: https://dr.shariatpur.gov.bd
==================================================
[*] STARTING NEW DOMAIN: http://deb113917.dhakaeducationboard.gov.bd
==================================================
[+] Domain exhausted. Finishing up: http://deb113917.dhakaeducationboard.gov.bd
==================================================
[*] STARTING NEW DOMAIN: https://jpuf.portal.gov.bd
==================================================
[+] Domain exhausted. Finishing up: https://jpuf.portal.gov.bd
==================================================
[*] STARTING NEW DOMAIN: https://fireservice.ashuganj.brahmanbaria.gov.bd
==================================================
[+] Domain exhausted. Finishing up: https://fireservice.ashuganj.brahmanbaria.gov.bd
==================================================
[*] STARTING NEW DOMAIN: https://baliadangamssecondaryschool.jessoreboard.gov.bd
==================================================
[+] Domain exhausted. Finishing up: https://baliadangamssecondaryschool.jessoreboard.gov.bd
==================================================
[*] STARTING NEW DOMAIN: https://deb109573.dhakaeducationboard.gov.bd
==================================================
[+] Domain exhausted. Finishing up: https://deb109573.dhakaeducationboard.gov.bd
==================================================
[*] STARTING NEW DOMAIN: https://deb112778.dhakaeducationboard.gov.bd
==================================================
[+] Domain exhausted. Finishing up: https://deb112778.dhakaeducationboard.gov.bd
==================================================
[*] STARTING NEW DOMAIN: https://fisheries.shahrasti.chandpur.gov.bd
==================================================
[+] Domain exhausted. Finishing up: https://fisheries.shahrasti.chandpur.gov.bd
==================================================
[*] STARTING NEW DOMAIN: https://info.bhola.gov.bd
==================================================
[+] Domain exhausted. Finishing up: https://info.bhola.gov.bd
==================================================
[*] STARTING NEW DOMAIN: https://bhomra.blpa.gov.bd
==================================================
[+] Domain exhausted. Finishing up: https://bhomra.blpa.gov.bd
==================================================
[*] STARTING NEW DOMAIN: https://food.rajoir.madaripur.gov.bd
==================================================
[+] Domain exhausted. Finishing up: https://food.rajoir.madaripur.gov.bd
==================================================
[*] STARTING NEW DOMAIN: https://gotamariup.lalmonirhat.gov.bd
==================================================
[+] Domain exhausted. Finishing up: https://gotamariup.lalmonirhat.gov.bd
==================================================
[*] STARTING NEW DOMAIN: https://deb111362.dhakaeducationboard.gov.bd
==================================================
[+] Domain exhausted. Finishing up: https://deb111362.dhakaeducationboard.gov.bd
==================================================
[*] STARTING NEW DOMAIN: https://fisheries.mohongonj.netrokona.gov.bd
==================================================
[+] Domain exhausted. Finishing up: https://fisheries.mohongonj.netrokona.gov.bd
==================================================
[*] STARTING NEW DOMAIN: https://fulgaziup.feni.gov.bd
==================================================
[+] Domain exhausted. Finishing up: https://fulgaziup.feni.gov.bd
==================================================
[*] STARTING NEW DOMAIN: https://acl.gaibandhasadar.gaibandha.gov.bd
==================================================
[+] Domain exhausted. Finishing up: https://acl.gaibandhasadar.gaibandha.gov.bd
==================================================
[*] STARTING NEW DOMAIN: http://deb108161.dhakaeducationboard.gov.bd
==================================================
[+] Domain exhausted. Finishing up: http://deb108161.dhakaeducationboard.gov.bd
==================================================
[*] STARTING NEW DOMAIN: https://ps.bandarban.gov.bd
==================================================
[+] Domain exhausted. Finishing up: https://ps.bandarban.gov.bd
==================================================
[*] STARTING NEW DOMAIN: https://dpe.sujanagar.pabna.gov.bd
==================================================
[+] Domain exhausted. Finishing up: https://dpe.sujanagar.pabna.gov.bd
==================================================
[*] STARTING NEW DOMAIN: https://dshe.kaunia.rangpur.gov.bd
==================================================
[+] Domain exhausted. Finishing up: https://dshe.kaunia.rangpur.gov.bd
==================================================
[*] STARTING NEW DOMAIN: https://dao.patgram.lalmonirhat.gov.bd
==================================================
[+] Domain exhausted. Finishing up: https://dao.patgram.lalmonirhat.gov.bd
==================================================
[*] STARTING NEW DOMAIN: https://deb111039.dhakaeducationboard.gov.bd
==================================================
[+] Domain exhausted. Finishing up: https://deb111039.dhakaeducationboard.gov.bd
==================================================
[*] STARTING NEW DOMAIN: https://drro.thakurgaon.gov.bd
==================================================
[+] Domain exhausted. Finishing up: https://drro.thakurgaon.gov.bd
==================================================
[*] STARTING NEW DOMAIN: https://dls.munshiganj.gov.bd
==================================================
[+] Domain exhausted. Finishing up: https://dls.munshiganj.gov.bd
==================================================
[*] STARTING NEW DOMAIN: https://pti.khagrachhari.gov.bd
==================================================
[+] Domain exhausted. Finishing up: https://pti.khagrachhari.gov.bd
==================================================
[*] STARTING NEW DOMAIN: https://fireservice.begumganj.noakhali.gov.bd
==================================================
[+] Domain exhausted. Finishing up: https://fireservice.begumganj.noakhali.gov.bd
==================================================
[*] STARTING NEW DOMAIN: https://acl.mirpur.kushtia.gov.bd
==================================================
[+] Domain exhausted. Finishing up: https://acl.mirpur.kushtia.gov.bd
==================================================
[*] STARTING NEW DOMAIN: https://deb111872.dhakaeducationboard.gov.bd
==================================================
[+] Domain exhausted. Finishing up: https://deb111872.dhakaeducationboard.gov.bd
==================================================
[*] STARTING NEW DOMAIN: https://bmet.coxsbazar.gov.bd
==================================================
[+] Domain exhausted. Finishing up: https://bmet.coxsbazar.gov.bd
==================================================
[*] STARTING NEW DOMAIN: https://acl.mohadevpur.naogaon.gov.bd
==================================================
[+] Domain exhausted. Finishing up: https://acl.mohadevpur.naogaon.gov.bd
==================================================
[*] STARTING NEW DOMAIN: https://post.fulbari.dinajpur.gov.bd
==================================================
[+] Domain exhausted. Finishing up: https://post.fulbari.dinajpur.gov.bd
==================================================
[*] STARTING NEW DOMAIN: https://ebek.barhatta.netrokona.gov.bd
==================================================
[+] Domain exhausted. Finishing up: https://ebek.barhatta.netrokona.gov.bd
==================================================
[*] STARTING NEW DOMAIN: https://deb109817.dhakaeducationboard.gov.bd
==================================================
[+] Domain exhausted. Finishing up: https://deb109817.dhakaeducationboard.gov.bd
==================================================
[*] STARTING NEW DOMAIN: https://deb112893.dhakaeducationboard.gov.bd
==================================================
[+] Domain exhausted. Finishing up: https://deb112893.dhakaeducationboard.gov.bd
==================================================
[*] STARTING NEW DOMAIN: https://barkamtaup.comilla.gov.bd
==================================================
[+] Domain exhausted. Finishing up: https://barkamtaup.comilla.gov.bd
==================================================
[*] STARTING NEW DOMAIN: https://bstiro.narsingdi.gov.bd
==================================================
[+] Domain exhausted. Finishing up: https://bstiro.narsingdi.gov.bd
==================================================
[*] STARTING NEW DOMAIN: https://dss.kanaighat.sylhet.gov.bd
==================================================
[+] Domain exhausted. Finishing up: https://dss.kanaighat.sylhet.gov.bd
==================================================
[*] STARTING NEW DOMAIN: https://chandipurbisnopadschoolandcollege.jessoreboard.gov.bd
==================================================
[+] Domain exhausted. Finishing up: https://chandipurbisnopadschoolandcollege.jessoreboard.gov.bd
==================================================
[*] STARTING NEW DOMAIN: https://benapolesecondaryschool.jessoreboard.gov.bd
==================================================
[+] Domain exhausted. Finishing up: https://benapolesecondaryschool.jessoreboard.gov.bd
==================================================
[*] STARTING NEW DOMAIN: https://fisheries.borhanuddin.bhola.gov.bd
==================================================
[+] Domain exhausted. Finishing up: https://fisheries.borhanuddin.bhola.gov.bd
==================================================
[*] STARTING NEW DOMAIN: https://post.naria.shariatpur.gov.bd
==================================================
[+] Domain exhausted. Finishing up: https://post.naria.shariatpur.gov.bd
==================================================
[*] STARTING NEW DOMAIN: https://charkuliasecondaryschool.jessoreboard.gov.bd
==================================================
[+] Domain exhausted. Finishing up: https://charkuliasecondaryschool.jessoreboard.gov.bd
==================================================
[*] STARTING NEW DOMAIN: https://fireservice.haimchar.chandpur.gov.bd
==================================================
[+] Domain exhausted. Finishing up: https://fireservice.haimchar.chandpur.gov.bd
==================================================
[*] STARTING NEW DOMAIN: https://food.rajbari.gov.bd
==================================================
[+] Domain exhausted. Finishing up: https://food.rajbari.gov.bd
==================================================
[*] STARTING NEW DOMAIN: https://dss.sadar.bogra.gov.bd
==================================================
[+] Domain exhausted. Finishing up: https://dss.sadar.bogra.gov.bd
==================================================
[*] STARTING NEW DOMAIN: https://food.kapasia.gazipur.gov.bd
==================================================
[+] Domain exhausted. Finishing up: https://food.kapasia.gazipur.gov.bd
==================================================
[*] STARTING NEW DOMAIN: https://sfdf.portal.gov.bd
==================================================
[+] Domain exhausted. Finishing up: https://sfdf.portal.gov.bd
==================================================
[*] STARTING NEW DOMAIN: https://chandanpurunitedcollege.jessoreboard.gov.bd
==================================================
[+] Domain exhausted. Finishing up: https://chandanpurunitedcollege.jessoreboard.gov.bd
==================================================
[*] STARTING NEW DOMAIN: https://boiragircharsecondaryschool.jessoreboard.gov.bd
==================================================
[+] Domain exhausted. Finishing up: https://boiragircharsecondaryschool.jessoreboard.gov.bd
==================================================
[*] STARTING NEW DOMAIN: https://fpo.debhata.satkhira.gov.bd
==================================================
[+] Domain exhausted. Finishing up: https://fpo.debhata.satkhira.gov.bd
==================================================
[*] STARTING NEW DOMAIN: https://blri.bandarban.gov.bd
==================================================
[+] Domain exhausted. Finishing up: https://blri.bandarban.gov.bd
==================================================
[*] STARTING NEW DOMAIN: https://ec.gournadi.barisal.gov.bd
==================================================
[+] Domain exhausted. Finishing up: https://ec.gournadi.barisal.gov.bd
==================================================
[*] STARTING NEW DOMAIN: https://dwa.kotchandpur.jhenaidah.gov.bd
==================================================
[+] Domain exhausted. Finishing up: https://dwa.kotchandpur.jhenaidah.gov.bd
==================================================
[*] STARTING NEW DOMAIN: https://deb109569.dhakaeducationboard.gov.bd
==================================================
[+] Domain exhausted. Finishing up: https://deb109569.dhakaeducationboard.gov.bd
==================================================
[*] STARTING NEW DOMAIN: https://ec.anwara.chittagong.gov.bd
==================================================
[+] Domain exhausted. Finishing up: https://ec.anwara.chittagong.gov.bd
==================================================
[*] STARTING NEW DOMAIN: https://bida.rangpurdiv.gov.bd
==================================================
[+] Domain exhausted. Finishing up: https://bida.rangpurdiv.gov.bd
==================================================
[*] STARTING NEW DOMAIN: https://ansarvdp.dakshinsurma.sylhet.gov.bd
==================================================
[+] Domain exhausted. Finishing up: https://ansarvdp.dakshinsurma.sylhet.gov.bd
==================================================
[*] STARTING NEW DOMAIN: https://dwa.purbadhala.netrokona.gov.bd
==================================================
[+] Domain exhausted. Finishing up: https://dwa.purbadhala.netrokona.gov.bd
==================================================
[*] STARTING NEW DOMAIN: https://btcl.patuakhali.gov.bd
==================================================
[+] Domain exhausted. Finishing up: https://btcl.patuakhali.gov.bd
==================================================
[*] STARTING NEW DOMAIN: https://bkasminstitution.jessoreboard.gov.bd
==================================================
[+] Domain exhausted. Finishing up: https://bkasminstitution.jessoreboard.gov.bd
==================================================
[*] STARTING NEW DOMAIN: https://deb112414.dhakaeducationboard.gov.bd
==================================================
[+] Domain exhausted. Finishing up: https://deb112414.dhakaeducationboard.gov.bd
==================================================
[*] STARTING NEW DOMAIN: https://deb113328.dhakaeducationboard.gov.bd
==================================================
[+] Domain exhausted. Finishing up: https://deb113328.dhakaeducationboard.gov.bd
==================================================
[*] STARTING NEW DOMAIN: https://bdccl.portal.gov.bd
==================================================
[+] Domain exhausted. Finishing up: https://bdccl.portal.gov.bd
==================================================
[*] STARTING NEW DOMAIN: https://fpo.daulatpur.kushtia.gov.bd
==================================================
[+] Domain exhausted. Finishing up: https://fpo.daulatpur.kushtia.gov.bd
==================================================
[*] STARTING NEW DOMAIN: https://laksam.comilla.gov.bd
==================================================
[+] Domain exhausted. Finishing up: https://laksam.comilla.gov.bd
==================================================
[*] STARTING NEW DOMAIN: https://mathurapurporakhalisecondaryschool.jessoreboard.gov.bd
==================================================
[+] Domain exhausted. Finishing up: https://mathurapurporakhalisecondaryschool.jessoreboard.gov.bd
==================================================
[*] STARTING NEW DOMAIN: https://deb114313.dhakaeducationboard.gov.bd
==================================================
[+] Domain exhausted. Finishing up: https://deb114313.dhakaeducationboard.gov.bd
==================================================
[*] STARTING NEW DOMAIN: https://deb135268.dhakaeducationboard.gov.bd
==================================================
[+] Domain exhausted. Finishing up: https://deb135268.dhakaeducationboard.gov.bd
==================================================
[*] STARTING NEW DOMAIN: https://deb112384.dhakaeducationboard.gov.bd
==================================================
[+] Domain exhausted. Finishing up: https://deb112384.dhakaeducationboard.gov.bd
==================================================
[*] STARTING NEW DOMAIN: https://lakhai.habiganj.gov.bd
==================================================
[+] Domain exhausted. Finishing up: https://lakhai.habiganj.gov.bd
==================================================
[*] STARTING NEW DOMAIN: https://madarbuniaup.patuakhali.gov.bd
==================================================
[+] Domain exhausted. Finishing up: https://madarbuniaup.patuakhali.gov.bd
==================================================
[*] STARTING NEW DOMAIN: https://bh410mwccpp.nwpgcl.gov.bd
==================================================
[+] Domain exhausted. Finishing up: https://bh410mwccpp.nwpgcl.gov.bd
==================================================
[*] STARTING NEW DOMAIN: https://kamirhatsecondaryschool.jessoreboard.gov.bd
==================================================
[+] Domain exhausted. Finishing up: https://kamirhatsecondaryschool.jessoreboard.gov.bd
==================================================
[*] STARTING NEW DOMAIN: https://tottoapa.bajitpur.kishoreganj.gov.bd
==================================================
[+] Domain exhausted. Finishing up: https://tottoapa.bajitpur.kishoreganj.gov.bd
==================================================
[*] STARTING NEW DOMAIN: https://dss.thanchi.bandarban.gov.bd
==================================================
[+] Domain exhausted. Finishing up: https://dss.thanchi.bandarban.gov.bd
==================================================
[*] STARTING NEW DOMAIN: https://deb113987.dhakaeducationboard.gov.bd
==================================================
[+] Domain exhausted. Finishing up: https://deb113987.dhakaeducationboard.gov.bd
==================================================
[*] STARTING NEW DOMAIN: https://nazirahmedcollege.jessoreboard.gov.bd
==================================================
[+] Domain exhausted. Finishing up: https://nazirahmedcollege.jessoreboard.gov.bd
==================================================
[*] STARTING NEW DOMAIN: https://ebek.langadu.rangamati.gov.bd
==================================================
[+] Domain exhausted. Finishing up: https://ebek.langadu.rangamati.gov.bd
==================================================
[*] STARTING NEW DOMAIN: https://deb113830.dhakaeducationboard.gov.bd
==================================================
[+] Domain exhausted. Finishing up: https://deb113830.dhakaeducationboard.gov.bd
==================================================
[*] STARTING NEW DOMAIN: https://dss.panchagarhsadar.panchagarh.gov.bd
==================================================
[+] Domain exhausted. Finishing up: https://dss.panchagarhsadar.panchagarh.gov.bd
==================================================
[*] STARTING NEW DOMAIN: https://blkmirismailhossainsecondaryschool.jessoreboard.gov.bd
==================================================
[+] Domain exhausted. Finishing up: https://blkmirismailhossainsecondaryschool.jessoreboard.gov.bd
==================================================
[*] STARTING NEW DOMAIN: https://deb114308.dhakaeducationboard.gov.bd
==================================================
[+] Domain exhausted. Finishing up: https://deb114308.dhakaeducationboard.gov.bd
==================================================
[*] STARTING NEW DOMAIN: https://deb138428.dhakaeducationboard.gov.bd
==================================================
[+] Domain exhausted. Finishing up: https://deb138428.dhakaeducationboard.gov.bd
==================================================
[*] STARTING NEW DOMAIN: https://dls.jamalganj.sunamganj.gov.bd
==================================================
[+] Domain exhausted. Finishing up: https://dls.jamalganj.sunamganj.gov.bd
==================================================
[*] STARTING NEW DOMAIN: https://deb113446.dhakaeducationboard.gov.bd
==================================================
[+] Domain exhausted. Finishing up: https://deb113446.dhakaeducationboard.gov.bd
==================================================
[*] STARTING NEW DOMAIN: https://deb137275.dhakaeducationboard.gov.bd
==================================================
[+] Domain exhausted. Finishing up: https://deb137275.dhakaeducationboard.gov.bd
==================================================
[*] STARTING NEW DOMAIN: https://deo.rangpur.gov.bd
==================================================
[+] Domain exhausted. Finishing up: https://deo.rangpur.gov.bd
==================================================
[*] STARTING NEW DOMAIN: https://kmsrislamiamohaviddalaya.jessoreboard.gov.bd
==================================================
[+] Domain exhausted. Finishing up: https://kmsrislamiamohaviddalaya.jessoreboard.gov.bd
==================================================
[*] STARTING NEW DOMAIN: https://deb134630.dhakaeducationboard.gov.bd
==================================================
[+] Domain exhausted. Finishing up: https://deb134630.dhakaeducationboard.gov.bd
==================================================
[*] STARTING NEW DOMAIN: https://taxeszonesylhet.gov.bd
==================================================
[+] Domain exhausted. Finishing up: https://taxeszonesylhet.gov.bd
==================================================
[*] STARTING NEW DOMAIN: https://deb112129.dhakaeducationboard.gov.bd
==================================================
[+] Domain exhausted. Finishing up: https://deb112129.dhakaeducationboard.gov.bd
==================================================
[*] STARTING NEW DOMAIN: https://lged.ulipur.kurigram.gov.bd
==================================================
[+] Domain exhausted. Finishing up: https://lged.ulipur.kurigram.gov.bd
==================================================
[*] STARTING NEW DOMAIN: https://deo.rajnagar.moulvibazar.gov.bd
==================================================
[+] Domain exhausted. Finishing up: https://deo.rajnagar.moulvibazar.gov.bd
==================================================
[*] STARTING NEW DOMAIN: https://bohugramup.gopalganj.gov.bd
==================================================
[+] Domain exhausted. Finishing up: https://bohugramup.gopalganj.gov.bd
==================================================
[*] STARTING NEW DOMAIN: https://lged.parshuram.feni.gov.bd
==================================================
[+] Domain exhausted. Finishing up: https://lged.parshuram.feni.gov.bd
==================================================
[*] STARTING NEW DOMAIN: https://deo.nilphamari.gov.bd
==================================================
[+] Domain exhausted. Finishing up: https://deo.nilphamari.gov.bd
==================================================
[*] STARTING NEW DOMAIN: https://dphe.kaptai.rangamati.gov.bd
==================================================
[+] Domain exhausted. Finishing up: https://dphe.kaptai.rangamati.gov.bd
==================================================
[*] STARTING NEW DOMAIN: https://deb111927.dhakaeducationboard.gov.bd
==================================================
[+] Domain exhausted. Finishing up: https://deb111927.dhakaeducationboard.gov.bd
==================================================
[*] STARTING NEW DOMAIN: https://lged.sadar.chandpur.gov.bd
==================================================
[+] Domain exhausted. Finishing up: https://lged.sadar.chandpur.gov.bd
==================================================
[*] STARTING NEW DOMAIN: https://deo.patnitala.naogaon.gov.bd
==================================================
[+] Domain exhausted. Finishing up: https://deo.patnitala.naogaon.gov.bd
==================================================
[*] STARTING NEW DOMAIN: https://dshe.tarakanda.mymensingh.gov.bd
==================================================
[+] Domain exhausted. Finishing up: https://dshe.tarakanda.mymensingh.gov.bd
==================================================
[*] STARTING NEW DOMAIN: https://komolpursecondaryschool.jessoreboard.gov.bd
==================================================
[+] Domain exhausted. Finishing up: https://komolpursecondaryschool.jessoreboard.gov.bd
==================================================
[*] STARTING NEW DOMAIN: https://deb138640.dhakaeducationboard.gov.bd
==================================================
[+] Domain exhausted. Finishing up: https://deb138640.dhakaeducationboard.gov.bd
==================================================
[*] STARTING NEW DOMAIN: https://pio.sherpursadar.sherpur.gov.bd
==================================================
[+] Domain exhausted. Finishing up: https://pio.sherpursadar.sherpur.gov.bd
==================================================
[*] STARTING NEW DOMAIN: https://deb113324.dhakaeducationboard.gov.bd
==================================================
[+] Domain exhausted. Finishing up: https://deb113324.dhakaeducationboard.gov.bd
==================================================
[*] STARTING NEW DOMAIN: https://totthoapa.jibannagar.chuadanga.gov.bd
==================================================
[+] Domain exhausted. Finishing up: https://totthoapa.jibannagar.chuadanga.gov.bd
==================================================
[*] STARTING NEW DOMAIN: https://dls.homna.comilla.gov.bd
==================================================
[+] Domain exhausted. Finishing up: https://dls.homna.comilla.gov.bd
==================================================
[*] STARTING NEW DOMAIN: https://pozip.gopalpur.tangail.gov.bd
==================================================
[+] Domain exhausted. Finishing up: https://pozip.gopalpur.tangail.gov.bd
==================================================
[*] STARTING NEW DOMAIN: https://deb130695.dhakaeducationboard.gov.bd
==================================================
[+] Domain exhausted. Finishing up: https://deb130695.dhakaeducationboard.gov.bd
==================================================
[*] STARTING NEW DOMAIN: https://deb190050.dhakaeducationboard.gov.bd
==================================================
[+] Domain exhausted. Finishing up: https://deb190050.dhakaeducationboard.gov.bd
==================================================
[*] STARTING NEW DOMAIN: https://lwcshomsernagar.kamolganj.moulvibazar.gov.bd
==================================================
[+] Domain exhausted. Finishing up: https://lwcshomsernagar.kamolganj.moulvibazar.gov.bd
==================================================
[*] STARTING NEW DOMAIN: https://students.dgme.gov.bd
==================================================
[+] Domain exhausted. Finishing up: https://students.dgme.gov.bd
==================================================
[*] STARTING NEW DOMAIN: https://dls.kurigramsadar.kurigram.gov.bd
==================================================
[+] Domain exhausted. Finishing up: https://dls.kurigramsadar.kurigram.gov.bd
==================================================
[*] STARTING NEW DOMAIN: https://deb112317.dhakaeducationboard.gov.bd
==================================================
[+] Domain exhausted. Finishing up: https://deb112317.dhakaeducationboard.gov.bd
==================================================
[*] STARTING NEW DOMAIN: https://ansarvdp.kachua.bagerhat.gov.bd
==================================================
[+] Domain exhausted. Finishing up: https://ansarvdp.kachua.bagerhat.gov.bd
==================================================
[*] STARTING NEW DOMAIN: https://deo.adamdighi.bogra.gov.bd
==================================================
[+] Domain exhausted. Finishing up: https://deo.adamdighi.bogra.gov.bd
==================================================
[*] STARTING NEW DOMAIN: https://krishibatighor.gov.bd
==================================================
[+] Domain exhausted. Finishing up: https://krishibatighor.gov.bd
==================================================
[*] STARTING NEW DOMAIN: https://deb114559.dhakaeducationboard.gov.bd
==================================================
[+] Domain exhausted. Finishing up: https://deb114559.dhakaeducationboard.gov.bd
==================================================
[*] STARTING NEW DOMAIN: https://deo.dhunot.bogra.gov.bd
==================================================
[+] Domain exhausted. Finishing up: https://deo.dhunot.bogra.gov.bd
==================================================
[*] STARTING NEW DOMAIN: https://dshe.bagerhat.gov.bd
==================================================
[+] Domain exhausted. Finishing up: https://dshe.bagerhat.gov.bd
==================================================
[*] STARTING NEW DOMAIN: https://deb114135.dhakaeducationboard.gov.bd
==================================================
[+] Domain exhausted. Finishing up: https://deb114135.dhakaeducationboard.gov.bd
==================================================
[*] STARTING NEW DOMAIN: https://rishkhalisecondaryschool.jessoreboard.gov.bd
==================================================
[+] Domain exhausted. Finishing up: https://rishkhalisecondaryschool.jessoreboard.gov.bd
==================================================
[*] STARTING NEW DOMAIN: https://dr.kushtia.gov.bd
==================================================
[+] Domain exhausted. Finishing up: https://dr.kushtia.gov.bd
==================================================
[*] STARTING NEW DOMAIN: https://mail.dyd.gov.bd
==================================================
[+] Domain exhausted. Finishing up: https://mail.dyd.gov.bd
==================================================
[*] STARTING NEW DOMAIN: https://talamohilamahavidyalaya.jessoreboard.gov.bd
==================================================
[+] Domain exhausted. Finishing up: https://talamohilamahavidyalaya.jessoreboard.gov.bd
==================================================
[*] STARTING NEW DOMAIN: https://bnfe.bogra.gov.bd
==================================================
[+] Domain exhausted. Finishing up: https://bnfe.bogra.gov.bd
==================================================
[*] STARTING NEW DOMAIN: https://kodhlasecondaryschool.jessoreboard.gov.bd
==================================================
[+] Domain exhausted. Finishing up: https://kodhlasecondaryschool.jessoreboard.gov.bd
==================================================
[*] STARTING NEW DOMAIN: https://deb138293.dhakaeducationboard.gov.bd
==================================================
[+] Domain exhausted. Finishing up: https://deb138293.dhakaeducationboard.gov.bd
==================================================
[*] STARTING NEW DOMAIN: https://dphe.ramganj.lakshmipur.gov.bd
==================================================
[+] Domain exhausted. Finishing up: https://dphe.ramganj.lakshmipur.gov.bd
==================================================
[*] STARTING NEW DOMAIN: https://katlagarisecondarygirlsschool.jessoreboard.gov.bd
==================================================
[+] Domain exhausted. Finishing up: https://katlagarisecondarygirlsschool.jessoreboard.gov.bd
==================================================
[*] STARTING NEW DOMAIN: https://deb138281.dhakaeducationboard.gov.bd
==================================================
[+] Domain exhausted. Finishing up: https://deb138281.dhakaeducationboard.gov.bd
==================================================
[*] STARTING NEW DOMAIN: https://dss.sadar.jhenaidah.gov.bd
==================================================
[+] Domain exhausted. Finishing up: https://dss.sadar.jhenaidah.gov.bd
==================================================
[*] STARTING NEW DOMAIN: https://tscnagarpur.tangail.gov.bd
==================================================
[+] Domain exhausted. Finishing up: https://tscnagarpur.tangail.gov.bd
==================================================
[*] STARTING NEW DOMAIN: https://dwa.sadar.bandarban.gov.bd
==================================================
[+] Domain exhausted. Finishing up: https://dwa.sadar.bandarban.gov.bd
==================================================
[*] STARTING NEW DOMAIN: https://dae.laksam.comilla.gov.bd
==================================================
[+] Domain exhausted. Finishing up: https://dae.laksam.comilla.gov.bd
==================================================
[*] STARTING NEW DOMAIN: https://kapilmunicollege.jessoreboard.gov.bd
==================================================
[+] Domain exhausted. Finishing up: https://kapilmunicollege.jessoreboard.gov.bd
==================================================
[*] STARTING NEW DOMAIN: https://deb135344.dhakaeducationboard.gov.bd
==================================================
[+] Domain exhausted. Finishing up: https://deb135344.dhakaeducationboard.gov.bd
==================================================
[*] STARTING NEW DOMAIN: https://dls.chandpur.gov.bd
==================================================
[+] Domain exhausted. Finishing up: https://dls.chandpur.gov.bd
==================================================
[*] STARTING NEW DOMAIN: https://post.nawabganj.dinajpur.gov.bd
==================================================
[+] Domain exhausted. Finishing up: https://post.nawabganj.dinajpur.gov.bd
==================================================
[*] STARTING NEW DOMAIN: http://deb107918.dhakaeducationboard.gov.bd
==================================================
[+] Domain exhausted. Finishing up: http://deb107918.dhakaeducationboard.gov.bd
==================================================
[*] STARTING NEW DOMAIN: https://dwa.abhaynagar.jessore.gov.bd
==================================================
[+] Domain exhausted. Finishing up: https://dwa.abhaynagar.jessore.gov.bd
==================================================
[*] STARTING NEW DOMAIN: https://kushkhaliasannagarsecondaryschool.jessoreboard.gov.bd
==================================================
[+] Domain exhausted. Finishing up: https://kushkhaliasannagarsecondaryschool.jessoreboard.gov.bd
==================================================
[*] STARTING NEW DOMAIN: https://naldhasecondaryschool.jessoreboard.gov.bd
==================================================
[+] Domain exhausted. Finishing up: https://naldhasecondaryschool.jessoreboard.gov.bd
==================================================
[*] STARTING NEW DOMAIN: https://narailgovtsecondaryschool.jessoreboard.gov.bd
==================================================
[+] Domain exhausted. Finishing up: https://narailgovtsecondaryschool.jessoreboard.gov.bd
==================================================
[*] STARTING NEW DOMAIN: https://psosk.sherpur.gov.bd
==================================================
[+] Domain exhausted. Finishing up: https://psosk.sherpur.gov.bd
==================================================
[*] STARTING NEW DOMAIN: https://rasulpurup.dinajpur.gov.bd
==================================================
[+] Domain exhausted. Finishing up: https://rasulpurup.dinajpur.gov.bd
==================================================
[*] STARTING NEW DOMAIN: https://buriganjup.bogra.gov.bd
==================================================
[+] Domain exhausted. Finishing up: https://buriganjup.bogra.gov.bd
==================================================
[*] STARTING NEW DOMAIN: https://dls.khoksa.kushtia.gov.bd
==================================================
[+] Domain exhausted. Finishing up: https://dls.khoksa.kushtia.gov.bd
==================================================
[*] STARTING NEW DOMAIN: https://urc.sadar.bagerhat.gov.bd
==================================================
[+] Domain exhausted. Finishing up: https://urc.sadar.bagerhat.gov.bd
==================================================
[*] STARTING NEW DOMAIN: http://bhavnasecondaryschool.jessoreboard.gov.bd
==================================================
[+] Domain exhausted. Finishing up: http://bhavnasecondaryschool.jessoreboard.gov.bd
==================================================
[*] STARTING NEW DOMAIN: https://deo.shayestaganj.habiganj.gov.bd
==================================================
[+] Domain exhausted. Finishing up: https://deo.shayestaganj.habiganj.gov.bd
==================================================
[*] STARTING NEW DOMAIN: https://edb.epb.gov.bd
==================================================
[+] Domain exhausted. Finishing up: https://edb.epb.gov.bd
==================================================
[*] STARTING NEW DOMAIN: https://ebek.ramgarh.khagrachhari.gov.bd
==================================================
[+] Domain exhausted. Finishing up: https://ebek.ramgarh.khagrachhari.gov.bd
==================================================
[*] STARTING NEW DOMAIN: https://zinziraup.dhaka.gov.bd
==================================================
[+] Domain exhausted. Finishing up: https://zinziraup.dhaka.gov.bd
==================================================
[*] STARTING NEW DOMAIN: https://youth.manikganj.gov.bd
==================================================
[+] Domain exhausted. Finishing up: https://youth.manikganj.gov.bd
==================================================
[*] STARTING NEW DOMAIN: https://vatdhakawest.gov.bd
==================================================
[+] Domain exhausted. Finishing up: https://vatdhakawest.gov.bd
==================================================
[*] STARTING NEW DOMAIN: https://rhd.dhaka.gov.bd
==================================================
[+] Domain exhausted. Finishing up: https://rhd.dhaka.gov.bd
==================================================
[*] STARTING NEW DOMAIN: https://urc.kaharol.dinajpur.gov.bd
==================================================
[+] Domain exhausted. Finishing up: https://urc.kaharol.dinajpur.gov.bd
==================================================
[*] STARTING NEW DOMAIN: https://police.fulbaria.mymensingh.gov.bd
==================================================
[+] Domain exhausted. Finishing up: https://police.fulbaria.mymensingh.gov.bd
==================================================
[*] STARTING NEW DOMAIN: https://zso.fulbari.dinajpur.gov.bd
==================================================
[+] Domain exhausted. Finishing up: https://zso.fulbari.dinajpur.gov.bd
==================================================
[*] STARTING NEW DOMAIN: https://ytc.bhola.gov.bd
==================================================
[+] Domain exhausted. Finishing up: https://ytc.bhola.gov.bd
==================================================
[*] STARTING NEW DOMAIN: http://dae.sadar.jessore.gov.bd
==================================================
[+] Domain exhausted. Finishing up: http://dae.sadar.jessore.gov.bd
==================================================
[*] STARTING NEW DOMAIN: https://urc.rajasthali.rangamati.gov.bd
==================================================
[+] Domain exhausted. Finishing up: https://urc.rajasthali.rangamati.gov.bd
==================================================
[*] STARTING NEW DOMAIN: https://urc.dumki.patuakhali.gov.bd
==================================================
[+] Domain exhausted. Finishing up: https://urc.dumki.patuakhali.gov.bd
==================================================
[*] STARTING NEW DOMAIN: https://youth.dinajpursadar.dinajpur.gov.bd
==================================================
[+] Domain exhausted. Finishing up: https://youth.dinajpursadar.dinajpur.gov.bd
==================================================
[*] STARTING NEW DOMAIN: https://vaitkandiup.mymensingh.gov.bd
==================================================
[+] Domain exhausted. Finishing up: https://vaitkandiup.mymensingh.gov.bd
==================================================
[*] STARTING NEW DOMAIN: https://youth.puthia.rajshahi.gov.bd
==================================================
[+] Domain exhausted. Finishing up: https://youth.puthia.rajshahi.gov.bd
==================================================
[*] STARTING NEW DOMAIN: https://hcramchandrapur.chapainawabganj.gov.bd
==================================================
[+] Domain exhausted. Finishing up: https://hcramchandrapur.chapainawabganj.gov.bd
==================================================
[*] STARTING NEW DOMAIN: https://mahisarup.shariatpur.gov.bd
==================================================
[+] Domain exhausted. Finishing up: https://mahisarup.shariatpur.gov.bd
==================================================
[*] STARTING NEW DOMAIN: https://panchliajamaluddinsecondaryschool.jessoreboard.gov.bd
==================================================
[+] Domain exhausted. Finishing up: https://panchliajamaluddinsecondaryschool.jessoreboard.gov.bd
==================================================
[*] STARTING NEW DOMAIN: https://gachherdiarsecondaryschool.jessoreboard.gov.bd
==================================================
[+] Domain exhausted. Finishing up: https://gachherdiarsecondaryschool.jessoreboard.gov.bd
==================================================
[*] STARTING NEW DOMAIN: https://lgedreg.mymensingh.gov.bd
==================================================
[+] Domain exhausted. Finishing up: https://lgedreg.mymensingh.gov.bd
==================================================
[*] STARTING NEW DOMAIN: https://pdbf.islampur.jamalpur.gov.bd
==================================================
[+] Domain exhausted. Finishing up: https://pdbf.islampur.jamalpur.gov.bd
==================================================
[*] STARTING NEW DOMAIN: https://dss.abhaynagar.jessore.gov.bd
==================================================
[+] Domain exhausted. Finishing up: https://dss.abhaynagar.jessore.gov.bd
==================================================
[*] STARTING NEW DOMAIN: https://jibannagar.chuadanga.gov.bd
==================================================
[+] Domain exhausted. Finishing up: https://jibannagar.chuadanga.gov.bd
==================================================
[*] STARTING NEW DOMAIN: https://pakshiaup.bhola.gov.bd
==================================================
[+] Domain exhausted. Finishing up: https://pakshiaup.bhola.gov.bd
==================================================
[*] STARTING NEW DOMAIN: https://food.monpura.bhola.gov.bd
==================================================
[+] Domain exhausted. Finishing up: https://food.monpura.bhola.gov.bd
==================================================
[*] STARTING NEW DOMAIN: https://health.sarail.brahmanbaria.gov.bd
==================================================
[+] Domain exhausted. Finishing up: https://health.sarail.brahmanbaria.gov.bd
==================================================
[*] STARTING NEW DOMAIN: https://mpa.portal.gov.bd
==================================================
[+] Domain exhausted. Finishing up: https://mpa.portal.gov.bd
==================================================
[*] STARTING NEW DOMAIN: https://police.aditmari.lalmonirhat.gov.bd
==================================================
[+] Domain exhausted. Finishing up: https://police.aditmari.lalmonirhat.gov.bd
==================================================
[*] STARTING NEW DOMAIN: https://islamicfoundation.bagerhat.gov.bd
==================================================
[+] Domain exhausted. Finishing up: https://islamicfoundation.bagerhat.gov.bd
==================================================
[*] STARTING NEW DOMAIN: https://mslsecondaryschool.jessoreboard.gov.bd
==================================================
[+] Domain exhausted. Finishing up: https://mslsecondaryschool.jessoreboard.gov.bd
==================================================
[*] STARTING NEW DOMAIN: https://police.gournadi.barisal.gov.bd
==================================================
[+] Domain exhausted. Finishing up: https://police.gournadi.barisal.gov.bd
==================================================
[*] STARTING NEW DOMAIN: https://fpo.assasuni.satkhira.gov.bd
==================================================
[+] Domain exhausted. Finishing up: https://fpo.assasuni.satkhira.gov.bd
==================================================
[*] STARTING NEW DOMAIN: https://lalmohanpaurashava.gov.bd
==================================================
[+] Domain exhausted. Finishing up: https://lalmohanpaurashava.gov.bd
==================================================
[*] STARTING NEW DOMAIN: https://pdbf.araihazar.narayanganj.gov.bd
==================================================
[+] Domain exhausted. Finishing up: https://pdbf.araihazar.narayanganj.gov.bd
==================================================
[*] STARTING NEW DOMAIN: https://food.sadar.bagerhat.gov.bd
==================================================
[+] Domain exhausted. Finishing up: https://food.sadar.bagerhat.gov.bd
==================================================
[*] STARTING NEW DOMAIN: https://gkidealcollege.jessoreboard.gov.bd
==================================================
[+] Domain exhausted. Finishing up: https://gkidealcollege.jessoreboard.gov.bd
==================================================
[*] STARTING NEW DOMAIN: https://lged.dhanbari.tangail.gov.bd
==================================================
[+] Domain exhausted. Finishing up: https://lged.dhanbari.tangail.gov.bd
==================================================
[*] STARTING NEW DOMAIN: https://pbs.raninagar.naogaon.gov.bd
==================================================
[+] Domain exhausted. Finishing up: https://pbs.raninagar.naogaon.gov.bd
==================================================
[*] STARTING NEW DOMAIN: https://golabariup.khagrachhari.gov.bd
==================================================
[+] Domain exhausted. Finishing up: https://golabariup.khagrachhari.gov.bd
==================================================
[*] STARTING NEW DOMAIN: https://madanpursecondaryschool.jessoreboard.gov.bd
==================================================
[+] Domain exhausted. Finishing up: https://madanpursecondaryschool.jessoreboard.gov.bd
==================================================
[*] STARTING NEW DOMAIN: https://doict.baghaichari.rangamati.gov.bd
==================================================
[+] Domain exhausted. Finishing up: https://doict.baghaichari.rangamati.gov.bd
==================================================
[*] STARTING NEW DOMAIN: https://fulharisecondaryschool.jessoreboard.gov.bd
==================================================
[+] Domain exhausted. Finishing up: https://fulharisecondaryschool.jessoreboard.gov.bd
==================================================
[*] STARTING NEW DOMAIN: https://kodomtalaup.pirojpur.gov.bd
==================================================
[+] Domain exhausted. Finishing up: https://kodomtalaup.pirojpur.gov.bd
==================================================
[*] STARTING NEW DOMAIN: https://pbs.satkhira.gov.bd
==================================================
[+] Domain exhausted. Finishing up: https://pbs.satkhira.gov.bd
==================================================
[*] STARTING NEW DOMAIN: https://food.dowarabazar.sunamganj.gov.bd
==================================================
[+] Domain exhausted. Finishing up: https://food.dowarabazar.sunamganj.gov.bd
==================================================
[*] STARTING NEW DOMAIN: https://langalbadhsecondaryschool.jessoreboard.gov.bd
==================================================
[+] Domain exhausted. Finishing up: https://langalbadhsecondaryschool.jessoreboard.gov.bd
==================================================
[*] STARTING NEW DOMAIN: https://pdbf.gangni.meherpur.gov.bd
==================================================
[+] Domain exhausted. Finishing up: https://pdbf.gangni.meherpur.gov.bd
==================================================
[*] STARTING NEW DOMAIN: https://pozip.naogaonsadar.naogaon.gov.bd
==================================================
[+] Domain exhausted. Finishing up: https://pozip.naogaonsadar.naogaon.gov.bd
==================================================
[*] STARTING NEW DOMAIN: https://haluaghat.mymensingh.gov.bd
==================================================
[+] Domain exhausted. Finishing up: https://haluaghat.mymensingh.gov.bd
==================================================
[*] STARTING NEW DOMAIN: https://madaripur.police.gov.bd
==================================================
[+] Domain exhausted. Finishing up: https://madaripur.police.gov.bd
==================================================
[*] STARTING NEW DOMAIN: https://pio.kachua.bagerhat.gov.bd
==================================================
[+] Domain exhausted. Finishing up: https://pio.kachua.bagerhat.gov.bd
==================================================
[*] STARTING NEW DOMAIN: https://frirss.kalapara.patuakhali.gov.bd
==================================================
[+] Domain exhausted. Finishing up: https://frirss.kalapara.patuakhali.gov.bd
==================================================
[*] STARTING NEW DOMAIN: https://lgd.rangpurdiv.gov.bd
==================================================
[+] Domain exhausted. Finishing up: https://lgd.rangpurdiv.gov.bd
==================================================
[*] STARTING NEW DOMAIN: https://pdb.sylhetdiv.gov.bd
==================================================
[+] Domain exhausted. Finishing up: https://pdb.sylhetdiv.gov.bd
==================================================
[*] STARTING NEW DOMAIN: https://brpowergen.gov.bd
==================================================
[+] Domain exhausted. Finishing up: https://brpowergen.gov.bd
==================================================
[*] STARTING NEW DOMAIN: https://kagmarisecondaryschool.jessoreboard.gov.bd
==================================================
[+] Domain exhausted. Finishing up: https://kagmarisecondaryschool.jessoreboard.gov.bd
==================================================
[*] STARTING NEW DOMAIN: https://pdbf.kendua.netrokona.gov.bd
==================================================
[+] Domain exhausted. Finishing up: https://pdbf.kendua.netrokona.gov.bd
==================================================
[*] STARTING NEW DOMAIN: https://fisheries.sadar.lakshmipur.gov.bd
==================================================
[+] Domain exhausted. Finishing up: https://fisheries.sadar.lakshmipur.gov.bd
==================================================
[*] STARTING NEW DOMAIN: https://hcrc.chapainawabganj.gov.bd
==================================================
[+] Domain exhausted. Finishing up: https://hcrc.chapainawabganj.gov.bd
==================================================
[*] STARTING NEW DOMAIN: https://lms.sicip.gov.bd
==================================================
[+] Domain exhausted. Finishing up: https://lms.sicip.gov.bd
==================================================
[*] STARTING NEW DOMAIN: https://pio.gafargaon.mymensingh.gov.bd
==================================================
[+] Domain exhausted. Finishing up: https://pio.gafargaon.mymensingh.gov.bd
==================================================
[*] STARTING NEW DOMAIN: https://forest.parshuram.feni.gov.bd
==================================================
[+] Domain exhausted. Finishing up: https://forest.parshuram.feni.gov.bd
==================================================
[*] STARTING NEW DOMAIN: https://mail.macademysylhet.gov.bd
==================================================
[+] Domain exhausted. Finishing up: https://mail.macademysylhet.gov.bd
==================================================
[*] STARTING NEW DOMAIN: https://police.digholia.khulna.gov.bd
==================================================
[+] Domain exhausted. Finishing up: https://police.digholia.khulna.gov.bd
==================================================
[*] STARTING NEW DOMAIN: https://fpo.bamna.barguna.gov.bd
==================================================
[+] Domain exhausted. Finishing up: https://fpo.bamna.barguna.gov.bd
==================================================
[*] STARTING NEW DOMAIN: https://lged.brahmanpara.comilla.gov.bd
==================================================
[+] Domain exhausted. Finishing up: https://lged.brahmanpara.comilla.gov.bd
==================================================
[*] STARTING NEW DOMAIN: https://pio.bholahat.chapainawabganj.gov.bd
==================================================
[+] Domain exhausted. Finishing up: https://pio.bholahat.chapainawabganj.gov.bd
==================================================
[*] STARTING NEW DOMAIN: https://forest.kawkhali.pirojpur.gov.bd
==================================================
[+] Domain exhausted. Finishing up: https://forest.kawkhali.pirojpur.gov.bd
==================================================
[*] STARTING NEW DOMAIN: https://kalikapurup.madaripur.gov.bd
==================================================
[+] Domain exhausted. Finishing up: https://kalikapurup.madaripur.gov.bd
==================================================
[*] STARTING NEW DOMAIN: https://pbs2.chittagong.gov.bd
==================================================
[+] Domain exhausted. Finishing up: https://pbs2.chittagong.gov.bd
==================================================
[*] STARTING NEW DOMAIN: https://fisheries.muradnagar.comilla.gov.bd
==================================================
[+] Domain exhausted. Finishing up: https://fisheries.muradnagar.comilla.gov.bd
==================================================
[*] STARTING NEW DOMAIN: https://kendua.netrokona.gov.bd
==================================================
[+] Domain exhausted. Finishing up: https://kendua.netrokona.gov.bd
==================================================
[*] STARTING NEW DOMAIN: https://pbs.sonatala.bogra.gov.bd
==================================================
[+] Domain exhausted. Finishing up: https://pbs.sonatala.bogra.gov.bd
==================================================
[*] STARTING NEW DOMAIN: https://pourashava.phulpur.mymensingh.gov.bd
==================================================
[+] Domain exhausted. Finishing up: https://pourashava.phulpur.mymensingh.gov.bd
==================================================
[*] STARTING NEW DOMAIN: https://hbsecondarygirlsschool.jessoreboard.gov.bd
==================================================
[+] Domain exhausted. Finishing up: https://hbsecondarygirlsschool.jessoreboard.gov.bd
==================================================
[*] STARTING NEW DOMAIN: https://mail.bgfcl.gov.bd
==================================================
[+] Domain exhausted. Finishing up: https://mail.bgfcl.gov.bd
==================================================
[*] STARTING NEW DOMAIN: https://pio.savar.dhaka.gov.bd
==================================================
[+] Domain exhausted. Finishing up: https://pio.savar.dhaka.gov.bd
==================================================
[*] STARTING NEW DOMAIN: https://fpo.patnitala.naogaon.gov.bd
==================================================
[+] Domain exhausted. Finishing up: https://fpo.patnitala.naogaon.gov.bd
==================================================
[*] STARTING NEW DOMAIN: https://lged.jhenaigati.sherpur.gov.bd
==================================================
[+] Domain exhausted. Finishing up: https://lged.jhenaigati.sherpur.gov.bd
==================================================
[*] STARTING NEW DOMAIN: https://pio.tazumuddin.bhola.gov.bd
==================================================
[+] Domain exhausted. Finishing up: https://pio.tazumuddin.bhola.gov.bd
==================================================
[*] STARTING NEW DOMAIN: https://youth.tarash.sirajganj.gov.bd
==================================================
[+] Domain exhausted. Finishing up: https://youth.tarash.sirajganj.gov.bd
==================================================
[*] STARTING NEW DOMAIN: https://jachowdhurysecondaryschool.jessoreboard.gov.bd
==================================================
[+] Domain exhausted. Finishing up: https://jachowdhurysecondaryschool.jessoreboard.gov.bd
==================================================
[*] STARTING NEW DOMAIN: https://nssbmo.dhaka.gov.bd
==================================================
[+] Domain exhausted. Finishing up: https://nssbmo.dhaka.gov.bd
==================================================
[*] STARTING NEW DOMAIN: https://post.shibpur.narsingdi.gov.bd
==================================================
[+] Domain exhausted. Finishing up: https://post.shibpur.narsingdi.gov.bd
==================================================
[*] STARTING NEW DOMAIN: https://kaliganj.satkhira.gov.bd
==================================================
[+] Domain exhausted. Finishing up: https://kaliganj.satkhira.gov.bd
==================================================
[*] STARTING NEW DOMAIN: https://pdbf.domar.nilphamari.gov.bd
==================================================
[+] Domain exhausted. Finishing up: https://pdbf.domar.nilphamari.gov.bd
==================================================
[*] STARTING NEW DOMAIN: https://youth.ramu.coxsbazar.gov.bd
==================================================
[+] Domain exhausted. Finishing up: https://youth.ramu.coxsbazar.gov.bd
==================================================
[*] STARTING NEW DOMAIN: https://keorabuniaup.barguna.gov.bd
==================================================
[+] Domain exhausted. Finishing up: https://keorabuniaup.barguna.gov.bd
==================================================
[*] STARTING NEW DOMAIN: https://pbs1.natore.gov.bd
==================================================
[+] Domain exhausted. Finishing up: https://pbs1.natore.gov.bd
==================================================
[*] STARTING NEW DOMAIN: https://harirampurup.gaibandha.gov.bd
==================================================
[+] Domain exhausted. Finishing up: https://harirampurup.gaibandha.gov.bd
==================================================
[*] STARTING NEW DOMAIN: https://milkvita.portal.gov.bd
==================================================
[+] Domain exhausted. Finishing up: https://milkvita.portal.gov.bd
==================================================
[*] STARTING NEW DOMAIN: https://forest.bamna.barguna.gov.bd
==================================================
[+] Domain exhausted. Finishing up: https://forest.bamna.barguna.gov.bd
==================================================
[*] STARTING NEW DOMAIN: https://jmphs.school.gov.bd
==================================================
[+] Domain exhausted. Finishing up: https://jmphs.school.gov.bd
==================================================
[*] STARTING NEW DOMAIN: https://pbs.godagari.rajshahi.gov.bd
==================================================
[+] Domain exhausted. Finishing up: https://pbs.godagari.rajshahi.gov.bd
==================================================
[*] STARTING NEW DOMAIN: https://fisheries.magura.gov.bd
==================================================
[+] Domain exhausted. Finishing up: https://fisheries.magura.gov.bd
==================================================
[*] STARTING NEW DOMAIN: https://jamalpursadar.jamalpur.gov.bd
==================================================
[+] Domain exhausted. Finishing up: https://jamalpursadar.jamalpur.gov.bd
==================================================
[*] STARTING NEW DOMAIN: https://pbs.chirirbandar.dinajpur.gov.bd
==================================================
[+] Domain exhausted. Finishing up: https://pbs.chirirbandar.dinajpur.gov.bd
==================================================
[*] STARTING NEW DOMAIN: https://pozip.dhanbari.tangail.gov.bd
==================================================
[+] Domain exhausted. Finishing up: https://pozip.dhanbari.tangail.gov.bd
==================================================
[*] STARTING NEW DOMAIN: https://hsso.nilphamari.gov.bd
==================================================
[+] Domain exhausted. Finishing up: https://hsso.nilphamari.gov.bd
==================================================
[*] STARTING NEW DOMAIN: https://misebadc.shibpur.narsingdi.gov.bd
==================================================
[+] Domain exhausted. Finishing up: https://misebadc.shibpur.narsingdi.gov.bd
==================================================
[*] STARTING NEW DOMAIN: https://police.kazipur.sirajganj.gov.bd
==================================================
[+] Domain exhausted. Finishing up: https://police.kazipur.sirajganj.gov.bd
==================================================
[*] STARTING NEW DOMAIN: https://fpo.phulbari.kurigram.gov.bd
==================================================
[+] Domain exhausted. Finishing up: https://fpo.phulbari.kurigram.gov.bd
==================================================
[*] STARTING NEW DOMAIN: https://khajuramnmitrasecondaryschool.jessoreboard.gov.bd
==================================================
[+] Domain exhausted. Finishing up: https://khajuramnmitrasecondaryschool.jessoreboard.gov.bd
==================================================
[*] STARTING NEW DOMAIN: https://uitrce.shailkupa.jhenaidah.gov.bd
==================================================
[+] Domain exhausted. Finishing up: https://uitrce.shailkupa.jhenaidah.gov.bd
==================================================
[*] STARTING NEW DOMAIN: https://youth.kaliakair.gazipur.gov.bd
==================================================
[+] Domain exhausted. Finishing up: https://youth.kaliakair.gazipur.gov.bd
==================================================
[*] STARTING NEW DOMAIN: https://youth.dumuria.khulna.gov.bd
==================================================
[+] Domain exhausted. Finishing up: https://youth.dumuria.khulna.gov.bd
==================================================
[*] STARTING NEW DOMAIN: https://vpolice.gopalpur.tangail.gov.bd
==================================================
[+] Domain exhausted. Finishing up: https://vpolice.gopalpur.tangail.gov.bd
==================================================
[*] STARTING NEW DOMAIN: https://youth.tungipara.gopalganj.gov.bd
==================================================
[+] Domain exhausted. Finishing up: https://youth.tungipara.gopalganj.gov.bd
==================================================
[*] STARTING NEW DOMAIN: https://youth.sherpur.gov.bd
==================================================
[+] Domain exhausted. Finishing up: https://youth.sherpur.gov.bd
==================================================
[*] STARTING NEW DOMAIN: https://youth.digholia.khulna.gov.bd
==================================================
[+] Domain exhausted. Finishing up: https://youth.digholia.khulna.gov.bd
==================================================
[*] STARTING NEW DOMAIN: https://youth.atwari.panchagarh.gov.bd
==================================================
[+] Domain exhausted. Finishing up: https://youth.atwari.panchagarh.gov.bd
==================================================
[*] STARTING NEW DOMAIN: https://wzpdcl.alamdanga.chuadanga.gov.bd
==================================================
[+] Domain exhausted. Finishing up: https://wzpdcl.alamdanga.chuadanga.gov.bd
==================================================
[*] STARTING NEW DOMAIN: http://acl.bokshiganj.jamalpur.gov.bd
==================================================
[+] Domain exhausted. Finishing up: http://acl.bokshiganj.jamalpur.gov.bd
==================================================
[*] STARTING NEW DOMAIN: https://moi.gov.bd/pages/static-pages/694032db35ce18e1c0563892
==================================================
[+] Domain exhausted. Finishing up: https://moi.gov.bd/pages/static-pages/694032db35ce18e1c0563892
==================================================
[*] STARTING NEW DOMAIN: https://sidyaup.shariatpur.gov.bd
==================================================
[+] Domain exhausted. Finishing up: https://sidyaup.shariatpur.gov.bd
==================================================
[*] STARTING NEW DOMAIN: https://sonargaonpaurashava.sonargaon.narayanganj.gov.bd
==================================================
[+] Domain exhausted. Finishing up: https://sonargaonpaurashava.sonargaon.narayanganj.gov.bd
==================================================
[*] STARTING NEW DOMAIN: https://teaboard.portal.gov.bd
==================================================
[+] Domain exhausted. Finishing up: https://teaboard.portal.gov.bd
==================================================
[*] STARTING NEW DOMAIN: https://lged.bamna.barguna.gov.bd
==================================================
[+] Domain exhausted. Finishing up: https://lged.bamna.barguna.gov.bd
==================================================
[*] STARTING NEW DOMAIN: https://teletalk.portal.gov.bd
==================================================
[+] Domain exhausted. Finishing up: https://teletalk.portal.gov.bd
==================================================
[*] STARTING NEW DOMAIN: https://totthoapa.shailkupa.jhenaidah.gov.bd
==================================================
[+] Domain exhausted. Finishing up: https://totthoapa.shailkupa.jhenaidah.gov.bd
==================================================
[*] STARTING NEW DOMAIN: https://soamol.nilphamari.gov.bd
==================================================
[+] Domain exhausted. Finishing up: https://soamol.nilphamari.gov.bd
==================================================
[*] STARTING NEW DOMAIN: https://sr.debiganj.panchagarh.gov.bd
==================================================
[+] Domain exhausted. Finishing up: https://sr.debiganj.panchagarh.gov.bd
==================================================
[*] STARTING NEW DOMAIN: https://totthoapa.sadar.bogra.gov.bd
==================================================
[+] Domain exhausted. Finishing up: https://totthoapa.sadar.bogra.gov.bd
==================================================
[*] STARTING NEW DOMAIN: https://tushbhandarup.lalmonirhat.gov.bd
==================================================
[+] Domain exhausted. Finishing up: https://tushbhandarup.lalmonirhat.gov.bd
==================================================
[*] STARTING NEW DOMAIN: https://sr.dhunot.bogra.gov.bd
==================================================
[+] Domain exhausted. Finishing up: https://sr.dhunot.bogra.gov.bd
==================================================
[*] STARTING NEW DOMAIN: https://towakulup.sylhet.gov.bd
==================================================
[+] Domain exhausted. Finishing up: https://towakulup.sylhet.gov.bd
==================================================
[*] STARTING NEW DOMAIN: https://titpallaup.jamalpur.gov.bd
==================================================
[+] Domain exhausted. Finishing up: https://titpallaup.jamalpur.gov.bd
==================================================
[*] STARTING NEW DOMAIN: https://so.hizla.barisal.gov.bd
==================================================
[+] Domain exhausted. Finishing up: https://so.hizla.barisal.gov.bd
==================================================
[*] STARTING NEW DOMAIN: https://siddipashainstitutionsecondaryschool.jessoreboard.gov.bd
==================================================
[+] Domain exhausted. Finishing up: https://siddipashainstitutionsecondaryschool.jessoreboard.gov.bd
==================================================
[*] STARTING NEW DOMAIN: https://sr.kotalipara.gopalganj.gov.bd
==================================================
[+] Domain exhausted. Finishing up: https://sr.kotalipara.gopalganj.gov.bd
==================================================
[*] STARTING NEW DOMAIN: https://srdirl.pabna.gov.bd
==================================================
[+] Domain exhausted. Finishing up: https://srdirl.pabna.gov.bd
==================================================
[*] STARTING NEW DOMAIN: https://tvi.jhalakathi.gov.bd
==================================================
[+] Domain exhausted. Finishing up: https://tvi.jhalakathi.gov.bd
==================================================
[*] STARTING NEW DOMAIN: https://so.mirzapur.tangail.gov.bd
==================================================
[+] Domain exhausted. Finishing up: https://so.mirzapur.tangail.gov.bd
==================================================
[*] STARTING NEW DOMAIN: https://publiclibrary.sirajganj.gov.bd
==================================================
[+] Domain exhausted. Finishing up: https://publiclibrary.sirajganj.gov.bd
==================================================
[*] STARTING NEW DOMAIN: https://mfhfisheries.nageshwari.kurigram.gov.bd
==================================================
[+] Domain exhausted. Finishing up: https://mfhfisheries.nageshwari.kurigram.gov.bd
==================================================
[*] STARTING NEW DOMAIN: https://publiclibrary.habiganj.gov.bd
==================================================
[+] Domain exhausted. Finishing up: https://publiclibrary.habiganj.gov.bd
==================================================
[*] STARTING NEW DOMAIN: https://nape.portal.gov.bd
==================================================
[+] Domain exhausted. Finishing up: https://nape.portal.gov.bd
==================================================
[*] STARTING NEW DOMAIN: https://nhrdf.gov.bd
==================================================
[+] Domain exhausted. Finishing up: https://nhrdf.gov.bd
==================================================
[*] STARTING NEW DOMAIN: https://mograpara.narayanganj.gov.bd
==================================================
[+] Domain exhausted. Finishing up: https://mograpara.narayanganj.gov.bd
==================================================
[*] STARTING NEW DOMAIN: https://noldangaup.gaibandha.gov.bd
==================================================
[+] Domain exhausted. Finishing up: https://noldangaup.gaibandha.gov.bd
==================================================
[*] STARTING NEW DOMAIN: https://jhikraup.rajshahi.gov.bd
==================================================
[+] Domain exhausted. Finishing up: https://jhikraup.rajshahi.gov.bd
==================================================
[*] STARTING NEW DOMAIN: https://brdb.sreemangal.moulvibazar.gov.bd
==================================================
[+] Domain exhausted. Finishing up: https://brdb.sreemangal.moulvibazar.gov.bd
==================================================
[*] STARTING NEW DOMAIN: https://bagerhatamlaparasecondaryschool.jessoreboard.gov.bd
==================================================
[+] Domain exhausted. Finishing up: https://bagerhatamlaparasecondaryschool.jessoreboard.gov.bd
==================================================
[*] STARTING NEW DOMAIN: https://deb114319.dhakaeducationboard.gov.bd
==================================================
[+] Domain exhausted. Finishing up: https://deb114319.dhakaeducationboard.gov.bd
==================================================
[*] STARTING NEW DOMAIN: https://bamiammsecondaryschool.jessoreboard.gov.bd
==================================================
[+] Domain exhausted. Finishing up: https://bamiammsecondaryschool.jessoreboard.gov.bd
==================================================
[*] STARTING NEW DOMAIN: https://seo.bera.pabna.gov.bd
==================================================
[+] Domain exhausted. Finishing up: https://seo.bera.pabna.gov.bd
==================================================
[*] STARTING NEW DOMAIN: https://bwdb.sunamganj.gov.bd
==================================================
[+] Domain exhausted. Finishing up: https://bwdb.sunamganj.gov.bd
==================================================
[*] STARTING NEW DOMAIN: https://bari.bhola.gov.bd
==================================================
[+] Domain exhausted. Finishing up: https://bari.bhola.gov.bd
==================================================
[*] STARTING NEW DOMAIN: https://info.lama.bandarban.gov.bd
==================================================
[+] Domain exhausted. Finishing up: https://info.lama.bandarban.gov.bd
==================================================
[*] STARTING NEW DOMAIN: https://acl.hathazari.chittagong.gov.bd
==================================================
[+] Domain exhausted. Finishing up: https://acl.hathazari.chittagong.gov.bd
==================================================
[*] STARTING NEW DOMAIN: https://deb109541.dhakaeducationboard.gov.bd
==================================================
[+] Domain exhausted. Finishing up: https://deb109541.dhakaeducationboard.gov.bd
==================================================
[*] STARTING NEW DOMAIN: https://food.sonaimuri.noakhali.gov.bd
==================================================
[+] Domain exhausted. Finishing up: https://food.sonaimuri.noakhali.gov.bd
==================================================
[*] STARTING NEW DOMAIN: https://cooparative.naria.shariatpur.gov.bd
==================================================
[+] Domain exhausted. Finishing up: https://cooparative.naria.shariatpur.gov.bd
==================================================
[*] STARTING NEW DOMAIN: https://dwa.phulchari.gaibandha.gov.bd
==================================================
[+] Domain exhausted. Finishing up: https://dwa.phulchari.gaibandha.gov.bd
==================================================
[*] STARTING NEW DOMAIN: https://bcct.gov.bd
==================================================
[+] Domain exhausted. Finishing up: https://bcct.gov.bd
==================================================
[*] STARTING NEW DOMAIN: https://bankradegreecollegebankra.jessoreboard.gov.bd
==================================================
[+] Domain exhausted. Finishing up: https://bankradegreecollegebankra.jessoreboard.gov.bd
==================================================
[*] STARTING NEW DOMAIN: https://shishuacademy.narail.gov.bd
==================================================
[+] Domain exhausted. Finishing up: https://shishuacademy.narail.gov.bd
==================================================
[*] STARTING NEW DOMAIN: https://nawabenkimohavidyalyashyamnagar.jessoreboard.gov.bd
==================================================
[+] Domain exhausted. Finishing up: https://nawabenkimohavidyalyashyamnagar.jessoreboard.gov.bd
==================================================
[*] STARTING NEW DOMAIN: https://aminbazarup.dhaka.gov.bd
==================================================
[+] Domain exhausted. Finishing up: https://aminbazarup.dhaka.gov.bd
==================================================
[*] STARTING NEW DOMAIN: https://ccdr.dhaka.gov.bd
==================================================
[+] Domain exhausted. Finishing up: https://ccdr.dhaka.gov.bd
==================================================
[*] STARTING NEW DOMAIN: https://brta.rangpur.gov.bd
==================================================
[+] Domain exhausted. Finishing up: https://brta.rangpur.gov.bd
==================================================
[*] STARTING NEW DOMAIN: https://police.sherpur.bogra.gov.bd
==================================================
[+] Domain exhausted. Finishing up: https://police.sherpur.bogra.gov.bd
==================================================
[*] STARTING NEW DOMAIN: https://bmda.thakurgaonsadar.thakurgaon.gov.bd
==================================================
[+] Domain exhausted. Finishing up: https://bmda.thakurgaonsadar.thakurgaon.gov.bd
==================================================
[*] STARTING NEW DOMAIN: https://deb109346.dhakaeducationboard.gov.bd
==================================================
[+] Domain exhausted. Finishing up: https://deb109346.dhakaeducationboard.gov.bd
==================================================
[*] STARTING NEW DOMAIN: https://ansarvdp.subarnachar.noakhali.gov.bd
==================================================
[+] Domain exhausted. Finishing up: https://ansarvdp.subarnachar.noakhali.gov.bd
==================================================
[*] STARTING NEW DOMAIN: https://bbs.agailjhara.barisal.gov.bd
==================================================
[+] Domain exhausted. Finishing up: https://bbs.agailjhara.barisal.gov.bd
==================================================
[*] STARTING NEW DOMAIN: https://dshe.goalanda.rajbari.gov.bd
==================================================
[+] Domain exhausted. Finishing up: https://dshe.goalanda.rajbari.gov.bd
==================================================
[*] STARTING NEW DOMAIN: https://balarampuradarshasecondaryschool.jessoreboard.gov.bd
==================================================
[+] Domain exhausted. Finishing up: https://balarampuradarshasecondaryschool.jessoreboard.gov.bd
==================================================
[*] STARTING NEW DOMAIN: https://savings.shariatpur.gov.bd
==================================================
[+] Domain exhausted. Finishing up: https://savings.shariatpur.gov.bd
==================================================
[*] STARTING NEW DOMAIN: https://bmdathakurgaon.rangpurdiv.gov.bd
==================================================
[+] Domain exhausted. Finishing up: https://bmdathakurgaon.rangpurdiv.gov.bd
==================================================
[*] STARTING NEW DOMAIN: https://deo.dharmapasha.sunamganj.gov.bd
==================================================
[+] Domain exhausted. Finishing up: https://deo.dharmapasha.sunamganj.gov.bd
==================================================
[*] STARTING NEW DOMAIN: https://deb108542.dhakaeducationboard.gov.bd
==================================================
[+] Domain exhausted. Finishing up: https://deb108542.dhakaeducationboard.gov.bd
==================================================
[*] STARTING NEW DOMAIN: https://bfsa.rangamati.gov.bd
==================================================
[+] Domain exhausted. Finishing up: https://bfsa.rangamati.gov.bd
==================================================
[*] STARTING NEW DOMAIN: https://police.ramganj.lakshmipur.gov.bd
==================================================
[+] Domain exhausted. Finishing up: https://police.ramganj.lakshmipur.gov.bd
==================================================
[*] STARTING NEW DOMAIN: http://etoolkits.dghs.gov.bd
==================================================
[+] Domain exhausted. Finishing up: http://etoolkits.dghs.gov.bd
==================================================
[*] STARTING NEW DOMAIN: https://tolnajpdsatianigirlssecondaryschool.jessoreboard.gov.bd
==================================================
[+] Domain exhausted. Finishing up: https://tolnajpdsatianigirlssecondaryschool.jessoreboard.gov.bd
==================================================
[*] STARTING NEW DOMAIN: https://nwpgcl.gov.bd
==================================================
[+] Domain exhausted. Finishing up: https://nwpgcl.gov.bd
==================================================
[*] STARTING NEW DOMAIN: https://debottarup.pabna.gov.bd
==================================================
[+] Domain exhausted. Finishing up: https://debottarup.pabna.gov.bd
==================================================
[*] STARTING NEW DOMAIN: https://btcl.shahjadpur.sirajganj.gov.bd
==================================================
[+] Domain exhausted. Finishing up: https://btcl.shahjadpur.sirajganj.gov.bd
==================================================
[*] STARTING NEW DOMAIN: https://sfdf.ajmiriganj.habiganj.gov.bd
==================================================
[+] Domain exhausted. Finishing up: https://sfdf.ajmiriganj.habiganj.gov.bd
==================================================
[*] STARTING NEW DOMAIN: http://16263.dghs.gov.bd
==================================================
[+] Domain exhausted. Finishing up: http://16263.dghs.gov.bd
==================================================
[*] STARTING NEW DOMAIN: https://azimnagorup.faridpur.gov.bd
==================================================
[+] Domain exhausted. Finishing up: https://azimnagorup.faridpur.gov.bd
==================================================
[*] STARTING NEW DOMAIN: https://araihazarpaurashava.gov.bd
==================================================
[+] Domain exhausted. Finishing up: https://araihazarpaurashava.gov.bd
==================================================
[*] STARTING NEW DOMAIN: https://akubpurup.comilla.gov.bd
==================================================
[+] Domain exhausted. Finishing up: https://akubpurup.comilla.gov.bd
==================================================
[*] STARTING NEW DOMAIN: https://totthoapa.sherpur.bogra.gov.bd
==================================================
[+] Domain exhausted. Finishing up: https://totthoapa.sherpur.bogra.gov.bd
==================================================
[*] STARTING NEW DOMAIN: https://acl.bhandaria.pirojpur.gov.bd
==================================================
[+] Domain exhausted. Finishing up: https://acl.bhandaria.pirojpur.gov.bd
==================================================
[*] STARTING NEW DOMAIN: https://ansarvdp.lama.bandarban.gov.bd
==================================================
[+] Domain exhausted. Finishing up: https://ansarvdp.lama.bandarban.gov.bd
==================================================
[*] STARTING NEW DOMAIN: https://deb109614.dhakaeducationboard.gov.bd
==================================================
[+] Domain exhausted. Finishing up: https://deb109614.dhakaeducationboard.gov.bd
==================================================
[*] STARTING NEW DOMAIN: https://ansarvdp.faridpur.gov.bd
==================================================
[+] Domain exhausted. Finishing up: https://ansarvdp.faridpur.gov.bd
==================================================
[*] STARTING NEW DOMAIN: https://hc.matiranga.khagrachhari.gov.bd
==================================================
[+] Domain exhausted. Finishing up: https://hc.matiranga.khagrachhari.gov.bd
==================================================
[*] STARTING NEW DOMAIN: http://puranagarup.chittagong.gov.bd
==================================================
[+] Domain exhausted. Finishing up: http://puranagarup.chittagong.gov.bd
==================================================
[*] STARTING NEW DOMAIN: https://doj.madaripur.gov.bd
==================================================
[+] Domain exhausted. Finishing up: https://doj.madaripur.gov.bd
==================================================
[*] STARTING NEW DOMAIN: https://debiganjsadarup.panchagarh.gov.bd
==================================================
[+] Domain exhausted. Finishing up: https://debiganjsadarup.panchagarh.gov.bd
==================================================
[*] STARTING NEW DOMAIN: https://mkadarshasecondarygirlsschool.jessoreboard.gov.bd
==================================================
[+] Domain exhausted. Finishing up: https://mkadarshasecondarygirlsschool.jessoreboard.gov.bd
==================================================
[*] STARTING NEW DOMAIN: https://deb110290.dhakaeducationboard.gov.bd
==================================================
[+] Domain exhausted. Finishing up: https://deb110290.dhakaeducationboard.gov.bd
==================================================
[*] STARTING NEW DOMAIN: https://ansarvdp.manikchari.khagrachhari.gov.bd
==================================================
[+] Domain exhausted. Finishing up: https://ansarvdp.manikchari.khagrachhari.gov.bd
==================================================
[*] STARTING NEW DOMAIN: https://icab.portal.gov.bd
==================================================
[+] Domain exhausted. Finishing up: https://icab.portal.gov.bd
==================================================
[*] STARTING NEW DOMAIN: https://bbpc.gov.bd
==================================================
[+] Domain exhausted. Finishing up: https://bbpc.gov.bd
==================================================
[*] STARTING NEW DOMAIN: https://brdb.charghat.rajshahi.gov.bd
==================================================
[+] Domain exhausted. Finishing up: https://brdb.charghat.rajshahi.gov.bd
==================================================
[*] STARTING NEW DOMAIN: https://passport.madaripur.gov.bd
==================================================
[+] Domain exhausted. Finishing up: https://passport.madaripur.gov.bd
==================================================
[*] STARTING NEW DOMAIN: https://deb109689.dhakaeducationboard.gov.bd
==================================================
[+] Domain exhausted. Finishing up: https://deb109689.dhakaeducationboard.gov.bd
==================================================
[*] STARTING NEW DOMAIN: https://sfdf.comillasadar.comilla.gov.bd
==================================================
[+] Domain exhausted. Finishing up: https://sfdf.comillasadar.comilla.gov.bd
==================================================
[*] STARTING NEW DOMAIN: https://cantonmentsecondaryschooljashore.jessoreboard.gov.bd
==================================================
[+] Domain exhausted. Finishing up: https://cantonmentsecondaryschooljashore.jessoreboard.gov.bd
==================================================
[*] STARTING NEW DOMAIN: https://brdb.alfadanga.faridpur.gov.bd
==================================================
[+] Domain exhausted. Finishing up: https://brdb.alfadanga.faridpur.gov.bd
==================================================
[*] STARTING NEW DOMAIN: https://deb109599.dhakaeducationboard.gov.bd
==================================================
[+] Domain exhausted. Finishing up: https://deb109599.dhakaeducationboard.gov.bd
==================================================
[*] STARTING NEW DOMAIN: https://btcl.dhakadiv.gov.bd
==================================================
[+] Domain exhausted. Finishing up: https://btcl.dhakadiv.gov.bd
==================================================
[*] STARTING NEW DOMAIN: https://barmiup.gazipur.gov.bd
==================================================
[+] Domain exhausted. Finishing up: https://barmiup.gazipur.gov.bd
==================================================
[*] STARTING NEW DOMAIN: https://balarampurup.panchagarh.gov.bd
==================================================
[+] Domain exhausted. Finishing up: https://balarampurup.panchagarh.gov.bd
==================================================
[*] STARTING NEW DOMAIN: https://bwdbjc.khulnadiv.gov.bd
==================================================
[+] Domain exhausted. Finishing up: https://bwdbjc.khulnadiv.gov.bd
==================================================
[*] STARTING NEW DOMAIN: https://113523.ebmeb.gov.bd
==================================================
[+] Domain exhausted. Finishing up: https://113523.ebmeb.gov.bd
==================================================
[*] STARTING NEW DOMAIN: https://artisan.gov.bd
==================================================
[+] Domain exhausted. Finishing up: https://artisan.gov.bd
==================================================
[*] STARTING NEW DOMAIN: https://deb109908.dhakaeducationboard.gov.bd
==================================================
[+] Domain exhausted. Finishing up: https://deb109908.dhakaeducationboard.gov.bd
==================================================
[*] STARTING NEW DOMAIN: https://seo.chilmari.kurigram.gov.bd
==================================================
[+] Domain exhausted. Finishing up: https://seo.chilmari.kurigram.gov.bd
==================================================
[*] STARTING NEW DOMAIN: https://ansarvdp.netrokona.gov.bd
==================================================
[+] Domain exhausted. Finishing up: https://ansarvdp.netrokona.gov.bd
==================================================
[*] STARTING NEW DOMAIN: https://pwd.narayanganj.gov.bd
==================================================
[+] Domain exhausted. Finishing up: https://pwd.narayanganj.gov.bd
==================================================
[*] STARTING NEW DOMAIN: https://abak.bholahat.chapainawabganj.gov.bd
==================================================
[+] Domain exhausted. Finishing up: https://abak.bholahat.chapainawabganj.gov.bd
==================================================
[*] STARTING NEW DOMAIN: https://sr.akhaura.brahmanbaria.gov.bd
==================================================
[+] Domain exhausted. Finishing up: https://sr.akhaura.brahmanbaria.gov.bd
==================================================
[*] STARTING NEW DOMAIN: https://bwdb2.satkhira.gov.bd
==================================================
[+] Domain exhausted. Finishing up: https://bwdb2.satkhira.gov.bd
==================================================
[*] STARTING NEW DOMAIN: https://badc.satkhira.gov.bd
==================================================
[+] Domain exhausted. Finishing up: https://badc.satkhira.gov.bd
==================================================
[*] STARTING NEW DOMAIN: https://ansarvdp.austagram.kishoreganj.gov.bd
==================================================
[+] Domain exhausted. Finishing up: https://ansarvdp.austagram.kishoreganj.gov.bd
==================================================
[*] STARTING NEW DOMAIN: https://pdbf.ruma.bandarban.gov.bd
==================================================
[+] Domain exhausted. Finishing up: https://pdbf.ruma.bandarban.gov.bd
==================================================
[*] STARTING NEW DOMAIN: https://asiagirlsjuniorhighschool.jessoreboard.gov.bd
==================================================
[+] Domain exhausted. Finishing up: https://asiagirlsjuniorhighschool.jessoreboard.gov.bd
==================================================
[*] STARTING NEW DOMAIN: https://aclpurbachal.rupganj.narayanganj.gov.bd
==================================================
[+] Domain exhausted. Finishing up: https://aclpurbachal.rupganj.narayanganj.gov.bd
==================================================
[*] STARTING NEW DOMAIN: https://shahebkhalisiddiquegazisecondaryschool.jessoreboard.gov.bd
==================================================
[+] Domain exhausted. Finishing up: https://shahebkhalisiddiquegazisecondaryschool.jessoreboard.gov.bd
==================================================
[*] STARTING NEW DOMAIN: https://ansarvdp.sadar.lalmonirhat.gov.bd
==================================================
[+] Domain exhausted. Finishing up: https://ansarvdp.sadar.lalmonirhat.gov.bd
==================================================
[*] STARTING NEW DOMAIN: https://bbs.raipur.lakshmipur.gov.bd
==================================================
[+] Domain exhausted. Finishing up: https://bbs.raipur.lakshmipur.gov.bd
==================================================
[*] STARTING NEW DOMAIN: https://dpe.alfadanga.faridpur.gov.bd
==================================================
[+] Domain exhausted. Finishing up: https://dpe.alfadanga.faridpur.gov.bd
==================================================
[*] STARTING NEW DOMAIN: https://deb134608.dhakaeducationboard.gov.bd
==================================================
[+] Domain exhausted. Finishing up: https://deb134608.dhakaeducationboard.gov.bd
==================================================
[*] STARTING NEW DOMAIN: https://bfsa.kishoreganj.gov.bd
==================================================
[+] Domain exhausted. Finishing up: https://bfsa.kishoreganj.gov.bd
==================================================
[*] STARTING NEW DOMAIN: https://cooparative.kotchandpur.jhenaidah.gov.bd
==================================================
[+] Domain exhausted. Finishing up: https://cooparative.kotchandpur.jhenaidah.gov.bd
==================================================
[*] STARTING NEW DOMAIN: https://crmkhulna.krishibank.gov.bd
==================================================
[+] Domain exhausted. Finishing up: https://crmkhulna.krishibank.gov.bd
==================================================
[*] STARTING NEW DOMAIN: https://deb136914.dhakaeducationboard.gov.bd
==================================================
[+] Domain exhausted. Finishing up: https://deb136914.dhakaeducationboard.gov.bd
==================================================
[*] STARTING NEW DOMAIN: https://seo.sadar.patuakhali.gov.bd
==================================================
[+] Domain exhausted. Finishing up: https://seo.sadar.patuakhali.gov.bd
==================================================
[*] STARTING NEW DOMAIN: https://cooparative.rangunia.chittagong.gov.bd
==================================================
[+] Domain exhausted. Finishing up: https://cooparative.rangunia.chittagong.gov.bd
==================================================
[*] STARTING NEW DOMAIN: https://cooparative.anwara.chittagong.gov.bd
==================================================
[+] Domain exhausted. Finishing up: https://cooparative.anwara.chittagong.gov.bd
==================================================
[*] STARTING NEW DOMAIN: https://chulkatighanoshyampursecondarygirlsschool.jessoreboard.gov.bd
==================================================
[+] Domain exhausted. Finishing up: https://chulkatighanoshyampursecondarygirlsschool.jessoreboard.gov.bd
==================================================
[*] STARTING NEW DOMAIN: https://cs.lakshmipur.gov.bd
==================================================
[+] Domain exhausted. Finishing up: https://cs.lakshmipur.gov.bd
==================================================
[*] STARTING NEW DOMAIN: https://deb109442.dhakaeducationboard.gov.bd
==================================================
[+] Domain exhausted. Finishing up: https://deb109442.dhakaeducationboard.gov.bd
==================================================
[*] STARTING NEW DOMAIN: https://dae.birganj.dinajpur.gov.bd
==================================================
[+] Domain exhausted. Finishing up: https://dae.birganj.dinajpur.gov.bd
==================================================
[*] STARTING NEW DOMAIN: https://barmachariup.khagrachhari.gov.bd
==================================================
[+] Domain exhausted. Finishing up: https://barmachariup.khagrachhari.gov.bd
==================================================
[*] STARTING NEW DOMAIN: https://asu.sadullapur.gaibandha.gov.bd
==================================================
[+] Domain exhausted. Finishing up: https://asu.sadullapur.gaibandha.gov.bd
==================================================
[*] STARTING NEW DOMAIN: https://deb110361.dhakaeducationboard.gov.bd
==================================================
[+] Domain exhausted. Finishing up: https://deb110361.dhakaeducationboard.gov.bd
==================================================
[*] STARTING NEW DOMAIN: https://dae.belabo.narsingdi.gov.bd
==================================================
[+] Domain exhausted. Finishing up: https://dae.belabo.narsingdi.gov.bd
==================================================
[*] STARTING NEW DOMAIN: https://pachgramosmangonijuniorsecondaryschool.jessoreboard.gov.bd
==================================================
[+] Domain exhausted. Finishing up: https://pachgramosmangonijuniorsecondaryschool.jessoreboard.gov.bd
==================================================
[*] STARTING NEW DOMAIN: https://dwa.rangpur.gov.bd
==================================================
[+] Domain exhausted. Finishing up: https://dwa.rangpur.gov.bd
==================================================
[*] STARTING NEW DOMAIN: https://ascbadc.jamalpur.gov.bd
==================================================
[+] Domain exhausted. Finishing up: https://ascbadc.jamalpur.gov.bd
==================================================
[*] STARTING NEW DOMAIN: https://eed.tangailsadar.tangail.gov.bd
==================================================
[+] Domain exhausted. Finishing up: https://eed.tangailsadar.tangail.gov.bd
==================================================
[*] STARTING NEW DOMAIN: https://cooparative.kaptai.rangamati.gov.bd
==================================================
[+] Domain exhausted. Finishing up: https://cooparative.kaptai.rangamati.gov.bd
==================================================
[*] STARTING NEW DOMAIN: https://dae-ranreg.chittagongdiv.gov.bd
==================================================
[+] Domain exhausted. Finishing up: https://dae-ranreg.chittagongdiv.gov.bd
==================================================
[*] STARTING NEW DOMAIN: https://deb110549.dhakaeducationboard.gov.bd
==================================================
[+] Domain exhausted. Finishing up: https://deb110549.dhakaeducationboard.gov.bd
==================================================
[*] STARTING NEW DOMAIN: https://bail.supremecourt.gov.bd
==================================================
[+] Domain exhausted. Finishing up: https://bail.supremecourt.gov.bd
==================================================
[*] STARTING NEW DOMAIN: https://shahpursecondaryschool.jessoreboard.gov.bd
==================================================
[+] Domain exhausted. Finishing up: https://shahpursecondaryschool.jessoreboard.gov.bd
==================================================
[*] STARTING NEW DOMAIN: https://cooparative.meherpur.gov.bd
==================================================
[+] Domain exhausted. Finishing up: https://cooparative.meherpur.gov.bd
==================================================
[*] STARTING NEW DOMAIN: http://fisheries.pirgonj.rangpur.gov.bd
==================================================
[+] Domain exhausted. Finishing up: http://fisheries.pirgonj.rangpur.gov.bd
==================================================
[*] STARTING NEW DOMAIN: https://deb109680.dhakaeducationboard.gov.bd
==================================================
[+] Domain exhausted. Finishing up: https://deb109680.dhakaeducationboard.gov.bd
==================================================
[*] STARTING NEW DOMAIN: https://coop.kendua.netrokona.gov.bd
==================================================
[+] Domain exhausted. Finishing up: https://coop.kendua.netrokona.gov.bd
==================================================
[*] STARTING NEW DOMAIN: https://deb110352.dhakaeducationboard.gov.bd
==================================================
[+] Domain exhausted. Finishing up: https://deb110352.dhakaeducationboard.gov.bd
==================================================
[*] STARTING NEW DOMAIN: https://ebek.belabo.narsingdi.gov.bd
==================================================
[+] Domain exhausted. Finishing up: https://ebek.belabo.narsingdi.gov.bd
==================================================
[*] STARTING NEW DOMAIN: https://dae.rangamati.gov.bd
==================================================
[+] Domain exhausted. Finishing up: https://dae.rangamati.gov.bd
==================================================
[*] STARTING NEW DOMAIN: https://dae.barisalsadar.barisal.gov.bd
==================================================
[+] Domain exhausted. Finishing up: https://dae.barisalsadar.barisal.gov.bd
==================================================
[*] STARTING NEW DOMAIN: https://accounts.fulgazi.feni.gov.bd
==================================================
[+] Domain exhausted. Finishing up: https://accounts.fulgazi.feni.gov.bd
==================================================
[*] STARTING NEW DOMAIN: https://seo.mathbaria.pirojpur.gov.bd
==================================================
[+] Domain exhausted. Finishing up: https://seo.mathbaria.pirojpur.gov.bd
==================================================
[*] STARTING NEW DOMAIN: https://doict.nesarabad.pirojpur.gov.bd
==================================================
[+] Domain exhausted. Finishing up: https://doict.nesarabad.pirojpur.gov.bd
==================================================
[*] STARTING NEW DOMAIN: https://deb109911.dhakaeducationboard.gov.bd
==================================================
[+] Domain exhausted. Finishing up: https://deb109911.dhakaeducationboard.gov.bd
==================================================
[*] STARTING NEW DOMAIN: https://seo.charbhadrasan.faridpur.gov.bd
==================================================
[+] Domain exhausted. Finishing up: https://seo.charbhadrasan.faridpur.gov.bd
==================================================
[*] STARTING NEW DOMAIN: https://dphe.shayestaganj.habiganj.gov.bd
==================================================
[+] Domain exhausted. Finishing up: https://dphe.shayestaganj.habiganj.gov.bd
==================================================
[*] STARTING NEW DOMAIN: https://deb109946.dhakaeducationboard.gov.bd
==================================================
[+] Domain exhausted. Finishing up: https://deb109946.dhakaeducationboard.gov.bd
==================================================
[*] STARTING NEW DOMAIN: https://customs.sherpur.gov.bd
==================================================
[+] Domain exhausted. Finishing up: https://customs.sherpur.gov.bd
==================================================
[*] STARTING NEW DOMAIN: https://bhultaup.narayanganj.gov.bd
==================================================
[+] Domain exhausted. Finishing up: https://bhultaup.narayanganj.gov.bd
==================================================
[*] STARTING NEW DOMAIN: https://cooparative.sadarpur.faridpur.gov.bd
==================================================
[+] Domain exhausted. Finishing up: https://cooparative.sadarpur.faridpur.gov.bd
==================================================
[*] STARTING NEW DOMAIN: https://food.manikchari.khagrachhari.gov.bd
==================================================
[+] Domain exhausted. Finishing up: https://food.manikchari.khagrachhari.gov.bd
==================================================
[*] STARTING NEW DOMAIN: https://dae.dohar.dhaka.gov.bd
==================================================
[+] Domain exhausted. Finishing up: https://dae.dohar.dhaka.gov.bd
==================================================
[*] STARTING NEW DOMAIN: https://ec.phulchari.gaibandha.gov.bd
==================================================
[+] Domain exhausted. Finishing up: https://ec.phulchari.gaibandha.gov.bd
==================================================
[*] STARTING NEW DOMAIN: https://coop.jamalpur.gov.bd
==================================================
[+] Domain exhausted. Finishing up: https://coop.jamalpur.gov.bd
==================================================
[*] STARTING NEW DOMAIN: https://seo.ramgarh.khagrachhari.gov.bd
==================================================
[+] Domain exhausted. Finishing up: https://seo.ramgarh.khagrachhari.gov.bd
==================================================
[*] STARTING NEW DOMAIN: https://dwa.shariakandi.bogra.gov.bd
==================================================
[+] Domain exhausted. Finishing up: https://dwa.shariakandi.bogra.gov.bd
==================================================
[*] STARTING NEW DOMAIN: https://atapurup.joypurhat.gov.bd
==================================================
[+] Domain exhausted. Finishing up: https://atapurup.joypurhat.gov.bd
==================================================
[*] STARTING NEW DOMAIN: https://cpa.portal.gov.bd
==================================================
[+] Domain exhausted. Finishing up: https://cpa.portal.gov.bd
==================================================
[*] STARTING NEW DOMAIN: https://deb110075.dhakaeducationboard.gov.bd
==================================================
[+] Domain exhausted. Finishing up: https://deb110075.dhakaeducationboard.gov.bd
==================================================
[*] STARTING NEW DOMAIN: https://ebek.ajmiriganj.habiganj.gov.bd
==================================================
[+] Domain exhausted. Finishing up: https://ebek.ajmiriganj.habiganj.gov.bd
==================================================
[*] STARTING NEW DOMAIN: https://dae.tangailsadar.tangail.gov.bd
==================================================
[+] Domain exhausted. Finishing up: https://dae.tangailsadar.tangail.gov.bd
==================================================
[*] STARTING NEW DOMAIN: https://forest.sadar.brahmanbaria.gov.bd
==================================================
[+] Domain exhausted. Finishing up: https://forest.sadar.brahmanbaria.gov.bd
==================================================
[*] STARTING NEW DOMAIN: https://dwa.jamalganj.sunamganj.gov.bd
==================================================
[+] Domain exhausted. Finishing up: https://dwa.jamalganj.sunamganj.gov.bd
==================================================
[*] STARTING NEW DOMAIN: https://bbs.madarganj.jamalpur.gov.bd
==================================================
[+] Domain exhausted. Finishing up: https://bbs.madarganj.jamalpur.gov.bd
==================================================
[*] STARTING NEW DOMAIN: https://deb109918.dhakaeducationboard.gov.bd
==================================================
[+] Domain exhausted. Finishing up: https://deb109918.dhakaeducationboard.gov.bd
==================================================
[*] STARTING NEW DOMAIN: https://dae.rajbari.gov.bd
==================================================
[+] Domain exhausted. Finishing up: https://dae.rajbari.gov.bd
==================================================
[*] STARTING NEW DOMAIN: https://deb109814.dhakaeducationboard.gov.bd
==================================================
[+] Domain exhausted. Finishing up: https://deb109814.dhakaeducationboard.gov.bd
==================================================
[*] STARTING NEW DOMAIN: https://birkedarup.bogra.gov.bd
==================================================
[+] Domain exhausted. Finishing up: https://birkedarup.bogra.gov.bd
==================================================
[*] STARTING NEW DOMAIN: https://cpadigital.gov.bd
==================================================
[+] Domain exhausted. Finishing up: https://cpadigital.gov.bd
==================================================
[*] STARTING NEW DOMAIN: https://eed.beanibazar.sylhet.gov.bd
==================================================
[+] Domain exhausted. Finishing up: https://eed.beanibazar.sylhet.gov.bd
==================================================
[*] STARTING NEW DOMAIN: https://deb110444.dhakaeducationboard.gov.bd
==================================================
[+] Domain exhausted. Finishing up: https://deb110444.dhakaeducationboard.gov.bd
==================================================
[*] STARTING NEW DOMAIN: https://pio.chilmari.kurigram.gov.bd
==================================================
[+] Domain exhausted. Finishing up: https://pio.chilmari.kurigram.gov.bd
==================================================
[*] STARTING NEW DOMAIN: https://badc.boalmari.faridpur.gov.bd
==================================================
[+] Domain exhausted. Finishing up: https://badc.boalmari.faridpur.gov.bd
==================================================
[*] STARTING NEW DOMAIN: https://dphe.kaliganj.satkhira.gov.bd
==================================================
[+] Domain exhausted. Finishing up: https://dphe.kaliganj.satkhira.gov.bd
==================================================
[*] STARTING NEW DOMAIN: https://bmet.rajbari.gov.bd
==================================================
[+] Domain exhausted. Finishing up: https://bmet.rajbari.gov.bd
==================================================
[*] STARTING NEW DOMAIN: https://deb109589.dhakaeducationboard.gov.bd
==================================================
[+] Domain exhausted. Finishing up: https://deb109589.dhakaeducationboard.gov.bd
==================================================
[*] STARTING NEW DOMAIN: https://eed.barisaldiv.gov.bd
==================================================
[+] Domain exhausted. Finishing up: https://eed.barisaldiv.gov.bd
==================================================
[*] STARTING NEW DOMAIN: https://deb113726.dhakaeducationboard.gov.bd
==================================================
[+] Domain exhausted. Finishing up: https://deb113726.dhakaeducationboard.gov.bd
==================================================
[*] STARTING NEW DOMAIN: https://deb111920.dhakaeducationboard.gov.bd
==================================================
[+] Domain exhausted. Finishing up: https://deb111920.dhakaeducationboard.gov.bd
==================================================
[*] STARTING NEW DOMAIN: https://ec.naikhongchhari.bandarban.gov.bd
==================================================
[+] Domain exhausted. Finishing up: https://ec.naikhongchhari.bandarban.gov.bd
==================================================
[*] STARTING NEW DOMAIN: https://deb110565.dhakaeducationboard.gov.bd
==================================================
[+] Domain exhausted. Finishing up: https://deb110565.dhakaeducationboard.gov.bd
==================================================
[*] STARTING NEW DOMAIN: https://brdb.muksudpur.gopalganj.gov.bd
==================================================
[+] Domain exhausted. Finishing up: https://brdb.muksudpur.gopalganj.gov.bd
==================================================
[*] STARTING NEW DOMAIN: https://bmda.atrai.naogaon.gov.bd
==================================================
[+] Domain exhausted. Finishing up: https://bmda.atrai.naogaon.gov.bd
==================================================
[*] STARTING NEW DOMAIN: https://dwa.monohargonj.comilla.gov.bd
==================================================
[+] Domain exhausted. Finishing up: https://dwa.monohargonj.comilla.gov.bd
==================================================
[*] STARTING NEW DOMAIN: https://brdb.kaunia.rangpur.gov.bd
==================================================
[+] Domain exhausted. Finishing up: https://brdb.kaunia.rangpur.gov.bd
==================================================
[*] STARTING NEW DOMAIN: https://brahmanpara.comilla.gov.bd
==================================================
[+] Domain exhausted. Finishing up: https://brahmanpara.comilla.gov.bd
==================================================
[*] STARTING NEW DOMAIN: https://pallimangalgirlshighschool.jessoreboard.gov.bd
==================================================
[+] Domain exhausted. Finishing up: https://pallimangalgirlshighschool.jessoreboard.gov.bd
==================================================
[*] STARTING NEW DOMAIN: https://brdb.syedpur.nilphamari.gov.bd
==================================================
[+] Domain exhausted. Finishing up: https://brdb.syedpur.nilphamari.gov.bd
==================================================
[*] STARTING NEW DOMAIN: https://sfdf.mymensinghsadar.mymensingh.gov.bd
==================================================
[+] Domain exhausted. Finishing up: https://sfdf.mymensinghsadar.mymensingh.gov.bd
==================================================
[*] STARTING NEW DOMAIN: https://boardofintermediateandsecondaryeducationjashore.jessoreboard.gov.bd
==================================================
[+] Domain exhausted. Finishing up: https://boardofintermediateandsecondaryeducationjashore.jessoreboard.gov.bd
==================================================
[*] STARTING NEW DOMAIN: https://dppseba.gov.bd
==================================================
[+] Domain exhausted. Finishing up: https://dppseba.gov.bd
==================================================
[*] STARTING NEW DOMAIN: https://bigbsommilitohighschool.jessoreboard.gov.bd
==================================================
[+] Domain exhausted. Finishing up: https://bigbsommilitohighschool.jessoreboard.gov.bd
==================================================
[*] STARTING NEW DOMAIN: https://deb108875.dhakaeducationboard.gov.bd
==================================================
[+] Domain exhausted. Finishing up: https://deb108875.dhakaeducationboard.gov.bd
==================================================
[*] STARTING NEW DOMAIN: https://deb110538.dhakaeducationboard.gov.bd
==================================================
[+] Domain exhausted. Finishing up: https://deb110538.dhakaeducationboard.gov.bd
==================================================
[*] STARTING NEW DOMAIN: https://5norasulpurup.naogaon.gov.bd
==================================================
[+] Domain exhausted. Finishing up: https://5norasulpurup.naogaon.gov.bd
==================================================
[*] STARTING NEW DOMAIN: https://birganj.dinajpur.gov.bd
==================================================
[+] Domain exhausted. Finishing up: https://birganj.dinajpur.gov.bd
==================================================
[*] STARTING NEW DOMAIN: https://cdb.dighinala.khagrachhari.gov.bd
==================================================
[+] Domain exhausted. Finishing up: https://cdb.dighinala.khagrachhari.gov.bd
==================================================
[*] STARTING NEW DOMAIN: https://ec.mehendiganj.barisal.gov.bd
==================================================
[+] Domain exhausted. Finishing up: https://ec.mehendiganj.barisal.gov.bd
==================================================
[*] STARTING NEW DOMAIN: https://dakop.khulna.gov.bd
==================================================
[+] Domain exhausted. Finishing up: https://dakop.khulna.gov.bd
==================================================
[*] STARTING NEW DOMAIN: https://11nocharsadipurup.kushtia.gov.bd
==================================================
[+] Domain exhausted. Finishing up: https://11nocharsadipurup.kushtia.gov.bd
==================================================
[*] STARTING NEW DOMAIN: https://deb108517.dhakaeducationboard.gov.bd
==================================================
[+] Domain exhausted. Finishing up: https://deb108517.dhakaeducationboard.gov.bd
==================================================
[*] STARTING NEW DOMAIN: https://daulatkhalisecondaryschool.jessoreboard.gov.bd
==================================================
[+] Domain exhausted. Finishing up: https://daulatkhalisecondaryschool.jessoreboard.gov.bd
==================================================
[*] STARTING NEW DOMAIN: https://bpdbivvr.gov.bd
==================================================
[+] Domain exhausted. Finishing up: https://bpdbivvr.gov.bd
==================================================
[*] STARTING NEW DOMAIN: https://deb111211.dhakaeducationboard.gov.bd
==================================================
[+] Domain exhausted. Finishing up: https://deb111211.dhakaeducationboard.gov.bd
==================================================
[*] STARTING NEW DOMAIN: https://digliup.lakshmipur.gov.bd
==================================================
[+] Domain exhausted. Finishing up: https://digliup.lakshmipur.gov.bd
==================================================
[*] STARTING NEW DOMAIN: https://ansarvdp.sadar.patuakhali.gov.bd
==================================================
[+] Domain exhausted. Finishing up: https://ansarvdp.sadar.patuakhali.gov.bd
==================================================
[*] STARTING NEW DOMAIN: https://badc.gafargaon.mymensingh.gov.bd
==================================================
[+] Domain exhausted. Finishing up: https://badc.gafargaon.mymensingh.gov.bd
==================================================
[*] STARTING NEW DOMAIN: http://savings.lalmonirhat.gov.bd
==================================================
[+] Domain exhausted. Finishing up: http://savings.lalmonirhat.gov.bd
==================================================
[*] STARTING NEW DOMAIN: https://deb108959.dhakaeducationboard.gov.bd
==================================================
[+] Domain exhausted. Finishing up: https://deb108959.dhakaeducationboard.gov.bd
==================================================
[*] STARTING NEW DOMAIN: https://drmunitedidealcollege.jessoreboard.gov.bd
==================================================
[+] Domain exhausted. Finishing up: https://drmunitedidealcollege.jessoreboard.gov.bd
==================================================
[*] STARTING NEW DOMAIN: https://acl.taltali.barguna.gov.bd
==================================================
[+] Domain exhausted. Finishing up: https://acl.taltali.barguna.gov.bd
==================================================
[*] STARTING NEW DOMAIN: https://shibpurup.satkhira.gov.bd
==================================================
[+] Domain exhausted. Finishing up: https://shibpurup.satkhira.gov.bd
==================================================
[*] STARTING NEW DOMAIN: https://seo.charrajibpur.kurigram.gov.bd
==================================================
[+] Domain exhausted. Finishing up: https://seo.charrajibpur.kurigram.gov.bd
==================================================
[*] STARTING NEW DOMAIN: https://deb108763.dhakaeducationboard.gov.bd
==================================================
[+] Domain exhausted. Finishing up: https://deb108763.dhakaeducationboard.gov.bd
==================================================
[*] STARTING NEW DOMAIN: https://dattanagarsmfarmsecondaryschool.jessoreboard.gov.bd
==================================================
[+] Domain exhausted. Finishing up: https://dattanagarsmfarmsecondaryschool.jessoreboard.gov.bd
==================================================
[*] STARTING NEW DOMAIN: https://deb111776.dhakaeducationboard.gov.bd
==================================================
[+] Domain exhausted. Finishing up: https://deb111776.dhakaeducationboard.gov.bd
==================================================
[*] STARTING NEW DOMAIN: https://barguna.police.gov.bd
==================================================
[+] Domain exhausted. Finishing up: https://barguna.police.gov.bd
==================================================
[*] STARTING NEW DOMAIN: https://deb111694.dhakaeducationboard.gov.bd
==================================================
[+] Domain exhausted. Finishing up: https://deb111694.dhakaeducationboard.gov.bd
==================================================
[*] STARTING NEW DOMAIN: https://dam.jhalakathi.gov.bd
==================================================
[+] Domain exhausted. Finishing up: https://dam.jhalakathi.gov.bd
==================================================
[*] STARTING NEW DOMAIN: https://dae.harirampur.manikganj.gov.bd
==================================================
[+] Domain exhausted. Finishing up: https://dae.harirampur.manikganj.gov.bd
==================================================
[*] STARTING NEW DOMAIN: https://deb111057.dhakaeducationboard.gov.bd
==================================================
[+] Domain exhausted. Finishing up: https://deb111057.dhakaeducationboard.gov.bd
==================================================
[*] STARTING NEW DOMAIN: https://algidurgapurnorthup.chandpur.gov.bd
==================================================
[+] Domain exhausted. Finishing up: https://algidurgapurnorthup.chandpur.gov.bd
==================================================
[*] STARTING NEW DOMAIN: https://chuknagarsecondarygirlsschool.jessoreboard.gov.bd
==================================================
[+] Domain exhausted. Finishing up: https://chuknagarsecondarygirlsschool.jessoreboard.gov.bd
==================================================
[*] STARTING NEW DOMAIN: https://darshanagovernmentcollege.jessoreboard.gov.bd
==================================================
[+] Domain exhausted. Finishing up: https://darshanagovernmentcollege.jessoreboard.gov.bd
==================================================
[*] STARTING NEW DOMAIN: http://pqsbanglabandha.panchagarh.gov.bd
==================================================
[+] Domain exhausted. Finishing up: http://pqsbanglabandha.panchagarh.gov.bd
==================================================
[*] STARTING NEW DOMAIN: https://deb108919.dhakaeducationboard.gov.bd
==================================================
[+] Domain exhausted. Finishing up: https://deb108919.dhakaeducationboard.gov.bd
==================================================
[*] STARTING NEW DOMAIN: https://deb112829.dhakaeducationboard.gov.bd
==================================================
[+] Domain exhausted. Finishing up: https://deb112829.dhakaeducationboard.gov.bd
==================================================
[*] STARTING NEW DOMAIN: https://deb111777.dhakaeducationboard.gov.bd
==================================================
[+] Domain exhausted. Finishing up: https://deb111777.dhakaeducationboard.gov.bd
==================================================
[*] STARTING NEW DOMAIN: https://dam.barishal.gov.bd
==================================================
[+] Domain exhausted. Finishing up: https://dam.barishal.gov.bd
==================================================
[*] STARTING NEW DOMAIN: https://dao.iswarganj.mymensingh.gov.bd
==================================================
[+] Domain exhausted. Finishing up: https://dao.iswarganj.mymensingh.gov.bd
==================================================
[*] STARTING NEW DOMAIN: https://seo.chandanaish.chittagong.gov.bd
==================================================
[+] Domain exhausted. Finishing up: https://seo.chandanaish.chittagong.gov.bd
==================================================
[*] STARTING NEW DOMAIN: https://deb111535.dhakaeducationboard.gov.bd
==================================================
[+] Domain exhausted. Finishing up: https://deb111535.dhakaeducationboard.gov.bd
==================================================
[*] STARTING NEW DOMAIN: https://ansarvdp.nikli.kishoreganj.gov.bd
==================================================
[+] Domain exhausted. Finishing up: https://ansarvdp.nikli.kishoreganj.gov.bd
==================================================
[*] STARTING NEW DOMAIN: https://eo.rowangchhari.bandarban.gov.bd
==================================================
[+] Domain exhausted. Finishing up: https://eo.rowangchhari.bandarban.gov.bd
==================================================
[*] STARTING NEW DOMAIN: https://ansarvdp.gajaria.munshiganj.gov.bd
==================================================
[+] Domain exhausted. Finishing up: https://ansarvdp.gajaria.munshiganj.gov.bd
==================================================
[*] STARTING NEW DOMAIN: https://bjri.gov.bd
==================================================
[+] Domain exhausted. Finishing up: https://bjri.gov.bd
==================================================
[*] STARTING NEW DOMAIN: https://deb112894.dhakaeducationboard.gov.bd
==================================================
[+] Domain exhausted. Finishing up: https://deb112894.dhakaeducationboard.gov.bd
==================================================
[*] STARTING NEW DOMAIN: https://dam.khulna.gov.bd
==================================================
[+] Domain exhausted. Finishing up: https://dam.khulna.gov.bd
==================================================
[*] STARTING NEW DOMAIN: https://nactar.portal.gov.bd
==================================================
[+] Domain exhausted. Finishing up: https://nactar.portal.gov.bd
==================================================
[*] STARTING NEW DOMAIN: https://deb109328.dhakaeducationboard.gov.bd
==================================================
[+] Domain exhausted. Finishing up: https://deb109328.dhakaeducationboard.gov.bd
==================================================
[*] STARTING NEW DOMAIN: https://dao.satkania.chittagong.gov.bd
==================================================
[+] Domain exhausted. Finishing up: https://dao.satkania.chittagong.gov.bd
==================================================
[*] STARTING NEW DOMAIN: https://deb111671.dhakaeducationboard.gov.bd
==================================================
[+] Domain exhausted. Finishing up: https://deb111671.dhakaeducationboard.gov.bd
==================================================
[*] STARTING NEW DOMAIN: https://deb111031.dhakaeducationboard.gov.bd
==================================================
[+] Domain exhausted. Finishing up: https://deb111031.dhakaeducationboard.gov.bd
==================================================
[*] STARTING NEW DOMAIN: https://dao.porsha.naogaon.gov.bd
==================================================
[+] Domain exhausted. Finishing up: https://dao.porsha.naogaon.gov.bd
==================================================
[*] STARTING NEW DOMAIN: https://deb108496.dhakaeducationboard.gov.bd
==================================================
[+] Domain exhausted. Finishing up: https://deb108496.dhakaeducationboard.gov.bd
==================================================
[*] STARTING NEW DOMAIN: https://alsalehjuniorschool.jessoreboard.gov.bd
==================================================
[+] Domain exhausted. Finishing up: https://alsalehjuniorschool.jessoreboard.gov.bd
==================================================
[*] STARTING NEW DOMAIN: https://ebek.adamdighi.bogra.gov.bd
==================================================
[+] Domain exhausted. Finishing up: https://ebek.adamdighi.bogra.gov.bd
==================================================
[*] STARTING NEW DOMAIN: https://darbastup.sylhet.gov.bd
==================================================
[+] Domain exhausted. Finishing up: https://darbastup.sylhet.gov.bd
==================================================
[*] STARTING NEW DOMAIN: https://dam.mithapukur.rangpur.gov.bd
==================================================
[+] Domain exhausted. Finishing up: https://dam.mithapukur.rangpur.gov.bd
==================================================
[*] STARTING NEW DOMAIN: https://shilpakala.coxsbazar.gov.bd
==================================================
[+] Domain exhausted. Finishing up: https://shilpakala.coxsbazar.gov.bd
==================================================
[*] STARTING NEW DOMAIN: https://deb111925.dhakaeducationboard.gov.bd
==================================================
[+] Domain exhausted. Finishing up: https://deb111925.dhakaeducationboard.gov.bd
==================================================
[*] STARTING NEW DOMAIN: https://deb110897.dhakaeducationboard.gov.bd
==================================================
[+] Domain exhausted. Finishing up: https://deb110897.dhakaeducationboard.gov.bd
==================================================
[*] STARTING NEW DOMAIN: https://deb112624.dhakaeducationboard.gov.bd
==================================================
[+] Domain exhausted. Finishing up: https://deb112624.dhakaeducationboard.gov.bd
==================================================
[*] STARTING NEW DOMAIN: https://deb108767.dhakaeducationboard.gov.bd
==================================================
[+] Domain exhausted. Finishing up: https://deb108767.dhakaeducationboard.gov.bd
==================================================
[*] STARTING NEW DOMAIN: https://bss.portal.gov.bd
==================================================
[+] Domain exhausted. Finishing up: https://bss.portal.gov.bd
==================================================
[*] STARTING NEW DOMAIN: https://ec.nondigram.bogra.gov.bd
==================================================
[+] Domain exhausted. Finishing up: https://ec.nondigram.bogra.gov.bd
==================================================
[*] STARTING NEW DOMAIN: https://deb112026.dhakaeducationboard.gov.bd
==================================================
[+] Domain exhausted. Finishing up: https://deb112026.dhakaeducationboard.gov.bd
==================================================
[*] STARTING NEW DOMAIN: https://deb112198.dhakaeducationboard.gov.bd
==================================================
[+] Domain exhausted. Finishing up: https://deb112198.dhakaeducationboard.gov.bd
==================================================
[*] STARTING NEW DOMAIN: https://sr.daudkandi.comilla.gov.bd
==================================================
[+] Domain exhausted. Finishing up: https://sr.daudkandi.comilla.gov.bd
==================================================
[*] STARTING NEW DOMAIN: https://post.mollahat.bagerhat.gov.bd
==================================================
[+] Domain exhausted. Finishing up: https://post.mollahat.bagerhat.gov.bd
==================================================
[*] STARTING NEW DOMAIN: https://acl.syedpur.nilphamari.gov.bd
==================================================
[+] Domain exhausted. Finishing up: https://acl.syedpur.nilphamari.gov.bd
==================================================
[*] STARTING NEW DOMAIN: https://deb112797.dhakaeducationboard.gov.bd
==================================================
[+] Domain exhausted. Finishing up: https://deb112797.dhakaeducationboard.gov.bd
==================================================
[*] STARTING NEW DOMAIN: https://deb113976.dhakaeducationboard.gov.bd
==================================================
[+] Domain exhausted. Finishing up: https://deb113976.dhakaeducationboard.gov.bd
==================================================
[*] STARTING NEW DOMAIN: https://ansarvdp.dohar.dhaka.gov.bd
==================================================
[+] Domain exhausted. Finishing up: https://ansarvdp.dohar.dhaka.gov.bd
==================================================
[*] STARTING NEW DOMAIN: https://ec.tala.satkhira.gov.bd
==================================================
[+] Domain exhausted. Finishing up: https://ec.tala.satkhira.gov.bd
==================================================
[*] STARTING NEW DOMAIN: https://ec.sadar.bogra.gov.bd
==================================================
[+] Domain exhausted. Finishing up: https://ec.sadar.bogra.gov.bd
==================================================
[*] STARTING NEW DOMAIN: https://sfdf.sreebordi.sherpur.gov.bd
==================================================
[+] Domain exhausted. Finishing up: https://sfdf.sreebordi.sherpur.gov.bd
==================================================
[*] STARTING NEW DOMAIN: https://deb112349.dhakaeducationboard.gov.bd
==================================================
[+] Domain exhausted. Finishing up: https://deb112349.dhakaeducationboard.gov.bd
==================================================
[*] STARTING NEW DOMAIN: https://ec.charrajibpur.kurigram.gov.bd
==================================================
[+] Domain exhausted. Finishing up: https://ec.charrajibpur.kurigram.gov.bd
==================================================
[*] STARTING NEW DOMAIN: https://deb114294.dhakaeducationboard.gov.bd
==================================================
[+] Domain exhausted. Finishing up: https://deb114294.dhakaeducationboard.gov.bd
==================================================
[*] STARTING NEW DOMAIN: https://passport.pirojpur.gov.bd
==================================================
[+] Domain exhausted. Finishing up: https://passport.pirojpur.gov.bd
==================================================
[*] STARTING NEW DOMAIN: https://shibaloy.manikganj.gov.bd
==================================================
[+] Domain exhausted. Finishing up: https://shibaloy.manikganj.gov.bd
==================================================
[*] STARTING NEW DOMAIN: https://pbs.kaliakair.gazipur.gov.bd
==================================================
[+] Domain exhausted. Finishing up: https://pbs.kaliakair.gazipur.gov.bd
==================================================
[*] STARTING NEW DOMAIN: https://deb114286.dhakaeducationboard.gov.bd
==================================================
[+] Domain exhausted. Finishing up: https://deb114286.dhakaeducationboard.gov.bd
==================================================
[*] STARTING NEW DOMAIN: https://deb113451.dhakaeducationboard.gov.bd
==================================================
[+] Domain exhausted. Finishing up: https://deb113451.dhakaeducationboard.gov.bd
==================================================
[*] STARTING NEW DOMAIN: https://pdbf.thakurgaon.gov.bd
==================================================
[+] Domain exhausted. Finishing up: https://pdbf.thakurgaon.gov.bd
==================================================
[*] STARTING NEW DOMAIN: https://pbs.pirojpur.gov.bd
==================================================
[+] Domain exhausted. Finishing up: https://pbs.pirojpur.gov.bd
==================================================
[*] STARTING NEW DOMAIN: https://deb114403.dhakaeducationboard.gov.bd
==================================================
[+] Domain exhausted. Finishing up: https://deb114403.dhakaeducationboard.gov.bd
==================================================
[*] STARTING NEW DOMAIN: https://deb110301.dhakaeducationboard.gov.bd
==================================================
[+] Domain exhausted. Finishing up: https://deb110301.dhakaeducationboard.gov.bd
==================================================
[*] STARTING NEW DOMAIN: https://patharghatagovtprimaryschool.jessoreboard.gov.bd
==================================================
[+] Domain exhausted. Finishing up: https://patharghatagovtprimaryschool.jessoreboard.gov.bd
==================================================
[*] STARTING NEW DOMAIN: https://deb114036.dhakaeducationboard.gov.bd
==================================================
[+] Domain exhausted. Finishing up: https://deb114036.dhakaeducationboard.gov.bd
==================================================
[*] STARTING NEW DOMAIN: https://pio.puthia.rajshahi.gov.bd
==================================================
[+] Domain exhausted. Finishing up: https://pio.puthia.rajshahi.gov.bd
==================================================
[*] STARTING NEW DOMAIN: https://pio.lohagara.chittagong.gov.bd
==================================================
[+] Domain exhausted. Finishing up: https://pio.lohagara.chittagong.gov.bd
==================================================
[*] STARTING NEW DOMAIN: https://dao.sreebordi.sherpur.gov.bd
==================================================
[+] Domain exhausted. Finishing up: https://dao.sreebordi.sherpur.gov.bd
==================================================
[*] STARTING NEW DOMAIN: https://pathairup.chandpur.gov.bd
==================================================
[+] Domain exhausted. Finishing up: https://pathairup.chandpur.gov.bd
==================================================
[*] STARTING NEW DOMAIN: https://pathaliaup.dhaka.gov.bd
==================================================
[+] Domain exhausted. Finishing up: https://pathaliaup.dhaka.gov.bd
==================================================
[*] STARTING NEW DOMAIN: https://parilaup.rajshahi.gov.bd
==================================================
[+] Domain exhausted. Finishing up: https://parilaup.rajshahi.gov.bd
==================================================
[*] STARTING NEW DOMAIN: https://ansarvdp.palash.narsingdi.gov.bd
==================================================
[+] Domain exhausted. Finishing up: https://ansarvdp.palash.narsingdi.gov.bd
==================================================
[*] STARTING NEW DOMAIN: https://deb114226.dhakaeducationboard.gov.bd
==================================================
[+] Domain exhausted. Finishing up: https://deb114226.dhakaeducationboard.gov.bd
==================================================
[*] STARTING NEW DOMAIN: https://shilpakala.sylhet.gov.bd
==================================================
[+] Domain exhausted. Finishing up: https://shilpakala.sylhet.gov.bd
==================================================
[*] STARTING NEW DOMAIN: https://pio.sadar.faridpur.gov.bd
==================================================
[+] Domain exhausted. Finishing up: https://pio.sadar.faridpur.gov.bd
==================================================
[*] STARTING NEW DOMAIN: https://pio.mohonpur.rajshahi.gov.bd
==================================================
[+] Domain exhausted. Finishing up: https://pio.mohonpur.rajshahi.gov.bd
==================================================
[*] STARTING NEW DOMAIN: http://bseceshop.gov.bd
==================================================
[+] Domain exhausted. Finishing up: http://bseceshop.gov.bd
==================================================
[*] STARTING NEW DOMAIN: https://fpo.kishoreganj.gov.bd
==================================================
[+] Domain exhausted. Finishing up: https://fpo.kishoreganj.gov.bd
==================================================
[*] STARTING NEW DOMAIN: https://deb132080.dhakaeducationboard.gov.bd
==================================================
[+] Domain exhausted. Finishing up: https://deb132080.dhakaeducationboard.gov.bd
==================================================
[*] STARTING NEW DOMAIN: https://deb139649.dhakaeducationboard.gov.bd
==================================================
[+] Domain exhausted. Finishing up: https://deb139649.dhakaeducationboard.gov.bd
==================================================
[*] STARTING NEW DOMAIN: https://farm.betar.gov.bd
==================================================
[+] Domain exhausted. Finishing up: https://farm.betar.gov.bd
==================================================
[*] STARTING NEW DOMAIN: https://ansarvdp.dumuria.khulna.gov.bd
==================================================
[+] Domain exhausted. Finishing up: https://ansarvdp.dumuria.khulna.gov.bd
==================================================
[*] STARTING NEW DOMAIN: https://deb134774.dhakaeducationboard.gov.bd
==================================================
[+] Domain exhausted. Finishing up: https://deb134774.dhakaeducationboard.gov.bd
==================================================
[*] STARTING NEW DOMAIN: https://dncrp.rangpurdiv.gov.bd
==================================================
[+] Domain exhausted. Finishing up: https://dncrp.rangpurdiv.gov.bd
==================================================
[*] STARTING NEW DOMAIN: https://acl.rangpursadar.rangpur.gov.bd
==================================================
[+] Domain exhausted. Finishing up: https://acl.rangpursadar.rangpur.gov.bd
==================================================
[*] STARTING NEW DOMAIN: https://deb130838.dhakaeducationboard.gov.bd
==================================================
[+] Domain exhausted. Finishing up: https://deb130838.dhakaeducationboard.gov.bd
==================================================
[*] STARTING NEW DOMAIN: https://dip.gov.bd
==================================================
[+] Domain exhausted. Finishing up: https://dip.gov.bd
==================================================
[*] STARTING NEW DOMAIN: https://doict.belaichari.rangamati.gov.bd
==================================================
[+] Domain exhausted. Finishing up: https://doict.belaichari.rangamati.gov.bd
==================================================
[*] STARTING NEW DOMAIN: https://deb133878.dhakaeducationboard.gov.bd
==================================================
[+] Domain exhausted. Finishing up: https://deb133878.dhakaeducationboard.gov.bd
==================================================
[*] STARTING NEW DOMAIN: https://berubariup.kurigram.gov.bd
==================================================
[+] Domain exhausted. Finishing up: https://berubariup.kurigram.gov.bd
==================================================
[*] STARTING NEW DOMAIN: https://dpe.rajapur.jhalakathi.gov.bd
==================================================
[+] Domain exhausted. Finishing up: https://dpe.rajapur.jhalakathi.gov.bd
==================================================
[*] STARTING NEW DOMAIN: https://bncdb.bnmc.gov.bd
==================================================
[+] Domain exhausted. Finishing up: https://bncdb.bnmc.gov.bd
==================================================
[*] STARTING NEW DOMAIN: https://dnc.gopalganj.gov.bd
==================================================
[+] Domain exhausted. Finishing up: https://dnc.gopalganj.gov.bd
==================================================
[*] STARTING NEW DOMAIN: https://doict.sarail.brahmanbaria.gov.bd
==================================================
[+] Domain exhausted. Finishing up: https://doict.sarail.brahmanbaria.gov.bd
==================================================
[*] STARTING NEW DOMAIN: https://deb138660.dhakaeducationboard.gov.bd
==================================================
[+] Domain exhausted. Finishing up: https://deb138660.dhakaeducationboard.gov.bd
==================================================
[*] STARTING NEW DOMAIN: https://deb139735.dhakaeducationboard.gov.bd
==================================================
[+] Domain exhausted. Finishing up: https://deb139735.dhakaeducationboard.gov.bd
==================================================
[*] STARTING NEW DOMAIN: https://pims.sid.gov.bd
==================================================
[+] Domain exhausted. Finishing up: https://pims.sid.gov.bd
==================================================
[*] STARTING NEW DOMAIN: https://deb138864.dhakaeducationboard.gov.bd
==================================================
[+] Domain exhausted. Finishing up: https://deb138864.dhakaeducationboard.gov.bd
==================================================
[*] STARTING NEW DOMAIN: https://birtan.barisal.gov.bd
==================================================
[+] Domain exhausted. Finishing up: https://birtan.barisal.gov.bd
==================================================
[*] STARTING NEW DOMAIN: https://deb131936.dhakaeducationboard.gov.bd
==================================================
[+] Domain exhausted. Finishing up: https://deb131936.dhakaeducationboard.gov.bd
==================================================
[*] STARTING NEW DOMAIN: https://deb138628.dhakaeducationboard.gov.bd
==================================================
[+] Domain exhausted. Finishing up: https://deb138628.dhakaeducationboard.gov.bd
==================================================
[*] STARTING NEW DOMAIN: http://pio.kotchandpur.jhenaidah.gov.bd
==================================================
[+] Domain exhausted. Finishing up: http://pio.kotchandpur.jhenaidah.gov.bd
==================================================
[*] STARTING NEW DOMAIN: https://11nokalikapurup.naogaon.gov.bd
==================================================
[+] Domain exhausted. Finishing up: https://11nokalikapurup.naogaon.gov.bd
==================================================
[*] STARTING NEW DOMAIN: https://dpe.khulnadiv.gov.bd
==================================================
[+] Domain exhausted. Finishing up: https://dpe.khulnadiv.gov.bd
==================================================
[*] STARTING NEW DOMAIN: https://deb190181.dhakaeducationboard.gov.bd
==================================================
[+] Domain exhausted. Finishing up: https://deb190181.dhakaeducationboard.gov.bd
==================================================
[*] STARTING NEW DOMAIN: https://deb131468.dhakaeducationboard.gov.bd
==================================================
[+] Domain exhausted. Finishing up: https://deb131468.dhakaeducationboard.gov.bd
==================================================
[*] STARTING NEW DOMAIN: https://deb190188.dhakaeducationboard.gov.bd
==================================================
[+] Domain exhausted. Finishing up: https://deb190188.dhakaeducationboard.gov.bd
==================================================
[*] STARTING NEW DOMAIN: https://deb136890.dhakaeducationboard.gov.bd
==================================================
[+] Domain exhausted. Finishing up: https://deb136890.dhakaeducationboard.gov.bd
==================================================
[*] STARTING NEW DOMAIN: https://deo.atwari.panchagarh.gov.bd
==================================================
[+] Domain exhausted. Finishing up: https://deo.atwari.panchagarh.gov.bd
==================================================
[*] STARTING NEW DOMAIN: https://ansarvdp.melandah.jamalpur.gov.bd
==================================================
[+] Domain exhausted. Finishing up: https://ansarvdp.melandah.jamalpur.gov.bd
==================================================
[*] STARTING NEW DOMAIN: https://deb137948.dhakaeducationboard.gov.bd
==================================================
[+] Domain exhausted. Finishing up: https://deb137948.dhakaeducationboard.gov.bd
==================================================
[*] STARTING NEW DOMAIN: https://bhadrakhalisecondaryschool.jessoreboard.gov.bd
==================================================
[+] Domain exhausted. Finishing up: https://bhadrakhalisecondaryschool.jessoreboard.gov.bd
==================================================
[*] STARTING NEW DOMAIN: https://ashasunimohillacollege.jessoreboard.gov.bd
==================================================
[+] Domain exhausted. Finishing up: https://ashasunimohillacollege.jessoreboard.gov.bd
==================================================
[*] STARTING NEW DOMAIN: https://deb131978.dhakaeducationboard.gov.bd
==================================================
[+] Domain exhausted. Finishing up: https://deb131978.dhakaeducationboard.gov.bd
==================================================
[*] STARTING NEW DOMAIN: https://brdb.itna.kishoreganj.gov.bd
==================================================
[+] Domain exhausted. Finishing up: https://brdb.itna.kishoreganj.gov.bd
==================================================
[*] STARTING NEW DOMAIN: https://deo.kamalnagar.lakshmipur.gov.bd
==================================================
[+] Domain exhausted. Finishing up: https://deo.kamalnagar.lakshmipur.gov.bd
==================================================
[*] STARTING NEW DOMAIN: https://dnc-mymensinghdiv-d.nothi.gov.bd
==================================================
[+] Domain exhausted. Finishing up: https://dnc-mymensinghdiv-d.nothi.gov.bd
==================================================
[*] STARTING NEW DOMAIN: https://ansarvdp.khaliajuri.netrokona.gov.bd
==================================================
[+] Domain exhausted. Finishing up: https://ansarvdp.khaliajuri.netrokona.gov.bd
==================================================
[*] STARTING NEW DOMAIN: https://dpe.chittagongdiv.gov.bd
==================================================
[+] Domain exhausted. Finishing up: https://dpe.chittagongdiv.gov.bd
==================================================
[*] STARTING NEW DOMAIN: https://acamol.khulnadiv.gov.bd
==================================================
[+] Domain exhausted. Finishing up: https://acamol.khulnadiv.gov.bd
==================================================
[*] STARTING NEW DOMAIN: https://jamnagorup.natore.gov.bd
==================================================
[+] Domain exhausted. Finishing up: https://jamnagorup.natore.gov.bd
==================================================
[*] STARTING NEW DOMAIN: https://seo.nokla.sherpur.gov.bd
==================================================
[+] Domain exhausted. Finishing up: https://seo.nokla.sherpur.gov.bd
==================================================
[*] STARTING NEW DOMAIN: https://doict.rowmari.kurigram.gov.bd
==================================================
[+] Domain exhausted. Finishing up: https://doict.rowmari.kurigram.gov.bd
==================================================
[*] STARTING NEW DOMAIN: https://dpe.madaripur.gov.bd
==================================================
[+] Domain exhausted. Finishing up: https://dpe.madaripur.gov.bd
==================================================
[*] STARTING NEW DOMAIN: https://fireservice.bagha.rajshahi.gov.bd
==================================================
[+] Domain exhausted. Finishing up: https://fireservice.bagha.rajshahi.gov.bd
==================================================
[*] STARTING NEW DOMAIN: https://bhbfc.lalmonirhat.gov.bd
==================================================
[+] Domain exhausted. Finishing up: https://bhbfc.lalmonirhat.gov.bd
==================================================
[*] STARTING NEW DOMAIN: https://thakurgaon.polytech.gov.bd
==================================================
[+] Domain exhausted. Finishing up: https://thakurgaon.polytech.gov.bd
==================================================
[*] STARTING NEW DOMAIN: https://dshe.mujibnagar.meherpur.gov.bd
==================================================
[+] Domain exhausted. Finishing up: https://dshe.mujibnagar.meherpur.gov.bd
==================================================
[*] STARTING NEW DOMAIN: https://bbs.shahrasti.chandpur.gov.bd
==================================================
[+] Domain exhausted. Finishing up: https://bbs.shahrasti.chandpur.gov.bd
==================================================
[*] STARTING NEW DOMAIN: https://bbs.matlabsouth.chandpur.gov.bd
==================================================
[+] Domain exhausted. Finishing up: https://bbs.matlabsouth.chandpur.gov.bd
==================================================
[*] STARTING NEW DOMAIN: https://ansarvdp.gafargaon.mymensingh.gov.bd
==================================================
[+] Domain exhausted. Finishing up: https://ansarvdp.gafargaon.mymensingh.gov.bd
==================================================
[*] STARTING NEW DOMAIN: https://drro.chittagongdiv.gov.bd
==================================================
[+] Domain exhausted. Finishing up: https://drro.chittagongdiv.gov.bd
==================================================
[*] STARTING NEW DOMAIN: https://dphe.gomostapur.chapainawabganj.gov.bd
==================================================
[+] Domain exhausted. Finishing up: https://dphe.gomostapur.chapainawabganj.gov.bd
==================================================
[*] STARTING NEW DOMAIN: https://bscic.jamalpur.gov.bd
==================================================
[+] Domain exhausted. Finishing up: https://bscic.jamalpur.gov.bd
==================================================
[*] STARTING NEW DOMAIN: https://bmda.bholahat.chapainawabganj.gov.bd
==================================================
[+] Domain exhausted. Finishing up: https://bmda.bholahat.chapainawabganj.gov.bd
==================================================
[*] STARTING NEW DOMAIN: https://fireservice.raozan.chittagong.gov.bd
==================================================
[+] Domain exhausted. Finishing up: https://fireservice.raozan.chittagong.gov.bd
==================================================
[*] STARTING NEW DOMAIN: https://fisheries.mongla.bagerhat.gov.bd
==================================================
[+] Domain exhausted. Finishing up: https://fisheries.mongla.bagerhat.gov.bd
==================================================
[*] STARTING NEW DOMAIN: https://drro.naogaon.gov.bd
==================================================
[+] Domain exhausted. Finishing up: https://drro.naogaon.gov.bd
==================================================
[*] STARTING NEW DOMAIN: https://fatapurjuniorgirlshighschool.jessoreboard.gov.bd
==================================================
[+] Domain exhausted. Finishing up: https://fatapurjuniorgirlshighschool.jessoreboard.gov.bd
==================================================
[*] STARTING NEW DOMAIN: https://food.sylhetsadar.sylhet.gov.bd
==================================================
[+] Domain exhausted. Finishing up: https://food.sylhetsadar.sylhet.gov.bd
==================================================
[*] STARTING NEW DOMAIN: https://ansarvdp.jamalganj.sunamganj.gov.bd
==================================================
[+] Domain exhausted. Finishing up: https://ansarvdp.jamalganj.sunamganj.gov.bd
==================================================
[*] STARTING NEW DOMAIN: https://btv.natore.gov.bd
==================================================
[+] Domain exhausted. Finishing up: https://btv.natore.gov.bd
==================================================
[*] STARTING NEW DOMAIN: https://dphe.khetlal.joypurhat.gov.bd
==================================================
[+] Domain exhausted. Finishing up: https://dphe.khetlal.joypurhat.gov.bd
==================================================
[*] STARTING NEW DOMAIN: https://brdb.bishwambarpur.sunamganj.gov.bd
==================================================
[+] Domain exhausted. Finishing up: https://brdb.bishwambarpur.sunamganj.gov.bd
==================================================
[*] STARTING NEW DOMAIN: https://drro.kurigram.gov.bd
==================================================
[+] Domain exhausted. Finishing up: https://drro.kurigram.gov.bd
==================================================
[*] STARTING NEW DOMAIN: https://dphe.mongla.bagerhat.gov.bd
==================================================
[+] Domain exhausted. Finishing up: https://dphe.mongla.bagerhat.gov.bd
==================================================
[*] STARTING NEW DOMAIN: https://fireservice.kachua.bagerhat.gov.bd
==================================================
[+] Domain exhausted. Finishing up: https://fireservice.kachua.bagerhat.gov.bd
==================================================
[*] STARTING NEW DOMAIN: https://fisheries.godagari.rajshahi.gov.bd
==================================================
[+] Domain exhausted. Finishing up: https://fisheries.godagari.rajshahi.gov.bd
==================================================
[*] STARTING NEW DOMAIN: https://ghoshnagargongarampurgirlshighschool.jessoreboard.gov.bd
==================================================
[+] Domain exhausted. Finishing up: https://ghoshnagargongarampurgirlshighschool.jessoreboard.gov.bd
==================================================
[*] STARTING NEW DOMAIN: https://drro.nilphamari.gov.bd
==================================================
[+] Domain exhausted. Finishing up: https://drro.nilphamari.gov.bd
==================================================
[*] STARTING NEW DOMAIN: https://fisheries.sandwip.chittagong.gov.bd
==================================================
[+] Domain exhausted. Finishing up: https://fisheries.sandwip.chittagong.gov.bd
==================================================
[*] STARTING NEW DOMAIN: https://4nosadkiup.kushtia.gov.bd
==================================================
[+] Domain exhausted. Finishing up: https://4nosadkiup.kushtia.gov.bd
==================================================
[*] STARTING NEW DOMAIN: https://alhelalislamiacademy.jessoreboard.gov.bd
==================================================
[+] Domain exhausted. Finishing up: https://alhelalislamiacademy.jessoreboard.gov.bd
==================================================
[*] STARTING NEW DOMAIN: https://sfdf.kamarkhand.sirajganj.gov.bd
==================================================
[+] Domain exhausted. Finishing up: https://sfdf.kamarkhand.sirajganj.gov.bd
==================================================
[*] STARTING NEW DOMAIN: https://fpo.galachipa.patuakhali.gov.bd
==================================================
[+] Domain exhausted. Finishing up: https://fpo.galachipa.patuakhali.gov.bd
==================================================
[*] STARTING NEW DOMAIN: https://forest.lakhai.habiganj.gov.bd
==================================================
[+] Domain exhausted. Finishing up: https://forest.lakhai.habiganj.gov.bd
==================================================
[*] STARTING NEW DOMAIN: https://forest.mohonpur.rajshahi.gov.bd
==================================================
[+] Domain exhausted. Finishing up: https://forest.mohonpur.rajshahi.gov.bd
==================================================
[*] STARTING NEW DOMAIN: https://brdb.kulaura.moulvibazar.gov.bd
==================================================
[+] Domain exhausted. Finishing up: https://brdb.kulaura.moulvibazar.gov.bd
==================================================
[*] STARTING NEW DOMAIN: https://pio.katiadi.kishoreganj.gov.bd
==================================================
[+] Domain exhausted. Finishing up: https://pio.katiadi.kishoreganj.gov.bd
==================================================
[*] STARTING NEW DOMAIN: https://sfdf.jamalpursadar.jamalpur.gov.bd
==================================================
[+] Domain exhausted. Finishing up: https://sfdf.jamalpursadar.jamalpur.gov.bd
==================================================
[*] STARTING NEW DOMAIN: https://aandjcollegeramnagar.jessoreboard.gov.bd
==================================================
[+] Domain exhausted. Finishing up: https://aandjcollegeramnagar.jessoreboard.gov.bd
==================================================
[*] STARTING NEW DOMAIN: https://food.parshuram.feni.gov.bd
==================================================
[+] Domain exhausted. Finishing up: https://food.parshuram.feni.gov.bd
==================================================
[*] STARTING NEW DOMAIN: https://food.puthia.rajshahi.gov.bd
==================================================
[+] Domain exhausted. Finishing up: https://food.puthia.rajshahi.gov.bd
==================================================
[*] STARTING NEW DOMAIN: https://dss.gosairhat.shariatpur.gov.bd
==================================================
[+] Domain exhausted. Finishing up: https://dss.gosairhat.shariatpur.gov.bd
==================================================
[*] STARTING NEW DOMAIN: https://doict.bochaganj.dinajpur.gov.bd
==================================================
[+] Domain exhausted. Finishing up: https://doict.bochaganj.dinajpur.gov.bd
==================================================
[*] STARTING NEW DOMAIN: https://dss.savar.dhaka.gov.bd
==================================================
[+] Domain exhausted. Finishing up: https://dss.savar.dhaka.gov.bd
==================================================
[*] STARTING NEW DOMAIN: https://forest.narail.gov.bd
==================================================
[+] Domain exhausted. Finishing up: https://forest.narail.gov.bd
==================================================
[*] STARTING NEW DOMAIN: https://baligaonup.munshiganj.gov.bd
==================================================
[+] Domain exhausted. Finishing up: https://baligaonup.munshiganj.gov.bd
==================================================
[*] STARTING NEW DOMAIN: https://forest.chatkhil.noakhali.gov.bd
==================================================
[+] Domain exhausted. Finishing up: https://forest.chatkhil.noakhali.gov.bd
==================================================
[*] STARTING NEW DOMAIN: https://sundardighiup.panchagarh.gov.bd
==================================================
[+] Domain exhausted. Finishing up: https://sundardighiup.panchagarh.gov.bd
==================================================
[*] STARTING NEW DOMAIN: https://fpo.monohargonj.comilla.gov.bd
==================================================
[+] Domain exhausted. Finishing up: https://fpo.monohargonj.comilla.gov.bd
==================================================
[*] STARTING NEW DOMAIN: https://forest.naniarchar.rangamati.gov.bd
==================================================
[+] Domain exhausted. Finishing up: https://forest.naniarchar.rangamati.gov.bd
==================================================
[*] STARTING NEW DOMAIN: https://bnfe.munshiganj.gov.bd
==================================================
[+] Domain exhausted. Finishing up: https://bnfe.munshiganj.gov.bd
==================================================
[*] STARTING NEW DOMAIN: https://durmotup.jamalpur.gov.bd
==================================================
[+] Domain exhausted. Finishing up: https://durmotup.jamalpur.gov.bd
==================================================
[*] STARTING NEW DOMAIN: https://chanchrasecondaryschoolkaliganj.jessoreboard.gov.bd
==================================================
[+] Domain exhausted. Finishing up: https://chanchrasecondaryschoolkaliganj.jessoreboard.gov.bd
==================================================
[*] STARTING NEW DOMAIN: https://dae.bochaganj.dinajpur.gov.bd
==================================================
[+] Domain exhausted. Finishing up: https://dae.bochaganj.dinajpur.gov.bd
==================================================
[*] STARTING NEW DOMAIN: https://pwd.meherpur.gov.bd
==================================================
[+] Domain exhausted. Finishing up: https://pwd.meherpur.gov.bd
==================================================
[*] STARTING NEW DOMAIN: https://app.nmi.gov.bd
==================================================
[+] Domain exhausted. Finishing up: https://app.nmi.gov.bd
==================================================
[*] STARTING NEW DOMAIN: https://chuknagarcollege.jessoreboard.gov.bd
==================================================
[+] Domain exhausted. Finishing up: https://chuknagarcollege.jessoreboard.gov.bd
==================================================
[*] STARTING NEW DOMAIN: https://dss.bishwanath.sylhet.gov.bd
==================================================
[+] Domain exhausted. Finishing up: https://dss.bishwanath.sylhet.gov.bd
==================================================
[*] STARTING NEW DOMAIN: https://dulaiup.pabna.gov.bd
==================================================
[+] Domain exhausted. Finishing up: https://dulaiup.pabna.gov.bd
==================================================
[*] STARTING NEW DOMAIN: https://cooparative.dohar.dhaka.gov.bd
==================================================
[+] Domain exhausted. Finishing up: https://cooparative.dohar.dhaka.gov.bd
==================================================
[*] STARTING NEW DOMAIN: https://dss.sreebordi.sherpur.gov.bd
==================================================
[+] Domain exhausted. Finishing up: https://dss.sreebordi.sherpur.gov.bd
==================================================
[*] STARTING NEW DOMAIN: https://cooparative.tongibari.munshiganj.gov.bd
==================================================
[+] Domain exhausted. Finishing up: https://cooparative.tongibari.munshiganj.gov.bd
==================================================
[*] STARTING NEW DOMAIN: https://cooparative.sarail.brahmanbaria.gov.bd
==================================================
[+] Domain exhausted. Finishing up: https://cooparative.sarail.brahmanbaria.gov.bd
==================================================
[*] STARTING NEW DOMAIN: https://dls.mohammadpur.magura.gov.bd
==================================================
[+] Domain exhausted. Finishing up: https://dls.mohammadpur.magura.gov.bd
==================================================
[*] STARTING NEW DOMAIN: https://health.kaptai.rangamati.gov.bd
==================================================
[+] Domain exhausted. Finishing up: https://health.kaptai.rangamati.gov.bd
==================================================
[*] STARTING NEW DOMAIN: https://cs.moulvibazar.gov.bd
==================================================
[+] Domain exhausted. Finishing up: https://cs.moulvibazar.gov.bd
==================================================
[*] STARTING NEW DOMAIN: https://dae.bhuapur.tangail.gov.bd
==================================================
[+] Domain exhausted. Finishing up: https://dae.bhuapur.tangail.gov.bd
==================================================
[*] STARTING NEW DOMAIN: https://dss.kaharol.dinajpur.gov.bd
==================================================
[+] Domain exhausted. Finishing up: https://dss.kaharol.dinajpur.gov.bd
==================================================
[*] STARTING NEW DOMAIN: https://dss.sarishabari.jamalpur.gov.bd
==================================================
[+] Domain exhausted. Finishing up: https://dss.sarishabari.jamalpur.gov.bd
==================================================
[*] STARTING NEW DOMAIN: https://hsso.khagrachhari.gov.bd
==================================================
[+] Domain exhausted. Finishing up: https://hsso.khagrachhari.gov.bd
==================================================
[*] STARTING NEW DOMAIN: https://health.matiranga.khagrachhari.gov.bd
==================================================
[+] Domain exhausted. Finishing up: https://health.matiranga.khagrachhari.gov.bd
==================================================
[*] STARTING NEW DOMAIN: https://gowainghat.sylhet.gov.bd
==================================================
[+] Domain exhausted. Finishing up: https://gowainghat.sylhet.gov.bd
==================================================
[*] STARTING NEW DOMAIN: https://dae.sylhet.gov.bd
==================================================
[+] Domain exhausted. Finishing up: https://dae.sylhet.gov.bd
==================================================
[*] STARTING NEW DOMAIN: https://jbdhaka.gov.bd
==================================================
[+] Domain exhausted. Finishing up: https://jbdhaka.gov.bd
==================================================
[*] STARTING NEW DOMAIN: https://islampur.jamalpur.gov.bd
==================================================
[+] Domain exhausted. Finishing up: https://islampur.jamalpur.gov.bd
==================================================
[*] STARTING NEW DOMAIN: https://govtnorthkhulnacollege.jessoreboard.gov.bd
==================================================
[+] Domain exhausted. Finishing up: https://govtnorthkhulnacollege.jessoreboard.gov.bd
==================================================
[*] STARTING NEW DOMAIN: https://haridhalikapilmunigirlscollege.jessoreboard.gov.bd
==================================================
[+] Domain exhausted. Finishing up: https://haridhalikapilmunigirlscollege.jessoreboard.gov.bd
==================================================
[*] STARTING NEW DOMAIN: https://dao.manikganj.gov.bd
==================================================
[+] Domain exhausted. Finishing up: https://dao.manikganj.gov.bd
==================================================
[*] STARTING NEW DOMAIN: https://dao.muradnagar.comilla.gov.bd
==================================================
[+] Domain exhausted. Finishing up: https://dao.muradnagar.comilla.gov.bd
==================================================
[*] STARTING NEW DOMAIN: https://hazrahatijouthasecondaryschool.jessoreboard.gov.bd
==================================================
[+] Domain exhausted. Finishing up: https://hazrahatijouthasecondaryschool.jessoreboard.gov.bd
==================================================
[*] STARTING NEW DOMAIN: https://dasar.madaripur.gov.bd
==================================================
[+] Domain exhausted. Finishing up: https://dasar.madaripur.gov.bd
==================================================
[*] STARTING NEW DOMAIN: https://deb108192.dhakaeducationboard.gov.bd
==================================================
[+] Domain exhausted. Finishing up: https://deb108192.dhakaeducationboard.gov.bd
==================================================
[*] STARTING NEW DOMAIN: https://deb108325.dhakaeducationboard.gov.bd
==================================================
[+] Domain exhausted. Finishing up: https://deb108325.dhakaeducationboard.gov.bd
==================================================
[*] STARTING NEW DOMAIN: https://health.kaliganj.satkhira.gov.bd
==================================================
[+] Domain exhausted. Finishing up: https://health.kaliganj.satkhira.gov.bd
==================================================
[*] STARTING NEW DOMAIN: https://deb108433.dhakaeducationboard.gov.bd
==================================================
[+] Domain exhausted. Finishing up: https://deb108433.dhakaeducationboard.gov.bd
==================================================
[*] STARTING NEW DOMAIN: https://deb108585.dhakaeducationboard.gov.bd
==================================================
[+] Domain exhausted. Finishing up: https://deb108585.dhakaeducationboard.gov.bd
==================================================
[*] STARTING NEW DOMAIN: https://police.nalitabari.sherpur.gov.bd
==================================================
[+] Domain exhausted. Finishing up: https://police.nalitabari.sherpur.gov.bd
==================================================
[*] STARTING NEW DOMAIN: https://fri.portal.gov.bd
==================================================
[+] Domain exhausted. Finishing up: https://fri.portal.gov.bd
==================================================
[*] STARTING NEW DOMAIN: https://natore.gov.bd
==================================================
[+] Domain exhausted. Finishing up: https://natore.gov.bd
==================================================
[*] STARTING NEW DOMAIN: https://deb109063.dhakaeducationboard.gov.bd
==================================================
[+] Domain exhausted. Finishing up: https://deb109063.dhakaeducationboard.gov.bd
==================================================
[*] STARTING NEW DOMAIN: https://health.debiganj.panchagarh.gov.bd
==================================================
[+] Domain exhausted. Finishing up: https://health.debiganj.panchagarh.gov.bd
==================================================
[*] STARTING NEW DOMAIN: https://police.rajshahi.gov.bd
==================================================
[+] Domain exhausted. Finishing up: https://police.rajshahi.gov.bd
==================================================
[*] STARTING NEW DOMAIN: https://post.bera.pabna.gov.bd
==================================================
[+] Domain exhausted. Finishing up: https://post.bera.pabna.gov.bd
==================================================
[*] STARTING NEW DOMAIN: https://deb109608.dhakaeducationboard.gov.bd
==================================================
[+] Domain exhausted. Finishing up: https://deb109608.dhakaeducationboard.gov.bd
==================================================
[*] STARTING NEW DOMAIN: https://deb109740.dhakaeducationboard.gov.bd
==================================================
[+] Domain exhausted. Finishing up: https://deb109740.dhakaeducationboard.gov.bd
==================================================
[*] STARTING NEW DOMAIN: https://deb109873.dhakaeducationboard.gov.bd
==================================================
[+] Domain exhausted. Finishing up: https://deb109873.dhakaeducationboard.gov.bd
==================================================
[*] STARTING NEW DOMAIN: https://post.chuadangasadar.chuadanga.gov.bd
==================================================
[+] Domain exhausted. Finishing up: https://post.chuadangasadar.chuadanga.gov.bd
==================================================
[*] STARTING NEW DOMAIN: https://pwd.chandpur.gov.bd
==================================================
[+] Domain exhausted. Finishing up: https://pwd.chandpur.gov.bd
==================================================
[*] STARTING NEW DOMAIN: https://deb110232.dhakaeducationboard.gov.bd
==================================================
[+] Domain exhausted. Finishing up: https://deb110232.dhakaeducationboard.gov.bd
==================================================
[*] STARTING NEW DOMAIN: https://alamdangacollege.jessoreboard.gov.bd
==================================================
[+] Domain exhausted. Finishing up: https://alamdangacollege.jessoreboard.gov.bd
==================================================
[*] STARTING NEW DOMAIN: https://post.digholia.khulna.gov.bd
==================================================
[+] Domain exhausted. Finishing up: https://post.digholia.khulna.gov.bd
==================================================
[*] STARTING NEW DOMAIN: https://deb110685.dhakaeducationboard.gov.bd
==================================================
[+] Domain exhausted. Finishing up: https://deb110685.dhakaeducationboard.gov.bd
==================================================
[*] STARTING NEW DOMAIN: https://deb110841.dhakaeducationboard.gov.bd
==================================================
[+] Domain exhausted. Finishing up: https://deb110841.dhakaeducationboard.gov.bd
==================================================
[*] STARTING NEW DOMAIN: https://deb111128.dhakaeducationboard.gov.bd
==================================================
[+] Domain exhausted. Finishing up: https://deb111128.dhakaeducationboard.gov.bd
==================================================
[*] STARTING NEW DOMAIN: https://lged.balaganj.sylhet.gov.bd
==================================================
[+] Domain exhausted. Finishing up: https://lged.balaganj.sylhet.gov.bd
==================================================
[*] STARTING NEW DOMAIN: https://deb111087.dhakaeducationboard.gov.bd
==================================================
[+] Domain exhausted. Finishing up: https://deb111087.dhakaeducationboard.gov.bd
==================================================
[*] STARTING NEW DOMAIN: https://deb111259.dhakaeducationboard.gov.bd
==================================================
[+] Domain exhausted. Finishing up: https://deb111259.dhakaeducationboard.gov.bd
==================================================
[*] STARTING NEW DOMAIN: https://poradahasecondaryschool.jessoreboard.gov.bd
==================================================
[+] Domain exhausted. Finishing up: https://poradahasecondaryschool.jessoreboard.gov.bd
==================================================
[*] STARTING NEW DOMAIN: https://lged.bahubal.habiganj.gov.bd
==================================================
[+] Domain exhausted. Finishing up: https://lged.bahubal.habiganj.gov.bd
==================================================
[*] STARTING NEW DOMAIN: https://police.langadu.rangamati.gov.bd
==================================================
[+] Domain exhausted. Finishing up: https://police.langadu.rangamati.gov.bd
==================================================
[*] STARTING NEW DOMAIN: https://deb111952.dhakaeducationboard.gov.bd
==================================================
[+] Domain exhausted. Finishing up: https://deb111952.dhakaeducationboard.gov.bd
==================================================
[*] STARTING NEW DOMAIN: https://recruitment.bdansarerp.gov.bd
==================================================
[+] Domain exhausted. Finishing up: https://recruitment.bdansarerp.gov.bd
==================================================
[*] STARTING NEW DOMAIN: https://kashaliaup.gopalganj.gov.bd
==================================================
[+] Domain exhausted. Finishing up: https://kashaliaup.gopalganj.gov.bd
==================================================
[*] STARTING NEW DOMAIN: https://deb112400.dhakaeducationboard.gov.bd
==================================================
[+] Domain exhausted. Finishing up: https://deb112400.dhakaeducationboard.gov.bd
==================================================
[*] STARTING NEW DOMAIN: https://deb112573.dhakaeducationboard.gov.bd
==================================================
[+] Domain exhausted. Finishing up: https://deb112573.dhakaeducationboard.gov.bd
==================================================
[*] STARTING NEW DOMAIN: https://deb112426.dhakaeducationboard.gov.bd
==================================================
[+] Domain exhausted. Finishing up: https://deb112426.dhakaeducationboard.gov.bd
==================================================
[*] STARTING NEW DOMAIN: https://lged.iswarganj.mymensingh.gov.bd
==================================================
[+] Domain exhausted. Finishing up: https://lged.iswarganj.mymensingh.gov.bd
==================================================
[*] STARTING NEW DOMAIN: https://mmjuniorgirlshighschool.jessoreboard.gov.bd
==================================================
[+] Domain exhausted. Finishing up: https://mmjuniorgirlshighschool.jessoreboard.gov.bd
==================================================
[*] STARTING NEW DOMAIN: https://deb112788.dhakaeducationboard.gov.bd
==================================================
[+] Domain exhausted. Finishing up: https://deb112788.dhakaeducationboard.gov.bd
==================================================
[*] STARTING NEW DOMAIN: https://kytailup.netrokona.gov.bd
==================================================
[+] Domain exhausted. Finishing up: https://kytailup.netrokona.gov.bd
==================================================
[*] STARTING NEW DOMAIN: https://deb113157.dhakaeducationboard.gov.bd
==================================================
[+] Domain exhausted. Finishing up: https://deb113157.dhakaeducationboard.gov.bd
==================================================
[*] STARTING NEW DOMAIN: https://kondaup.dhaka.gov.bd
==================================================
[+] Domain exhausted. Finishing up: https://kondaup.dhaka.gov.bd
==================================================
[*] STARTING NEW DOMAIN: https://deb113259.dhakaeducationboard.gov.bd
==================================================
[+] Domain exhausted. Finishing up: https://deb113259.dhakaeducationboard.gov.bd
==================================================
[*] STARTING NEW DOMAIN: https://deb113426.dhakaeducationboard.gov.bd
==================================================
[+] Domain exhausted. Finishing up: https://deb113426.dhakaeducationboard.gov.bd
==================================================
[*] STARTING NEW DOMAIN: https://deb113552.dhakaeducationboard.gov.bd
==================================================
[+] Domain exhausted. Finishing up: https://deb113552.dhakaeducationboard.gov.bd
==================================================
[*] STARTING NEW DOMAIN: https://deb113660.dhakaeducationboard.gov.bd
==================================================
[+] Domain exhausted. Finishing up: https://deb113660.dhakaeducationboard.gov.bd
==================================================
[*] STARTING NEW DOMAIN: https://manila.mofa.gov.bd
==================================================
[+] Domain exhausted. Finishing up: https://manila.mofa.gov.bd
==================================================
[*] STARTING NEW DOMAIN: https://deb113915.dhakaeducationboard.gov.bd
==================================================
[+] Domain exhausted. Finishing up: https://deb113915.dhakaeducationboard.gov.bd
==================================================
[*] STARTING NEW DOMAIN: https://deb113879.dhakaeducationboard.gov.bd
==================================================
[+] Domain exhausted. Finishing up: https://deb113879.dhakaeducationboard.gov.bd
==================================================
[*] STARTING NEW DOMAIN: https://deb114107.dhakaeducationboard.gov.bd
==================================================
[+] Domain exhausted. Finishing up: https://deb114107.dhakaeducationboard.gov.bd
==================================================
[*] STARTING NEW DOMAIN: https://satgaonup.moulvibazar.gov.bd
==================================================
[+] Domain exhausted. Finishing up: https://satgaonup.moulvibazar.gov.bd
==================================================
[*] STARTING NEW DOMAIN: https://deb114364.dhakaeducationboard.gov.bd
==================================================
[+] Domain exhausted. Finishing up: https://deb114364.dhakaeducationboard.gov.bd
==================================================
[*] STARTING NEW DOMAIN: https://pbs.mirpur.kushtia.gov.bd
==================================================
[+] Domain exhausted. Finishing up: https://pbs.mirpur.kushtia.gov.bd
==================================================
[*] STARTING NEW DOMAIN: https://app1.btebadmission.gov.bd
==================================================
[+] Domain exhausted. Finishing up: https://app1.btebadmission.gov.bd
==================================================
[*] STARTING NEW DOMAIN: https://bba.portal.gov.bd
==================================================
[+] Domain exhausted. Finishing up: https://bba.portal.gov.bd
==================================================
[*] STARTING NEW DOMAIN: https://sfdf.sadar.barguna.gov.bd
==================================================
[+] Domain exhausted. Finishing up: https://sfdf.sadar.barguna.gov.bd
==================================================
[*] STARTING NEW DOMAIN: https://deb114524.dhakaeducationboard.gov.bd
==================================================
[+] Domain exhausted. Finishing up: https://deb114524.dhakaeducationboard.gov.bd
==================================================
[*] STARTING NEW DOMAIN: https://deb114679.dhakaeducationboard.gov.bd
==================================================
[+] Domain exhausted. Finishing up: https://deb114679.dhakaeducationboard.gov.bd
==================================================
[*] STARTING NEW DOMAIN: https://deb114568.dhakaeducationboard.gov.bd
==================================================
[+] Domain exhausted. Finishing up: https://deb114568.dhakaeducationboard.gov.bd
==================================================
[*] STARTING NEW DOMAIN: https://bmda.ullapara.sirajganj.gov.bd
==================================================
[+] Domain exhausted. Finishing up: https://bmda.ullapara.sirajganj.gov.bd
==================================================
[*] STARTING NEW DOMAIN: https://bmda.bagmara.rajshahi.gov.bd
==================================================
[+] Domain exhausted. Finishing up: https://bmda.bagmara.rajshahi.gov.bd
==================================================
[*] STARTING NEW DOMAIN: https://bnfe.chuadanga.gov.bd
==================================================
[+] Domain exhausted. Finishing up: https://bnfe.chuadanga.gov.bd
==================================================
[*] STARTING NEW DOMAIN: https://brdb.belabo.narsingdi.gov.bd
==================================================
[+] Domain exhausted. Finishing up: https://brdb.belabo.narsingdi.gov.bd
==================================================
[*] STARTING NEW DOMAIN: https://brdb.rajshahi.gov.bd
==================================================
[+] Domain exhausted. Finishing up: https://brdb.rajshahi.gov.bd
==================================================
[*] STARTING NEW DOMAIN: https://brdb.ullapara.sirajganj.gov.bd
==================================================
[+] Domain exhausted. Finishing up: https://brdb.ullapara.sirajganj.gov.bd
==================================================
[*] STARTING NEW DOMAIN: https://buraburi.uniontax.gov.bd
==================================================
[+] Domain exhausted. Finishing up: https://buraburi.uniontax.gov.bd
==================================================
[*] STARTING NEW DOMAIN: https://chhatiantalachuramankathisecondaryschool.jessoreboard.gov.bd
==================================================
[+] Domain exhausted. Finishing up: https://chhatiantalachuramankathisecondaryschool.jessoreboard.gov.bd
==================================================
[*] STARTING NEW DOMAIN: https://mirsharaipolice.mirsharai.chittagong.gov.bd
==================================================
[+] Domain exhausted. Finishing up: https://mirsharaipolice.mirsharai.chittagong.gov.bd
==================================================
[*] STARTING NEW DOMAIN: https://customs.narsingdi.gov.bd
==================================================
[+] Domain exhausted. Finishing up: https://customs.narsingdi.gov.bd
==================================================
[*] STARTING NEW DOMAIN: https://lkbjuniorsecondaryschool.jessoreboard.gov.bd
==================================================
[+] Domain exhausted. Finishing up: https://lkbjuniorsecondaryschool.jessoreboard.gov.bd
==================================================
[*] STARTING NEW DOMAIN: https://deb108762.dhakaeducationboard.gov.bd
==================================================
[+] Domain exhausted. Finishing up: https://deb108762.dhakaeducationboard.gov.bd
==================================================
[*] STARTING NEW DOMAIN: https://deb110848.dhakaeducationboard.gov.bd
==================================================
[+] Domain exhausted. Finishing up: https://deb110848.dhakaeducationboard.gov.bd
==================================================
[*] STARTING NEW DOMAIN: https://macademybarishal.portal.gov.bd
==================================================
[+] Domain exhausted. Finishing up: https://macademybarishal.portal.gov.bd
==================================================
[*] STARTING NEW DOMAIN: https://dgda.habiganj.gov.bd
==================================================
[+] Domain exhausted. Finishing up: https://dgda.habiganj.gov.bd
==================================================
[*] STARTING NEW DOMAIN: https://dife.gazipur.gov.bd
==================================================
[+] Domain exhausted. Finishing up: https://dife.gazipur.gov.bd
==================================================
[*] STARTING NEW DOMAIN: https://doict.bera.pabna.gov.bd
==================================================
[+] Domain exhausted. Finishing up: https://doict.bera.pabna.gov.bd
==================================================
[*] STARTING NEW DOMAIN: https://dss.dumki.patuakhali.gov.bd
==================================================
[+] Domain exhausted. Finishing up: https://dss.dumki.patuakhali.gov.bd
==================================================
[*] STARTING NEW DOMAIN: https://deb133847.dhakaeducationboard.gov.bd
==================================================
[+] Domain exhausted. Finishing up: https://deb133847.dhakaeducationboard.gov.bd
==================================================
[*] STARTING NEW DOMAIN: https://food.katiadi.kishoreganj.gov.bd
==================================================
[+] Domain exhausted. Finishing up: https://food.katiadi.kishoreganj.gov.bd
==================================================
[*] STARTING NEW DOMAIN: https://deb134626.dhakaeducationboard.gov.bd
==================================================
[+] Domain exhausted. Finishing up: https://deb134626.dhakaeducationboard.gov.bd
==================================================
[*] STARTING NEW DOMAIN: https://hajj.gov.bd
==================================================
[+] Domain exhausted. Finishing up: https://hajj.gov.bd
==================================================
[*] STARTING NEW DOMAIN: https://rahmatpursecondaryschool.jessoreboard.gov.bd
==================================================
[+] Domain exhausted. Finishing up: https://rahmatpursecondaryschool.jessoreboard.gov.bd
==================================================
[*] STARTING NEW DOMAIN: https://maijparacollege.jessoreboard.gov.bd
==================================================
[+] Domain exhausted. Finishing up: https://maijparacollege.jessoreboard.gov.bd
==================================================
[*] STARTING NEW DOMAIN: https://mchti-mirpur.dgfp.gov.bd
==================================================
[+] Domain exhausted. Finishing up: https://mchti-mirpur.dgfp.gov.bd
==================================================
[*] STARTING NEW DOMAIN: https://tax.narayanganj.gov.bd
==================================================
[+] Domain exhausted. Finishing up: https://tax.narayanganj.gov.bd
==================================================
[*] STARTING NEW DOMAIN: https://pliec.bdpost.gov.bd
==================================================
[+] Domain exhausted. Finishing up: https://pliec.bdpost.gov.bd
==================================================
[*] STARTING NEW DOMAIN: https://deb136579.dhakaeducationboard.gov.bd
==================================================
[+] Domain exhausted. Finishing up: https://deb136579.dhakaeducationboard.gov.bd
==================================================
[*] STARTING NEW DOMAIN: https://savings.chandpur.gov.bd
==================================================
[+] Domain exhausted. Finishing up: https://savings.chandpur.gov.bd
==================================================
[*] STARTING NEW DOMAIN: https://deb137133.dhakaeducationboard.gov.bd
==================================================
[+] Domain exhausted. Finishing up: https://deb137133.dhakaeducationboard.gov.bd
==================================================
[*] STARTING NEW DOMAIN: https://urc.barkal.rangamati.gov.bd
==================================================
[+] Domain exhausted. Finishing up: https://urc.barkal.rangamati.gov.bd
==================================================
[*] STARTING NEW DOMAIN: https://shilpakala.narsingdi.gov.bd
==================================================
[+] Domain exhausted. Finishing up: https://shilpakala.narsingdi.gov.bd
==================================================
[*] STARTING NEW DOMAIN: https://deb137253.dhakaeducationboard.gov.bd
==================================================
[+] Domain exhausted. Finishing up: https://deb137253.dhakaeducationboard.gov.bd
==================================================
[*] STARTING NEW DOMAIN: https://urc.mirsharai.chittagong.gov.bd
==================================================
[+] Domain exhausted. Finishing up: https://urc.mirsharai.chittagong.gov.bd
==================================================
[*] STARTING NEW DOMAIN: https://tsc.chuadanga.gov.bd
==================================================
[+] Domain exhausted. Finishing up: https://tsc.chuadanga.gov.bd
==================================================
[*] STARTING NEW DOMAIN: https://urc.rowangchhari.bandarban.gov.bd
==================================================
[+] Domain exhausted. Finishing up: https://urc.rowangchhari.bandarban.gov.bd
==================================================
[*] STARTING NEW DOMAIN: https://tax.rangpurdiv.gov.bd
==================================================
[+] Domain exhausted. Finishing up: https://tax.rangpurdiv.gov.bd
==================================================
[*] STARTING NEW DOMAIN: https://usthiup.mymensingh.gov.bd
==================================================
[+] Domain exhausted. Finishing up: https://usthiup.mymensingh.gov.bd
==================================================
[*] STARTING NEW DOMAIN: https://tcbgolgoliaadarshajuniorhighschool.jessoreboard.gov.bd
==================================================
[+] Domain exhausted. Finishing up: https://tcbgolgoliaadarshajuniorhighschool.jessoreboard.gov.bd
==================================================
[*] STARTING NEW DOMAIN: https://web.bpdbprepaid.gov.bd
==================================================
[+] Domain exhausted. Finishing up: https://web.bpdbprepaid.gov.bd
==================================================
[*] STARTING NEW DOMAIN: https://deb138552.dhakaeducationboard.gov.bd
==================================================
[+] Domain exhausted. Finishing up: https://deb138552.dhakaeducationboard.gov.bd
==================================================
[*] STARTING NEW DOMAIN: https://youth.austagram.kishoreganj.gov.bd
==================================================
[+] Domain exhausted. Finishing up: https://youth.austagram.kishoreganj.gov.bd
==================================================
[*] STARTING NEW DOMAIN: https://wildlifedivision.chittagongdiv.gov.bd
==================================================
[+] Domain exhausted. Finishing up: https://wildlifedivision.chittagongdiv.gov.bd
==================================================
[*] STARTING NEW DOMAIN: https://youth.faridpur.pabna.gov.bd
==================================================
[+] Domain exhausted. Finishing up: https://youth.faridpur.pabna.gov.bd
==================================================
[*] STARTING NEW DOMAIN: https://youth.ghoraghat.dinajpur.gov.bd
==================================================
[+] Domain exhausted. Finishing up: https://youth.ghoraghat.dinajpur.gov.bd
==================================================
[*] STARTING NEW DOMAIN: https://deb138743.dhakaeducationboard.gov.bd
==================================================
[+] Domain exhausted. Finishing up: https://deb138743.dhakaeducationboard.gov.bd
==================================================
[*] STARTING NEW DOMAIN: https://youth.nabinagar.brahmanbaria.gov.bd
==================================================
[+] Domain exhausted. Finishing up: https://youth.nabinagar.brahmanbaria.gov.bd
==================================================
[*] STARTING NEW DOMAIN: https://youth.muladi.barisal.gov.bd
==================================================
[+] Domain exhausted. Finishing up: https://youth.muladi.barisal.gov.bd
==================================================
[*] STARTING NEW DOMAIN: https://youth.sarankhola.bagerhat.gov.bd
==================================================
[+] Domain exhausted. Finishing up: https://youth.sarankhola.bagerhat.gov.bd
==================================================
[*] STARTING NEW DOMAIN: https://tscrampal.bagerhat.gov.bd
==================================================
[+] Domain exhausted. Finishing up: https://tscrampal.bagerhat.gov.bd
==================================================
[*] STARTING NEW DOMAIN: https://zp.brahmanbaria.gov.bd
==================================================
[+] Domain exhausted. Finishing up: https://zp.brahmanbaria.gov.bd
==================================================
[*] STARTING NEW DOMAIN: https://zso.bogra.gov.bd
==================================================
[+] Domain exhausted. Finishing up: https://zso.bogra.gov.bd
==================================================
[*] STARTING NEW DOMAIN: https://tscmujibnagar.meherpur.gov.bd
==================================================
[+] Domain exhausted. Finishing up: https://tscmujibnagar.meherpur.gov.bd
==================================================
[*] STARTING NEW DOMAIN: https://sspg.pabna.gov.bd
==================================================
[+] Domain exhausted. Finishing up: https://sspg.pabna.gov.bd
==================================================
[*] STARTING NEW DOMAIN: http://amirpurjuniorgirlsschool.jessoreboard.gov.bd
==================================================
[+] Domain exhausted. Finishing up: http://amirpurjuniorgirlsschool.jessoreboard.gov.bd
==================================================
[*] STARTING NEW DOMAIN: http://brussels.mofa.gov.bd
==================================================
[+] Domain exhausted. Finishing up: http://brussels.mofa.gov.bd
==================================================
[*] STARTING NEW DOMAIN: https://deo.bauphal.patuakhali.gov.bd
==================================================
[+] Domain exhausted. Finishing up: https://deo.bauphal.patuakhali.gov.bd
==================================================
[*] STARTING NEW DOMAIN: http://deb108137.dhakaeducationboard.gov.bd
==================================================
[+] Domain exhausted. Finishing up: http://deb108137.dhakaeducationboard.gov.bd
==================================================
[*] STARTING NEW DOMAIN: https://deo.kalkini.madaripur.gov.bd
==================================================
[+] Domain exhausted. Finishing up: https://deo.kalkini.madaripur.gov.bd
==================================================
[*] STARTING NEW DOMAIN: http://deb114371.dhakaeducationboard.gov.bd
==================================================
[+] Domain exhausted. Finishing up: http://deb114371.dhakaeducationboard.gov.bd
==================================================
[*] STARTING NEW DOMAIN: http://dphe.sadar.jhalakathi.gov.bd
==================================================
[+] Domain exhausted. Finishing up: http://dphe.sadar.jhalakathi.gov.bd
==================================================
[*] STARTING NEW DOMAIN: https://dgtsecondaryschool.jessoreboard.gov.bd
==================================================
[+] Domain exhausted. Finishing up: https://dgtsecondaryschool.jessoreboard.gov.bd
==================================================
[*] STARTING NEW DOMAIN: https://shishuacademy.narsingdi.gov.bd
==================================================
[+] Domain exhausted. Finishing up: https://shishuacademy.narsingdi.gov.bd
==================================================
[*] STARTING NEW DOMAIN: https://dhamsonaup.dhaka.gov.bd
==================================================
[+] Domain exhausted. Finishing up: https://dhamsonaup.dhaka.gov.bd
==================================================
[*] STARTING NEW DOMAIN: https://skh.portal.gov.bd
==================================================
[+] Domain exhausted. Finishing up: https://skh.portal.gov.bd
==================================================
[*] STARTING NEW DOMAIN: https://lged.tungipara.gopalganj.gov.bd
==================================================
[+] Domain exhausted. Finishing up: https://lged.tungipara.gopalganj.gov.bd
==================================================
[*] STARTING NEW DOMAIN: https://so.naniarchar.rangamati.gov.bd
==================================================
[+] Domain exhausted. Finishing up: https://so.naniarchar.rangamati.gov.bd
==================================================
[*] STARTING NEW DOMAIN: https://dls.baniachong.habiganj.gov.bd
==================================================
[+] Domain exhausted. Finishing up: https://dls.baniachong.habiganj.gov.bd
==================================================
[*] STARTING NEW DOMAIN: https://sports.joypurhat.gov.bd
==================================================
[+] Domain exhausted. Finishing up: https://sports.joypurhat.gov.bd
==================================================
[*] STARTING NEW DOMAIN: https://sr.jaintiapur.sylhet.gov.bd
==================================================
[+] Domain exhausted. Finishing up: https://sr.jaintiapur.sylhet.gov.bd
==================================================
[*] STARTING NEW DOMAIN: https://sr.kushtiasadar.kushtia.gov.bd
==================================================
[+] Domain exhausted. Finishing up: https://sr.kushtiasadar.kushtia.gov.bd
==================================================
[*] STARTING NEW DOMAIN: https://sr.manirampur.jessore.gov.bd
==================================================
[+] Domain exhausted. Finishing up: https://sr.manirampur.jessore.gov.bd
==================================================
[*] STARTING NEW DOMAIN: https://uitrce.lohagara.narail.gov.bd
==================================================
[+] Domain exhausted. Finishing up: https://uitrce.lohagara.narail.gov.bd
==================================================
[*] STARTING NEW DOMAIN: https://dls.hatibandha.lalmonirhat.gov.bd
==================================================
[+] Domain exhausted. Finishing up: https://dls.hatibandha.lalmonirhat.gov.bd
==================================================
[*] STARTING NEW DOMAIN: https://sca.gazipur.gov.bd
==================================================
[+] Domain exhausted. Finishing up: https://sca.gazipur.gov.bd
==================================================
[*] STARTING NEW DOMAIN: https://dls.sadar.gazipur.gov.bd
==================================================
[+] Domain exhausted. Finishing up: https://dls.sadar.gazipur.gov.bd
==================================================
[*] STARTING NEW DOMAIN: https://bbs.munshiganj.gov.bd
==================================================
[+] Domain exhausted. Finishing up: https://bbs.munshiganj.gov.bd
==================================================
[*] STARTING NEW DOMAIN: https://dnc.chittagongdiv.gov.bd
==================================================
[+] Domain exhausted. Finishing up: https://dnc.chittagongdiv.gov.bd
==================================================
[*] STARTING NEW DOMAIN: https://dncrp.natore.gov.bd
==================================================
[+] Domain exhausted. Finishing up: https://dncrp.natore.gov.bd
==================================================
[*] STARTING NEW DOMAIN: https://dncrp.habiganj.gov.bd
==================================================
[+] Domain exhausted. Finishing up: https://dncrp.habiganj.gov.bd
==================================================
[*] STARTING NEW DOMAIN: https://narailup.mymensingh.gov.bd
==================================================
[+] Domain exhausted. Finishing up: https://narailup.mymensingh.gov.bd
==================================================
[*] STARTING NEW DOMAIN: https://doict.bagmara.rajshahi.gov.bd
==================================================
[+] Domain exhausted. Finishing up: https://doict.bagmara.rajshahi.gov.bd
==================================================
[*] STARTING NEW DOMAIN: https://doict.debidwar.comilla.gov.bd
==================================================
[+] Domain exhausted. Finishing up: https://doict.debidwar.comilla.gov.bd
==================================================
[*] STARTING NEW DOMAIN: https://doict.bhuapur.tangail.gov.bd
==================================================
[+] Domain exhausted. Finishing up: https://doict.bhuapur.tangail.gov.bd
==================================================
[*] STARTING NEW DOMAIN: https://doict.kabirhat.noakhali.gov.bd
==================================================
[+] Domain exhausted. Finishing up: https://doict.kabirhat.noakhali.gov.bd
==================================================
[*] STARTING NEW DOMAIN: https://beza.portal.gov.bd
==================================================
[+] Domain exhausted. Finishing up: https://beza.portal.gov.bd
==================================================
[*] STARTING NEW DOMAIN: https://urc.mohadevpur.naogaon.gov.bd
==================================================
[+] Domain exhausted. Finishing up: https://urc.mohadevpur.naogaon.gov.bd
==================================================
[*] STARTING NEW DOMAIN: https://bwdb.sylhetdiv.gov.bd
==================================================
[+] Domain exhausted. Finishing up: https://bwdb.sylhetdiv.gov.bd
==================================================
[*] STARTING NEW DOMAIN: https://bmet.khagrachhari.gov.bd
==================================================
[+] Domain exhausted. Finishing up: https://bmet.khagrachhari.gov.bd
==================================================
[*] STARTING NEW DOMAIN: https://doj.kaunia.rangpur.gov.bd
==================================================
[+] Domain exhausted. Finishing up: https://doj.kaunia.rangpur.gov.bd
==================================================
[*] STARTING NEW DOMAIN: https://bbs.kulaura.moulvibazar.gov.bd
==================================================
[+] Domain exhausted. Finishing up: https://bbs.kulaura.moulvibazar.gov.bd
==================================================
[*] STARTING NEW DOMAIN: https://bjc.portal.gov.bd
==================================================
[+] Domain exhausted. Finishing up: https://bjc.portal.gov.bd
==================================================
[*] STARTING NEW DOMAIN: https://dpe.jhikargacha.jessore.gov.bd
==================================================
[+] Domain exhausted. Finishing up: https://dpe.jhikargacha.jessore.gov.bd
==================================================
[*] STARTING NEW DOMAIN: https://bhurungamari.kurigram.gov.bd
==================================================
[+] Domain exhausted. Finishing up: https://bhurungamari.kurigram.gov.bd
==================================================
[*] STARTING NEW DOMAIN: https://dphe.birampur.dinajpur.gov.bd
==================================================
[+] Domain exhausted. Finishing up: https://dphe.birampur.dinajpur.gov.bd
==================================================
[*] STARTING NEW DOMAIN: https://cafodefence.portal.gov.bd
==================================================
[+] Domain exhausted. Finishing up: https://cafodefence.portal.gov.bd
==================================================
[*] STARTING NEW DOMAIN: https://brdb.tahirpur.sunamganj.gov.bd
==================================================
[+] Domain exhausted. Finishing up: https://brdb.tahirpur.sunamganj.gov.bd
==================================================
[*] STARTING NEW DOMAIN: https://bgttc.dhaka.gov.bd
==================================================
[+] Domain exhausted. Finishing up: https://bgttc.dhaka.gov.bd
==================================================
[*] STARTING NEW DOMAIN: https://sagorkandiup.pabna.gov.bd
==================================================
[+] Domain exhausted. Finishing up: https://sagorkandiup.pabna.gov.bd
==================================================
[*] STARTING NEW DOMAIN: https://dphe.shibganj.chapainawabganj.gov.bd
==================================================
[+] Domain exhausted. Finishing up: https://dphe.shibganj.chapainawabganj.gov.bd
==================================================
[*] STARTING NEW DOMAIN: https://dr.noakhali.gov.bd
==================================================
[+] Domain exhausted. Finishing up: https://dr.noakhali.gov.bd
==================================================
[*] STARTING NEW DOMAIN: https://bwdb.bagerhat.gov.bd
==================================================
[+] Domain exhausted. Finishing up: https://bwdb.bagerhat.gov.bd
==================================================
[*] STARTING NEW DOMAIN: https://bbs.kaunia.rangpur.gov.bd
==================================================
[+] Domain exhausted. Finishing up: https://bbs.kaunia.rangpur.gov.bd
==================================================
[*] STARTING NEW DOMAIN: https://policelinesmodelschool.jessoreboard.gov.bd
==================================================
[+] Domain exhausted. Finishing up: https://policelinesmodelschool.jessoreboard.gov.bd
==================================================
[*] STARTING NEW DOMAIN: https://dshe.muladi.barisal.gov.bd
==================================================
[+] Domain exhausted. Finishing up: https://dshe.muladi.barisal.gov.bd
==================================================
[*] STARTING NEW DOMAIN: https://dshe.lohagara.narail.gov.bd
==================================================
[+] Domain exhausted. Finishing up: https://dshe.lohagara.narail.gov.bd
==================================================
[*] STARTING NEW DOMAIN: https://brdb.sarankhola.bagerhat.gov.bd
==================================================
[+] Domain exhausted. Finishing up: https://brdb.sarankhola.bagerhat.gov.bd
==================================================
[*] STARTING NEW DOMAIN: https://dss.boalmari.faridpur.gov.bd
==================================================
[+] Domain exhausted. Finishing up: https://dss.boalmari.faridpur.gov.bd
==================================================
[*] STARTING NEW DOMAIN: https://dss.narail.gov.bd
==================================================
[+] Domain exhausted. Finishing up: https://dss.narail.gov.bd
==================================================
[*] STARTING NEW DOMAIN: https://dss.rajasthali.rangamati.gov.bd
==================================================
[+] Domain exhausted. Finishing up: https://dss.rajasthali.rangamati.gov.bd
==================================================
[*] STARTING NEW DOMAIN: https://dssucd3.dhaka.gov.bd
==================================================
[+] Domain exhausted. Finishing up: https://dssucd3.dhaka.gov.bd
==================================================
[*] STARTING NEW DOMAIN: https://dwa.comilla.gov.bd
==================================================
[+] Domain exhausted. Finishing up: https://dwa.comilla.gov.bd
==================================================
[*] STARTING NEW DOMAIN: https://bwdb.barisaldiv.gov.bd
==================================================
[+] Domain exhausted. Finishing up: https://bwdb.barisaldiv.gov.bd
==================================================
[*] STARTING NEW DOMAIN: https://dwa.rajshahidiv.gov.bd
==================================================
[+] Domain exhausted. Finishing up: https://dwa.rajshahidiv.gov.bd
==================================================
[*] STARTING NEW DOMAIN: https://dwa.naldanga.natore.gov.bd
==================================================
[+] Domain exhausted. Finishing up: https://dwa.naldanga.natore.gov.bd
==================================================
[*] STARTING NEW DOMAIN: https://ebek.jagannathpur.sunamganj.gov.bd
==================================================
[+] Domain exhausted. Finishing up: https://ebek.jagannathpur.sunamganj.gov.bd
==================================================
[*] STARTING NEW DOMAIN: https://bwdb.bogra.gov.bd
==================================================
[+] Domain exhausted. Finishing up: https://bwdb.bogra.gov.bd
==================================================
[*] STARTING NEW DOMAIN: https://ebek.madhupur.tangail.gov.bd
==================================================
[+] Domain exhausted. Finishing up: https://ebek.madhupur.tangail.gov.bd
==================================================
[*] STARTING NEW DOMAIN: https://ec.haripur.thakurgaon.gov.bd
==================================================
[+] Domain exhausted. Finishing up: https://ec.haripur.thakurgaon.gov.bd
==================================================
[*] STARTING NEW DOMAIN: https://ec.jessore.gov.bd
==================================================
[+] Domain exhausted. Finishing up: https://ec.jessore.gov.bd
==================================================
[*] STARTING NEW DOMAIN: https://ec.rangpurdiv.gov.bd
==================================================
[+] Domain exhausted. Finishing up: https://ec.rangpurdiv.gov.bd
==================================================
[*] STARTING NEW DOMAIN: https://ec.satkania.chittagong.gov.bd
==================================================
[+] Domain exhausted. Finishing up: https://ec.satkania.chittagong.gov.bd
==================================================
[*] STARTING NEW DOMAIN: https://eed.kashiani.gopalganj.gov.bd
==================================================
[+] Domain exhausted. Finishing up: https://eed.kashiani.gopalganj.gov.bd
==================================================
[*] STARTING NEW DOMAIN: https://eed.lohagara.chittagong.gov.bd
==================================================
[+] Domain exhausted. Finishing up: https://eed.lohagara.chittagong.gov.bd
==================================================
[*] STARTING NEW DOMAIN: https://ekreeup.pirojpur.gov.bd
==================================================
[+] Domain exhausted. Finishing up: https://ekreeup.pirojpur.gov.bd
==================================================
[*] STARTING NEW DOMAIN: https://epb.khulnadiv.gov.bd
==================================================
[+] Domain exhausted. Finishing up: https://epb.khulnadiv.gov.bd
==================================================
[*] STARTING NEW DOMAIN: https://fertilizerbadc.tangail.gov.bd
==================================================
[+] Domain exhausted. Finishing up: https://fertilizerbadc.tangail.gov.bd
==================================================
[*] STARTING NEW DOMAIN: https://ffwc.gov.bd
==================================================
[+] Domain exhausted. Finishing up: https://ffwc.gov.bd
==================================================
[*] STARTING NEW DOMAIN: https://fireservice.amtali.barguna.gov.bd
==================================================
[+] Domain exhausted. Finishing up: https://fireservice.amtali.barguna.gov.bd
==================================================
[*] STARTING NEW DOMAIN: http://dae-farreg.dhakadiv.gov.bd
==================================================
[+] Domain exhausted. Finishing up: http://dae-farreg.dhakadiv.gov.bd
==================================================
[*] STARTING NEW DOMAIN: https://fireservice.paba.rajshahi.gov.bd
==================================================
[+] Domain exhausted. Finishing up: https://fireservice.paba.rajshahi.gov.bd
==================================================
[*] STARTING NEW DOMAIN: https://wzpdcl.rajbari.gov.bd
==================================================
[+] Domain exhausted. Finishing up: https://wzpdcl.rajbari.gov.bd
==================================================
[*] STARTING NEW DOMAIN: https://fisheries.gobindaganj.gaibandha.gov.bd
==================================================
[+] Domain exhausted. Finishing up: https://fisheries.gobindaganj.gaibandha.gov.bd
==================================================
[*] STARTING NEW DOMAIN: https://fisheries.daudkandi.comilla.gov.bd
==================================================
[+] Domain exhausted. Finishing up: https://fisheries.daudkandi.comilla.gov.bd
==================================================
[*] STARTING NEW DOMAIN: https://fisheries.osmaninagar.sylhet.gov.bd
==================================================
[+] Domain exhausted. Finishing up: https://fisheries.osmaninagar.sylhet.gov.bd
==================================================
[*] STARTING NEW DOMAIN: http://deb107965.dhakaeducationboard.gov.bd
==================================================
[+] Domain exhausted. Finishing up: http://deb107965.dhakaeducationboard.gov.bd
==================================================
[*] STARTING NEW DOMAIN: https://food.belabo.narsingdi.gov.bd
==================================================
[+] Domain exhausted. Finishing up: https://food.belabo.narsingdi.gov.bd
==================================================
[*] STARTING NEW DOMAIN: https://flid.dhaka.gov.bd
==================================================
[+] Domain exhausted. Finishing up: https://flid.dhaka.gov.bd
==================================================
[*] STARTING NEW DOMAIN: https://food.kamarkhand.sirajganj.gov.bd
==================================================
[+] Domain exhausted. Finishing up: https://food.kamarkhand.sirajganj.gov.bd
==================================================
[*] STARTING NEW DOMAIN: https://food.karnafuli.chittagong.gov.bd
==================================================
[+] Domain exhausted. Finishing up: https://food.karnafuli.chittagong.gov.bd
==================================================
[*] STARTING NEW DOMAIN: https://food.sreebordi.sherpur.gov.bd
==================================================
[+] Domain exhausted. Finishing up: https://food.sreebordi.sherpur.gov.bd
==================================================
[*] STARTING NEW DOMAIN: https://food.phulchari.gaibandha.gov.bd
==================================================
[+] Domain exhausted. Finishing up: https://food.phulchari.gaibandha.gov.bd
==================================================
[*] STARTING NEW DOMAIN: https://forest.lakshmipur.gov.bd
==================================================
[+] Domain exhausted. Finishing up: https://forest.lakshmipur.gov.bd
==================================================
[*] STARTING NEW DOMAIN: https://forest.palashbari.gaibandha.gov.bd
==================================================
[+] Domain exhausted. Finishing up: https://forest.palashbari.gaibandha.gov.bd
==================================================
[*] STARTING NEW DOMAIN: https://fpo.bhuapur.tangail.gov.bd
==================================================
[+] Domain exhausted. Finishing up: https://fpo.bhuapur.tangail.gov.bd
==================================================
[*] STARTING NEW DOMAIN: https://fpo.betagi.barguna.gov.bd
==================================================
[+] Domain exhausted. Finishing up: https://fpo.betagi.barguna.gov.bd
==================================================
[*] STARTING NEW DOMAIN: https://fpo.rajbari.gov.bd
==================================================
[+] Domain exhausted. Finishing up: https://fpo.rajbari.gov.bd
==================================================
[*] STARTING NEW DOMAIN: https://fsmf.sadar.gopalganj.gov.bd
==================================================
[+] Domain exhausted. Finishing up: https://fsmf.sadar.gopalganj.gov.bd
==================================================
[*] STARTING NEW DOMAIN: https://fpo.rangpurdiv.gov.bd
==================================================
[+] Domain exhausted. Finishing up: https://fpo.rangpurdiv.gov.bd
==================================================
[*] STARTING NEW DOMAIN: https://singiasecondaryschool.jessoreboard.gov.bd
==================================================
[+] Domain exhausted. Finishing up: https://singiasecondaryschool.jessoreboard.gov.bd
==================================================
[*] STARTING NEW DOMAIN: https://garaimohilacollege.jessoreboard.gov.bd
==================================================
[+] Domain exhausted. Finishing up: https://garaimohilacollege.jessoreboard.gov.bd
==================================================
[*] STARTING NEW DOMAIN: https://habilasdwipup.chittagong.gov.bd
==================================================
[+] Domain exhausted. Finishing up: https://habilasdwipup.chittagong.gov.bd
==================================================
[*] STARTING NEW DOMAIN: https://sports.natore.gov.bd
==================================================
[+] Domain exhausted. Finishing up: https://sports.natore.gov.bd
==================================================
[*] STARTING NEW DOMAIN: https://haziafsaruddingirlssecondaryschool.jessoreboard.gov.bd
==================================================
[+] Domain exhausted. Finishing up: https://haziafsaruddingirlssecondaryschool.jessoreboard.gov.bd
==================================================
[*] STARTING NEW DOMAIN: https://hardiup.chuadanga.gov.bd
==================================================
[+] Domain exhausted. Finishing up: https://hardiup.chuadanga.gov.bd
==================================================
[*] STARTING NEW DOMAIN: https://soamol1.comilla.gov.bd
==================================================
[+] Domain exhausted. Finishing up: https://soamol1.comilla.gov.bd
==================================================
[*] STARTING NEW DOMAIN: https://health.banshkhali.chittagong.gov.bd
==================================================
[+] Domain exhausted. Finishing up: https://health.banshkhali.chittagong.gov.bd
==================================================
[*] STARTING NEW DOMAIN: https://health.shajahanpur.bogra.gov.bd
==================================================
[+] Domain exhausted. Finishing up: https://health.shajahanpur.bogra.gov.bd
==================================================
[*] STARTING NEW DOMAIN: https://health.nikli.kishoreganj.gov.bd
==================================================
[+] Domain exhausted. Finishing up: https://health.nikli.kishoreganj.gov.bd
==================================================
[*] STARTING NEW DOMAIN: https://hstti.khulna.gov.bd
==================================================
[+] Domain exhausted. Finishing up: https://hstti.khulna.gov.bd
==================================================
[*] STARTING NEW DOMAIN: https://hosnabadup.chittagong.gov.bd
==================================================
[+] Domain exhausted. Finishing up: https://hosnabadup.chittagong.gov.bd
==================================================
[*] STARTING NEW DOMAIN: https://iht.kurigram.gov.bd
==================================================
[+] Domain exhausted. Finishing up: https://iht.kurigram.gov.bd
==================================================
[*] STARTING NEW DOMAIN: https://irbadc.kachua.chandpur.gov.bd
==================================================
[+] Domain exhausted. Finishing up: https://irbadc.kachua.chandpur.gov.bd
==================================================
[*] STARTING NEW DOMAIN: https://investor.icml.gov.bd
==================================================
[+] Domain exhausted. Finishing up: https://investor.icml.gov.bd
==================================================
[*] STARTING NEW DOMAIN: https://islampurup.rajbari.gov.bd
==================================================
[+] Domain exhausted. Finishing up: https://islampurup.rajbari.gov.bd
==================================================
[*] STARTING NEW DOMAIN: https://ismailmemorialsecondaryschool.jessoreboard.gov.bd
==================================================
[+] Domain exhausted. Finishing up: https://ismailmemorialsecondaryschool.jessoreboard.gov.bd
==================================================
[*] STARTING NEW DOMAIN: https://jashorezillaschool.jessoreboard.gov.bd
==================================================
[+] Domain exhausted. Finishing up: https://jashorezillaschool.jessoreboard.gov.bd
==================================================
[*] STARTING NEW DOMAIN: https://jms.panchagarh.gov.bd
==================================================
[+] Domain exhausted. Finishing up: https://jms.panchagarh.gov.bd
==================================================
[*] STARTING NEW DOMAIN: https://juniadahasecondaryschool.jessoreboard.gov.bd
==================================================
[+] Domain exhausted. Finishing up: https://juniadahasecondaryschool.jessoreboard.gov.bd
==================================================
[*] STARTING NEW DOMAIN: https://sr.sarishabari.jamalpur.gov.bd
==================================================
[+] Domain exhausted. Finishing up: https://sr.sarishabari.jamalpur.gov.bd
==================================================
[*] STARTING NEW DOMAIN: https://kazirbagup.feni.gov.bd
==================================================
[+] Domain exhausted. Finishing up: https://kazirbagup.feni.gov.bd
==================================================
[*] STARTING NEW DOMAIN: https://sscesif.comillaboard.gov.bd
==================================================
[+] Domain exhausted. Finishing up: https://sscesif.comillaboard.gov.bd
==================================================
[*] STARTING NEW DOMAIN: https://kedarup.kurigram.gov.bd
==================================================
[+] Domain exhausted. Finishing up: https://kedarup.kurigram.gov.bd
==================================================
[*] STARTING NEW DOMAIN: https://lakshmikholahighersecondaryschool.jessoreboard.gov.bd
==================================================
[+] Domain exhausted. Finishing up: https://lakshmikholahighersecondaryschool.jessoreboard.gov.bd
==================================================
[*] STARTING NEW DOMAIN: https://lalmai.comilla.gov.bd
==================================================
[+] Domain exhausted. Finishing up: https://lalmai.comilla.gov.bd
==================================================
[*] STARTING NEW DOMAIN: https://lged.bhanga.faridpur.gov.bd
==================================================
[+] Domain exhausted. Finishing up: https://lged.bhanga.faridpur.gov.bd
==================================================
[*] STARTING NEW DOMAIN: https://lged.dharmapasha.sunamganj.gov.bd
==================================================
[+] Domain exhausted. Finishing up: https://lged.dharmapasha.sunamganj.gov.bd
==================================================
[*] STARTING NEW DOMAIN: https://lged.sakhipur.tangail.gov.bd
==================================================
[+] Domain exhausted. Finishing up: https://lged.sakhipur.tangail.gov.bd
==================================================
[*] STARTING NEW DOMAIN: https://lged.panchbibi.joypurhat.gov.bd
==================================================
[+] Domain exhausted. Finishing up: https://lged.panchbibi.joypurhat.gov.bd
==================================================
[*] STARTING NEW DOMAIN: https://tcbadc.jamalpur.gov.bd
==================================================
[+] Domain exhausted. Finishing up: https://tcbadc.jamalpur.gov.bd
==================================================
[*] STARTING NEW DOMAIN: https://lged.taragonj.rangpur.gov.bd
==================================================
[+] Domain exhausted. Finishing up: https://lged.taragonj.rangpur.gov.bd
==================================================
[*] STARTING NEW DOMAIN: https://madhabkundu.parjatan.portal.gov.bd
==================================================
[+] Domain exhausted. Finishing up: https://madhabkundu.parjatan.portal.gov.bd
==================================================
[*] STARTING NEW DOMAIN: https://titerkhaparasecondaryschool.jessoreboard.gov.bd
==================================================
[+] Domain exhausted. Finishing up: https://titerkhaparasecondaryschool.jessoreboard.gov.bd
==================================================
[*] STARTING NEW DOMAIN: https://mail.biam.gov.bd
==================================================
[+] Domain exhausted. Finishing up: https://mail.biam.gov.bd
==================================================
[*] STARTING NEW DOMAIN: https://mail.supremecourt.gov.bd
==================================================
[+] Domain exhausted. Finishing up: https://mail.supremecourt.gov.bd
==================================================
[*] STARTING NEW DOMAIN: https://totthoapa.birol.dinajpur.gov.bd
==================================================
[+] Domain exhausted. Finishing up: https://totthoapa.birol.dinajpur.gov.bd
==================================================
[*] STARTING NEW DOMAIN: https://mfstc.gov.bd
==================================================
[+] Domain exhausted. Finishing up: https://mfstc.gov.bd
==================================================
[*] STARTING NEW DOMAIN: https://moind-d.nothi.gov.bd
==================================================
[+] Domain exhausted. Finishing up: https://moind-d.nothi.gov.bd
==================================================
[*] STARTING NEW DOMAIN: https://monglaportmunicipality.gov.bd
==================================================
[+] Domain exhausted. Finishing up: https://monglaportmunicipality.gov.bd
==================================================
[*] STARTING NEW DOMAIN: https://mymensinghzo.pkb.gov.bd
==================================================
[+] Domain exhausted. Finishing up: https://mymensinghzo.pkb.gov.bd
==================================================
[*] STARTING NEW DOMAIN: https://muhsingirlscollegedaulatpur.jessoreboard.gov.bd
==================================================
[+] Domain exhausted. Finishing up: https://muhsingirlscollegedaulatpur.jessoreboard.gov.bd
==================================================
[*] STARTING NEW DOMAIN: https://musapurup.narsingdi.gov.bd
==================================================
[+] Domain exhausted. Finishing up: https://musapurup.narsingdi.gov.bd
==================================================
[*] STARTING NEW DOMAIN: https://nanikhirup.gopalganj.gov.bd
==================================================
[+] Domain exhausted. Finishing up: https://nanikhirup.gopalganj.gov.bd
==================================================
[*] STARTING NEW DOMAIN: https://tscshibchar.madaripur.gov.bd
==================================================
[+] Domain exhausted. Finishing up: https://tscshibchar.madaripur.gov.bd
==================================================
[*] STARTING NEW DOMAIN: https://nssbr.dhaka.gov.bd
==================================================
[+] Domain exhausted. Finishing up: https://nssbr.dhaka.gov.bd
==================================================
[*] STARTING NEW DOMAIN: https://ntp.gov.bd
==================================================
[+] Domain exhausted. Finishing up: https://ntp.gov.bd
==================================================
[*] STARTING NEW DOMAIN: https://sr.shibchar.madaripur.gov.bd
==================================================
[+] Domain exhausted. Finishing up: https://sr.shibchar.madaripur.gov.bd
==================================================
[*] STARTING NEW DOMAIN: https://sr.tahirpur.sunamganj.gov.bd
==================================================
[+] Domain exhausted. Finishing up: https://sr.tahirpur.sunamganj.gov.bd
==================================================
[*] STARTING NEW DOMAIN: https://parshuram.college.gov.bd
==================================================
[+] Domain exhausted. Finishing up: https://parshuram.college.gov.bd
==================================================
[*] STARTING NEW DOMAIN: https://titasgas.gov.bd
==================================================
[+] Domain exhausted. Finishing up: https://titasgas.gov.bd
==================================================
[*] STARTING NEW DOMAIN: https://ttc.kushtia.gov.bd
==================================================
[+] Domain exhausted. Finishing up: https://ttc.kushtia.gov.bd
==================================================
[*] STARTING NEW DOMAIN: https://ucdo.jhalakathi.gov.bd
==================================================
[+] Domain exhausted. Finishing up: https://ucdo.jhalakathi.gov.bd
==================================================
[*] STARTING NEW DOMAIN: https://pio.shalla.sunamganj.gov.bd
==================================================
[+] Domain exhausted. Finishing up: https://pio.shalla.sunamganj.gov.bd
==================================================
[*] STARTING NEW DOMAIN: https://pio.sirajdikhan.munshiganj.gov.bd
==================================================
[+] Domain exhausted. Finishing up: https://pio.sirajdikhan.munshiganj.gov.bd
==================================================
[*] STARTING NEW DOMAIN: https://pogaldighaup.jamalpur.gov.bd
==================================================
[+] Domain exhausted. Finishing up: https://pogaldighaup.jamalpur.gov.bd
==================================================
[*] STARTING NEW DOMAIN: https://police.juraichari.rangamati.gov.bd
==================================================
[+] Domain exhausted. Finishing up: https://police.juraichari.rangamati.gov.bd
==================================================
[*] STARTING NEW DOMAIN: https://police.gangni.meherpur.gov.bd
==================================================
[+] Domain exhausted. Finishing up: https://police.gangni.meherpur.gov.bd
==================================================
[*] STARTING NEW DOMAIN: https://police.sitakunda.chittagong.gov.bd
==================================================
[+] Domain exhausted. Finishing up: https://police.sitakunda.chittagong.gov.bd
==================================================
[*] STARTING NEW DOMAIN: https://police.taltali.barguna.gov.bd
==================================================
[+] Domain exhausted. Finishing up: https://police.taltali.barguna.gov.bd
==================================================
[*] STARTING NEW DOMAIN: https://post.jhenaigati.sherpur.gov.bd
==================================================
[+] Domain exhausted. Finishing up: https://post.jhenaigati.sherpur.gov.bd
==================================================
[*] STARTING NEW DOMAIN: https://post.sujanagar.pabna.gov.bd
==================================================
[+] Domain exhausted. Finishing up: https://post.sujanagar.pabna.gov.bd
==================================================
[*] STARTING NEW DOMAIN: https://pourashava.daudkandi.comilla.gov.bd
==================================================
[+] Domain exhausted. Finishing up: https://pourashava.daudkandi.comilla.gov.bd
==================================================
[*] STARTING NEW DOMAIN: https://pozip.kumarkhali.kushtia.gov.bd
==================================================
[+] Domain exhausted. Finishing up: https://pozip.kumarkhali.kushtia.gov.bd
==================================================
[*] STARTING NEW DOMAIN: https://pozip.kaunia.rangpur.gov.bd
==================================================
[+] Domain exhausted. Finishing up: https://pozip.kaunia.rangpur.gov.bd
==================================================
[*] STARTING NEW DOMAIN: https://psosk.joypurhat.gov.bd
==================================================
[+] Domain exhausted. Finishing up: https://psosk.joypurhat.gov.bd
==================================================
[*] STARTING NEW DOMAIN: https://psosk.meherpur.gov.bd
==================================================
[+] Domain exhausted. Finishing up: https://psosk.meherpur.gov.bd
==================================================
[*] STARTING NEW DOMAIN: https://purnimagatiup.sirajganj.gov.bd
==================================================
[+] Domain exhausted. Finishing up: https://purnimagatiup.sirajganj.gov.bd
==================================================
[*] STARTING NEW DOMAIN: https://purbadamudyaup.shariatpur.gov.bd
==================================================
[+] Domain exhausted. Finishing up: https://purbadamudyaup.shariatpur.gov.bd
==================================================
[*] STARTING NEW DOMAIN: https://rajganjcollege.jessoreboard.gov.bd
==================================================
[+] Domain exhausted. Finishing up: https://rajganjcollege.jessoreboard.gov.bd
==================================================
[*] STARTING NEW DOMAIN: https://raosunamganj.krishibank.gov.bd
==================================================
[+] Domain exhausted. Finishing up: https://raosunamganj.krishibank.gov.bd
==================================================
[*] STARTING NEW DOMAIN: https://ranapashaup.jhalakathi.gov.bd
==================================================
[+] Domain exhausted. Finishing up: https://ranapashaup.jhalakathi.gov.bd
==================================================
[*] STARTING NEW DOMAIN: https://rd.portal.gov.bd
==================================================
[+] Domain exhausted. Finishing up: https://rd.portal.gov.bd
==================================================
[*] STARTING NEW DOMAIN: https://rhd.portal.gov.bd
==================================================
[+] Domain exhausted. Finishing up: https://rhd.portal.gov.bd
==================================================
[*] STARTING NEW DOMAIN: https://rthd.gov.bd
==================================================
[+] Domain exhausted. Finishing up: https://rthd.gov.bd
==================================================
[*] STARTING NEW DOMAIN: https://sadeepursecondaryschool.jessoreboard.gov.bd
==================================================
[+] Domain exhausted. Finishing up: https://sadeepursecondaryschool.jessoreboard.gov.bd
==================================================
[*] STARTING NEW DOMAIN: https://sahidabulkashemcollege.jessoreboard.gov.bd
==================================================
[+] Domain exhausted. Finishing up: https://sahidabulkashemcollege.jessoreboard.gov.bd
==================================================
[*] STARTING NEW DOMAIN: https://ansarvdp.satkhirasadar.satkhira.gov.bd
==================================================
[+] Domain exhausted. Finishing up: https://ansarvdp.satkhirasadar.satkhira.gov.bd
==================================================
[*] STARTING NEW DOMAIN: https://sca.barisal.gov.bd
==================================================
[+] Domain exhausted. Finishing up: https://sca.barisal.gov.bd
==================================================
[*] STARTING NEW DOMAIN: https://bbs.mollahat.bagerhat.gov.bd
==================================================
[+] Domain exhausted. Finishing up: https://bbs.mollahat.bagerhat.gov.bd
==================================================
[*] STARTING NEW DOMAIN: https://betar.mymensingh.gov.bd
==================================================
[+] Domain exhausted. Finishing up: https://betar.mymensingh.gov.bd
==================================================
[*] STARTING NEW DOMAIN: https://brtcdepotjoarsahara.dhaka.gov.bd
==================================================
[+] Domain exhausted. Finishing up: https://brtcdepotjoarsahara.dhaka.gov.bd
==================================================
[*] STARTING NEW DOMAIN: https://chilahatiup.panchagarh.gov.bd
==================================================
[+] Domain exhausted. Finishing up: https://chilahatiup.panchagarh.gov.bd
==================================================
[*] STARTING NEW DOMAIN: https://deb112736.dhakaeducationboard.gov.bd
==================================================
[+] Domain exhausted. Finishing up: https://deb112736.dhakaeducationboard.gov.bd
==================================================
[*] STARTING NEW DOMAIN: https://doict.parbatipur.dinajpur.gov.bd
==================================================
[+] Domain exhausted. Finishing up: https://doict.parbatipur.dinajpur.gov.bd
==================================================
[*] STARTING NEW DOMAIN: https://fireservice.chandpur.gov.bd
==================================================
[+] Domain exhausted. Finishing up: https://fireservice.chandpur.gov.bd
==================================================
[*] STARTING NEW DOMAIN: https://kpkbsecondaryschool.jessoreboard.gov.bd
==================================================
[+] Domain exhausted. Finishing up: https://kpkbsecondaryschool.jessoreboard.gov.bd
==================================================
[*] STARTING NEW DOMAIN: https://mail.orgbdr.gov.bd
==================================================
[+] Domain exhausted. Finishing up: https://mail.orgbdr.gov.bd
==================================================
[*] STARTING NEW DOMAIN: https://railway.jamalpur.gov.bd
==================================================
[+] Domain exhausted. Finishing up: https://railway.jamalpur.gov.bd
==================================================
[*] STARTING NEW DOMAIN: https://uitrce.syedpur.nilphamari.gov.bd
==================================================
[+] Domain exhausted. Finishing up: https://uitrce.syedpur.nilphamari.gov.bd
==================================================
[*] STARTING NEW DOMAIN: https://urc.chhagalnaiya.feni.gov.bd
==================================================
[+] Domain exhausted. Finishing up: https://urc.chhagalnaiya.feni.gov.bd
==================================================
[*] STARTING NEW DOMAIN: https://urc.magurasadar.magura.gov.bd
==================================================
[+] Domain exhausted. Finishing up: https://urc.magurasadar.magura.gov.bd
==================================================
[*] STARTING NEW DOMAIN: https://voice.bangla.gov.bd
==================================================
[+] Domain exhausted. Finishing up: https://voice.bangla.gov.bd
==================================================
[*] STARTING NEW DOMAIN: https://youth.barguna.gov.bd
==================================================
[+] Domain exhausted. Finishing up: https://youth.barguna.gov.bd
==================================================
[*] STARTING NEW DOMAIN: https://youth.godagari.rajshahi.gov.bd
==================================================
[+] Domain exhausted. Finishing up: https://youth.godagari.rajshahi.gov.bd
==================================================
[*] STARTING NEW DOMAIN: https://youth.kalkini.madaripur.gov.bd
==================================================
[+] Domain exhausted. Finishing up: https://youth.kalkini.madaripur.gov.bd
==================================================
[*] STARTING NEW DOMAIN: https://youth.sadar.bagerhat.gov.bd
==================================================
[+] Domain exhausted. Finishing up: https://youth.sadar.bagerhat.gov.bd
==================================================
[*] STARTING NEW DOMAIN: https://ytc.bagerhat.gov.bd
==================================================
[+] Domain exhausted. Finishing up: https://ytc.bagerhat.gov.bd
==================================================
[*] STARTING NEW DOMAIN: https://zso.nagarpur.tangail.gov.bd
==================================================
[+] Domain exhausted. Finishing up: https://zso.nagarpur.tangail.gov.bd
==================================================
[*] STARTING NEW DOMAIN: http://bn.communityclinic.gov.bd
==================================================
[+] Domain exhausted. Finishing up: http://bn.communityclinic.gov.bd
==================================================
[*] STARTING NEW DOMAIN: http://deb108120.dhakaeducationboard.gov.bd
==================================================
[+] Domain exhausted. Finishing up: http://deb108120.dhakaeducationboard.gov.bd
==================================================
[*] STARTING NEW DOMAIN: http://deb136903.dhakaeducationboard.gov.bd
==================================================
[+] Domain exhausted. Finishing up: http://deb136903.dhakaeducationboard.gov.bd
==================================================
[*] STARTING NEW DOMAIN: https://savings.jhenaidah.gov.bd
==================================================
[+] Domain exhausted. Finishing up: https://savings.jhenaidah.gov.bd
==================================================
[*] STARTING NEW DOMAIN: https://sirajdikhan.munshiganj.gov.bd
==================================================
[+] Domain exhausted. Finishing up: https://sirajdikhan.munshiganj.gov.bd
==================================================
[*] STARTING NEW DOMAIN: https://so.bhurungamari.kurigram.gov.bd
==================================================
[+] Domain exhausted. Finishing up: https://so.bhurungamari.kurigram.gov.bd
==================================================
[*] STARTING NEW DOMAIN: https://sports.sylhet.gov.bd
==================================================
[+] Domain exhausted. Finishing up: https://sports.sylhet.gov.bd
==================================================
[*] STARTING NEW DOMAIN: https://sr.baraigram.natore.gov.bd
==================================================
[+] Domain exhausted. Finishing up: https://sr.baraigram.natore.gov.bd
==================================================
[*] STARTING NEW DOMAIN: https://sr.mohadevpur.naogaon.gov.bd
==================================================
[+] Domain exhausted. Finishing up: https://sr.mohadevpur.naogaon.gov.bd
==================================================
[*] STARTING NEW DOMAIN: https://sr.parshuram.feni.gov.bd
==================================================
[+] Domain exhausted. Finishing up: https://sr.parshuram.feni.gov.bd
==================================================
[*] STARTING NEW DOMAIN: https://ssc-reg2025-26.dinajpurboard.gov.bd
==================================================
[+] Domain exhausted. Finishing up: https://ssc-reg2025-26.dinajpurboard.gov.bd
==================================================
[*] STARTING NEW DOMAIN: https://sundarpurdurgapurup.jhenaidah.gov.bd
==================================================
[+] Domain exhausted. Finishing up: https://sundarpurdurgapurup.jhenaidah.gov.bd
==================================================
[*] STARTING NEW DOMAIN: https://taraguniajuniorgirlshighschool.jessoreboard.gov.bd
==================================================
[+] Domain exhausted. Finishing up: https://taraguniajuniorgirlshighschool.jessoreboard.gov.bd
==================================================
[*] STARTING NEW DOMAIN: https://templeedu.gaibandha.gov.bd
==================================================
[+] Domain exhausted. Finishing up: https://templeedu.gaibandha.gov.bd
==================================================
[*] STARTING NEW DOMAIN: https://totthoapa.rajarhat.kurigram.gov.bd
==================================================
[+] Domain exhausted. Finishing up: https://totthoapa.rajarhat.kurigram.gov.bd
==================================================
[*] STARTING NEW DOMAIN: https://totthoapa.mujibnagar.meherpur.gov.bd
==================================================
[+] Domain exhausted. Finishing up: https://totthoapa.mujibnagar.meherpur.gov.bd
==================================================
[*] STARTING NEW DOMAIN: https://tscgouripur.mymensingh.gov.bd
==================================================
[+] Domain exhausted. Finishing up: https://tscgouripur.mymensingh.gov.bd
==================================================
[*] STARTING NEW DOMAIN: https://uitrce.beanibazar.sylhet.gov.bd
==================================================
[+] Domain exhausted. Finishing up: https://uitrce.beanibazar.sylhet.gov.bd
==================================================
[*] STARTING NEW DOMAIN: https://uitrce.damurhuda.chuadanga.gov.bd
==================================================
[+] Domain exhausted. Finishing up: https://uitrce.damurhuda.chuadanga.gov.bd
[*] All websites in the text file have been fully crawled! Shutting down.
